ExecutionTrace 1
5000
56271 3307 3359 1 43050 4 0 1 4 65434 65422 8275 35693 8275 186 46 0 247 234 139 216 138 135 141 19 152 139 86 252 3
56274 3307 3362 1 43050 4 46 1 4 65434 65422 8275 35693 8275 247 234 139 216 138 135 141 19 152 139 86 252 3 208 139 94
56276 3307 3364 46 43050 4 0 1 4 65434 65422 8275 35693 8275 139 216 138 135 141 19 152 139 86 252 3 208 139 94 248 59
56278 3307 3366 46 46 4 0 1 4 65434 65422 8275 35693 8275 138 135 141 19 152 139 86 252 3 208 139 94 248 59 23 117
56282 3307 3370 253 46 4 0 1 4 65434 65422 8275 35693 8275 152 139 86 252 3 208 139 94 248 59 23 117 116 139 198 186
56283 3307 3371 65533 46 4 0 1 4 65434 65422 8275 35693 8275 139 86 252 3 208 139 94 248 59 23 117 116 139 198 186 46
56286 3307 3374 65533 46 4 3 1 4 65434 65422 8275 35693 8275 3 208 139 94 248 59 23 117 116 139 198 186 46 0 247 234
56288 3307 3376 65533 46 4 0 1 4 65434 65422 8275 35693 8275 139 94 248 59 23 117 116 139 198 186 46 0 247 234 139 216
56291 3307 3379 65533 43050 4 0 1 4 65434 65422 8275 35693 8275 59 23 117 116 139 198 186 46 0 247 234 139 216 138 135 213
56293 3307 3381 65533 43050 4 0 1 4 65434 65422 8275 35693 8275 117 116 139 198 186 46 0 247 234 139 216 138 135 213 18 152
56411 3307 3499 65533 43050 4 0 1 4 65434 65422 8275 35693 8275 139 198 186 46 0 247 234 139 216 138 135 139 19 152 139 86
56413 3307 3501 1 43050 4 0 1 4 65434 65422 8275 35693 8275 186 46 0 247 234 139 216 138 135 139 19 152 139 86 252 3
56416 3307 3504 1 43050 4 46 1 4 65434 65422 8275 35693 8275 247 234 139 216 138 135 139 19 152 139 86 252 3 208 139 94
56418 3307 3506 46 43050 4 0 1 4 65434 65422 8275 35693 8275 139 216 138 135 139 19 152 139 86 252 3 208 139 94 248 59
56420 3307 3508 46 46 4 0 1 4 65434 65422 8275 35693 8275 138 135 139 19 152 139 86 252 3 208 139 94 248 59 23 117
56424 3307 3512 253 46 4 0 1 4 65434 65422 8275 35693 8275 152 139 86 252 3 208 139 94 248 59 23 117 125 139 198 186
56425 3307 3513 65533 46 4 0 1 4 65434 65422 8275 35693 8275 139 86 252 3 208 139 94 248 59 23 117 125 139 198 186 46
56428 3307 3516 65533 46 4 3 1 4 65434 65422 8275 35693 8275 3 208 139 94 248 59 23 117 125 139 198 186 46 0 247 234
56430 3307 3518 65533 46 4 0 1 4 65434 65422 8275 35693 8275 139 94 248 59 23 117 125 139 198 186 46 0 247 234 139 216
56433 3307 3521 65533 43050 4 0 1 4 65434 65422 8275 35693 8275 59 23 117 125 139 198 186 46 0 247 234 139 216 138 135 211
56435 3307 3523 65533 43050 4 0 1 4 65434 65422 8275 35693 8275 117 125 139 198 186 46 0 247 234 139 216 138 135 211 18 152
56562 3307 3650 65533 43050 4 0 1 4 65434 65422 8275 35693 8275 139 198 186 46 0 247 234 139 216 138 135 145 19 152 139 86
56564 3307 3652 1 43050 4 0 1 4 65434 65422 8275 35693 8275 186 46 0 247 234 139 216 138 135 145 19 152 139 86 252 3
56567 3307 3655 1 43050 4 46 1 4 65434 65422 8275 35693 8275 247 234 139 216 138 135 145 19 152 139 86 252 3 208 139 94
56569 3307 3657 46 43050 4 0 1 4 65434 65422 8275 35693 8275 139 216 138 135 145 19 152 139 86 252 3 208 139 94 248 59
56571 3307 3659 46 46 4 0 1 4 65434 65422 8275 35693 8275 138 135 145 19 152 139 86 252 3 208 139 94 248 59 23 117
56575 3307 3663 253 46 4 0 1 4 65434 65422 8275 35693 8275 152 139 86 252 3 208 139 94 248 59 23 117 116 139 198 186
56576 3307 3664 65533 46 4 0 1 4 65434 65422 8275 35693 8275 139 86 252 3 208 139 94 248 59 23 117 116 139 198 186 46
56579 3307 3667 65533 46 4 3 1 4 65434 65422 8275 35693 8275 3 208 139 94 248 59 23 117 116 139 198 186 46 0 247 234
56581 3307 3669 65533 46 4 0 1 4 65434 65422 8275 35693 8275 139 94 248 59 23 117 116 139 198 186 46 0 247 234 139 216
56584 3307 3672 65533 43050 4 0 1 4 65434 65422 8275 35693 8275 59 23 117 116 139 198 186 46 0 247 234 139 216 138 135 217
56586 3307 3674 65533 43050 4 0 1 4 65434 65422 8275 35693 8275 117 116 139 198 186 46 0 247 234 139 216 138 135 217 18 152
56704 3307 3792 65533 43050 4 0 1 4 65434 65422 8275 35693 8275 139 198 186 46 0 247 234 139 216 138 135 147 19 152 139 86
56706 3307 3794 1 43050 4 0 1 4 65434 65422 8275 35693 8275 186 46 0 247 234 139 216 138 135 147 19 152 139 86 252 3
56709 3307 3797 1 43050 4 46 1 4 65434 65422 8275 35693 8275 247 234 139 216 138 135 147 19 152 139 86 252 3 208 139 94
56711 3307 3799 46 43050 4 0 1 4 65434 65422 8275 35693 8275 139 216 138 135 147 19 152 139 86 252 3 208 139 94 248 59
56713 3307 3801 46 46 4 0 1 4 65434 65422 8275 35693 8275 138 135 147 19 152 139 86 252 3 208 139 94 248 59 23 117
56717 3307 3805 253 46 4 0 1 4 65434 65422 8275 35693 8275 152 139 86 252 3 208 139 94 248 59 23 117 125 139 198 186
56718 3307 3806 65533 46 4 0 1 4 65434 65422 8275 35693 8275 139 86 252 3 208 139 94 248 59 23 117 125 139 198 186 46
56721 3307 3809 65533 46 4 3 1 4 65434 65422 8275 35693 8275 3 208 139 94 248 59 23 117 125 139 198 186 46 0 247 234
56723 3307 3811 65533 46 4 0 1 4 65434 65422 8275 35693 8275 139 94 248 59 23 117 125 139 198 186 46 0 247 234 139 216
56726 3307 3814 65533 43050 4 0 1 4 65434 65422 8275 35693 8275 59 23 117 125 139 198 186 46 0 247 234 139 216 138 135 219
56728 3307 3816 65533 43050 4 0 1 4 65434 65422 8275 35693 8275 117 125 139 198 186 46 0 247 234 139 216 138 135 219 18 152
56855 3307 3943 65533 43050 4 0 1 4 65434 65422 8275 35693 8275 255 70 254 160 236 236 180 0 59 70 254 126 3 233 245 249
56858 3307 3946 65533 43050 4 0 1 4 65434 65422 8275 35693 8275 160 236 236 180 0 59 70 254 126 3 233 245 249 95 94 139
56861 3307 3949 65302 43050 4 0 1 4 65434 65422 8275 35693 8275 180 0 59 70 254 126 3 233 245 249 95 94 139 229 93 203
56863 3307 3951 22 43050 4 0 1 4 65434 65422 8275 35693 8275 59 70 254 126 3 233 245 249 95 94 139 229 93 203 85 139
56866 3307 3954 22 43050 4 0 1 4 65434 65422 8275 35693 8275 126 3 233 245 249 95 94 139 229 93 203 85 139 236 131 236
56868 3307 3956 22 43050 4 0 1 4 65434 65422 8275 35693 8275 233 245 249 95 94 139 229 93 203 85 139 236 131 236 8 86
55324 3307 2412 22 43050 4 0 1 4 65434 65422 8275 35693 8275 139 70 254 186 12 0 247 234 5 154 167 137 70 248 139 70
55327 3307 2415 13 43050 4 0 1 4 65434 65422 8275 35693 8275 186 12 0 247 234 5 154 167 137 70 248 139 70 254 186 12
55330 3307 2418 13 43050 4 12 1 4 65434 65422 8275 35693 8275 247 234 5 154 167 137 70 248 139 70 254 186 12 0 247 234
55332 3307 2420 156 43050 4 0 1 4 65434 65422 8275 35693 8275 5 154 167 137 70 248 139 70 254 186 12 0 247 234 5 156
55335 3307 2423 43062 43050 4 0 1 4 65434 65422 8275 35693 8275 137 70 248 139 70 254 186 12 0 247 234 5 156 167 137 70
55338 3307 2426 43062 43050 4 0 1 4 65434 65422 8275 35693 8275 139 70 254 186 12 0 247 234 5 156 167 137 70 250 139 198
55341 3307 2429 13 43050 4 0 1 4 65434 65422 8275 35693 8275 186 12 0 247 234 5 156 167 137 70 250 139 198 186 46 0
55344 3307 2432 13 43050 4 12 1 4 65434 65422 8275 35693 8275 247 234 5 156 167 137 70 250 139 198 186 46 0 247 234 139
55346 3307 2434 156 43050 4 0 1 4 65434 65422 8275 35693 8275 5 156 167 137 70 250 139 198 186 46 0 247 234 139 216 138
55349 3307 2437 43064 43050 4 0 1 4 65434 65422 8275 35693 8275 137 70 250 139 198 186 46 0 247 234 139 216 138 135 118 19
55352 3307 2440 43064 43050 4 0 1 4 65434 65422 8275 35693 8275 139 198 186 46 0 247 234 139 216 138 135 118 19 152 139 86
55354 3307 2442 1 43050 4 0 1 4 65434 65422 8275 35693 8275 186 46 0 247 234 139 216 138 135 118 19 152 139 86 252 3
55357 3307 2445 1 43050 4 46 1 4 65434 65422 8275 35693 8275 247 234 139 216 138 135 118 19 152 139 86 252 3 208 139 94
55359 3307 2447 46 43050 4 0 1 4 65434 65422 8275 35693 8275 139 216 138 135 118 19 152 139 86 252 3 208 139 94 248 59
55361 3307 2449 46 46 4 0 1 4 65434 65422 8275 35693 8275 138 135 118 19 152 139 86 252 3 208 139 94 248 59 23 117
55365 3307 2453 0 46 4 0 1 4 65434 65422 8275 35693 8275 152 139 86 252 3 208 139 94 248 59 23 117 121 139 198 186
55366 3307 2454 0 46 4 0 1 4 65434 65422 8275 35693 8275 139 86 252 3 208 139 94 248 59 23 117 121 139 198 186 46
55369 3307 2457 0 46 4 3 1 4 65434 65422 8275 35693 8275 3 208 139 94 248 59 23 117 121 139 198 186 46 0 247 234
55371 3307 2459 0 46 4 3 1 4 65434 65422 8275 35693 8275 139 94 248 59 23 117 121 139 198 186 46 0 247 234 139 216
55374 3307 2462 0 43062 4 3 1 4 65434 65422 8275 35693 8275 59 23 117 121 139 198 186 46 0 247 234 139 216 138 135 190
55376 3307 2464 0 43062 4 3 1 4 65434 65422 8275 35693 8275 117 121 139 198 186 46 0 247 234 139 216 138 135 190 18 152
55499 3307 2587 0 43062 4 3 1 4 65434 65422 8275 35693 8275 139 198 186 46 0 247 234 139 216 138 135 123 19 152 139 86
55501 3307 2589 1 43062 4 3 1 4 65434 65422 8275 35693 8275 186 46 0 247 234 139 216 138 135 123 19 152 139 86 252 3
55504 3307 2592 1 43062 4 46 1 4 65434 65422 8275 35693 8275 247 234 139 216 138 135 123 19 152 139 86 252 3 208 139 94
55506 3307 2594 46 43062 4 0 1 4 65434 65422 8275 35693 8275 139 216 138 135 123 19 152 139 86 252 3 208 139 94 248 59
55508 3307 2596 46 46 4 0 1 4 65434 65422 8275 35693 8275 138 135 123 19 152 139 86 252 3 208 139 94 248 59 23 117
55512 3307 2600 255 46 4 0 1 4 65434 65422 8275 35693 8275 152 139 86 252 3 208 139 94 248 59 23 117 51 139 198 186
55513 3307 2601 65535 46 4 0 1 4 65434 65422 8275 35693 8275 139 86 252 3 208 139 94 248 59 23 117 51 139 198 186 46
55516 3307 2604 65535 46 4 3 1 4 65434 65422 8275 35693 8275 3 208 139 94 248 59 23 117 51 139 198 186 46 0 247 234
55518 3307 2606 65535 46 4 2 1 4 65434 65422 8275 35693 8275 139 94 248 59 23 117 51 139 198 186 46 0 247 234 139 216
55521 3307 2609 65535 43062 4 2 1 4 65434 65422 8275 35693 8275 59 23 117 51 139 198 186 46 0 247 234 139 216 138 135 195
55523 3307 2611 65535 43062 4 2 1 4 65434 65422 8275 35693 8275 117 51 139 198 186 46 0 247 234 139 216 138 135 195 18 152
55576 3307 2664 65535 43062 4 2 1 4 65434 65422 8275 35693 8275 139 198 186 46 0 247 234 139 216 138 135 121 19 152 139 86
55578 3307 2666 1 43062 4 2 1 4 65434 65422 8275 35693 8275 186 46 0 247 234 139 216 138 135 121 19 152 139 86 252 3
55581 3307 2669 1 43062 4 46 1 4 65434 65422 8275 35693 8275 247 234 139 216 138 135 121 19 152 139 86 252 3 208 139 94
55583 3307 2671 46 43062 4 0 1 4 65434 65422 8275 35693 8275 139 216 138 135 121 19 152 139 86 252 3 208 139 94 248 59
55585 3307 2673 46 46 4 0 1 4 65434 65422 8275 35693 8275 138 135 121 19 152 139 86 252 3 208 139 94 248 59 23 117
55589 3307 2677 255 46 4 0 1 4 65434 65422 8275 35693 8275 152 139 86 252 3 208 139 94 248 59 23 117 97 139 198 186
55590 3307 2678 65535 46 4 0 1 4 65434 65422 8275 35693 8275 139 86 252 3 208 139 94 248 59 23 117 97 139 198 186 46
55593 3307 2681 65535 46 4 3 1 4 65434 65422 8275 35693 8275 3 208 139 94 248 59 23 117 97 139 198 186 46 0 247 234
55595 3307 2683 65535 46 4 2 1 4 65434 65422 8275 35693 8275 139 94 248 59 23 117 97 139 198 186 46 0 247 234 139 216
55598 3307 2686 65535 43062 4 2 1 4 65434 65422 8275 35693 8275 59 23 117 97 139 198 186 46 0 247 234 139 216 138 135 193
55600 3307 2688 65535 43062 4 2 1 4 65434 65422 8275 35693 8275 117 97 139 198 186 46 0 247 234 139 216 138 135 193 18 152
55699 3307 2787 65535 43062 4 2 1 4 65434 65422 8275 35693 8275 139 198 186 46 0 247 234 139 216 138 135 125 19 152 139 86
55701 3307 2789 1 43062 4 2 1 4 65434 65422 8275 35693 8275 186 46 0 247 234 139 216 138 135 125 19 152 139 86 252 3
55704 3307 2792 1 43062 4 46 1 4 65434 65422 8275 35693 8275 247 234 139 216 138 135 125 19 152 139 86 252 3 208 139 94
55706 3307 2794 46 43062 4 0 1 4 65434 65422 8275 35693 8275 139 216 138 135 125 19 152 139 86 252 3 208 139 94 248 59
55708 3307 2796 46 46 4 0 1 4 65434 65422 8275 35693 8275 138 135 125 19 152 139 86 252 3 208 139 94 248 59 23 117
55712 3307 2800 255 46 4 0 1 4 65434 65422 8275 35693 8275 152 139 86 252 3 208 139 94 248 59 23 117 97 139 198 186
55713 3307 2801 65535 46 4 0 1 4 65434 65422 8275 35693 8275 139 86 252 3 208 139 94 248 59 23 117 97 139 198 186 46
55716 3307 2804 65535 46 4 3 1 4 65434 65422 8275 35693 8275 3 208 139 94 248 59 23 117 97 139 198 186 46 0 247 234
55718 3307 2806 65535 46 4 2 1 4 65434 65422 8275 35693 8275 139 94 248 59 23 117 97 139 198 186 46 0 247 234 139 216
55721 3307 2809 65535 43062 4 2 1 4 65434 65422 8275 35693 8275 59 23 117 97 139 198 186 46 0 247 234 139 216 138 135 197
55723 3307 2811 65535 43062 4 2 1 4 65434 65422 8275 35693 8275 117 97 139 198 186 46 0 247 234 139 216 138 135 197 18 152
55822 3307 2910 65535 43062 4 2 1 4 65434 65422 8275 35693 8275 139 198 186 46 0 247 234 139 216 138 135 130 19 152 139 86
55824 3307 2912 1 43062 4 2 1 4 65434 65422 8275 35693 8275 186 46 0 247 234 139 216 138 135 130 19 152 139 86 252 3
55827 3307 2915 1 43062 4 46 1 4 65434 65422 8275 35693 8275 247 234 139 216 138 135 130 19 152 139 86 252 3 208 139 94
55829 3307 2917 46 43062 4 0 1 4 65434 65422 8275 35693 8275 139 216 138 135 130 19 152 139 86 252 3 208 139 94 248 59
55831 3307 2919 46 46 4 0 1 4 65434 65422 8275 35693 8275 138 135 130 19 152 139 86 252 3 208 139 94 248 59 23 117
55835 3307 2923 254 46 4 0 1 4 65434 65422 8275 35693 8275 152 139 86 252 3 208 139 94 248 59 23 117 60 139 198 186
55836 3307 2924 65534 46 4 0 1 4 65434 65422 8275 35693 8275 139 86 252 3 208 139 94 248 59 23 117 60 139 198 186 46
55839 3307 2927 65534 46 4 3 1 4 65434 65422 8275 35693 8275 3 208 139 94 248 59 23 117 60 139 198 186 46 0 247 234
55841 3307 2929 65534 46 4 1 1 4 65434 65422 8275 35693 8275 139 94 248 59 23 117 60 139 198 186 46 0 247 234 139 216
55844 3307 2932 65534 43062 4 1 1 4 65434 65422 8275 35693 8275 59 23 117 60 139 198 186 46 0 247 234 139 216 138 135 202
55846 3307 2934 65534 43062 4 1 1 4 65434 65422 8275 35693 8275 117 60 139 198 186 46 0 247 234 139 216 138 135 202 18 152
55908 3307 2996 65534 43062 4 1 1 4 65434 65422 8275 35693 8275 139 198 186 46 0 247 234 139 216 138 135 128 19 152 139 86
55910 3307 2998 1 43062 4 1 1 4 65434 65422 8275 35693 8275 186 46 0 247 234 139 216 138 135 128 19 152 139 86 252 3
55913 3307 3001 1 43062 4 46 1 4 65434 65422 8275 35693 8275 247 234 139 216 138 135 128 19 152 139 86 252 3 208 139 94
55915 3307 3003 46 43062 4 0 1 4 65434 65422 8275 35693 8275 139 216 138 135 128 19 152 139 86 252 3 208 139 94 248 59
55917 3307 3005 46 46 4 0 1 4 65434 65422 8275 35693 8275 138 135 128 19 152 139 86 252 3 208 139 94 248 59 23 117
55921 3307 3009 254 46 4 0 1 4 65434 65422 8275 35693 8275 152 139 86 252 3 208 139 94 248 59 23 117 107 139 198 186
55922 3307 3010 65534 46 4 0 1 4 65434 65422 8275 35693 8275 139 86 252 3 208 139 94 248 59 23 117 107 139 198 186 46
55925 3307 3013 65534 46 4 3 1 4 65434 65422 8275 35693 8275 3 208 139 94 248 59 23 117 107 139 198 186 46 0 247 234
55927 3307 3015 65534 46 4 1 1 4 65434 65422 8275 35693 8275 139 94 248 59 23 117 107 139 198 186 46 0 247 234 139 216
55930 3307 3018 65534 43062 4 1 1 4 65434 65422 8275 35693 8275 59 23 117 107 139 198 186 46 0 247 234 139 216 138 135 200
55932 3307 3020 65534 43062 4 1 1 4 65434 65422 8275 35693 8275 117 107 139 198 186 46 0 247 234 139 216 138 135 200 18 152
56041 3307 3129 65534 43062 4 1 1 4 65434 65422 8275 35693 8275 139 198 186 46 0 247 234 139 216 138 135 132 19 152 139 86
56043 3307 3131 1 43062 4 1 1 4 65434 65422 8275 35693 8275 186 46 0 247 234 139 216 138 135 132 19 152 139 86 252 3
56046 3307 3134 1 43062 4 46 1 4 65434 65422 8275 35693 8275 247 234 139 216 138 135 132 19 152 139 86 252 3 208 139 94
56048 3307 3136 46 43062 4 0 1 4 65434 65422 8275 35693 8275 139 216 138 135 132 19 152 139 86 252 3 208 139 94 248 59
56050 3307 3138 46 46 4 0 1 4 65434 65422 8275 35693 8275 138 135 132 19 152 139 86 252 3 208 139 94 248 59 23 117
56054 3307 3142 254 46 4 0 1 4 65434 65422 8275 35693 8275 152 139 86 252 3 208 139 94 248 59 23 117 107 139 198 186
56055 3307 3143 65534 46 4 0 1 4 65434 65422 8275 35693 8275 139 86 252 3 208 139 94 248 59 23 117 107 139 198 186 46
56058 3307 3146 65534 46 4 3 1 4 65434 65422 8275 35693 8275 3 208 139 94 248 59 23 117 107 139 198 186 46 0 247 234
56060 3307 3148 65534 46 4 1 1 4 65434 65422 8275 35693 8275 139 94 248 59 23 117 107 139 198 186 46 0 247 234 139 216
56063 3307 3151 65534 43062 4 1 1 4 65434 65422 8275 35693 8275 59 23 117 107 139 198 186 46 0 247 234 139 216 138 135 204
56065 3307 3153 65534 43062 4 1 1 4 65434 65422 8275 35693 8275 117 107 139 198 186 46 0 247 234 139 216 138 135 204 18 152
56174 3307 3262 65534 43062 4 1 1 4 65434 65422 8275 35693 8275 139 198 186 46 0 247 234 139 216 138 135 143 19 152 139 86
56176 3307 3264 1 43062 4 1 1 4 65434 65422 8275 35693 8275 186 46 0 247 234 139 216 138 135 143 19 152 139 86 252 3
56179 3307 3267 1 43062 4 46 1 4 65434 65422 8275 35693 8275 247 234 139 216 138 135 143 19 152 139 86 252 3 208 139 94
56181 3307 3269 46 43062 4 0 1 4 65434 65422 8275 35693 8275 139 216 138 135 143 19 152 139 86 252 3 208 139 94 248 59
56183 3307 3271 46 46 4 0 1 4 65434 65422 8275 35693 8275 138 135 143 19 152 139 86 252 3 208 139 94 248 59 23 117
56187 3307 3275 253 46 4 0 1 4 65434 65422 8275 35693 8275 152 139 86 252 3 208 139 94 248 59 23 117 69 139 198 186
56188 3307 3276 65533 46 4 0 1 4 65434 65422 8275 35693 8275 139 86 252 3 208 139 94 248 59 23 117 69 139 198 186 46
56191 3307 3279 65533 46 4 3 1 4 65434 65422 8275 35693 8275 3 208 139 94 248 59 23 117 69 139 198 186 46 0 247 234
56193 3307 3281 65533 46 4 0 1 4 65434 65422 8275 35693 8275 139 94 248 59 23 117 69 139 198 186 46 0 247 234 139 216
56196 3307 3284 65533 43062 4 0 1 4 65434 65422 8275 35693 8275 59 23 117 69 139 198 186 46 0 247 234 139 216 138 135 215
56198 3307 3286 65533 43062 4 0 1 4 65434 65422 8275 35693 8275 117 69 139 198 186 46 0 247 234 139 216 138 135 215 18 152
56269 3307 3357 65533 43062 4 0 1 4 65434 65422 8275 35693 8275 139 198 186 46 0 247 234 139 216 138 135 141 19 152 139 86
56271 3307 3359 1 43062 4 0 1 4 65434 65422 8275 35693 8275 186 46 0 247 234 139 216 138 135 141 19 152 139 86 252 3
56274 3307 3362 1 43062 4 46 1 4 65434 65422 8275 35693 8275 247 234 139 216 138 135 141 19 152 139 86 252 3 208 139 94
56276 3307 3364 46 43062 4 0 1 4 65434 65422 8275 35693 8275 139 216 138 135 141 19 152 139 86 252 3 208 139 94 248 59
56278 3307 3366 46 46 4 0 1 4 65434 65422 8275 35693 8275 138 135 141 19 152 139 86 252 3 208 139 94 248 59 23 117
56282 3307 3370 253 46 4 0 1 4 65434 65422 8275 35693 8275 152 139 86 252 3 208 139 94 248 59 23 117 116 139 198 186
56283 3307 3371 65533 46 4 0 1 4 65434 65422 8275 35693 8275 139 86 252 3 208 139 94 248 59 23 117 116 139 198 186 46
56286 3307 3374 65533 46 4 3 1 4 65434 65422 8275 35693 8275 3 208 139 94 248 59 23 117 116 139 198 186 46 0 247 234
56288 3307 3376 65533 46 4 0 1 4 65434 65422 8275 35693 8275 139 94 248 59 23 117 116 139 198 186 46 0 247 234 139 216
56291 3307 3379 65533 43062 4 0 1 4 65434 65422 8275 35693 8275 59 23 117 116 139 198 186 46 0 247 234 139 216 138 135 213
56293 3307 3381 65533 43062 4 0 1 4 65434 65422 8275 35693 8275 117 116 139 198 186 46 0 247 234 139 216 138 135 213 18 152
56411 3307 3499 65533 43062 4 0 1 4 65434 65422 8275 35693 8275 139 198 186 46 0 247 234 139 216 138 135 139 19 152 139 86
56413 3307 3501 1 43062 4 0 1 4 65434 65422 8275 35693 8275 186 46 0 247 234 139 216 138 135 139 19 152 139 86 252 3
56416 3307 3504 1 43062 4 46 1 4 65434 65422 8275 35693 8275 247 234 139 216 138 135 139 19 152 139 86 252 3 208 139 94
56418 3307 3506 46 43062 4 0 1 4 65434 65422 8275 35693 8275 139 216 138 135 139 19 152 139 86 252 3 208 139 94 248 59
56420 3307 3508 46 46 4 0 1 4 65434 65422 8275 35693 8275 138 135 139 19 152 139 86 252 3 208 139 94 248 59 23 117
56424 3307 3512 253 46 4 0 1 4 65434 65422 8275 35693 8275 152 139 86 252 3 208 139 94 248 59 23 117 125 139 198 186
56425 3307 3513 65533 46 4 0 1 4 65434 65422 8275 35693 8275 139 86 252 3 208 139 94 248 59 23 117 125 139 198 186 46
56428 3307 3516 65533 46 4 3 1 4 65434 65422 8275 35693 8275 3 208 139 94 248 59 23 117 125 139 198 186 46 0 247 234
56430 3307 3518 65533 46 4 0 1 4 65434 65422 8275 35693 8275 139 94 248 59 23 117 125 139 198 186 46 0 247 234 139 216
56433 3307 3521 65533 43062 4 0 1 4 65434 65422 8275 35693 8275 59 23 117 125 139 198 186 46 0 247 234 139 216 138 135 211
56435 3307 3523 65533 43062 4 0 1 4 65434 65422 8275 35693 8275 117 125 139 198 186 46 0 247 234 139 216 138 135 211 18 152
56562 3307 3650 65533 43062 4 0 1 4 65434 65422 8275 35693 8275 139 198 186 46 0 247 234 139 216 138 135 145 19 152 139 86
56564 3307 3652 1 43062 4 0 1 4 65434 65422 8275 35693 8275 186 46 0 247 234 139 216 138 135 145 19 152 139 86 252 3
56567 3307 3655 1 43062 4 46 1 4 65434 65422 8275 35693 8275 247 234 139 216 138 135 145 19 152 139 86 252 3 208 139 94
56569 3307 3657 46 43062 4 0 1 4 65434 65422 8275 35693 8275 139 216 138 135 145 19 152 139 86 252 3 208 139 94 248 59
56571 3307 3659 46 46 4 0 1 4 65434 65422 8275 35693 8275 138 135 145 19 152 139 86 252 3 208 139 94 248 59 23 117
56575 3307 3663 253 46 4 0 1 4 65434 65422 8275 35693 8275 152 139 86 252 3 208 139 94 248 59 23 117 116 139 198 186
56576 3307 3664 65533 46 4 0 1 4 65434 65422 8275 35693 8275 139 86 252 3 208 139 94 248 59 23 117 116 139 198 186 46
56579 3307 3667 65533 46 4 3 1 4 65434 65422 8275 35693 8275 3 208 139 94 248 59 23 117 116 139 198 186 46 0 247 234
56581 3307 3669 65533 46 4 0 1 4 65434 65422 8275 35693 8275 139 94 248 59 23 117 116 139 198 186 46 0 247 234 139 216
56584 3307 3672 65533 43062 4 0 1 4 65434 65422 8275 35693 8275 59 23 117 116 139 198 186 46 0 247 234 139 216 138 135 217
56586 3307 3674 65533 43062 4 0 1 4 65434 65422 8275 35693 8275 117 116 139 198 186 46 0 247 234 139 216 138 135 217 18 152
56704 3307 3792 65533 43062 4 0 1 4 65434 65422 8275 35693 8275 139 198 186 46 0 247 234 139 216 138 135 147 19 152 139 86
56706 3307 3794 1 43062 4 0 1 4 65434 65422 8275 35693 8275 186 46 0 247 234 139 216 138 135 147 19 152 139 86 252 3
56709 3307 3797 1 43062 4 46 1 4 65434 65422 8275 35693 8275 247 234 139 216 138 135 147 19 152 139 86 252 3 208 139 94
56711 3307 3799 46 43062 4 0 1 4 65434 65422 8275 35693 8275 139 216 138 135 147 19 152 139 86 252 3 208 139 94 248 59
56713 3307 3801 46 46 4 0 1 4 65434 65422 8275 35693 8275 138 135 147 19 152 139 86 252 3 208 139 94 248 59 23 117
56717 3307 3805 253 46 4 0 1 4 65434 65422 8275 35693 8275 152 139 86 252 3 208 139 94 248 59 23 117 125 139 198 186
56718 3307 3806 65533 46 4 0 1 4 65434 65422 8275 35693 8275 139 86 252 3 208 139 94 248 59 23 117 125 139 198 186 46
56721 3307 3809 65533 46 4 3 1 4 65434 65422 8275 35693 8275 3 208 139 94 248 59 23 117 125 139 198 186 46 0 247 234
56723 3307 3811 65533 46 4 0 1 4 65434 65422 8275 35693 8275 139 94 248 59 23 117 125 139 198 186 46 0 247 234 139 216
56726 3307 3814 65533 43062 4 0 1 4 65434 65422 8275 35693 8275 59 23 117 125 139 198 186 46 0 247 234 139 216 138 135 219
56728 3307 3816 65533 43062 4 0 1 4 65434 65422 8275 35693 8275 117 125 139 198 186 46 0 247 234 139 216 138 135 219 18 152
56855 3307 3943 65533 43062 4 0 1 4 65434 65422 8275 35693 8275 255 70 254 160 236 236 180 0 59 70 254 126 3 233 245 249
56858 3307 3946 65533 43062 4 0 1 4 65434 65422 8275 35693 8275 160 236 236 180 0 59 70 254 126 3 233 245 249 95 94 139
56861 3307 3949 65302 43062 4 0 1 4 65434 65422 8275 35693 8275 180 0 59 70 254 126 3 233 245 249 95 94 139 229 93 203
56863 3307 3951 22 43062 4 0 1 4 65434 65422 8275 35693 8275 59 70 254 126 3 233 245 249 95 94 139 229 93 203 85 139
56866 3307 3954 22 43062 4 0 1 4 65434 65422 8275 35693 8275 126 3 233 245 249 95 94 139 229 93 203 85 139 236 131 236
56868 3307 3956 22 43062 4 0 1 4 65434 65422 8275 35693 8275 233 245 249 95 94 139 229 93 203 85 139 236 131 236 8 86
55324 3307 2412 22 43062 4 0 1 4 65434 65422 8275 35693 8275 139 70 254 186 12 0 247 234 5 154 167 137 70 248 139 70
55327 3307 2415 14 43062 4 0 1 4 65434 65422 8275 35693 8275 186 12 0 247 234 5 154 167 137 70 248 139 70 254 186 12
55330 3307 2418 14 43062 4 12 1 4 65434 65422 8275 35693 8275 247 234 5 154 167 137 70 248 139 70 254 186 12 0 247 234
55332 3307 2420 168 43062 4 0 1 4 65434 65422 8275 35693 8275 5 154 167 137 70 248 139 70 254 186 12 0 247 234 5 156
55335 3307 2423 43074 43062 4 0 1 4 65434 65422 8275 35693 8275 137 70 248 139 70 254 186 12 0 247 234 5 156 167 137 70
55338 3307 2426 43074 43062 4 0 1 4 65434 65422 8275 35693 8275 139 70 254 186 12 0 247 234 5 156 167 137 70 250 139 198
55341 3307 2429 14 43062 4 0 1 4 65434 65422 8275 35693 8275 186 12 0 247 234 5 156 167 137 70 250 139 198 186 46 0
55344 3307 2432 14 43062 4 12 1 4 65434 65422 8275 35693 8275 247 234 5 156 167 137 70 250 139 198 186 46 0 247 234 139
55346 3307 2434 168 43062 4 0 1 4 65434 65422 8275 35693 8275 5 156 167 137 70 250 139 198 186 46 0 247 234 139 216 138
55349 3307 2437 43076 43062 4 0 1 4 65434 65422 8275 35693 8275 137 70 250 139 198 186 46 0 247 234 139 216 138 135 118 19
55352 3307 2440 43076 43062 4 0 1 4 65434 65422 8275 35693 8275 139 198 186 46 0 247 234 139 216 138 135 118 19 152 139 86
55354 3307 2442 1 43062 4 0 1 4 65434 65422 8275 35693 8275 186 46 0 247 234 139 216 138 135 118 19 152 139 86 252 3
55357 3307 2445 1 43062 4 46 1 4 65434 65422 8275 35693 8275 247 234 139 216 138 135 118 19 152 139 86 252 3 208 139 94
55359 3307 2447 46 43062 4 0 1 4 65434 65422 8275 35693 8275 139 216 138 135 118 19 152 139 86 252 3 208 139 94 248 59
55361 3307 2449 46 46 4 0 1 4 65434 65422 8275 35693 8275 138 135 118 19 152 139 86 252 3 208 139 94 248 59 23 117
55365 3307 2453 0 46 4 0 1 4 65434 65422 8275 35693 8275 152 139 86 252 3 208 139 94 248 59 23 117 121 139 198 186
55366 3307 2454 0 46 4 0 1 4 65434 65422 8275 35693 8275 139 86 252 3 208 139 94 248 59 23 117 121 139 198 186 46
55369 3307 2457 0 46 4 3 1 4 65434 65422 8275 35693 8275 3 208 139 94 248 59 23 117 121 139 198 186 46 0 247 234
55371 3307 2459 0 46 4 3 1 4 65434 65422 8275 35693 8275 139 94 248 59 23 117 121 139 198 186 46 0 247 234 139 216
55374 3307 2462 0 43074 4 3 1 4 65434 65422 8275 35693 8275 59 23 117 121 139 198 186 46 0 247 234 139 216 138 135 190
55376 3307 2464 0 43074 4 3 1 4 65434 65422 8275 35693 8275 117 121 139 198 186 46 0 247 234 139 216 138 135 190 18 152
55499 3307 2587 0 43074 4 3 1 4 65434 65422 8275 35693 8275 139 198 186 46 0 247 234 139 216 138 135 123 19 152 139 86
55501 3307 2589 1 43074 4 3 1 4 65434 65422 8275 35693 8275 186 46 0 247 234 139 216 138 135 123 19 152 139 86 252 3
55504 3307 2592 1 43074 4 46 1 4 65434 65422 8275 35693 8275 247 234 139 216 138 135 123 19 152 139 86 252 3 208 139 94
55506 3307 2594 46 43074 4 0 1 4 65434 65422 8275 35693 8275 139 216 138 135 123 19 152 139 86 252 3 208 139 94 248 59
55508 3307 2596 46 46 4 0 1 4 65434 65422 8275 35693 8275 138 135 123 19 152 139 86 252 3 208 139 94 248 59 23 117
55512 3307 2600 255 46 4 0 1 4 65434 65422 8275 35693 8275 152 139 86 252 3 208 139 94 248 59 23 117 51 139 198 186
55513 3307 2601 65535 46 4 0 1 4 65434 65422 8275 35693 8275 139 86 252 3 208 139 94 248 59 23 117 51 139 198 186 46
55516 3307 2604 65535 46 4 3 1 4 65434 65422 8275 35693 8275 3 208 139 94 248 59 23 117 51 139 198 186 46 0 247 234
55518 3307 2606 65535 46 4 2 1 4 65434 65422 8275 35693 8275 139 94 248 59 23 117 51 139 198 186 46 0 247 234 139 216
55521 3307 2609 65535 43074 4 2 1 4 65434 65422 8275 35693 8275 59 23 117 51 139 198 186 46 0 247 234 139 216 138 135 195
55523 3307 2611 65535 43074 4 2 1 4 65434 65422 8275 35693 8275 117 51 139 198 186 46 0 247 234 139 216 138 135 195 18 152
55576 3307 2664 65535 43074 4 2 1 4 65434 65422 8275 35693 8275 139 198 186 46 0 247 234 139 216 138 135 121 19 152 139 86
55578 3307 2666 1 43074 4 2 1 4 65434 65422 8275 35693 8275 186 46 0 247 234 139 216 138 135 121 19 152 139 86 252 3
55581 3307 2669 1 43074 4 46 1 4 65434 65422 8275 35693 8275 247 234 139 216 138 135 121 19 152 139 86 252 3 208 139 94
55583 3307 2671 46 43074 4 0 1 4 65434 65422 8275 35693 8275 139 216 138 135 121 19 152 139 86 252 3 208 139 94 248 59
55585 3307 2673 46 46 4 0 1 4 65434 65422 8275 35693 8275 138 135 121 19 152 139 86 252 3 208 139 94 248 59 23 117
55589 3307 2677 255 46 4 0 1 4 65434 65422 8275 35693 8275 152 139 86 252 3 208 139 94 248 59 23 117 97 139 198 186
55590 3307 2678 65535 46 4 0 1 4 65434 65422 8275 35693 8275 139 86 252 3 208 139 94 248 59 23 117 97 139 198 186 46
55593 3307 2681 65535 46 4 3 1 4 65434 65422 8275 35693 8275 3 208 139 94 248 59 23 117 97 139 198 186 46 0 247 234
55595 3307 2683 65535 46 4 2 1 4 65434 65422 8275 35693 8275 139 94 248 59 23 117 97 139 198 186 46 0 247 234 139 216
55598 3307 2686 65535 43074 4 2 1 4 65434 65422 8275 35693 8275 59 23 117 97 139 198 186 46 0 247 234 139 216 138 135 193
55600 3307 2688 65535 43074 4 2 1 4 65434 65422 8275 35693 8275 117 97 139 198 186 46 0 247 234 139 216 138 135 193 18 152
55699 3307 2787 65535 43074 4 2 1 4 65434 65422 8275 35693 8275 139 198 186 46 0 247 234 139 216 138 135 125 19 152 139 86
55701 3307 2789 1 43074 4 2 1 4 65434 65422 8275 35693 8275 186 46 0 247 234 139 216 138 135 125 19 152 139 86 252 3
55704 3307 2792 1 43074 4 46 1 4 65434 65422 8275 35693 8275 247 234 139 216 138 135 125 19 152 139 86 252 3 208 139 94
55706 3307 2794 46 43074 4 0 1 4 65434 65422 8275 35693 8275 139 216 138 135 125 19 152 139 86 252 3 208 139 94 248 59
55708 3307 2796 46 46 4 0 1 4 65434 65422 8275 35693 8275 138 135 125 19 152 139 86 252 3 208 139 94 248 59 23 117
55712 3307 2800 255 46 4 0 1 4 65434 65422 8275 35693 8275 152 139 86 252 3 208 139 94 248 59 23 117 97 139 198 186
55713 3307 2801 65535 46 4 0 1 4 65434 65422 8275 35693 8275 139 86 252 3 208 139 94 248 59 23 117 97 139 198 186 46
55716 3307 2804 65535 46 4 3 1 4 65434 65422 8275 35693 8275 3 208 139 94 248 59 23 117 97 139 198 186 46 0 247 234
55718 3307 2806 65535 46 4 2 1 4 65434 65422 8275 35693 8275 139 94 248 59 23 117 97 139 198 186 46 0 247 234 139 216
55721 3307 2809 65535 43074 4 2 1 4 65434 65422 8275 35693 8275 59 23 117 97 139 198 186 46 0 247 234 139 216 138 135 197
55723 3307 2811 65535 43074 4 2 1 4 65434 65422 8275 35693 8275 117 97 139 198 186 46 0 247 234 139 216 138 135 197 18 152
55822 3307 2910 65535 43074 4 2 1 4 65434 65422 8275 35693 8275 139 198 186 46 0 247 234 139 216 138 135 130 19 152 139 86
55824 3307 2912 1 43074 4 2 1 4 65434 65422 8275 35693 8275 186 46 0 247 234 139 216 138 135 130 19 152 139 86 252 3
55827 3307 2915 1 43074 4 46 1 4 65434 65422 8275 35693 8275 247 234 139 216 138 135 130 19 152 139 86 252 3 208 139 94
55829 3307 2917 46 43074 4 0 1 4 65434 65422 8275 35693 8275 139 216 138 135 130 19 152 139 86 252 3 208 139 94 248 59
55831 3307 2919 46 46 4 0 1 4 65434 65422 8275 35693 8275 138 135 130 19 152 139 86 252 3 208 139 94 248 59 23 117
55835 3307 2923 254 46 4 0 1 4 65434 65422 8275 35693 8275 152 139 86 252 3 208 139 94 248 59 23 117 60 139 198 186
55836 3307 2924 65534 46 4 0 1 4 65434 65422 8275 35693 8275 139 86 252 3 208 139 94 248 59 23 117 60 139 198 186 46
55839 3307 2927 65534 46 4 3 1 4 65434 65422 8275 35693 8275 3 208 139 94 248 59 23 117 60 139 198 186 46 0 247 234
55841 3307 2929 65534 46 4 1 1 4 65434 65422 8275 35693 8275 139 94 248 59 23 117 60 139 198 186 46 0 247 234 139 216
55844 3307 2932 65534 43074 4 1 1 4 65434 65422 8275 35693 8275 59 23 117 60 139 198 186 46 0 247 234 139 216 138 135 202
55846 3307 2934 65534 43074 4 1 1 4 65434 65422 8275 35693 8275 117 60 139 198 186 46 0 247 234 139 216 138 135 202 18 152
55908 3307 2996 65534 43074 4 1 1 4 65434 65422 8275 35693 8275 139 198 186 46 0 247 234 139 216 138 135 128 19 152 139 86
55910 3307 2998 1 43074 4 1 1 4 65434 65422 8275 35693 8275 186 46 0 247 234 139 216 138 135 128 19 152 139 86 252 3
55913 3307 3001 1 43074 4 46 1 4 65434 65422 8275 35693 8275 247 234 139 216 138 135 128 19 152 139 86 252 3 208 139 94
55915 3307 3003 46 43074 4 0 1 4 65434 65422 8275 35693 8275 139 216 138 135 128 19 152 139 86 252 3 208 139 94 248 59
55917 3307 3005 46 46 4 0 1 4 65434 65422 8275 35693 8275 138 135 128 19 152 139 86 252 3 208 139 94 248 59 23 117
55921 3307 3009 254 46 4 0 1 4 65434 65422 8275 35693 8275 152 139 86 252 3 208 139 94 248 59 23 117 107 139 198 186
55922 3307 3010 65534 46 4 0 1 4 65434 65422 8275 35693 8275 139 86 252 3 208 139 94 248 59 23 117 107 139 198 186 46
55925 3307 3013 65534 46 4 3 1 4 65434 65422 8275 35693 8275 3 208 139 94 248 59 23 117 107 139 198 186 46 0 247 234
55927 3307 3015 65534 46 4 1 1 4 65434 65422 8275 35693 8275 139 94 248 59 23 117 107 139 198 186 46 0 247 234 139 216
55930 3307 3018 65534 43074 4 1 1 4 65434 65422 8275 35693 8275 59 23 117 107 139 198 186 46 0 247 234 139 216 138 135 200
55932 3307 3020 65534 43074 4 1 1 4 65434 65422 8275 35693 8275 117 107 139 198 186 46 0 247 234 139 216 138 135 200 18 152
56041 3307 3129 65534 43074 4 1 1 4 65434 65422 8275 35693 8275 139 198 186 46 0 247 234 139 216 138 135 132 19 152 139 86
56043 3307 3131 1 43074 4 1 1 4 65434 65422 8275 35693 8275 186 46 0 247 234 139 216 138 135 132 19 152 139 86 252 3
56046 3307 3134 1 43074 4 46 1 4 65434 65422 8275 35693 8275 247 234 139 216 138 135 132 19 152 139 86 252 3 208 139 94
56048 3307 3136 46 43074 4 0 1 4 65434 65422 8275 35693 8275 139 216 138 135 132 19 152 139 86 252 3 208 139 94 248 59
56050 3307 3138 46 46 4 0 1 4 65434 65422 8275 35693 8275 138 135 132 19 152 139 86 252 3 208 139 94 248 59 23 117
56054 3307 3142 254 46 4 0 1 4 65434 65422 8275 35693 8275 152 139 86 252 3 208 139 94 248 59 23 117 107 139 198 186
56055 3307 3143 65534 46 4 0 1 4 65434 65422 8275 35693 8275 139 86 252 3 208 139 94 248 59 23 117 107 139 198 186 46
56058 3307 3146 65534 46 4 3 1 4 65434 65422 8275 35693 8275 3 208 139 94 248 59 23 117 107 139 198 186 46 0 247 234
56060 3307 3148 65534 46 4 1 1 4 65434 65422 8275 35693 8275 139 94 248 59 23 117 107 139 198 186 46 0 247 234 139 216
56063 3307 3151 65534 43074 4 1 1 4 65434 65422 8275 35693 8275 59 23 117 107 139 198 186 46 0 247 234 139 216 138 135 204
56065 3307 3153 65534 43074 4 1 1 4 65434 65422 8275 35693 8275 117 107 139 198 186 46 0 247 234 139 216 138 135 204 18 152
56174 3307 3262 65534 43074 4 1 1 4 65434 65422 8275 35693 8275 139 198 186 46 0 247 234 139 216 138 135 143 19 152 139 86
56176 3307 3264 1 43074 4 1 1 4 65434 65422 8275 35693 8275 186 46 0 247 234 139 216 138 135 143 19 152 139 86 252 3
56179 3307 3267 1 43074 4 46 1 4 65434 65422 8275 35693 8275 247 234 139 216 138 135 143 19 152 139 86 252 3 208 139 94
56181 3307 3269 46 43074 4 0 1 4 65434 65422 8275 35693 8275 139 216 138 135 143 19 152 139 86 252 3 208 139 94 248 59
56183 3307 3271 46 46 4 0 1 4 65434 65422 8275 35693 8275 138 135 143 19 152 139 86 252 3 208 139 94 248 59 23 117
56187 3307 3275 253 46 4 0 1 4 65434 65422 8275 35693 8275 152 139 86 252 3 208 139 94 248 59 23 117 69 139 198 186
56188 3307 3276 65533 46 4 0 1 4 65434 65422 8275 35693 8275 139 86 252 3 208 139 94 248 59 23 117 69 139 198 186 46
56191 3307 3279 65533 46 4 3 1 4 65434 65422 8275 35693 8275 3 208 139 94 248 59 23 117 69 139 198 186 46 0 247 234
56193 3307 3281 65533 46 4 0 1 4 65434 65422 8275 35693 8275 139 94 248 59 23 117 69 139 198 186 46 0 247 234 139 216
56196 3307 3284 65533 43074 4 0 1 4 65434 65422 8275 35693 8275 59 23 117 69 139 198 186 46 0 247 234 139 216 138 135 215
56198 3307 3286 65533 43074 4 0 1 4 65434 65422 8275 35693 8275 117 69 139 198 186 46 0 247 234 139 216 138 135 215 18 152
56269 3307 3357 65533 43074 4 0 1 4 65434 65422 8275 35693 8275 139 198 186 46 0 247 234 139 216 138 135 141 19 152 139 86
56271 3307 3359 1 43074 4 0 1 4 65434 65422 8275 35693 8275 186 46 0 247 234 139 216 138 135 141 19 152 139 86 252 3
56274 3307 3362 1 43074 4 46 1 4 65434 65422 8275 35693 8275 247 234 139 216 138 135 141 19 152 139 86 252 3 208 139 94
56276 3307 3364 46 43074 4 0 1 4 65434 65422 8275 35693 8275 139 216 138 135 141 19 152 139 86 252 3 208 139 94 248 59
56278 3307 3366 46 46 4 0 1 4 65434 65422 8275 35693 8275 138 135 141 19 152 139 86 252 3 208 139 94 248 59 23 117
56282 3307 3370 253 46 4 0 1 4 65434 65422 8275 35693 8275 152 139 86 252 3 208 139 94 248 59 23 117 116 139 198 186
56283 3307 3371 65533 46 4 0 1 4 65434 65422 8275 35693 8275 139 86 252 3 208 139 94 248 59 23 117 116 139 198 186 46
56286 3307 3374 65533 46 4 3 1 4 65434 65422 8275 35693 8275 3 208 139 94 248 59 23 117 116 139 198 186 46 0 247 234
56288 3307 3376 65533 46 4 0 1 4 65434 65422 8275 35693 8275 139 94 248 59 23 117 116 139 198 186 46 0 247 234 139 216
56291 3307 3379 65533 43074 4 0 1 4 65434 65422 8275 35693 8275 59 23 117 116 139 198 186 46 0 247 234 139 216 138 135 213
56293 3307 3381 65533 43074 4 0 1 4 65434 65422 8275 35693 8275 117 116 139 198 186 46 0 247 234 139 216 138 135 213 18 152
56411 3307 3499 65533 43074 4 0 1 4 65434 65422 8275 35693 8275 139 198 186 46 0 247 234 139 216 138 135 139 19 152 139 86
56413 3307 3501 1 43074 4 0 1 4 65434 65422 8275 35693 8275 186 46 0 247 234 139 216 138 135 139 19 152 139 86 252 3
56416 3307 3504 1 43074 4 46 1 4 65434 65422 8275 35693 8275 247 234 139 216 138 135 139 19 152 139 86 252 3 208 139 94
56418 3307 3506 46 43074 4 0 1 4 65434 65422 8275 35693 8275 139 216 138 135 139 19 152 139 86 252 3 208 139 94 248 59
56420 3307 3508 46 46 4 0 1 4 65434 65422 8275 35693 8275 138 135 139 19 152 139 86 252 3 208 139 94 248 59 23 117
56424 3307 3512 253 46 4 0 1 4 65434 65422 8275 35693 8275 152 139 86 252 3 208 139 94 248 59 23 117 125 139 198 186
56425 3307 3513 65533 46 4 0 1 4 65434 65422 8275 35693 8275 139 86 252 3 208 139 94 248 59 23 117 125 139 198 186 46
56428 3307 3516 65533 46 4 3 1 4 65434 65422 8275 35693 8275 3 208 139 94 248 59 23 117 125 139 198 186 46 0 247 234
56430 3307 3518 65533 46 4 0 1 4 65434 65422 8275 35693 8275 139 94 248 59 23 117 125 139 198 186 46 0 247 234 139 216
56433 3307 3521 65533 43074 4 0 1 4 65434 65422 8275 35693 8275 59 23 117 125 139 198 186 46 0 247 234 139 216 138 135 211
56435 3307 3523 65533 43074 4 0 1 4 65434 65422 8275 35693 8275 117 125 139 198 186 46 0 247 234 139 216 138 135 211 18 152
56562 3307 3650 65533 43074 4 0 1 4 65434 65422 8275 35693 8275 139 198 186 46 0 247 234 139 216 138 135 145 19 152 139 86
56564 3307 3652 1 43074 4 0 1 4 65434 65422 8275 35693 8275 186 46 0 247 234 139 216 138 135 145 19 152 139 86 252 3
56567 3307 3655 1 43074 4 46 1 4 65434 65422 8275 35693 8275 247 234 139 216 138 135 145 19 152 139 86 252 3 208 139 94
56569 3307 3657 46 43074 4 0 1 4 65434 65422 8275 35693 8275 139 216 138 135 145 19 152 139 86 252 3 208 139 94 248 59
56571 3307 3659 46 46 4 0 1 4 65434 65422 8275 35693 8275 138 135 145 19 152 139 86 252 3 208 139 94 248 59 23 117
56575 3307 3663 253 46 4 0 1 4 65434 65422 8275 35693 8275 152 139 86 252 3 208 139 94 248 59 23 117 116 139 198 186
56576 3307 3664 65533 46 4 0 1 4 65434 65422 8275 35693 8275 139 86 252 3 208 139 94 248 59 23 117 116 139 198 186 46
56579 3307 3667 65533 46 4 3 1 4 65434 65422 8275 35693 8275 3 208 139 94 248 59 23 117 116 139 198 186 46 0 247 234
56581 3307 3669 65533 46 4 0 1 4 65434 65422 8275 35693 8275 139 94 248 59 23 117 116 139 198 186 46 0 247 234 139 216
56584 3307 3672 65533 43074 4 0 1 4 65434 65422 8275 35693 8275 59 23 117 116 139 198 186 46 0 247 234 139 216 138 135 217
56586 3307 3674 65533 43074 4 0 1 4 65434 65422 8275 35693 8275 117 116 139 198 186 46 0 247 234 139 216 138 135 217 18 152
56704 3307 3792 65533 43074 4 0 1 4 65434 65422 8275 35693 8275 139 198 186 46 0 247 234 139 216 138 135 147 19 152 139 86
56706 3307 3794 1 43074 4 0 1 4 65434 65422 8275 35693 8275 186 46 0 247 234 139 216 138 135 147 19 152 139 86 252 3
56709 3307 3797 1 43074 4 46 1 4 65434 65422 8275 35693 8275 247 234 139 216 138 135 147 19 152 139 86 252 3 208 139 94
56711 3307 3799 46 43074 4 0 1 4 65434 65422 8275 35693 8275 139 216 138 135 147 19 152 139 86 252 3 208 139 94 248 59
56713 3307 3801 46 46 4 0 1 4 65434 65422 8275 35693 8275 138 135 147 19 152 139 86 252 3 208 139 94 248 59 23 117
56717 3307 3805 253 46 4 0 1 4 65434 65422 8275 35693 8275 152 139 86 252 3 208 139 94 248 59 23 117 125 139 198 186
56718 3307 3806 65533 46 4 0 1 4 65434 65422 8275 35693 8275 139 86 252 3 208 139 94 248 59 23 117 125 139 198 186 46
56721 3307 3809 65533 46 4 3 1 4 65434 65422 8275 35693 8275 3 208 139 94 248 59 23 117 125 139 198 186 46 0 247 234
56723 3307 3811 65533 46 4 0 1 4 65434 65422 8275 35693 8275 139 94 248 59 23 117 125 139 198 186 46 0 247 234 139 216
56726 3307 3814 65533 43074 4 0 1 4 65434 65422 8275 35693 8275 59 23 117 125 139 198 186 46 0 247 234 139 216 138 135 219
56728 3307 3816 65533 43074 4 0 1 4 65434 65422 8275 35693 8275 117 125 139 198 186 46 0 247 234 139 216 138 135 219 18 152
56855 3307 3943 65533 43074 4 0 1 4 65434 65422 8275 35693 8275 255 70 254 160 236 236 180 0 59 70 254 126 3 233 245 249
56858 3307 3946 65533 43074 4 0 1 4 65434 65422 8275 35693 8275 160 236 236 180 0 59 70 254 126 3 233 245 249 95 94 139
56861 3307 3949 65302 43074 4 0 1 4 65434 65422 8275 35693 8275 180 0 59 70 254 126 3 233 245 249 95 94 139 229 93 203
56863 3307 3951 22 43074 4 0 1 4 65434 65422 8275 35693 8275 59 70 254 126 3 233 245 249 95 94 139 229 93 203 85 139
56866 3307 3954 22 43074 4 0 1 4 65434 65422 8275 35693 8275 126 3 233 245 249 95 94 139 229 93 203 85 139 236 131 236
56868 3307 3956 22 43074 4 0 1 4 65434 65422 8275 35693 8275 233 245 249 95 94 139 229 93 203 85 139 236 131 236 8 86
55324 3307 2412 22 43074 4 0 1 4 65434 65422 8275 35693 8275 139 70 254 186 12 0 247 234 5 154 167 137 70 248 139 70
55327 3307 2415 15 43074 4 0 1 4 65434 65422 8275 35693 8275 186 12 0 247 234 5 154 167 137 70 248 139 70 254 186 12
55330 3307 2418 15 43074 4 12 1 4 65434 65422 8275 35693 8275 247 234 5 154 167 137 70 248 139 70 254 186 12 0 247 234
55332 3307 2420 180 43074 4 0 1 4 65434 65422 8275 35693 8275 5 154 167 137 70 248 139 70 254 186 12 0 247 234 5 156
55335 3307 2423 43086 43074 4 0 1 4 65434 65422 8275 35693 8275 137 70 248 139 70 254 186 12 0 247 234 5 156 167 137 70
55338 3307 2426 43086 43074 4 0 1 4 65434 65422 8275 35693 8275 139 70 254 186 12 0 247 234 5 156 167 137 70 250 139 198
55341 3307 2429 15 43074 4 0 1 4 65434 65422 8275 35693 8275 186 12 0 247 234 5 156 167 137 70 250 139 198 186 46 0
55344 3307 2432 15 43074 4 12 1 4 65434 65422 8275 35693 8275 247 234 5 156 167 137 70 250 139 198 186 46 0 247 234 139
55346 3307 2434 180 43074 4 0 1 4 65434 65422 8275 35693 8275 5 156 167 137 70 250 139 198 186 46 0 247 234 139 216 138
55349 3307 2437 43088 43074 4 0 1 4 65434 65422 8275 35693 8275 137 70 250 139 198 186 46 0 247 234 139 216 138 135 118 19
55352 3307 2440 43088 43074 4 0 1 4 65434 65422 8275 35693 8275 139 198 186 46 0 247 234 139 216 138 135 118 19 152 139 86
55354 3307 2442 1 43074 4 0 1 4 65434 65422 8275 35693 8275 186 46 0 247 234 139 216 138 135 118 19 152 139 86 252 3
55357 3307 2445 1 43074 4 46 1 4 65434 65422 8275 35693 8275 247 234 139 216 138 135 118 19 152 139 86 252 3 208 139 94
55359 3307 2447 46 43074 4 0 1 4 65434 65422 8275 35693 8275 139 216 138 135 118 19 152 139 86 252 3 208 139 94 248 59
55361 3307 2449 46 46 4 0 1 4 65434 65422 8275 35693 8275 138 135 118 19 152 139 86 252 3 208 139 94 248 59 23 117
55365 3307 2453 0 46 4 0 1 4 65434 65422 8275 35693 8275 152 139 86 252 3 208 139 94 248 59 23 117 121 139 198 186
55366 3307 2454 0 46 4 0 1 4 65434 65422 8275 35693 8275 139 86 252 3 208 139 94 248 59 23 117 121 139 198 186 46
55369 3307 2457 0 46 4 3 1 4 65434 65422 8275 35693 8275 3 208 139 94 248 59 23 117 121 139 198 186 46 0 247 234
55371 3307 2459 0 46 4 3 1 4 65434 65422 8275 35693 8275 139 94 248 59 23 117 121 139 198 186 46 0 247 234 139 216
55374 3307 2462 0 43086 4 3 1 4 65434 65422 8275 35693 8275 59 23 117 121 139 198 186 46 0 247 234 139 216 138 135 190
55376 3307 2464 0 43086 4 3 1 4 65434 65422 8275 35693 8275 117 121 139 198 186 46 0 247 234 139 216 138 135 190 18 152
55499 3307 2587 0 43086 4 3 1 4 65434 65422 8275 35693 8275 139 198 186 46 0 247 234 139 216 138 135 123 19 152 139 86
55501 3307 2589 1 43086 4 3 1 4 65434 65422 8275 35693 8275 186 46 0 247 234 139 216 138 135 123 19 152 139 86 252 3
55504 3307 2592 1 43086 4 46 1 4 65434 65422 8275 35693 8275 247 234 139 216 138 135 123 19 152 139 86 252 3 208 139 94
55506 3307 2594 46 43086 4 0 1 4 65434 65422 8275 35693 8275 139 216 138 135 123 19 152 139 86 252 3 208 139 94 248 59
55508 3307 2596 46 46 4 0 1 4 65434 65422 8275 35693 8275 138 135 123 19 152 139 86 252 3 208 139 94 248 59 23 117
55512 3307 2600 255 46 4 0 1 4 65434 65422 8275 35693 8275 152 139 86 252 3 208 139 94 248 59 23 117 51 139 198 186
55513 3307 2601 65535 46 4 0 1 4 65434 65422 8275 35693 8275 139 86 252 3 208 139 94 248 59 23 117 51 139 198 186 46
55516 3307 2604 65535 46 4 3 1 4 65434 65422 8275 35693 8275 3 208 139 94 248 59 23 117 51 139 198 186 46 0 247 234
55518 3307 2606 65535 46 4 2 1 4 65434 65422 8275 35693 8275 139 94 248 59 23 117 51 139 198 186 46 0 247 234 139 216
55521 3307 2609 65535 43086 4 2 1 4 65434 65422 8275 35693 8275 59 23 117 51 139 198 186 46 0 247 234 139 216 138 135 195
55523 3307 2611 65535 43086 4 2 1 4 65434 65422 8275 35693 8275 117 51 139 198 186 46 0 247 234 139 216 138 135 195 18 152
55576 3307 2664 65535 43086 4 2 1 4 65434 65422 8275 35693 8275 139 198 186 46 0 247 234 139 216 138 135 121 19 152 139 86
55578 3307 2666 1 43086 4 2 1 4 65434 65422 8275 35693 8275 186 46 0 247 234 139 216 138 135 121 19 152 139 86 252 3
55581 3307 2669 1 43086 4 46 1 4 65434 65422 8275 35693 8275 247 234 139 216 138 135 121 19 152 139 86 252 3 208 139 94
55583 3307 2671 46 43086 4 0 1 4 65434 65422 8275 35693 8275 139 216 138 135 121 19 152 139 86 252 3 208 139 94 248 59
55585 3307 2673 46 46 4 0 1 4 65434 65422 8275 35693 8275 138 135 121 19 152 139 86 252 3 208 139 94 248 59 23 117
55589 3307 2677 255 46 4 0 1 4 65434 65422 8275 35693 8275 152 139 86 252 3 208 139 94 248 59 23 117 97 139 198 186
55590 3307 2678 65535 46 4 0 1 4 65434 65422 8275 35693 8275 139 86 252 3 208 139 94 248 59 23 117 97 139 198 186 46
55593 3307 2681 65535 46 4 3 1 4 65434 65422 8275 35693 8275 3 208 139 94 248 59 23 117 97 139 198 186 46 0 247 234
55595 3307 2683 65535 46 4 2 1 4 65434 65422 8275 35693 8275 139 94 248 59 23 117 97 139 198 186 46 0 247 234 139 216
55598 3307 2686 65535 43086 4 2 1 4 65434 65422 8275 35693 8275 59 23 117 97 139 198 186 46 0 247 234 139 216 138 135 193
55600 3307 2688 65535 43086 4 2 1 4 65434 65422 8275 35693 8275 117 97 139 198 186 46 0 247 234 139 216 138 135 193 18 152
55699 3307 2787 65535 43086 4 2 1 4 65434 65422 8275 35693 8275 139 198 186 46 0 247 234 139 216 138 135 125 19 152 139 86
55701 3307 2789 1 43086 4 2 1 4 65434 65422 8275 35693 8275 186 46 0 247 234 139 216 138 135 125 19 152 139 86 252 3
55704 3307 2792 1 43086 4 46 1 4 65434 65422 8275 35693 8275 247 234 139 216 138 135 125 19 152 139 86 252 3 208 139 94
55706 3307 2794 46 43086 4 0 1 4 65434 65422 8275 35693 8275 139 216 138 135 125 19 152 139 86 252 3 208 139 94 248 59
55708 3307 2796 46 46 4 0 1 4 65434 65422 8275 35693 8275 138 135 125 19 152 139 86 252 3 208 139 94 248 59 23 117
55712 3307 2800 255 46 4 0 1 4 65434 65422 8275 35693 8275 152 139 86 252 3 208 139 94 248 59 23 117 97 139 198 186
55713 3307 2801 65535 46 4 0 1 4 65434 65422 8275 35693 8275 139 86 252 3 208 139 94 248 59 23 117 97 139 198 186 46
55716 3307 2804 65535 46 4 3 1 4 65434 65422 8275 35693 8275 3 208 139 94 248 59 23 117 97 139 198 186 46 0 247 234
55718 3307 2806 65535 46 4 2 1 4 65434 65422 8275 35693 8275 139 94 248 59 23 117 97 139 198 186 46 0 247 234 139 216
55721 3307 2809 65535 43086 4 2 1 4 65434 65422 8275 35693 8275 59 23 117 97 139 198 186 46 0 247 234 139 216 138 135 197
55723 3307 2811 65535 43086 4 2 1 4 65434 65422 8275 35693 8275 117 97 139 198 186 46 0 247 234 139 216 138 135 197 18 152
55822 3307 2910 65535 43086 4 2 1 4 65434 65422 8275 35693 8275 139 198 186 46 0 247 234 139 216 138 135 130 19 152 139 86
55824 3307 2912 1 43086 4 2 1 4 65434 65422 8275 35693 8275 186 46 0 247 234 139 216 138 135 130 19 152 139 86 252 3
55827 3307 2915 1 43086 4 46 1 4 65434 65422 8275 35693 8275 247 234 139 216 138 135 130 19 152 139 86 252 3 208 139 94
55829 3307 2917 46 43086 4 0 1 4 65434 65422 8275 35693 8275 139 216 138 135 130 19 152 139 86 252 3 208 139 94 248 59
55831 3307 2919 46 46 4 0 1 4 65434 65422 8275 35693 8275 138 135 130 19 152 139 86 252 3 208 139 94 248 59 23 117
55835 3307 2923 254 46 4 0 1 4 65434 65422 8275 35693 8275 152 139 86 252 3 208 139 94 248 59 23 117 60 139 198 186
55836 3307 2924 65534 46 4 0 1 4 65434 65422 8275 35693 8275 139 86 252 3 208 139 94 248 59 23 117 60 139 198 186 46
55839 3307 2927 65534 46 4 3 1 4 65434 65422 8275 35693 8275 3 208 139 94 248 59 23 117 60 139 198 186 46 0 247 234
55841 3307 2929 65534 46 4 1 1 4 65434 65422 8275 35693 8275 139 94 248 59 23 117 60 139 198 186 46 0 247 234 139 216
55844 3307 2932 65534 43086 4 1 1 4 65434 65422 8275 35693 8275 59 23 117 60 139 198 186 46 0 247 234 139 216 138 135 202
55846 3307 2934 65534 43086 4 1 1 4 65434 65422 8275 35693 8275 117 60 139 198 186 46 0 247 234 139 216 138 135 202 18 152
55908 3307 2996 65534 43086 4 1 1 4 65434 65422 8275 35693 8275 139 198 186 46 0 247 234 139 216 138 135 128 19 152 139 86
55910 3307 2998 1 43086 4 1 1 4 65434 65422 8275 35693 8275 186 46 0 247 234 139 216 138 135 128 19 152 139 86 252 3
55913 3307 3001 1 43086 4 46 1 4 65434 65422 8275 35693 8275 247 234 139 216 138 135 128 19 152 139 86 252 3 208 139 94
55915 3307 3003 46 43086 4 0 1 4 65434 65422 8275 35693 8275 139 216 138 135 128 19 152 139 86 252 3 208 139 94 248 59
55917 3307 3005 46 46 4 0 1 4 65434 65422 8275 35693 8275 138 135 128 19 152 139 86 252 3 208 139 94 248 59 23 117
55921 3307 3009 254 46 4 0 1 4 65434 65422 8275 35693 8275 152 139 86 252 3 208 139 94 248 59 23 117 107 139 198 186
55922 3307 3010 65534 46 4 0 1 4 65434 65422 8275 35693 8275 139 86 252 3 208 139 94 248 59 23 117 107 139 198 186 46
55925 3307 3013 65534 46 4 3 1 4 65434 65422 8275 35693 8275 3 208 139 94 248 59 23 117 107 139 198 186 46 0 247 234
55927 3307 3015 65534 46 4 1 1 4 65434 65422 8275 35693 8275 139 94 248 59 23 117 107 139 198 186 46 0 247 234 139 216
55930 3307 3018 65534 43086 4 1 1 4 65434 65422 8275 35693 8275 59 23 117 107 139 198 186 46 0 247 234 139 216 138 135 200
55932 3307 3020 65534 43086 4 1 1 4 65434 65422 8275 35693 8275 117 107 139 198 186 46 0 247 234 139 216 138 135 200 18 152
56041 3307 3129 65534 43086 4 1 1 4 65434 65422 8275 35693 8275 139 198 186 46 0 247 234 139 216 138 135 132 19 152 139 86
56043 3307 3131 1 43086 4 1 1 4 65434 65422 8275 35693 8275 186 46 0 247 234 139 216 138 135 132 19 152 139 86 252 3
56046 3307 3134 1 43086 4 46 1 4 65434 65422 8275 35693 8275 247 234 139 216 138 135 132 19 152 139 86 252 3 208 139 94
56048 3307 3136 46 43086 4 0 1 4 65434 65422 8275 35693 8275 139 216 138 135 132 19 152 139 86 252 3 208 139 94 248 59
56050 3307 3138 46 46 4 0 1 4 65434 65422 8275 35693 8275 138 135 132 19 152 139 86 252 3 208 139 94 248 59 23 117
56054 3307 3142 254 46 4 0 1 4 65434 65422 8275 35693 8275 152 139 86 252 3 208 139 94 248 59 23 117 107 139 198 186
56055 3307 3143 65534 46 4 0 1 4 65434 65422 8275 35693 8275 139 86 252 3 208 139 94 248 59 23 117 107 139 198 186 46
56058 3307 3146 65534 46 4 3 1 4 65434 65422 8275 35693 8275 3 208 139 94 248 59 23 117 107 139 198 186 46 0 247 234
56060 3307 3148 65534 46 4 1 1 4 65434 65422 8275 35693 8275 139 94 248 59 23 117 107 139 198 186 46 0 247 234 139 216
56063 3307 3151 65534 43086 4 1 1 4 65434 65422 8275 35693 8275 59 23 117 107 139 198 186 46 0 247 234 139 216 138 135 204
56065 3307 3153 65534 43086 4 1 1 4 65434 65422 8275 35693 8275 117 107 139 198 186 46 0 247 234 139 216 138 135 204 18 152
56174 3307 3262 65534 43086 4 1 1 4 65434 65422 8275 35693 8275 139 198 186 46 0 247 234 139 216 138 135 143 19 152 139 86
56176 3307 3264 1 43086 4 1 1 4 65434 65422 8275 35693 8275 186 46 0 247 234 139 216 138 135 143 19 152 139 86 252 3
56179 3307 3267 1 43086 4 46 1 4 65434 65422 8275 35693 8275 247 234 139 216 138 135 143 19 152 139 86 252 3 208 139 94
56181 3307 3269 46 43086 4 0 1 4 65434 65422 8275 35693 8275 139 216 138 135 143 19 152 139 86 252 3 208 139 94 248 59
56183 3307 3271 46 46 4 0 1 4 65434 65422 8275 35693 8275 138 135 143 19 152 139 86 252 3 208 139 94 248 59 23 117
56187 3307 3275 253 46 4 0 1 4 65434 65422 8275 35693 8275 152 139 86 252 3 208 139 94 248 59 23 117 69 139 198 186
56188 3307 3276 65533 46 4 0 1 4 65434 65422 8275 35693 8275 139 86 252 3 208 139 94 248 59 23 117 69 139 198 186 46
56191 3307 3279 65533 46 4 3 1 4 65434 65422 8275 35693 8275 3 208 139 94 248 59 23 117 69 139 198 186 46 0 247 234
56193 3307 3281 65533 46 4 0 1 4 65434 65422 8275 35693 8275 139 94 248 59 23 117 69 139 198 186 46 0 247 234 139 216
56196 3307 3284 65533 43086 4 0 1 4 65434 65422 8275 35693 8275 59 23 117 69 139 198 186 46 0 247 234 139 216 138 135 215
56198 3307 3286 65533 43086 4 0 1 4 65434 65422 8275 35693 8275 117 69 139 198 186 46 0 247 234 139 216 138 135 215 18 152
56269 3307 3357 65533 43086 4 0 1 4 65434 65422 8275 35693 8275 139 198 186 46 0 247 234 139 216 138 135 141 19 152 139 86
56271 3307 3359 1 43086 4 0 1 4 65434 65422 8275 35693 8275 186 46 0 247 234 139 216 138 135 141 19 152 139 86 252 3
56274 3307 3362 1 43086 4 46 1 4 65434 65422 8275 35693 8275 247 234 139 216 138 135 141 19 152 139 86 252 3 208 139 94
56276 3307 3364 46 43086 4 0 1 4 65434 65422 8275 35693 8275 139 216 138 135 141 19 152 139 86 252 3 208 139 94 248 59
56278 3307 3366 46 46 4 0 1 4 65434 65422 8275 35693 8275 138 135 141 19 152 139 86 252 3 208 139 94 248 59 23 117
56282 3307 3370 253 46 4 0 1 4 65434 65422 8275 35693 8275 152 139 86 252 3 208 139 94 248 59 23 117 116 139 198 186
56283 3307 3371 65533 46 4 0 1 4 65434 65422 8275 35693 8275 139 86 252 3 208 139 94 248 59 23 117 116 139 198 186 46
56286 3307 3374 65533 46 4 3 1 4 65434 65422 8275 35693 8275 3 208 139 94 248 59 23 117 116 139 198 186 46 0 247 234
56288 3307 3376 65533 46 4 0 1 4 65434 65422 8275 35693 8275 139 94 248 59 23 117 116 139 198 186 46 0 247 234 139 216
56291 3307 3379 65533 43086 4 0 1 4 65434 65422 8275 35693 8275 59 23 117 116 139 198 186 46 0 247 234 139 216 138 135 213
56293 3307 3381 65533 43086 4 0 1 4 65434 65422 8275 35693 8275 117 116 139 198 186 46 0 247 234 139 216 138 135 213 18 152
56411 3307 3499 65533 43086 4 0 1 4 65434 65422 8275 35693 8275 139 198 186 46 0 247 234 139 216 138 135 139 19 152 139 86
56413 3307 3501 1 43086 4 0 1 4 65434 65422 8275 35693 8275 186 46 0 247 234 139 216 138 135 139 19 152 139 86 252 3
56416 3307 3504 1 43086 4 46 1 4 65434 65422 8275 35693 8275 247 234 139 216 138 135 139 19 152 139 86 252 3 208 139 94
56418 3307 3506 46 43086 4 0 1 4 65434 65422 8275 35693 8275 139 216 138 135 139 19 152 139 86 252 3 208 139 94 248 59
56420 3307 3508 46 46 4 0 1 4 65434 65422 8275 35693 8275 138 135 139 19 152 139 86 252 3 208 139 94 248 59 23 117
56424 3307 3512 253 46 4 0 1 4 65434 65422 8275 35693 8275 152 139 86 252 3 208 139 94 248 59 23 117 125 139 198 186
56425 3307 3513 65533 46 4 0 1 4 65434 65422 8275 35693 8275 139 86 252 3 208 139 94 248 59 23 117 125 139 198 186 46
56428 3307 3516 65533 46 4 3 1 4 65434 65422 8275 35693 8275 3 208 139 94 248 59 23 117 125 139 198 186 46 0 247 234
56430 3307 3518 65533 46 4 0 1 4 65434 65422 8275 35693 8275 139 94 248 59 23 117 125 139 198 186 46 0 247 234 139 216
56433 3307 3521 65533 43086 4 0 1 4 65434 65422 8275 35693 8275 59 23 117 125 139 198 186 46 0 247 234 139 216 138 135 211
56435 3307 3523 65533 43086 4 0 1 4 65434 65422 8275 35693 8275 117 125 139 198 186 46 0 247 234 139 216 138 135 211 18 152
56562 3307 3650 65533 43086 4 0 1 4 65434 65422 8275 35693 8275 139 198 186 46 0 247 234 139 216 138 135 145 19 152 139 86
56564 3307 3652 1 43086 4 0 1 4 65434 65422 8275 35693 8275 186 46 0 247 234 139 216 138 135 145 19 152 139 86 252 3
56567 3307 3655 1 43086 4 46 1 4 65434 65422 8275 35693 8275 247 234 139 216 138 135 145 19 152 139 86 252 3 208 139 94
56569 3307 3657 46 43086 4 0 1 4 65434 65422 8275 35693 8275 139 216 138 135 145 19 152 139 86 252 3 208 139 94 248 59
56571 3307 3659 46 46 4 0 1 4 65434 65422 8275 35693 8275 138 135 145 19 152 139 86 252 3 208 139 94 248 59 23 117
56575 3307 3663 253 46 4 0 1 4 65434 65422 8275 35693 8275 152 139 86 252 3 208 139 94 248 59 23 117 116 139 198 186
56576 3307 3664 65533 46 4 0 1 4 65434 65422 8275 35693 8275 139 86 252 3 208 139 94 248 59 23 117 116 139 198 186 46
56579 3307 3667 65533 46 4 3 1 4 65434 65422 8275 35693 8275 3 208 139 94 248 59 23 117 116 139 198 186 46 0 247 234
56581 3307 3669 65533 46 4 0 1 4 65434 65422 8275 35693 8275 139 94 248 59 23 117 116 139 198 186 46 0 247 234 139 216
56584 3307 3672 65533 43086 4 0 1 4 65434 65422 8275 35693 8275 59 23 117 116 139 198 186 46 0 247 234 139 216 138 135 217
56586 3307 3674 65533 43086 4 0 1 4 65434 65422 8275 35693 8275 117 116 139 198 186 46 0 247 234 139 216 138 135 217 18 152
56704 3307 3792 65533 43086 4 0 1 4 65434 65422 8275 35693 8275 139 198 186 46 0 247 234 139 216 138 135 147 19 152 139 86
56706 3307 3794 1 43086 4 0 1 4 65434 65422 8275 35693 8275 186 46 0 247 234 139 216 138 135 147 19 152 139 86 252 3
56709 3307 3797 1 43086 4 46 1 4 65434 65422 8275 35693 8275 247 234 139 216 138 135 147 19 152 139 86 252 3 208 139 94
56711 3307 3799 46 43086 4 0 1 4 65434 65422 8275 35693 8275 139 216 138 135 147 19 152 139 86 252 3 208 139 94 248 59
56713 3307 3801 46 46 4 0 1 4 65434 65422 8275 35693 8275 138 135 147 19 152 139 86 252 3 208 139 94 248 59 23 117
56717 3307 3805 253 46 4 0 1 4 65434 65422 8275 35693 8275 152 139 86 252 3 208 139 94 248 59 23 117 125 139 198 186
56718 3307 3806 65533 46 4 0 1 4 65434 65422 8275 35693 8275 139 86 252 3 208 139 94 248 59 23 117 125 139 198 186 46
56721 3307 3809 65533 46 4 3 1 4 65434 65422 8275 35693 8275 3 208 139 94 248 59 23 117 125 139 198 186 46 0 247 234
56723 3307 3811 65533 46 4 0 1 4 65434 65422 8275 35693 8275 139 94 248 59 23 117 125 139 198 186 46 0 247 234 139 216
56726 3307 3814 65533 43086 4 0 1 4 65434 65422 8275 35693 8275 59 23 117 125 139 198 186 46 0 247 234 139 216 138 135 219
56728 3307 3816 65533 43086 4 0 1 4 65434 65422 8275 35693 8275 117 125 139 198 186 46 0 247 234 139 216 138 135 219 18 152
56855 3307 3943 65533 43086 4 0 1 4 65434 65422 8275 35693 8275 255 70 254 160 236 236 180 0 59 70 254 126 3 233 245 249
56858 3307 3946 65533 43086 4 0 1 4 65434 65422 8275 35693 8275 160 236 236 180 0 59 70 254 126 3 233 245 249 95 94 139
56861 3307 3949 65302 43086 4 0 1 4 65434 65422 8275 35693 8275 180 0 59 70 254 126 3 233 245 249 95 94 139 229 93 203
56863 3307 3951 22 43086 4 0 1 4 65434 65422 8275 35693 8275 59 70 254 126 3 233 245 249 95 94 139 229 93 203 85 139
56866 3307 3954 22 43086 4 0 1 4 65434 65422 8275 35693 8275 126 3 233 245 249 95 94 139 229 93 203 85 139 236 131 236
56868 3307 3956 22 43086 4 0 1 4 65434 65422 8275 35693 8275 233 245 249 95 94 139 229 93 203 85 139 236 131 236 8 86
55324 3307 2412 22 43086 4 0 1 4 65434 65422 8275 35693 8275 139 70 254 186 12 0 247 234 5 154 167 137 70 248 139 70
55327 3307 2415 16 43086 4 0 1 4 65434 65422 8275 35693 8275 186 12 0 247 234 5 154 167 137 70 248 139 70 254 186 12
55330 3307 2418 16 43086 4 12 1 4 65434 65422 8275 35693 8275 247 234 5 154 167 137 70 248 139 70 254 186 12 0 247 234
55332 3307 2420 192 43086 4 0 1 4 65434 65422 8275 35693 8275 5 154 167 137 70 248 139 70 254 186 12 0 247 234 5 156
55335 3307 2423 43098 43086 4 0 1 4 65434 65422 8275 35693 8275 137 70 248 139 70 254 186 12 0 247 234 5 156 167 137 70
55338 3307 2426 43098 43086 4 0 1 4 65434 65422 8275 35693 8275 139 70 254 186 12 0 247 234 5 156 167 137 70 250 139 198
55341 3307 2429 16 43086 4 0 1 4 65434 65422 8275 35693 8275 186 12 0 247 234 5 156 167 137 70 250 139 198 186 46 0
55344 3307 2432 16 43086 4 12 1 4 65434 65422 8275 35693 8275 247 234 5 156 167 137 70 250 139 198 186 46 0 247 234 139
55346 3307 2434 192 43086 4 0 1 4 65434 65422 8275 35693 8275 5 156 167 137 70 250 139 198 186 46 0 247 234 139 216 138
55349 3307 2437 43100 43086 4 0 1 4 65434 65422 8275 35693 8275 137 70 250 139 198 186 46 0 247 234 139 216 138 135 118 19
55352 3307 2440 43100 43086 4 0 1 4 65434 65422 8275 35693 8275 139 198 186 46 0 247 234 139 216 138 135 118 19 152 139 86
55354 3307 2442 1 43086 4 0 1 4 65434 65422 8275 35693 8275 186 46 0 247 234 139 216 138 135 118 19 152 139 86 252 3
55357 3307 2445 1 43086 4 46 1 4 65434 65422 8275 35693 8275 247 234 139 216 138 135 118 19 152 139 86 252 3 208 139 94
55359 3307 2447 46 43086 4 0 1 4 65434 65422 8275 35693 8275 139 216 138 135 118 19 152 139 86 252 3 208 139 94 248 59
55361 3307 2449 46 46 4 0 1 4 65434 65422 8275 35693 8275 138 135 118 19 152 139 86 252 3 208 139 94 248 59 23 117
55365 3307 2453 0 46 4 0 1 4 65434 65422 8275 35693 8275 152 139 86 252 3 208 139 94 248 59 23 117 121 139 198 186
55366 3307 2454 0 46 4 0 1 4 65434 65422 8275 35693 8275 139 86 252 3 208 139 94 248 59 23 117 121 139 198 186 46
55369 3307 2457 0 46 4 3 1 4 65434 65422 8275 35693 8275 3 208 139 94 248 59 23 117 121 139 198 186 46 0 247 234
55371 3307 2459 0 46 4 3 1 4 65434 65422 8275 35693 8275 139 94 248 59 23 117 121 139 198 186 46 0 247 234 139 216
55374 3307 2462 0 43098 4 3 1 4 65434 65422 8275 35693 8275 59 23 117 121 139 198 186 46 0 247 234 139 216 138 135 190
55376 3307 2464 0 43098 4 3 1 4 65434 65422 8275 35693 8275 117 121 139 198 186 46 0 247 234 139 216 138 135 190 18 152
55499 3307 2587 0 43098 4 3 1 4 65434 65422 8275 35693 8275 139 198 186 46 0 247 234 139 216 138 135 123 19 152 139 86
55501 3307 2589 1 43098 4 3 1 4 65434 65422 8275 35693 8275 186 46 0 247 234 139 216 138 135 123 19 152 139 86 252 3
55504 3307 2592 1 43098 4 46 1 4 65434 65422 8275 35693 8275 247 234 139 216 138 135 123 19 152 139 86 252 3 208 139 94
55506 3307 2594 46 43098 4 0 1 4 65434 65422 8275 35693 8275 139 216 138 135 123 19 152 139 86 252 3 208 139 94 248 59
55508 3307 2596 46 46 4 0 1 4 65434 65422 8275 35693 8275 138 135 123 19 152 139 86 252 3 208 139 94 248 59 23 117
55512 3307 2600 255 46 4 0 1 4 65434 65422 8275 35693 8275 152 139 86 252 3 208 139 94 248 59 23 117 51 139 198 186
55513 3307 2601 65535 46 4 0 1 4 65434 65422 8275 35693 8275 139 86 252 3 208 139 94 248 59 23 117 51 139 198 186 46
55516 3307 2604 65535 46 4 3 1 4 65434 65422 8275 35693 8275 3 208 139 94 248 59 23 117 51 139 198 186 46 0 247 234
55518 3307 2606 65535 46 4 2 1 4 65434 65422 8275 35693 8275 139 94 248 59 23 117 51 139 198 186 46 0 247 234 139 216
55521 3307 2609 65535 43098 4 2 1 4 65434 65422 8275 35693 8275 59 23 117 51 139 198 186 46 0 247 234 139 216 138 135 195
55523 3307 2611 65535 43098 4 2 1 4 65434 65422 8275 35693 8275 117 51 139 198 186 46 0 247 234 139 216 138 135 195 18 152
55576 3307 2664 65535 43098 4 2 1 4 65434 65422 8275 35693 8275 139 198 186 46 0 247 234 139 216 138 135 121 19 152 139 86
55578 3307 2666 1 43098 4 2 1 4 65434 65422 8275 35693 8275 186 46 0 247 234 139 216 138 135 121 19 152 139 86 252 3
55581 3307 2669 1 43098 4 46 1 4 65434 65422 8275 35693 8275 247 234 139 216 138 135 121 19 152 139 86 252 3 208 139 94
55583 3307 2671 46 43098 4 0 1 4 65434 65422 8275 35693 8275 139 216 138 135 121 19 152 139 86 252 3 208 139 94 248 59
55585 3307 2673 46 46 4 0 1 4 65434 65422 8275 35693 8275 138 135 121 19 152 139 86 252 3 208 139 94 248 59 23 117
55589 3307 2677 255 46 4 0 1 4 65434 65422 8275 35693 8275 152 139 86 252 3 208 139 94 248 59 23 117 97 139 198 186
55590 3307 2678 65535 46 4 0 1 4 65434 65422 8275 35693 8275 139 86 252 3 208 139 94 248 59 23 117 97 139 198 186 46
55593 3307 2681 65535 46 4 3 1 4 65434 65422 8275 35693 8275 3 208 139 94 248 59 23 117 97 139 198 186 46 0 247 234
55595 3307 2683 65535 46 4 2 1 4 65434 65422 8275 35693 8275 139 94 248 59 23 117 97 139 198 186 46 0 247 234 139 216
55598 3307 2686 65535 43098 4 2 1 4 65434 65422 8275 35693 8275 59 23 117 97 139 198 186 46 0 247 234 139 216 138 135 193
55600 3307 2688 65535 43098 4 2 1 4 65434 65422 8275 35693 8275 117 97 139 198 186 46 0 247 234 139 216 138 135 193 18 152
55699 3307 2787 65535 43098 4 2 1 4 65434 65422 8275 35693 8275 139 198 186 46 0 247 234 139 216 138 135 125 19 152 139 86
55701 3307 2789 1 43098 4 2 1 4 65434 65422 8275 35693 8275 186 46 0 247 234 139 216 138 135 125 19 152 139 86 252 3
55704 3307 2792 1 43098 4 46 1 4 65434 65422 8275 35693 8275 247 234 139 216 138 135 125 19 152 139 86 252 3 208 139 94
55706 3307 2794 46 43098 4 0 1 4 65434 65422 8275 35693 8275 139 216 138 135 125 19 152 139 86 252 3 208 139 94 248 59
55708 3307 2796 46 46 4 0 1 4 65434 65422 8275 35693 8275 138 135 125 19 152 139 86 252 3 208 139 94 248 59 23 117
55712 3307 2800 255 46 4 0 1 4 65434 65422 8275 35693 8275 152 139 86 252 3 208 139 94 248 59 23 117 97 139 198 186
55713 3307 2801 65535 46 4 0 1 4 65434 65422 8275 35693 8275 139 86 252 3 208 139 94 248 59 23 117 97 139 198 186 46
55716 3307 2804 65535 46 4 3 1 4 65434 65422 8275 35693 8275 3 208 139 94 248 59 23 117 97 139 198 186 46 0 247 234
55718 3307 2806 65535 46 4 2 1 4 65434 65422 8275 35693 8275 139 94 248 59 23 117 97 139 198 186 46 0 247 234 139 216
55721 3307 2809 65535 43098 4 2 1 4 65434 65422 8275 35693 8275 59 23 117 97 139 198 186 46 0 247 234 139 216 138 135 197
55723 3307 2811 65535 43098 4 2 1 4 65434 65422 8275 35693 8275 117 97 139 198 186 46 0 247 234 139 216 138 135 197 18 152
55822 3307 2910 65535 43098 4 2 1 4 65434 65422 8275 35693 8275 139 198 186 46 0 247 234 139 216 138 135 130 19 152 139 86
55824 3307 2912 1 43098 4 2 1 4 65434 65422 8275 35693 8275 186 46 0 247 234 139 216 138 135 130 19 152 139 86 252 3
55827 3307 2915 1 43098 4 46 1 4 65434 65422 8275 35693 8275 247 234 139 216 138 135 130 19 152 139 86 252 3 208 139 94
55829 3307 2917 46 43098 4 0 1 4 65434 65422 8275 35693 8275 139 216 138 135 130 19 152 139 86 252 3 208 139 94 248 59
55831 3307 2919 46 46 4 0 1 4 65434 65422 8275 35693 8275 138 135 130 19 152 139 86 252 3 208 139 94 248 59 23 117
55835 3307 2923 254 46 4 0 1 4 65434 65422 8275 35693 8275 152 139 86 252 3 208 139 94 248 59 23 117 60 139 198 186
55836 3307 2924 65534 46 4 0 1 4 65434 65422 8275 35693 8275 139 86 252 3 208 139 94 248 59 23 117 60 139 198 186 46
55839 3307 2927 65534 46 4 3 1 4 65434 65422 8275 35693 8275 3 208 139 94 248 59 23 117 60 139 198 186 46 0 247 234
55841 3307 2929 65534 46 4 1 1 4 65434 65422 8275 35693 8275 139 94 248 59 23 117 60 139 198 186 46 0 247 234 139 216
55844 3307 2932 65534 43098 4 1 1 4 65434 65422 8275 35693 8275 59 23 117 60 139 198 186 46 0 247 234 139 216 138 135 202
55846 3307 2934 65534 43098 4 1 1 4 65434 65422 8275 35693 8275 117 60 139 198 186 46 0 247 234 139 216 138 135 202 18 152
55908 3307 2996 65534 43098 4 1 1 4 65434 65422 8275 35693 8275 139 198 186 46 0 247 234 139 216 138 135 128 19 152 139 86
55910 3307 2998 1 43098 4 1 1 4 65434 65422 8275 35693 8275 186 46 0 247 234 139 216 138 135 128 19 152 139 86 252 3
55913 3307 3001 1 43098 4 46 1 4 65434 65422 8275 35693 8275 247 234 139 216 138 135 128 19 152 139 86 252 3 208 139 94
55915 3307 3003 46 43098 4 0 1 4 65434 65422 8275 35693 8275 139 216 138 135 128 19 152 139 86 252 3 208 139 94 248 59
55917 3307 3005 46 46 4 0 1 4 65434 65422 8275 35693 8275 138 135 128 19 152 139 86 252 3 208 139 94 248 59 23 117
55921 3307 3009 254 46 4 0 1 4 65434 65422 8275 35693 8275 152 139 86 252 3 208 139 94 248 59 23 117 107 139 198 186
55922 3307 3010 65534 46 4 0 1 4 65434 65422 8275 35693 8275 139 86 252 3 208 139 94 248 59 23 117 107 139 198 186 46
55925 3307 3013 65534 46 4 3 1 4 65434 65422 8275 35693 8275 3 208 139 94 248 59 23 117 107 139 198 186 46 0 247 234
55927 3307 3015 65534 46 4 1 1 4 65434 65422 8275 35693 8275 139 94 248 59 23 117 107 139 198 186 46 0 247 234 139 216
55930 3307 3018 65534 43098 4 1 1 4 65434 65422 8275 35693 8275 59 23 117 107 139 198 186 46 0 247 234 139 216 138 135 200
55932 3307 3020 65534 43098 4 1 1 4 65434 65422 8275 35693 8275 117 107 139 198 186 46 0 247 234 139 216 138 135 200 18 152
56041 3307 3129 65534 43098 4 1 1 4 65434 65422 8275 35693 8275 139 198 186 46 0 247 234 139 216 138 135 132 19 152 139 86
56043 3307 3131 1 43098 4 1 1 4 65434 65422 8275 35693 8275 186 46 0 247 234 139 216 138 135 132 19 152 139 86 252 3
56046 3307 3134 1 43098 4 46 1 4 65434 65422 8275 35693 8275 247 234 139 216 138 135 132 19 152 139 86 252 3 208 139 94
56048 3307 3136 46 43098 4 0 1 4 65434 65422 8275 35693 8275 139 216 138 135 132 19 152 139 86 252 3 208 139 94 248 59
56050 3307 3138 46 46 4 0 1 4 65434 65422 8275 35693 8275 138 135 132 19 152 139 86 252 3 208 139 94 248 59 23 117
56054 3307 3142 254 46 4 0 1 4 65434 65422 8275 35693 8275 152 139 86 252 3 208 139 94 248 59 23 117 107 139 198 186
56055 3307 3143 65534 46 4 0 1 4 65434 65422 8275 35693 8275 139 86 252 3 208 139 94 248 59 23 117 107 139 198 186 46
56058 3307 3146 65534 46 4 3 1 4 65434 65422 8275 35693 8275 3 208 139 94 248 59 23 117 107 139 198 186 46 0 247 234
56060 3307 3148 65534 46 4 1 1 4 65434 65422 8275 35693 8275 139 94 248 59 23 117 107 139 198 186 46 0 247 234 139 216
56063 3307 3151 65534 43098 4 1 1 4 65434 65422 8275 35693 8275 59 23 117 107 139 198 186 46 0 247 234 139 216 138 135 204
56065 3307 3153 65534 43098 4 1 1 4 65434 65422 8275 35693 8275 117 107 139 198 186 46 0 247 234 139 216 138 135 204 18 152
56174 3307 3262 65534 43098 4 1 1 4 65434 65422 8275 35693 8275 139 198 186 46 0 247 234 139 216 138 135 143 19 152 139 86
56176 3307 3264 1 43098 4 1 1 4 65434 65422 8275 35693 8275 186 46 0 247 234 139 216 138 135 143 19 152 139 86 252 3
56179 3307 3267 1 43098 4 46 1 4 65434 65422 8275 35693 8275 247 234 139 216 138 135 143 19 152 139 86 252 3 208 139 94
56181 3307 3269 46 43098 4 0 1 4 65434 65422 8275 35693 8275 139 216 138 135 143 19 152 139 86 252 3 208 139 94 248 59
56183 3307 3271 46 46 4 0 1 4 65434 65422 8275 35693 8275 138 135 143 19 152 139 86 252 3 208 139 94 248 59 23 117
56187 3307 3275 253 46 4 0 1 4 65434 65422 8275 35693 8275 152 139 86 252 3 208 139 94 248 59 23 117 69 139 198 186
56188 3307 3276 65533 46 4 0 1 4 65434 65422 8275 35693 8275 139 86 252 3 208 139 94 248 59 23 117 69 139 198 186 46
56191 3307 3279 65533 46 4 3 1 4 65434 65422 8275 35693 8275 3 208 139 94 248 59 23 117 69 139 198 186 46 0 247 234
56193 3307 3281 65533 46 4 0 1 4 65434 65422 8275 35693 8275 139 94 248 59 23 117 69 139 198 186 46 0 247 234 139 216
56196 3307 3284 65533 43098 4 0 1 4 65434 65422 8275 35693 8275 59 23 117 69 139 198 186 46 0 247 234 139 216 138 135 215
56198 3307 3286 65533 43098 4 0 1 4 65434 65422 8275 35693 8275 117 69 139 198 186 46 0 247 234 139 216 138 135 215 18 152
56269 3307 3357 65533 43098 4 0 1 4 65434 65422 8275 35693 8275 139 198 186 46 0 247 234 139 216 138 135 141 19 152 139 86
56271 3307 3359 1 43098 4 0 1 4 65434 65422 8275 35693 8275 186 46 0 247 234 139 216 138 135 141 19 152 139 86 252 3
56274 3307 3362 1 43098 4 46 1 4 65434 65422 8275 35693 8275 247 234 139 216 138 135 141 19 152 139 86 252 3 208 139 94
56276 3307 3364 46 43098 4 0 1 4 65434 65422 8275 35693 8275 139 216 138 135 141 19 152 139 86 252 3 208 139 94 248 59
56278 3307 3366 46 46 4 0 1 4 65434 65422 8275 35693 8275 138 135 141 19 152 139 86 252 3 208 139 94 248 59 23 117
56282 3307 3370 253 46 4 0 1 4 65434 65422 8275 35693 8275 152 139 86 252 3 208 139 94 248 59 23 117 116 139 198 186
56283 3307 3371 65533 46 4 0 1 4 65434 65422 8275 35693 8275 139 86 252 3 208 139 94 248 59 23 117 116 139 198 186 46
56286 3307 3374 65533 46 4 3 1 4 65434 65422 8275 35693 8275 3 208 139 94 248 59 23 117 116 139 198 186 46 0 247 234
56288 3307 3376 65533 46 4 0 1 4 65434 65422 8275 35693 8275 139 94 248 59 23 117 116 139 198 186 46 0 247 234 139 216
56291 3307 3379 65533 43098 4 0 1 4 65434 65422 8275 35693 8275 59 23 117 116 139 198 186 46 0 247 234 139 216 138 135 213
56293 3307 3381 65533 43098 4 0 1 4 65434 65422 8275 35693 8275 117 116 139 198 186 46 0 247 234 139 216 138 135 213 18 152
56411 3307 3499 65533 43098 4 0 1 4 65434 65422 8275 35693 8275 139 198 186 46 0 247 234 139 216 138 135 139 19 152 139 86
56413 3307 3501 1 43098 4 0 1 4 65434 65422 8275 35693 8275 186 46 0 247 234 139 216 138 135 139 19 152 139 86 252 3
56416 3307 3504 1 43098 4 46 1 4 65434 65422 8275 35693 8275 247 234 139 216 138 135 139 19 152 139 86 252 3 208 139 94
56418 3307 3506 46 43098 4 0 1 4 65434 65422 8275 35693 8275 139 216 138 135 139 19 152 139 86 252 3 208 139 94 248 59
56420 3307 3508 46 46 4 0 1 4 65434 65422 8275 35693 8275 138 135 139 19 152 139 86 252 3 208 139 94 248 59 23 117
56424 3307 3512 253 46 4 0 1 4 65434 65422 8275 35693 8275 152 139 86 252 3 208 139 94 248 59 23 117 125 139 198 186
56425 3307 3513 65533 46 4 0 1 4 65434 65422 8275 35693 8275 139 86 252 3 208 139 94 248 59 23 117 125 139 198 186 46
56428 3307 3516 65533 46 4 3 1 4 65434 65422 8275 35693 8275 3 208 139 94 248 59 23 117 125 139 198 186 46 0 247 234
56430 3307 3518 65533 46 4 0 1 4 65434 65422 8275 35693 8275 139 94 248 59 23 117 125 139 198 186 46 0 247 234 139 216
56433 3307 3521 65533 43098 4 0 1 4 65434 65422 8275 35693 8275 59 23 117 125 139 198 186 46 0 247 234 139 216 138 135 211
56435 3307 3523 65533 43098 4 0 1 4 65434 65422 8275 35693 8275 117 125 139 198 186 46 0 247 234 139 216 138 135 211 18 152
56562 3307 3650 65533 43098 4 0 1 4 65434 65422 8275 35693 8275 139 198 186 46 0 247 234 139 216 138 135 145 19 152 139 86
56564 3307 3652 1 43098 4 0 1 4 65434 65422 8275 35693 8275 186 46 0 247 234 139 216 138 135 145 19 152 139 86 252 3
56567 3307 3655 1 43098 4 46 1 4 65434 65422 8275 35693 8275 247 234 139 216 138 135 145 19 152 139 86 252 3 208 139 94
56569 3307 3657 46 43098 4 0 1 4 65434 65422 8275 35693 8275 139 216 138 135 145 19 152 139 86 252 3 208 139 94 248 59
56571 3307 3659 46 46 4 0 1 4 65434 65422 8275 35693 8275 138 135 145 19 152 139 86 252 3 208 139 94 248 59 23 117
56575 3307 3663 253 46 4 0 1 4 65434 65422 8275 35693 8275 152 139 86 252 3 208 139 94 248 59 23 117 116 139 198 186
56576 3307 3664 65533 46 4 0 1 4 65434 65422 8275 35693 8275 139 86 252 3 208 139 94 248 59 23 117 116 139 198 186 46
56579 3307 3667 65533 46 4 3 1 4 65434 65422 8275 35693 8275 3 208 139 94 248 59 23 117 116 139 198 186 46 0 247 234
56581 3307 3669 65533 46 4 0 1 4 65434 65422 8275 35693 8275 139 94 248 59 23 117 116 139 198 186 46 0 247 234 139 216
56584 3307 3672 65533 43098 4 0 1 4 65434 65422 8275 35693 8275 59 23 117 116 139 198 186 46 0 247 234 139 216 138 135 217
56586 3307 3674 65533 43098 4 0 1 4 65434 65422 8275 35693 8275 117 116 139 198 186 46 0 247 234 139 216 138 135 217 18 152
56704 3307 3792 65533 43098 4 0 1 4 65434 65422 8275 35693 8275 139 198 186 46 0 247 234 139 216 138 135 147 19 152 139 86
56706 3307 3794 1 43098 4 0 1 4 65434 65422 8275 35693 8275 186 46 0 247 234 139 216 138 135 147 19 152 139 86 252 3
56709 3307 3797 1 43098 4 46 1 4 65434 65422 8275 35693 8275 247 234 139 216 138 135 147 19 152 139 86 252 3 208 139 94
56711 3307 3799 46 43098 4 0 1 4 65434 65422 8275 35693 8275 139 216 138 135 147 19 152 139 86 252 3 208 139 94 248 59
56713 3307 3801 46 46 4 0 1 4 65434 65422 8275 35693 8275 138 135 147 19 152 139 86 252 3 208 139 94 248 59 23 117
56717 3307 3805 253 46 4 0 1 4 65434 65422 8275 35693 8275 152 139 86 252 3 208 139 94 248 59 23 117 125 139 198 186
56718 3307 3806 65533 46 4 0 1 4 65434 65422 8275 35693 8275 139 86 252 3 208 139 94 248 59 23 117 125 139 198 186 46
56721 3307 3809 65533 46 4 3 1 4 65434 65422 8275 35693 8275 3 208 139 94 248 59 23 117 125 139 198 186 46 0 247 234
56723 3307 3811 65533 46 4 0 1 4 65434 65422 8275 35693 8275 139 94 248 59 23 117 125 139 198 186 46 0 247 234 139 216
56726 3307 3814 65533 43098 4 0 1 4 65434 65422 8275 35693 8275 59 23 117 125 139 198 186 46 0 247 234 139 216 138 135 219
56728 3307 3816 65533 43098 4 0 1 4 65434 65422 8275 35693 8275 117 125 139 198 186 46 0 247 234 139 216 138 135 219 18 152
56855 3307 3943 65533 43098 4 0 1 4 65434 65422 8275 35693 8275 255 70 254 160 236 236 180 0 59 70 254 126 3 233 245 249
56858 3307 3946 65533 43098 4 0 1 4 65434 65422 8275 35693 8275 160 236 236 180 0 59 70 254 126 3 233 245 249 95 94 139
56861 3307 3949 65302 43098 4 0 1 4 65434 65422 8275 35693 8275 180 0 59 70 254 126 3 233 245 249 95 94 139 229 93 203
56863 3307 3951 22 43098 4 0 1 4 65434 65422 8275 35693 8275 59 70 254 126 3 233 245 249 95 94 139 229 93 203 85 139
56866 3307 3954 22 43098 4 0 1 4 65434 65422 8275 35693 8275 126 3 233 245 249 95 94 139 229 93 203 85 139 236 131 236
56868 3307 3956 22 43098 4 0 1 4 65434 65422 8275 35693 8275 233 245 249 95 94 139 229 93 203 85 139 236 131 236 8 86
55324 3307 2412 22 43098 4 0 1 4 65434 65422 8275 35693 8275 139 70 254 186 12 0 247 234 5 154 167 137 70 248 139 70
55327 3307 2415 17 43098 4 0 1 4 65434 65422 8275 35693 8275 186 12 0 247 234 5 154 167 137 70 248 139 70 254 186 12
55330 3307 2418 17 43098 4 12 1 4 65434 65422 8275 35693 8275 247 234 5 154 167 137 70 248 139 70 254 186 12 0 247 234
55332 3307 2420 204 43098 4 0 1 4 65434 65422 8275 35693 8275 5 154 167 137 70 248 139 70 254 186 12 0 247 234 5 156
55335 3307 2423 43110 43098 4 0 1 4 65434 65422 8275 35693 8275 137 70 248 139 70 254 186 12 0 247 234 5 156 167 137 70
55338 3307 2426 43110 43098 4 0 1 4 65434 65422 8275 35693 8275 139 70 254 186 12 0 247 234 5 156 167 137 70 250 139 198
55341 3307 2429 17 43098 4 0 1 4 65434 65422 8275 35693 8275 186 12 0 247 234 5 156 167 137 70 250 139 198 186 46 0
55344 3307 2432 17 43098 4 12 1 4 65434 65422 8275 35693 8275 247 234 5 156 167 137 70 250 139 198 186 46 0 247 234 139
55346 3307 2434 204 43098 4 0 1 4 65434 65422 8275 35693 8275 5 156 167 137 70 250 139 198 186 46 0 247 234 139 216 138
55349 3307 2437 43112 43098 4 0 1 4 65434 65422 8275 35693 8275 137 70 250 139 198 186 46 0 247 234 139 216 138 135 118 19
55352 3307 2440 43112 43098 4 0 1 4 65434 65422 8275 35693 8275 139 198 186 46 0 247 234 139 216 138 135 118 19 152 139 86
55354 3307 2442 1 43098 4 0 1 4 65434 65422 8275 35693 8275 186 46 0 247 234 139 216 138 135 118 19 152 139 86 252 3
55357 3307 2445 1 43098 4 46 1 4 65434 65422 8275 35693 8275 247 234 139 216 138 135 118 19 152 139 86 252 3 208 139 94
55359 3307 2447 46 43098 4 0 1 4 65434 65422 8275 35693 8275 139 216 138 135 118 19 152 139 86 252 3 208 139 94 248 59
55361 3307 2449 46 46 4 0 1 4 65434 65422 8275 35693 8275 138 135 118 19 152 139 86 252 3 208 139 94 248 59 23 117
55365 3307 2453 0 46 4 0 1 4 65434 65422 8275 35693 8275 152 139 86 252 3 208 139 94 248 59 23 117 121 139 198 186
55366 3307 2454 0 46 4 0 1 4 65434 65422 8275 35693 8275 139 86 252 3 208 139 94 248 59 23 117 121 139 198 186 46
55369 3307 2457 0 46 4 3 1 4 65434 65422 8275 35693 8275 3 208 139 94 248 59 23 117 121 139 198 186 46 0 247 234
55371 3307 2459 0 46 4 3 1 4 65434 65422 8275 35693 8275 139 94 248 59 23 117 121 139 198 186 46 0 247 234 139 216
55374 3307 2462 0 43110 4 3 1 4 65434 65422 8275 35693 8275 59 23 117 121 139 198 186 46 0 247 234 139 216 138 135 190
55376 3307 2464 0 43110 4 3 1 4 65434 65422 8275 35693 8275 117 121 139 198 186 46 0 247 234 139 216 138 135 190 18 152
55499 3307 2587 0 43110 4 3 1 4 65434 65422 8275 35693 8275 139 198 186 46 0 247 234 139 216 138 135 123 19 152 139 86
55501 3307 2589 1 43110 4 3 1 4 65434 65422 8275 35693 8275 186 46 0 247 234 139 216 138 135 123 19 152 139 86 252 3
55504 3307 2592 1 43110 4 46 1 4 65434 65422 8275 35693 8275 247 234 139 216 138 135 123 19 152 139 86 252 3 208 139 94
55506 3307 2594 46 43110 4 0 1 4 65434 65422 8275 35693 8275 139 216 138 135 123 19 152 139 86 252 3 208 139 94 248 59
55508 3307 2596 46 46 4 0 1 4 65434 65422 8275 35693 8275 138 135 123 19 152 139 86 252 3 208 139 94 248 59 23 117
55512 3307 2600 255 46 4 0 1 4 65434 65422 8275 35693 8275 152 139 86 252 3 208 139 94 248 59 23 117 51 139 198 186
55513 3307 2601 65535 46 4 0 1 4 65434 65422 8275 35693 8275 139 86 252 3 208 139 94 248 59 23 117 51 139 198 186 46
55516 3307 2604 65535 46 4 3 1 4 65434 65422 8275 35693 8275 3 208 139 94 248 59 23 117 51 139 198 186 46 0 247 234
55518 3307 2606 65535 46 4 2 1 4 65434 65422 8275 35693 8275 139 94 248 59 23 117 51 139 198 186 46 0 247 234 139 216
55521 3307 2609 65535 43110 4 2 1 4 65434 65422 8275 35693 8275 59 23 117 51 139 198 186 46 0 247 234 139 216 138 135 195
55523 3307 2611 65535 43110 4 2 1 4 65434 65422 8275 35693 8275 117 51 139 198 186 46 0 247 234 139 216 138 135 195 18 152
55576 3307 2664 65535 43110 4 2 1 4 65434 65422 8275 35693 8275 139 198 186 46 0 247 234 139 216 138 135 121 19 152 139 86
55578 3307 2666 1 43110 4 2 1 4 65434 65422 8275 35693 8275 186 46 0 247 234 139 216 138 135 121 19 152 139 86 252 3
55581 3307 2669 1 43110 4 46 1 4 65434 65422 8275 35693 8275 247 234 139 216 138 135 121 19 152 139 86 252 3 208 139 94
55583 3307 2671 46 43110 4 0 1 4 65434 65422 8275 35693 8275 139 216 138 135 121 19 152 139 86 252 3 208 139 94 248 59
55585 3307 2673 46 46 4 0 1 4 65434 65422 8275 35693 8275 138 135 121 19 152 139 86 252 3 208 139 94 248 59 23 117
55589 3307 2677 255 46 4 0 1 4 65434 65422 8275 35693 8275 152 139 86 252 3 208 139 94 248 59 23 117 97 139 198 186
55590 3307 2678 65535 46 4 0 1 4 65434 65422 8275 35693 8275 139 86 252 3 208 139 94 248 59 23 117 97 139 198 186 46
55593 3307 2681 65535 46 4 3 1 4 65434 65422 8275 35693 8275 3 208 139 94 248 59 23 117 97 139 198 186 46 0 247 234
55595 3307 2683 65535 46 4 2 1 4 65434 65422 8275 35693 8275 139 94 248 59 23 117 97 139 198 186 46 0 247 234 139 216
55598 3307 2686 65535 43110 4 2 1 4 65434 65422 8275 35693 8275 59 23 117 97 139 198 186 46 0 247 234 139 216 138 135 193
55600 3307 2688 65535 43110 4 2 1 4 65434 65422 8275 35693 8275 117 97 139 198 186 46 0 247 234 139 216 138 135 193 18 152
55699 3307 2787 65535 43110 4 2 1 4 65434 65422 8275 35693 8275 139 198 186 46 0 247 234 139 216 138 135 125 19 152 139 86
55701 3307 2789 1 43110 4 2 1 4 65434 65422 8275 35693 8275 186 46 0 247 234 139 216 138 135 125 19 152 139 86 252 3
55704 3307 2792 1 43110 4 46 1 4 65434 65422 8275 35693 8275 247 234 139 216 138 135 125 19 152 139 86 252 3 208 139 94
55706 3307 2794 46 43110 4 0 1 4 65434 65422 8275 35693 8275 139 216 138 135 125 19 152 139 86 252 3 208 139 94 248 59
55708 3307 2796 46 46 4 0 1 4 65434 65422 8275 35693 8275 138 135 125 19 152 139 86 252 3 208 139 94 248 59 23 117
55712 3307 2800 255 46 4 0 1 4 65434 65422 8275 35693 8275 152 139 86 252 3 208 139 94 248 59 23 117 97 139 198 186
55713 3307 2801 65535 46 4 0 1 4 65434 65422 8275 35693 8275 139 86 252 3 208 139 94 248 59 23 117 97 139 198 186 46
55716 3307 2804 65535 46 4 3 1 4 65434 65422 8275 35693 8275 3 208 139 94 248 59 23 117 97 139 198 186 46 0 247 234
55718 3307 2806 65535 46 4 2 1 4 65434 65422 8275 35693 8275 139 94 248 59 23 117 97 139 198 186 46 0 247 234 139 216
55721 3307 2809 65535 43110 4 2 1 4 65434 65422 8275 35693 8275 59 23 117 97 139 198 186 46 0 247 234 139 216 138 135 197
55723 3307 2811 65535 43110 4 2 1 4 65434 65422 8275 35693 8275 117 97 139 198 186 46 0 247 234 139 216 138 135 197 18 152
55822 3307 2910 65535 43110 4 2 1 4 65434 65422 8275 35693 8275 139 198 186 46 0 247 234 139 216 138 135 130 19 152 139 86
55824 3307 2912 1 43110 4 2 1 4 65434 65422 8275 35693 8275 186 46 0 247 234 139 216 138 135 130 19 152 139 86 252 3
55827 3307 2915 1 43110 4 46 1 4 65434 65422 8275 35693 8275 247 234 139 216 138 135 130 19 152 139 86 252 3 208 139 94
55829 3307 2917 46 43110 4 0 1 4 65434 65422 8275 35693 8275 139 216 138 135 130 19 152 139 86 252 3 208 139 94 248 59
55831 3307 2919 46 46 4 0 1 4 65434 65422 8275 35693 8275 138 135 130 19 152 139 86 252 3 208 139 94 248 59 23 117
55835 3307 2923 254 46 4 0 1 4 65434 65422 8275 35693 8275 152 139 86 252 3 208 139 94 248 59 23 117 60 139 198 186
55836 3307 2924 65534 46 4 0 1 4 65434 65422 8275 35693 8275 139 86 252 3 208 139 94 248 59 23 117 60 139 198 186 46
55839 3307 2927 65534 46 4 3 1 4 65434 65422 8275 35693 8275 3 208 139 94 248 59 23 117 60 139 198 186 46 0 247 234
55841 3307 2929 65534 46 4 1 1 4 65434 65422 8275 35693 8275 139 94 248 59 23 117 60 139 198 186 46 0 247 234 139 216
55844 3307 2932 65534 43110 4 1 1 4 65434 65422 8275 35693 8275 59 23 117 60 139 198 186 46 0 247 234 139 216 138 135 202
55846 3307 2934 65534 43110 4 1 1 4 65434 65422 8275 35693 8275 117 60 139 198 186 46 0 247 234 139 216 138 135 202 18 152
55908 3307 2996 65534 43110 4 1 1 4 65434 65422 8275 35693 8275 139 198 186 46 0 247 234 139 216 138 135 128 19 152 139 86
55910 3307 2998 1 43110 4 1 1 4 65434 65422 8275 35693 8275 186 46 0 247 234 139 216 138 135 128 19 152 139 86 252 3
55913 3307 3001 1 43110 4 46 1 4 65434 65422 8275 35693 8275 247 234 139 216 138 135 128 19 152 139 86 252 3 208 139 94
55915 3307 3003 46 43110 4 0 1 4 65434 65422 8275 35693 8275 139 216 138 135 128 19 152 139 86 252 3 208 139 94 248 59
55917 3307 3005 46 46 4 0 1 4 65434 65422 8275 35693 8275 138 135 128 19 152 139 86 252 3 208 139 94 248 59 23 117
55921 3307 3009 254 46 4 0 1 4 65434 65422 8275 35693 8275 152 139 86 252 3 208 139 94 248 59 23 117 107 139 198 186
55922 3307 3010 65534 46 4 0 1 4 65434 65422 8275 35693 8275 139 86 252 3 208 139 94 248 59 23 117 107 139 198 186 46
55925 3307 3013 65534 46 4 3 1 4 65434 65422 8275 35693 8275 3 208 139 94 248 59 23 117 107 139 198 186 46 0 247 234
55927 3307 3015 65534 46 4 1 1 4 65434 65422 8275 35693 8275 139 94 248 59 23 117 107 139 198 186 46 0 247 234 139 216
55930 3307 3018 65534 43110 4 1 1 4 65434 65422 8275 35693 8275 59 23 117 107 139 198 186 46 0 247 234 139 216 138 135 200
55932 3307 3020 65534 43110 4 1 1 4 65434 65422 8275 35693 8275 117 107 139 198 186 46 0 247 234 139 216 138 135 200 18 152
56041 3307 3129 65534 43110 4 1 1 4 65434 65422 8275 35693 8275 139 198 186 46 0 247 234 139 216 138 135 132 19 152 139 86
56043 3307 3131 1 43110 4 1 1 4 65434 65422 8275 35693 8275 186 46 0 247 234 139 216 138 135 132 19 152 139 86 252 3
56046 3307 3134 1 43110 4 46 1 4 65434 65422 8275 35693 8275 247 234 139 216 138 135 132 19 152 139 86 252 3 208 139 94
56048 3307 3136 46 43110 4 0 1 4 65434 65422 8275 35693 8275 139 216 138 135 132 19 152 139 86 252 3 208 139 94 248 59
56050 3307 3138 46 46 4 0 1 4 65434 65422 8275 35693 8275 138 135 132 19 152 139 86 252 3 208 139 94 248 59 23 117
56054 3307 3142 254 46 4 0 1 4 65434 65422 8275 35693 8275 152 139 86 252 3 208 139 94 248 59 23 117 107 139 198 186
56055 3307 3143 65534 46 4 0 1 4 65434 65422 8275 35693 8275 139 86 252 3 208 139 94 248 59 23 117 107 139 198 186 46
56058 3307 3146 65534 46 4 3 1 4 65434 65422 8275 35693 8275 3 208 139 94 248 59 23 117 107 139 198 186 46 0 247 234
56060 3307 3148 65534 46 4 1 1 4 65434 65422 8275 35693 8275 139 94 248 59 23 117 107 139 198 186 46 0 247 234 139 216
56063 3307 3151 65534 43110 4 1 1 4 65434 65422 8275 35693 8275 59 23 117 107 139 198 186 46 0 247 234 139 216 138 135 204
56065 3307 3153 65534 43110 4 1 1 4 65434 65422 8275 35693 8275 117 107 139 198 186 46 0 247 234 139 216 138 135 204 18 152
56174 3307 3262 65534 43110 4 1 1 4 65434 65422 8275 35693 8275 139 198 186 46 0 247 234 139 216 138 135 143 19 152 139 86
56176 3307 3264 1 43110 4 1 1 4 65434 65422 8275 35693 8275 186 46 0 247 234 139 216 138 135 143 19 152 139 86 252 3
56179 3307 3267 1 43110 4 46 1 4 65434 65422 8275 35693 8275 247 234 139 216 138 135 143 19 152 139 86 252 3 208 139 94
56181 3307 3269 46 43110 4 0 1 4 65434 65422 8275 35693 8275 139 216 138 135 143 19 152 139 86 252 3 208 139 94 248 59
56183 3307 3271 46 46 4 0 1 4 65434 65422 8275 35693 8275 138 135 143 19 152 139 86 252 3 208 139 94 248 59 23 117
56187 3307 3275 253 46 4 0 1 4 65434 65422 8275 35693 8275 152 139 86 252 3 208 139 94 248 59 23 117 69 139 198 186
56188 3307 3276 65533 46 4 0 1 4 65434 65422 8275 35693 8275 139 86 252 3 208 139 94 248 59 23 117 69 139 198 186 46
56191 3307 3279 65533 46 4 3 1 4 65434 65422 8275 35693 8275 3 208 139 94 248 59 23 117 69 139 198 186 46 0 247 234
56193 3307 3281 65533 46 4 0 1 4 65434 65422 8275 35693 8275 139 94 248 59 23 117 69 139 198 186 46 0 247 234 139 216
56196 3307 3284 65533 43110 4 0 1 4 65434 65422 8275 35693 8275 59 23 117 69 139 198 186 46 0 247 234 139 216 138 135 215
56198 3307 3286 65533 43110 4 0 1 4 65434 65422 8275 35693 8275 117 69 139 198 186 46 0 247 234 139 216 138 135 215 18 152
56269 3307 3357 65533 43110 4 0 1 4 65434 65422 8275 35693 8275 139 198 186 46 0 247 234 139 216 138 135 141 19 152 139 86
56271 3307 3359 1 43110 4 0 1 4 65434 65422 8275 35693 8275 186 46 0 247 234 139 216 138 135 141 19 152 139 86 252 3
56274 3307 3362 1 43110 4 46 1 4 65434 65422 8275 35693 8275 247 234 139 216 138 135 141 19 152 139 86 252 3 208 139 94
56276 3307 3364 46 43110 4 0 1 4 65434 65422 8275 35693 8275 139 216 138 135 141 19 152 139 86 252 3 208 139 94 248 59
56278 3307 3366 46 46 4 0 1 4 65434 65422 8275 35693 8275 138 135 141 19 152 139 86 252 3 208 139 94 248 59 23 117
56282 3307 3370 253 46 4 0 1 4 65434 65422 8275 35693 8275 152 139 86 252 3 208 139 94 248 59 23 117 116 139 198 186
56283 3307 3371 65533 46 4 0 1 4 65434 65422 8275 35693 8275 139 86 252 3 208 139 94 248 59 23 117 116 139 198 186 46
56286 3307 3374 65533 46 4 3 1 4 65434 65422 8275 35693 8275 3 208 139 94 248 59 23 117 116 139 198 186 46 0 247 234
56288 3307 3376 65533 46 4 0 1 4 65434 65422 8275 35693 8275 139 94 248 59 23 117 116 139 198 186 46 0 247 234 139 216
56291 3307 3379 65533 43110 4 0 1 4 65434 65422 8275 35693 8275 59 23 117 116 139 198 186 46 0 247 234 139 216 138 135 213
56293 3307 3381 65533 43110 4 0 1 4 65434 65422 8275 35693 8275 117 116 139 198 186 46 0 247 234 139 216 138 135 213 18 152
56411 3307 3499 65533 43110 4 0 1 4 65434 65422 8275 35693 8275 139 198 186 46 0 247 234 139 216 138 135 139 19 152 139 86
56413 3307 3501 1 43110 4 0 1 4 65434 65422 8275 35693 8275 186 46 0 247 234 139 216 138 135 139 19 152 139 86 252 3
56416 3307 3504 1 43110 4 46 1 4 65434 65422 8275 35693 8275 247 234 139 216 138 135 139 19 152 139 86 252 3 208 139 94
56418 3307 3506 46 43110 4 0 1 4 65434 65422 8275 35693 8275 139 216 138 135 139 19 152 139 86 252 3 208 139 94 248 59
56420 3307 3508 46 46 4 0 1 4 65434 65422 8275 35693 8275 138 135 139 19 152 139 86 252 3 208 139 94 248 59 23 117
56424 3307 3512 253 46 4 0 1 4 65434 65422 8275 35693 8275 152 139 86 252 3 208 139 94 248 59 23 117 125 139 198 186
56425 3307 3513 65533 46 4 0 1 4 65434 65422 8275 35693 8275 139 86 252 3 208 139 94 248 59 23 117 125 139 198 186 46
56428 3307 3516 65533 46 4 3 1 4 65434 65422 8275 35693 8275 3 208 139 94 248 59 23 117 125 139 198 186 46 0 247 234
56430 3307 3518 65533 46 4 0 1 4 65434 65422 8275 35693 8275 139 94 248 59 23 117 125 139 198 186 46 0 247 234 139 216
56433 3307 3521 65533 43110 4 0 1 4 65434 65422 8275 35693 8275 59 23 117 125 139 198 186 46 0 247 234 139 216 138 135 211
56435 3307 3523 65533 43110 4 0 1 4 65434 65422 8275 35693 8275 117 125 139 198 186 46 0 247 234 139 216 138 135 211 18 152
56562 3307 3650 65533 43110 4 0 1 4 65434 65422 8275 35693 8275 139 198 186 46 0 247 234 139 216 138 135 145 19 152 139 86
56564 3307 3652 1 43110 4 0 1 4 65434 65422 8275 35693 8275 186 46 0 247 234 139 216 138 135 145 19 152 139 86 252 3
56567 3307 3655 1 43110 4 46 1 4 65434 65422 8275 35693 8275 247 234 139 216 138 135 145 19 152 139 86 252 3 208 139 94
56569 3307 3657 46 43110 4 0 1 4 65434 65422 8275 35693 8275 139 216 138 135 145 19 152 139 86 252 3 208 139 94 248 59
56571 3307 3659 46 46 4 0 1 4 65434 65422 8275 35693 8275 138 135 145 19 152 139 86 252 3 208 139 94 248 59 23 117
56575 3307 3663 253 46 4 0 1 4 65434 65422 8275 35693 8275 152 139 86 252 3 208 139 94 248 59 23 117 116 139 198 186
56576 3307 3664 65533 46 4 0 1 4 65434 65422 8275 35693 8275 139 86 252 3 208 139 94 248 59 23 117 116 139 198 186 46
56579 3307 3667 65533 46 4 3 1 4 65434 65422 8275 35693 8275 3 208 139 94 248 59 23 117 116 139 198 186 46 0 247 234
56581 3307 3669 65533 46 4 0 1 4 65434 65422 8275 35693 8275 139 94 248 59 23 117 116 139 198 186 46 0 247 234 139 216
56584 3307 3672 65533 43110 4 0 1 4 65434 65422 8275 35693 8275 59 23 117 116 139 198 186 46 0 247 234 139 216 138 135 217
56586 3307 3674 65533 43110 4 0 1 4 65434 65422 8275 35693 8275 117 116 139 198 186 46 0 247 234 139 216 138 135 217 18 152
56704 3307 3792 65533 43110 4 0 1 4 65434 65422 8275 35693 8275 139 198 186 46 0 247 234 139 216 138 135 147 19 152 139 86
56706 3307 3794 1 43110 4 0 1 4 65434 65422 8275 35693 8275 186 46 0 247 234 139 216 138 135 147 19 152 139 86 252 3
56709 3307 3797 1 43110 4 46 1 4 65434 65422 8275 35693 8275 247 234 139 216 138 135 147 19 152 139 86 252 3 208 139 94
56711 3307 3799 46 43110 4 0 1 4 65434 65422 8275 35693 8275 139 216 138 135 147 19 152 139 86 252 3 208 139 94 248 59
56713 3307 3801 46 46 4 0 1 4 65434 65422 8275 35693 8275 138 135 147 19 152 139 86 252 3 208 139 94 248 59 23 117
56717 3307 3805 253 46 4 0 1 4 65434 65422 8275 35693 8275 152 139 86 252 3 208 139 94 248 59 23 117 125 139 198 186
56718 3307 3806 65533 46 4 0 1 4 65434 65422 8275 35693 8275 139 86 252 3 208 139 94 248 59 23 117 125 139 198 186 46
56721 3307 3809 65533 46 4 3 1 4 65434 65422 8275 35693 8275 3 208 139 94 248 59 23 117 125 139 198 186 46 0 247 234
56723 3307 3811 65533 46 4 0 1 4 65434 65422 8275 35693 8275 139 94 248 59 23 117 125 139 198 186 46 0 247 234 139 216
56726 3307 3814 65533 43110 4 0 1 4 65434 65422 8275 35693 8275 59 23 117 125 139 198 186 46 0 247 234 139 216 138 135 219
56728 3307 3816 65533 43110 4 0 1 4 65434 65422 8275 35693 8275 117 125 139 198 186 46 0 247 234 139 216 138 135 219 18 152
56855 3307 3943 65533 43110 4 0 1 4 65434 65422 8275 35693 8275 255 70 254 160 236 236 180 0 59 70 254 126 3 233 245 249
56858 3307 3946 65533 43110 4 0 1 4 65434 65422 8275 35693 8275 160 236 236 180 0 59 70 254 126 3 233 245 249 95 94 139
56861 3307 3949 65302 43110 4 0 1 4 65434 65422 8275 35693 8275 180 0 59 70 254 126 3 233 245 249 95 94 139 229 93 203
56863 3307 3951 22 43110 4 0 1 4 65434 65422 8275 35693 8275 59 70 254 126 3 233 245 249 95 94 139 229 93 203 85 139
56866 3307 3954 22 43110 4 0 1 4 65434 65422 8275 35693 8275 126 3 233 245 249 95 94 139 229 93 203 85 139 236 131 236
56868 3307 3956 22 43110 4 0 1 4 65434 65422 8275 35693 8275 233 245 249 95 94 139 229 93 203 85 139 236 131 236 8 86
55324 3307 2412 22 43110 4 0 1 4 65434 65422 8275 35693 8275 139 70 254 186 12 0 247 234 5 154 167 137 70 248 139 70
55327 3307 2415 18 43110 4 0 1 4 65434 65422 8275 35693 8275 186 12 0 247 234 5 154 167 137 70 248 139 70 254 186 12
55330 3307 2418 18 43110 4 12 1 4 65434 65422 8275 35693 8275 247 234 5 154 167 137 70 248 139 70 254 186 12 0 247 234
55332 3307 2420 216 43110 4 0 1 4 65434 65422 8275 35693 8275 5 154 167 137 70 248 139 70 254 186 12 0 247 234 5 156
55335 3307 2423 43122 43110 4 0 1 4 65434 65422 8275 35693 8275 137 70 248 139 70 254 186 12 0 247 234 5 156 167 137 70
55338 3307 2426 43122 43110 4 0 1 4 65434 65422 8275 35693 8275 139 70 254 186 12 0 247 234 5 156 167 137 70 250 139 198
55341 3307 2429 18 43110 4 0 1 4 65434 65422 8275 35693 8275 186 12 0 247 234 5 156 167 137 70 250 139 198 186 46 0
55344 3307 2432 18 43110 4 12 1 4 65434 65422 8275 35693 8275 247 234 5 156 167 137 70 250 139 198 186 46 0 247 234 139
55346 3307 2434 216 43110 4 0 1 4 65434 65422 8275 35693 8275 5 156 167 137 70 250 139 198 186 46 0 247 234 139 216 138
55349 3307 2437 43124 43110 4 0 1 4 65434 65422 8275 35693 8275 137 70 250 139 198 186 46 0 247 234 139 216 138 135 118 19
55352 3307 2440 43124 43110 4 0 1 4 65434 65422 8275 35693 8275 139 198 186 46 0 247 234 139 216 138 135 118 19 152 139 86
55354 3307 2442 1 43110 4 0 1 4 65434 65422 8275 35693 8275 186 46 0 247 234 139 216 138 135 118 19 152 139 86 252 3
55357 3307 2445 1 43110 4 46 1 4 65434 65422 8275 35693 8275 247 234 139 216 138 135 118 19 152 139 86 252 3 208 139 94
55359 3307 2447 46 43110 4 0 1 4 65434 65422 8275 35693 8275 139 216 138 135 118 19 152 139 86 252 3 208 139 94 248 59
55361 3307 2449 46 46 4 0 1 4 65434 65422 8275 35693 8275 138 135 118 19 152 139 86 252 3 208 139 94 248 59 23 117
55365 3307 2453 0 46 4 0 1 4 65434 65422 8275 35693 8275 152 139 86 252 3 208 139 94 248 59 23 117 121 139 198 186
55366 3307 2454 0 46 4 0 1 4 65434 65422 8275 35693 8275 139 86 252 3 208 139 94 248 59 23 117 121 139 198 186 46
55369 3307 2457 0 46 4 3 1 4 65434 65422 8275 35693 8275 3 208 139 94 248 59 23 117 121 139 198 186 46 0 247 234
55371 3307 2459 0 46 4 3 1 4 65434 65422 8275 35693 8275 139 94 248 59 23 117 121 139 198 186 46 0 247 234 139 216
55374 3307 2462 0 43122 4 3 1 4 65434 65422 8275 35693 8275 59 23 117 121 139 198 186 46 0 247 234 139 216 138 135 190
55376 3307 2464 0 43122 4 3 1 4 65434 65422 8275 35693 8275 117 121 139 198 186 46 0 247 234 139 216 138 135 190 18 152
55499 3307 2587 0 43122 4 3 1 4 65434 65422 8275 35693 8275 139 198 186 46 0 247 234 139 216 138 135 123 19 152 139 86
55501 3307 2589 1 43122 4 3 1 4 65434 65422 8275 35693 8275 186 46 0 247 234 139 216 138 135 123 19 152 139 86 252 3
55504 3307 2592 1 43122 4 46 1 4 65434 65422 8275 35693 8275 247 234 139 216 138 135 123 19 152 139 86 252 3 208 139 94
55506 3307 2594 46 43122 4 0 1 4 65434 65422 8275 35693 8275 139 216 138 135 123 19 152 139 86 252 3 208 139 94 248 59
55508 3307 2596 46 46 4 0 1 4 65434 65422 8275 35693 8275 138 135 123 19 152 139 86 252 3 208 139 94 248 59 23 117
55512 3307 2600 255 46 4 0 1 4 65434 65422 8275 35693 8275 152 139 86 252 3 208 139 94 248 59 23 117 51 139 198 186
55513 3307 2601 65535 46 4 0 1 4 65434 65422 8275 35693 8275 139 86 252 3 208 139 94 248 59 23 117 51 139 198 186 46
55516 3307 2604 65535 46 4 3 1 4 65434 65422 8275 35693 8275 3 208 139 94 248 59 23 117 51 139 198 186 46 0 247 234
55518 3307 2606 65535 46 4 2 1 4 65434 65422 8275 35693 8275 139 94 248 59 23 117 51 139 198 186 46 0 247 234 139 216
55521 3307 2609 65535 43122 4 2 1 4 65434 65422 8275 35693 8275 59 23 117 51 139 198 186 46 0 247 234 139 216 138 135 195
55523 3307 2611 65535 43122 4 2 1 4 65434 65422 8275 35693 8275 117 51 139 198 186 46 0 247 234 139 216 138 135 195 18 152
55576 3307 2664 65535 43122 4 2 1 4 65434 65422 8275 35693 8275 139 198 186 46 0 247 234 139 216 138 135 121 19 152 139 86
55578 3307 2666 1 43122 4 2 1 4 65434 65422 8275 35693 8275 186 46 0 247 234 139 216 138 135 121 19 152 139 86 252 3
55581 3307 2669 1 43122 4 46 1 4 65434 65422 8275 35693 8275 247 234 139 216 138 135 121 19 152 139 86 252 3 208 139 94
55583 3307 2671 46 43122 4 0 1 4 65434 65422 8275 35693 8275 139 216 138 135 121 19 152 139 86 252 3 208 139 94 248 59
55585 3307 2673 46 46 4 0 1 4 65434 65422 8275 35693 8275 138 135 121 19 152 139 86 252 3 208 139 94 248 59 23 117
55589 3307 2677 255 46 4 0 1 4 65434 65422 8275 35693 8275 152 139 86 252 3 208 139 94 248 59 23 117 97 139 198 186
55590 3307 2678 65535 46 4 0 1 4 65434 65422 8275 35693 8275 139 86 252 3 208 139 94 248 59 23 117 97 139 198 186 46
55593 3307 2681 65535 46 4 3 1 4 65434 65422 8275 35693 8275 3 208 139 94 248 59 23 117 97 139 198 186 46 0 247 234
55595 3307 2683 65535 46 4 2 1 4 65434 65422 8275 35693 8275 139 94 248 59 23 117 97 139 198 186 46 0 247 234 139 216
55598 3307 2686 65535 43122 4 2 1 4 65434 65422 8275 35693 8275 59 23 117 97 139 198 186 46 0 247 234 139 216 138 135 193
55600 3307 2688 65535 43122 4 2 1 4 65434 65422 8275 35693 8275 117 97 139 198 186 46 0 247 234 139 216 138 135 193 18 152
55699 3307 2787 65535 43122 4 2 1 4 65434 65422 8275 35693 8275 139 198 186 46 0 247 234 139 216 138 135 125 19 152 139 86
55701 3307 2789 1 43122 4 2 1 4 65434 65422 8275 35693 8275 186 46 0 247 234 139 216 138 135 125 19 152 139 86 252 3
55704 3307 2792 1 43122 4 46 1 4 65434 65422 8275 35693 8275 247 234 139 216 138 135 125 19 152 139 86 252 3 208 139 94
55706 3307 2794 46 43122 4 0 1 4 65434 65422 8275 35693 8275 139 216 138 135 125 19 152 139 86 252 3 208 139 94 248 59
55708 3307 2796 46 46 4 0 1 4 65434 65422 8275 35693 8275 138 135 125 19 152 139 86 252 3 208 139 94 248 59 23 117
55712 3307 2800 255 46 4 0 1 4 65434 65422 8275 35693 8275 152 139 86 252 3 208 139 94 248 59 23 117 97 139 198 186
55713 3307 2801 65535 46 4 0 1 4 65434 65422 8275 35693 8275 139 86 252 3 208 139 94 248 59 23 117 97 139 198 186 46
55716 3307 2804 65535 46 4 3 1 4 65434 65422 8275 35693 8275 3 208 139 94 248 59 23 117 97 139 198 186 46 0 247 234
55718 3307 2806 65535 46 4 2 1 4 65434 65422 8275 35693 8275 139 94 248 59 23 117 97 139 198 186 46 0 247 234 139 216
55721 3307 2809 65535 43122 4 2 1 4 65434 65422 8275 35693 8275 59 23 117 97 139 198 186 46 0 247 234 139 216 138 135 197
55723 3307 2811 65535 43122 4 2 1 4 65434 65422 8275 35693 8275 117 97 139 198 186 46 0 247 234 139 216 138 135 197 18 152
55822 3307 2910 65535 43122 4 2 1 4 65434 65422 8275 35693 8275 139 198 186 46 0 247 234 139 216 138 135 130 19 152 139 86
55824 3307 2912 1 43122 4 2 1 4 65434 65422 8275 35693 8275 186 46 0 247 234 139 216 138 135 130 19 152 139 86 252 3
55827 3307 2915 1 43122 4 46 1 4 65434 65422 8275 35693 8275 247 234 139 216 138 135 130 19 152 139 86 252 3 208 139 94
55829 3307 2917 46 43122 4 0 1 4 65434 65422 8275 35693 8275 139 216 138 135 130 19 152 139 86 252 3 208 139 94 248 59
55831 3307 2919 46 46 4 0 1 4 65434 65422 8275 35693 8275 138 135 130 19 152 139 86 252 3 208 139 94 248 59 23 117
55835 3307 2923 254 46 4 0 1 4 65434 65422 8275 35693 8275 152 139 86 252 3 208 139 94 248 59 23 117 60 139 198 186
55836 3307 2924 65534 46 4 0 1 4 65434 65422 8275 35693 8275 139 86 252 3 208 139 94 248 59 23 117 60 139 198 186 46
55839 3307 2927 65534 46 4 3 1 4 65434 65422 8275 35693 8275 3 208 139 94 248 59 23 117 60 139 198 186 46 0 247 234
55841 3307 2929 65534 46 4 1 1 4 65434 65422 8275 35693 8275 139 94 248 59 23 117 60 139 198 186 46 0 247 234 139 216
55844 3307 2932 65534 43122 4 1 1 4 65434 65422 8275 35693 8275 59 23 117 60 139 198 186 46 0 247 234 139 216 138 135 202
55846 3307 2934 65534 43122 4 1 1 4 65434 65422 8275 35693 8275 117 60 139 198 186 46 0 247 234 139 216 138 135 202 18 152
55908 3307 2996 65534 43122 4 1 1 4 65434 65422 8275 35693 8275 139 198 186 46 0 247 234 139 216 138 135 128 19 152 139 86
55910 3307 2998 1 43122 4 1 1 4 65434 65422 8275 35693 8275 186 46 0 247 234 139 216 138 135 128 19 152 139 86 252 3
55913 3307 3001 1 43122 4 46 1 4 65434 65422 8275 35693 8275 247 234 139 216 138 135 128 19 152 139 86 252 3 208 139 94
55915 3307 3003 46 43122 4 0 1 4 65434 65422 8275 35693 8275 139 216 138 135 128 19 152 139 86 252 3 208 139 94 248 59
55917 3307 3005 46 46 4 0 1 4 65434 65422 8275 35693 8275 138 135 128 19 152 139 86 252 3 208 139 94 248 59 23 117
55921 3307 3009 254 46 4 0 1 4 65434 65422 8275 35693 8275 152 139 86 252 3 208 139 94 248 59 23 117 107 139 198 186
55922 3307 3010 65534 46 4 0 1 4 65434 65422 8275 35693 8275 139 86 252 3 208 139 94 248 59 23 117 107 139 198 186 46
55925 3307 3013 65534 46 4 3 1 4 65434 65422 8275 35693 8275 3 208 139 94 248 59 23 117 107 139 198 186 46 0 247 234
55927 3307 3015 65534 46 4 1 1 4 65434 65422 8275 35693 8275 139 94 248 59 23 117 107 139 198 186 46 0 247 234 139 216
55930 3307 3018 65534 43122 4 1 1 4 65434 65422 8275 35693 8275 59 23 117 107 139 198 186 46 0 247 234 139 216 138 135 200
55932 3307 3020 65534 43122 4 1 1 4 65434 65422 8275 35693 8275 117 107 139 198 186 46 0 247 234 139 216 138 135 200 18 152
56041 3307 3129 65534 43122 4 1 1 4 65434 65422 8275 35693 8275 139 198 186 46 0 247 234 139 216 138 135 132 19 152 139 86
56043 3307 3131 1 43122 4 1 1 4 65434 65422 8275 35693 8275 186 46 0 247 234 139 216 138 135 132 19 152 139 86 252 3
56046 3307 3134 1 43122 4 46 1 4 65434 65422 8275 35693 8275 247 234 139 216 138 135 132 19 152 139 86 252 3 208 139 94
56048 3307 3136 46 43122 4 0 1 4 65434 65422 8275 35693 8275 139 216 138 135 132 19 152 139 86 252 3 208 139 94 248 59
56050 3307 3138 46 46 4 0 1 4 65434 65422 8275 35693 8275 138 135 132 19 152 139 86 252 3 208 139 94 248 59 23 117
56054 3307 3142 254 46 4 0 1 4 65434 65422 8275 35693 8275 152 139 86 252 3 208 139 94 248 59 23 117 107 139 198 186
56055 3307 3143 65534 46 4 0 1 4 65434 65422 8275 35693 8275 139 86 252 3 208 139 94 248 59 23 117 107 139 198 186 46
56058 3307 3146 65534 46 4 3 1 4 65434 65422 8275 35693 8275 3 208 139 94 248 59 23 117 107 139 198 186 46 0 247 234
56060 3307 3148 65534 46 4 1 1 4 65434 65422 8275 35693 8275 139 94 248 59 23 117 107 139 198 186 46 0 247 234 139 216
56063 3307 3151 65534 43122 4 1 1 4 65434 65422 8275 35693 8275 59 23 117 107 139 198 186 46 0 247 234 139 216 138 135 204
56065 3307 3153 65534 43122 4 1 1 4 65434 65422 8275 35693 8275 117 107 139 198 186 46 0 247 234 139 216 138 135 204 18 152
56174 3307 3262 65534 43122 4 1 1 4 65434 65422 8275 35693 8275 139 198 186 46 0 247 234 139 216 138 135 143 19 152 139 86
56176 3307 3264 1 43122 4 1 1 4 65434 65422 8275 35693 8275 186 46 0 247 234 139 216 138 135 143 19 152 139 86 252 3
56179 3307 3267 1 43122 4 46 1 4 65434 65422 8275 35693 8275 247 234 139 216 138 135 143 19 152 139 86 252 3 208 139 94
56181 3307 3269 46 43122 4 0 1 4 65434 65422 8275 35693 8275 139 216 138 135 143 19 152 139 86 252 3 208 139 94 248 59
56183 3307 3271 46 46 4 0 1 4 65434 65422 8275 35693 8275 138 135 143 19 152 139 86 252 3 208 139 94 248 59 23 117
56187 3307 3275 253 46 4 0 1 4 65434 65422 8275 35693 8275 152 139 86 252 3 208 139 94 248 59 23 117 69 139 198 186
56188 3307 3276 65533 46 4 0 1 4 65434 65422 8275 35693 8275 139 86 252 3 208 139 94 248 59 23 117 69 139 198 186 46
56191 3307 3279 65533 46 4 3 1 4 65434 65422 8275 35693 8275 3 208 139 94 248 59 23 117 69 139 198 186 46 0 247 234
56193 3307 3281 65533 46 4 0 1 4 65434 65422 8275 35693 8275 139 94 248 59 23 117 69 139 198 186 46 0 247 234 139 216
56196 3307 3284 65533 43122 4 0 1 4 65434 65422 8275 35693 8275 59 23 117 69 139 198 186 46 0 247 234 139 216 138 135 215
56198 3307 3286 65533 43122 4 0 1 4 65434 65422 8275 35693 8275 117 69 139 198 186 46 0 247 234 139 216 138 135 215 18 152
56269 3307 3357 65533 43122 4 0 1 4 65434 65422 8275 35693 8275 139 198 186 46 0 247 234 139 216 138 135 141 19 152 139 86
56271 3307 3359 1 43122 4 0 1 4 65434 65422 8275 35693 8275 186 46 0 247 234 139 216 138 135 141 19 152 139 86 252 3
56274 3307 3362 1 43122 4 46 1 4 65434 65422 8275 35693 8275 247 234 139 216 138 135 141 19 152 139 86 252 3 208 139 94
56276 3307 3364 46 43122 4 0 1 4 65434 65422 8275 35693 8275 139 216 138 135 141 19 152 139 86 252 3 208 139 94 248 59
56278 3307 3366 46 46 4 0 1 4 65434 65422 8275 35693 8275 138 135 141 19 152 139 86 252 3 208 139 94 248 59 23 117
56282 3307 3370 253 46 4 0 1 4 65434 65422 8275 35693 8275 152 139 86 252 3 208 139 94 248 59 23 117 116 139 198 186
56283 3307 3371 65533 46 4 0 1 4 65434 65422 8275 35693 8275 139 86 252 3 208 139 94 248 59 23 117 116 139 198 186 46
56286 3307 3374 65533 46 4 3 1 4 65434 65422 8275 35693 8275 3 208 139 94 248 59 23 117 116 139 198 186 46 0 247 234
56288 3307 3376 65533 46 4 0 1 4 65434 65422 8275 35693 8275 139 94 248 59 23 117 116 139 198 186 46 0 247 234 139 216
56291 3307 3379 65533 43122 4 0 1 4 65434 65422 8275 35693 8275 59 23 117 116 139 198 186 46 0 247 234 139 216 138 135 213
56293 3307 3381 65533 43122 4 0 1 4 65434 65422 8275 35693 8275 117 116 139 198 186 46 0 247 234 139 216 138 135 213 18 152
56411 3307 3499 65533 43122 4 0 1 4 65434 65422 8275 35693 8275 139 198 186 46 0 247 234 139 216 138 135 139 19 152 139 86
56413 3307 3501 1 43122 4 0 1 4 65434 65422 8275 35693 8275 186 46 0 247 234 139 216 138 135 139 19 152 139 86 252 3
56416 3307 3504 1 43122 4 46 1 4 65434 65422 8275 35693 8275 247 234 139 216 138 135 139 19 152 139 86 252 3 208 139 94
56418 3307 3506 46 43122 4 0 1 4 65434 65422 8275 35693 8275 139 216 138 135 139 19 152 139 86 252 3 208 139 94 248 59
56420 3307 3508 46 46 4 0 1 4 65434 65422 8275 35693 8275 138 135 139 19 152 139 86 252 3 208 139 94 248 59 23 117
56424 3307 3512 253 46 4 0 1 4 65434 65422 8275 35693 8275 152 139 86 252 3 208 139 94 248 59 23 117 125 139 198 186
56425 3307 3513 65533 46 4 0 1 4 65434 65422 8275 35693 8275 139 86 252 3 208 139 94 248 59 23 117 125 139 198 186 46
56428 3307 3516 65533 46 4 3 1 4 65434 65422 8275 35693 8275 3 208 139 94 248 59 23 117 125 139 198 186 46 0 247 234
56430 3307 3518 65533 46 4 0 1 4 65434 65422 8275 35693 8275 139 94 248 59 23 117 125 139 198 186 46 0 247 234 139 216
56433 3307 3521 65533 43122 4 0 1 4 65434 65422 8275 35693 8275 59 23 117 125 139 198 186 46 0 247 234 139 216 138 135 211
56435 3307 3523 65533 43122 4 0 1 4 65434 65422 8275 35693 8275 117 125 139 198 186 46 0 247 234 139 216 138 135 211 18 152
56562 3307 3650 65533 43122 4 0 1 4 65434 65422 8275 35693 8275 139 198 186 46 0 247 234 139 216 138 135 145 19 152 139 86
56564 3307 3652 1 43122 4 0 1 4 65434 65422 8275 35693 8275 186 46 0 247 234 139 216 138 135 145 19 152 139 86 252 3
56567 3307 3655 1 43122 4 46 1 4 65434 65422 8275 35693 8275 247 234 139 216 138 135 145 19 152 139 86 252 3 208 139 94
56569 3307 3657 46 43122 4 0 1 4 65434 65422 8275 35693 8275 139 216 138 135 145 19 152 139 86 252 3 208 139 94 248 59
56571 3307 3659 46 46 4 0 1 4 65434 65422 8275 35693 8275 138 135 145 19 152 139 86 252 3 208 139 94 248 59 23 117
56575 3307 3663 253 46 4 0 1 4 65434 65422 8275 35693 8275 152 139 86 252 3 208 139 94 248 59 23 117 116 139 198 186
56576 3307 3664 65533 46 4 0 1 4 65434 65422 8275 35693 8275 139 86 252 3 208 139 94 248 59 23 117 116 139 198 186 46
56579 3307 3667 65533 46 4 3 1 4 65434 65422 8275 35693 8275 3 208 139 94 248 59 23 117 116 139 198 186 46 0 247 234
56581 3307 3669 65533 46 4 0 1 4 65434 65422 8275 35693 8275 139 94 248 59 23 117 116 139 198 186 46 0 247 234 139 216
56584 3307 3672 65533 43122 4 0 1 4 65434 65422 8275 35693 8275 59 23 117 116 139 198 186 46 0 247 234 139 216 138 135 217
56586 3307 3674 65533 43122 4 0 1 4 65434 65422 8275 35693 8275 117 116 139 198 186 46 0 247 234 139 216 138 135 217 18 152
56704 3307 3792 65533 43122 4 0 1 4 65434 65422 8275 35693 8275 139 198 186 46 0 247 234 139 216 138 135 147 19 152 139 86
56706 3307 3794 1 43122 4 0 1 4 65434 65422 8275 35693 8275 186 46 0 247 234 139 216 138 135 147 19 152 139 86 252 3
56709 3307 3797 1 43122 4 46 1 4 65434 65422 8275 35693 8275 247 234 139 216 138 135 147 19 152 139 86 252 3 208 139 94
56711 3307 3799 46 43122 4 0 1 4 65434 65422 8275 35693 8275 139 216 138 135 147 19 152 139 86 252 3 208 139 94 248 59
56713 3307 3801 46 46 4 0 1 4 65434 65422 8275 35693 8275 138 135 147 19 152 139 86 252 3 208 139 94 248 59 23 117
56717 3307 3805 253 46 4 0 1 4 65434 65422 8275 35693 8275 152 139 86 252 3 208 139 94 248 59 23 117 125 139 198 186
56718 3307 3806 65533 46 4 0 1 4 65434 65422 8275 35693 8275 139 86 252 3 208 139 94 248 59 23 117 125 139 198 186 46
56721 3307 3809 65533 46 4 3 1 4 65434 65422 8275 35693 8275 3 208 139 94 248 59 23 117 125 139 198 186 46 0 247 234
56723 3307 3811 65533 46 4 0 1 4 65434 65422 8275 35693 8275 139 94 248 59 23 117 125 139 198 186 46 0 247 234 139 216
56726 3307 3814 65533 43122 4 0 1 4 65434 65422 8275 35693 8275 59 23 117 125 139 198 186 46 0 247 234 139 216 138 135 219
56728 3307 3816 65533 43122 4 0 1 4 65434 65422 8275 35693 8275 117 125 139 198 186 46 0 247 234 139 216 138 135 219 18 152
56855 3307 3943 65533 43122 4 0 1 4 65434 65422 8275 35693 8275 255 70 254 160 236 236 180 0 59 70 254 126 3 233 245 249
56858 3307 3946 65533 43122 4 0 1 4 65434 65422 8275 35693 8275 160 236 236 180 0 59 70 254 126 3 233 245 249 95 94 139
56861 3307 3949 65302 43122 4 0 1 4 65434 65422 8275 35693 8275 180 0 59 70 254 126 3 233 245 249 95 94 139 229 93 203
56863 3307 3951 22 43122 4 0 1 4 65434 65422 8275 35693 8275 59 70 254 126 3 233 245 249 95 94 139 229 93 203 85 139
56866 3307 3954 22 43122 4 0 1 4 65434 65422 8275 35693 8275 126 3 233 245 249 95 94 139 229 93 203 85 139 236 131 236
56868 3307 3956 22 43122 4 0 1 4 65434 65422 8275 35693 8275 233 245 249 95 94 139 229 93 203 85 139 236 131 236 8 86
55324 3307 2412 22 43122 4 0 1 4 65434 65422 8275 35693 8275 139 70 254 186 12 0 247 234 5 154 167 137 70 248 139 70
55327 3307 2415 19 43122 4 0 1 4 65434 65422 8275 35693 8275 186 12 0 247 234 5 154 167 137 70 248 139 70 254 186 12
55330 3307 2418 19 43122 4 12 1 4 65434 65422 8275 35693 8275 247 234 5 154 167 137 70 248 139 70 254 186 12 0 247 234
55332 3307 2420 228 43122 4 0 1 4 65434 65422 8275 35693 8275 5 154 167 137 70 248 139 70 254 186 12 0 247 234 5 156
55335 3307 2423 43134 43122 4 0 1 4 65434 65422 8275 35693 8275 137 70 248 139 70 254 186 12 0 247 234 5 156 167 137 70
55338 3307 2426 43134 43122 4 0 1 4 65434 65422 8275 35693 8275 139 70 254 186 12 0 247 234 5 156 167 137 70 250 139 198
55341 3307 2429 19 43122 4 0 1 4 65434 65422 8275 35693 8275 186 12 0 247 234 5 156 167 137 70 250 139 198 186 46 0
55344 3307 2432 19 43122 4 12 1 4 65434 65422 8275 35693 8275 247 234 5 156 167 137 70 250 139 198 186 46 0 247 234 139
55346 3307 2434 228 43122 4 0 1 4 65434 65422 8275 35693 8275 5 156 167 137 70 250 139 198 186 46 0 247 234 139 216 138
55349 3307 2437 43136 43122 4 0 1 4 65434 65422 8275 35693 8275 137 70 250 139 198 186 46 0 247 234 139 216 138 135 118 19
55352 3307 2440 43136 43122 4 0 1 4 65434 65422 8275 35693 8275 139 198 186 46 0 247 234 139 216 138 135 118 19 152 139 86
55354 3307 2442 1 43122 4 0 1 4 65434 65422 8275 35693 8275 186 46 0 247 234 139 216 138 135 118 19 152 139 86 252 3
55357 3307 2445 1 43122 4 46 1 4 65434 65422 8275 35693 8275 247 234 139 216 138 135 118 19 152 139 86 252 3 208 139 94
55359 3307 2447 46 43122 4 0 1 4 65434 65422 8275 35693 8275 139 216 138 135 118 19 152 139 86 252 3 208 139 94 248 59
55361 3307 2449 46 46 4 0 1 4 65434 65422 8275 35693 8275 138 135 118 19 152 139 86 252 3 208 139 94 248 59 23 117
55365 3307 2453 0 46 4 0 1 4 65434 65422 8275 35693 8275 152 139 86 252 3 208 139 94 248 59 23 117 121 139 198 186
55366 3307 2454 0 46 4 0 1 4 65434 65422 8275 35693 8275 139 86 252 3 208 139 94 248 59 23 117 121 139 198 186 46
55369 3307 2457 0 46 4 3 1 4 65434 65422 8275 35693 8275 3 208 139 94 248 59 23 117 121 139 198 186 46 0 247 234
55371 3307 2459 0 46 4 3 1 4 65434 65422 8275 35693 8275 139 94 248 59 23 117 121 139 198 186 46 0 247 234 139 216
55374 3307 2462 0 43134 4 3 1 4 65434 65422 8275 35693 8275 59 23 117 121 139 198 186 46 0 247 234 139 216 138 135 190
55376 3307 2464 0 43134 4 3 1 4 65434 65422 8275 35693 8275 117 121 139 198 186 46 0 247 234 139 216 138 135 190 18 152
55499 3307 2587 0 43134 4 3 1 4 65434 65422 8275 35693 8275 139 198 186 46 0 247 234 139 216 138 135 123 19 152 139 86
55501 3307 2589 1 43134 4 3 1 4 65434 65422 8275 35693 8275 186 46 0 247 234 139 216 138 135 123 19 152 139 86 252 3
55504 3307 2592 1 43134 4 46 1 4 65434 65422 8275 35693 8275 247 234 139 216 138 135 123 19 152 139 86 252 3 208 139 94
55506 3307 2594 46 43134 4 0 1 4 65434 65422 8275 35693 8275 139 216 138 135 123 19 152 139 86 252 3 208 139 94 248 59
55508 3307 2596 46 46 4 0 1 4 65434 65422 8275 35693 8275 138 135 123 19 152 139 86 252 3 208 139 94 248 59 23 117
55512 3307 2600 255 46 4 0 1 4 65434 65422 8275 35693 8275 152 139 86 252 3 208 139 94 248 59 23 117 51 139 198 186
55513 3307 2601 65535 46 4 0 1 4 65434 65422 8275 35693 8275 139 86 252 3 208 139 94 248 59 23 117 51 139 198 186 46
55516 3307 2604 65535 46 4 3 1 4 65434 65422 8275 35693 8275 3 208 139 94 248 59 23 117 51 139 198 186 46 0 247 234
55518 3307 2606 65535 46 4 2 1 4 65434 65422 8275 35693 8275 139 94 248 59 23 117 51 139 198 186 46 0 247 234 139 216
55521 3307 2609 65535 43134 4 2 1 4 65434 65422 8275 35693 8275 59 23 117 51 139 198 186 46 0 247 234 139 216 138 135 195
55523 3307 2611 65535 43134 4 2 1 4 65434 65422 8275 35693 8275 117 51 139 198 186 46 0 247 234 139 216 138 135 195 18 152
55576 3307 2664 65535 43134 4 2 1 4 65434 65422 8275 35693 8275 139 198 186 46 0 247 234 139 216 138 135 121 19 152 139 86
55578 3307 2666 1 43134 4 2 1 4 65434 65422 8275 35693 8275 186 46 0 247 234 139 216 138 135 121 19 152 139 86 252 3
55581 3307 2669 1 43134 4 46 1 4 65434 65422 8275 35693 8275 247 234 139 216 138 135 121 19 152 139 86 252 3 208 139 94
55583 3307 2671 46 43134 4 0 1 4 65434 65422 8275 35693 8275 139 216 138 135 121 19 152 139 86 252 3 208 139 94 248 59
55585 3307 2673 46 46 4 0 1 4 65434 65422 8275 35693 8275 138 135 121 19 152 139 86 252 3 208 139 94 248 59 23 117
55589 3307 2677 255 46 4 0 1 4 65434 65422 8275 35693 8275 152 139 86 252 3 208 139 94 248 59 23 117 97 139 198 186
55590 3307 2678 65535 46 4 0 1 4 65434 65422 8275 35693 8275 139 86 252 3 208 139 94 248 59 23 117 97 139 198 186 46
55593 3307 2681 65535 46 4 3 1 4 65434 65422 8275 35693 8275 3 208 139 94 248 59 23 117 97 139 198 186 46 0 247 234
55595 3307 2683 65535 46 4 2 1 4 65434 65422 8275 35693 8275 139 94 248 59 23 117 97 139 198 186 46 0 247 234 139 216
55598 3307 2686 65535 43134 4 2 1 4 65434 65422 8275 35693 8275 59 23 117 97 139 198 186 46 0 247 234 139 216 138 135 193
55600 3307 2688 65535 43134 4 2 1 4 65434 65422 8275 35693 8275 117 97 139 198 186 46 0 247 234 139 216 138 135 193 18 152
55699 3307 2787 65535 43134 4 2 1 4 65434 65422 8275 35693 8275 139 198 186 46 0 247 234 139 216 138 135 125 19 152 139 86
55701 3307 2789 1 43134 4 2 1 4 65434 65422 8275 35693 8275 186 46 0 247 234 139 216 138 135 125 19 152 139 86 252 3
55704 3307 2792 1 43134 4 46 1 4 65434 65422 8275 35693 8275 247 234 139 216 138 135 125 19 152 139 86 252 3 208 139 94
55706 3307 2794 46 43134 4 0 1 4 65434 65422 8275 35693 8275 139 216 138 135 125 19 152 139 86 252 3 208 139 94 248 59
55708 3307 2796 46 46 4 0 1 4 65434 65422 8275 35693 8275 138 135 125 19 152 139 86 252 3 208 139 94 248 59 23 117
55712 3307 2800 255 46 4 0 1 4 65434 65422 8275 35693 8275 152 139 86 252 3 208 139 94 248 59 23 117 97 139 198 186
55713 3307 2801 65535 46 4 0 1 4 65434 65422 8275 35693 8275 139 86 252 3 208 139 94 248 59 23 117 97 139 198 186 46
55716 3307 2804 65535 46 4 3 1 4 65434 65422 8275 35693 8275 3 208 139 94 248 59 23 117 97 139 198 186 46 0 247 234
55718 3307 2806 65535 46 4 2 1 4 65434 65422 8275 35693 8275 139 94 248 59 23 117 97 139 198 186 46 0 247 234 139 216
55721 3307 2809 65535 43134 4 2 1 4 65434 65422 8275 35693 8275 59 23 117 97 139 198 186 46 0 247 234 139 216 138 135 197
55723 3307 2811 65535 43134 4 2 1 4 65434 65422 8275 35693 8275 117 97 139 198 186 46 0 247 234 139 216 138 135 197 18 152
55822 3307 2910 65535 43134 4 2 1 4 65434 65422 8275 35693 8275 139 198 186 46 0 247 234 139 216 138 135 130 19 152 139 86
55824 3307 2912 1 43134 4 2 1 4 65434 65422 8275 35693 8275 186 46 0 247 234 139 216 138 135 130 19 152 139 86 252 3
55827 3307 2915 1 43134 4 46 1 4 65434 65422 8275 35693 8275 247 234 139 216 138 135 130 19 152 139 86 252 3 208 139 94
55829 3307 2917 46 43134 4 0 1 4 65434 65422 8275 35693 8275 139 216 138 135 130 19 152 139 86 252 3 208 139 94 248 59
55831 3307 2919 46 46 4 0 1 4 65434 65422 8275 35693 8275 138 135 130 19 152 139 86 252 3 208 139 94 248 59 23 117
55835 3307 2923 254 46 4 0 1 4 65434 65422 8275 35693 8275 152 139 86 252 3 208 139 94 248 59 23 117 60 139 198 186
55836 3307 2924 65534 46 4 0 1 4 65434 65422 8275 35693 8275 139 86 252 3 208 139 94 248 59 23 117 60 139 198 186 46
55839 3307 2927 65534 46 4 3 1 4 65434 65422 8275 35693 8275 3 208 139 94 248 59 23 117 60 139 198 186 46 0 247 234
55841 3307 2929 65534 46 4 1 1 4 65434 65422 8275 35693 8275 139 94 248 59 23 117 60 139 198 186 46 0 247 234 139 216
55844 3307 2932 65534 43134 4 1 1 4 65434 65422 8275 35693 8275 59 23 117 60 139 198 186 46 0 247 234 139 216 138 135 202
55846 3307 2934 65534 43134 4 1 1 4 65434 65422 8275 35693 8275 117 60 139 198 186 46 0 247 234 139 216 138 135 202 18 152
55908 3307 2996 65534 43134 4 1 1 4 65434 65422 8275 35693 8275 139 198 186 46 0 247 234 139 216 138 135 128 19 152 139 86
55910 3307 2998 1 43134 4 1 1 4 65434 65422 8275 35693 8275 186 46 0 247 234 139 216 138 135 128 19 152 139 86 252 3
55913 3307 3001 1 43134 4 46 1 4 65434 65422 8275 35693 8275 247 234 139 216 138 135 128 19 152 139 86 252 3 208 139 94
55915 3307 3003 46 43134 4 0 1 4 65434 65422 8275 35693 8275 139 216 138 135 128 19 152 139 86 252 3 208 139 94 248 59
55917 3307 3005 46 46 4 0 1 4 65434 65422 8275 35693 8275 138 135 128 19 152 139 86 252 3 208 139 94 248 59 23 117
55921 3307 3009 254 46 4 0 1 4 65434 65422 8275 35693 8275 152 139 86 252 3 208 139 94 248 59 23 117 107 139 198 186
55922 3307 3010 65534 46 4 0 1 4 65434 65422 8275 35693 8275 139 86 252 3 208 139 94 248 59 23 117 107 139 198 186 46
55925 3307 3013 65534 46 4 3 1 4 65434 65422 8275 35693 8275 3 208 139 94 248 59 23 117 107 139 198 186 46 0 247 234
55927 3307 3015 65534 46 4 1 1 4 65434 65422 8275 35693 8275 139 94 248 59 23 117 107 139 198 186 46 0 247 234 139 216
55930 3307 3018 65534 43134 4 1 1 4 65434 65422 8275 35693 8275 59 23 117 107 139 198 186 46 0 247 234 139 216 138 135 200
55932 3307 3020 65534 43134 4 1 1 4 65434 65422 8275 35693 8275 117 107 139 198 186 46 0 247 234 139 216 138 135 200 18 152
56041 3307 3129 65534 43134 4 1 1 4 65434 65422 8275 35693 8275 139 198 186 46 0 247 234 139 216 138 135 132 19 152 139 86
56043 3307 3131 1 43134 4 1 1 4 65434 65422 8275 35693 8275 186 46 0 247 234 139 216 138 135 132 19 152 139 86 252 3
56046 3307 3134 1 43134 4 46 1 4 65434 65422 8275 35693 8275 247 234 139 216 138 135 132 19 152 139 86 252 3 208 139 94
56048 3307 3136 46 43134 4 0 1 4 65434 65422 8275 35693 8275 139 216 138 135 132 19 152 139 86 252 3 208 139 94 248 59
56050 3307 3138 46 46 4 0 1 4 65434 65422 8275 35693 8275 138 135 132 19 152 139 86 252 3 208 139 94 248 59 23 117
56054 3307 3142 254 46 4 0 1 4 65434 65422 8275 35693 8275 152 139 86 252 3 208 139 94 248 59 23 117 107 139 198 186
56055 3307 3143 65534 46 4 0 1 4 65434 65422 8275 35693 8275 139 86 252 3 208 139 94 248 59 23 117 107 139 198 186 46
56058 3307 3146 65534 46 4 3 1 4 65434 65422 8275 35693 8275 3 208 139 94 248 59 23 117 107 139 198 186 46 0 247 234
56060 3307 3148 65534 46 4 1 1 4 65434 65422 8275 35693 8275 139 94 248 59 23 117 107 139 198 186 46 0 247 234 139 216
56063 3307 3151 65534 43134 4 1 1 4 65434 65422 8275 35693 8275 59 23 117 107 139 198 186 46 0 247 234 139 216 138 135 204
56065 3307 3153 65534 43134 4 1 1 4 65434 65422 8275 35693 8275 117 107 139 198 186 46 0 247 234 139 216 138 135 204 18 152
56174 3307 3262 65534 43134 4 1 1 4 65434 65422 8275 35693 8275 139 198 186 46 0 247 234 139 216 138 135 143 19 152 139 86
56176 3307 3264 1 43134 4 1 1 4 65434 65422 8275 35693 8275 186 46 0 247 234 139 216 138 135 143 19 152 139 86 252 3
56179 3307 3267 1 43134 4 46 1 4 65434 65422 8275 35693 8275 247 234 139 216 138 135 143 19 152 139 86 252 3 208 139 94
56181 3307 3269 46 43134 4 0 1 4 65434 65422 8275 35693 8275 139 216 138 135 143 19 152 139 86 252 3 208 139 94 248 59
56183 3307 3271 46 46 4 0 1 4 65434 65422 8275 35693 8275 138 135 143 19 152 139 86 252 3 208 139 94 248 59 23 117
56187 3307 3275 253 46 4 0 1 4 65434 65422 8275 35693 8275 152 139 86 252 3 208 139 94 248 59 23 117 69 139 198 186
56188 3307 3276 65533 46 4 0 1 4 65434 65422 8275 35693 8275 139 86 252 3 208 139 94 248 59 23 117 69 139 198 186 46
56191 3307 3279 65533 46 4 3 1 4 65434 65422 8275 35693 8275 3 208 139 94 248 59 23 117 69 139 198 186 46 0 247 234
56193 3307 3281 65533 46 4 0 1 4 65434 65422 8275 35693 8275 139 94 248 59 23 117 69 139 198 186 46 0 247 234 139 216
56196 3307 3284 65533 43134 4 0 1 4 65434 65422 8275 35693 8275 59 23 117 69 139 198 186 46 0 247 234 139 216 138 135 215
56198 3307 3286 65533 43134 4 0 1 4 65434 65422 8275 35693 8275 117 69 139 198 186 46 0 247 234 139 216 138 135 215 18 152
56269 3307 3357 65533 43134 4 0 1 4 65434 65422 8275 35693 8275 139 198 186 46 0 247 234 139 216 138 135 141 19 152 139 86
56271 3307 3359 1 43134 4 0 1 4 65434 65422 8275 35693 8275 186 46 0 247 234 139 216 138 135 141 19 152 139 86 252 3
56274 3307 3362 1 43134 4 46 1 4 65434 65422 8275 35693 8275 247 234 139 216 138 135 141 19 152 139 86 252 3 208 139 94
56276 3307 3364 46 43134 4 0 1 4 65434 65422 8275 35693 8275 139 216 138 135 141 19 152 139 86 252 3 208 139 94 248 59
56278 3307 3366 46 46 4 0 1 4 65434 65422 8275 35693 8275 138 135 141 19 152 139 86 252 3 208 139 94 248 59 23 117
56282 3307 3370 253 46 4 0 1 4 65434 65422 8275 35693 8275 152 139 86 252 3 208 139 94 248 59 23 117 116 139 198 186
56283 3307 3371 65533 46 4 0 1 4 65434 65422 8275 35693 8275 139 86 252 3 208 139 94 248 59 23 117 116 139 198 186 46
56286 3307 3374 65533 46 4 3 1 4 65434 65422 8275 35693 8275 3 208 139 94 248 59 23 117 116 139 198 186 46 0 247 234
56288 3307 3376 65533 46 4 0 1 4 65434 65422 8275 35693 8275 139 94 248 59 23 117 116 139 198 186 46 0 247 234 139 216
56291 3307 3379 65533 43134 4 0 1 4 65434 65422 8275 35693 8275 59 23 117 116 139 198 186 46 0 247 234 139 216 138 135 213
56293 3307 3381 65533 43134 4 0 1 4 65434 65422 8275 35693 8275 117 116 139 198 186 46 0 247 234 139 216 138 135 213 18 152
56411 3307 3499 65533 43134 4 0 1 4 65434 65422 8275 35693 8275 139 198 186 46 0 247 234 139 216 138 135 139 19 152 139 86
56413 3307 3501 1 43134 4 0 1 4 65434 65422 8275 35693 8275 186 46 0 247 234 139 216 138 135 139 19 152 139 86 252 3
56416 3307 3504 1 43134 4 46 1 4 65434 65422 8275 35693 8275 247 234 139 216 138 135 139 19 152 139 86 252 3 208 139 94
56418 3307 3506 46 43134 4 0 1 4 65434 65422 8275 35693 8275 139 216 138 135 139 19 152 139 86 252 3 208 139 94 248 59
56420 3307 3508 46 46 4 0 1 4 65434 65422 8275 35693 8275 138 135 139 19 152 139 86 252 3 208 139 94 248 59 23 117
56424 3307 3512 253 46 4 0 1 4 65434 65422 8275 35693 8275 152 139 86 252 3 208 139 94 248 59 23 117 125 139 198 186
56425 3307 3513 65533 46 4 0 1 4 65434 65422 8275 35693 8275 139 86 252 3 208 139 94 248 59 23 117 125 139 198 186 46
56428 3307 3516 65533 46 4 3 1 4 65434 65422 8275 35693 8275 3 208 139 94 248 59 23 117 125 139 198 186 46 0 247 234
56430 3307 3518 65533 46 4 0 1 4 65434 65422 8275 35693 8275 139 94 248 59 23 117 125 139 198 186 46 0 247 234 139 216
56433 3307 3521 65533 43134 4 0 1 4 65434 65422 8275 35693 8275 59 23 117 125 139 198 186 46 0 247 234 139 216 138 135 211
56435 3307 3523 65533 43134 4 0 1 4 65434 65422 8275 35693 8275 117 125 139 198 186 46 0 247 234 139 216 138 135 211 18 152
56562 3307 3650 65533 43134 4 0 1 4 65434 65422 8275 35693 8275 139 198 186 46 0 247 234 139 216 138 135 145 19 152 139 86
56564 3307 3652 1 43134 4 0 1 4 65434 65422 8275 35693 8275 186 46 0 247 234 139 216 138 135 145 19 152 139 86 252 3
56567 3307 3655 1 43134 4 46 1 4 65434 65422 8275 35693 8275 247 234 139 216 138 135 145 19 152 139 86 252 3 208 139 94
56569 3307 3657 46 43134 4 0 1 4 65434 65422 8275 35693 8275 139 216 138 135 145 19 152 139 86 252 3 208 139 94 248 59
56571 3307 3659 46 46 4 0 1 4 65434 65422 8275 35693 8275 138 135 145 19 152 139 86 252 3 208 139 94 248 59 23 117
56575 3307 3663 253 46 4 0 1 4 65434 65422 8275 35693 8275 152 139 86 252 3 208 139 94 248 59 23 117 116 139 198 186
56576 3307 3664 65533 46 4 0 1 4 65434 65422 8275 35693 8275 139 86 252 3 208 139 94 248 59 23 117 116 139 198 186 46
56579 3307 3667 65533 46 4 3 1 4 65434 65422 8275 35693 8275 3 208 139 94 248 59 23 117 116 139 198 186 46 0 247 234
56581 3307 3669 65533 46 4 0 1 4 65434 65422 8275 35693 8275 139 94 248 59 23 117 116 139 198 186 46 0 247 234 139 216
56584 3307 3672 65533 43134 4 0 1 4 65434 65422 8275 35693 8275 59 23 117 116 139 198 186 46 0 247 234 139 216 138 135 217
56586 3307 3674 65533 43134 4 0 1 4 65434 65422 8275 35693 8275 117 116 139 198 186 46 0 247 234 139 216 138 135 217 18 152
56704 3307 3792 65533 43134 4 0 1 4 65434 65422 8275 35693 8275 139 198 186 46 0 247 234 139 216 138 135 147 19 152 139 86
56706 3307 3794 1 43134 4 0 1 4 65434 65422 8275 35693 8275 186 46 0 247 234 139 216 138 135 147 19 152 139 86 252 3
56709 3307 3797 1 43134 4 46 1 4 65434 65422 8275 35693 8275 247 234 139 216 138 135 147 19 152 139 86 252 3 208 139 94
56711 3307 3799 46 43134 4 0 1 4 65434 65422 8275 35693 8275 139 216 138 135 147 19 152 139 86 252 3 208 139 94 248 59
56713 3307 3801 46 46 4 0 1 4 65434 65422 8275 35693 8275 138 135 147 19 152 139 86 252 3 208 139 94 248 59 23 117
56717 3307 3805 253 46 4 0 1 4 65434 65422 8275 35693 8275 152 139 86 252 3 208 139 94 248 59 23 117 125 139 198 186
56718 3307 3806 65533 46 4 0 1 4 65434 65422 8275 35693 8275 139 86 252 3 208 139 94 248 59 23 117 125 139 198 186 46
56721 3307 3809 65533 46 4 3 1 4 65434 65422 8275 35693 8275 3 208 139 94 248 59 23 117 125 139 198 186 46 0 247 234
56723 3307 3811 65533 46 4 0 1 4 65434 65422 8275 35693 8275 139 94 248 59 23 117 125 139 198 186 46 0 247 234 139 216
56726 3307 3814 65533 43134 4 0 1 4 65434 65422 8275 35693 8275 59 23 117 125 139 198 186 46 0 247 234 139 216 138 135 219
56728 3307 3816 65533 43134 4 0 1 4 65434 65422 8275 35693 8275 117 125 139 198 186 46 0 247 234 139 216 138 135 219 18 152
56855 3307 3943 65533 43134 4 0 1 4 65434 65422 8275 35693 8275 255 70 254 160 236 236 180 0 59 70 254 126 3 233 245 249
56858 3307 3946 65533 43134 4 0 1 4 65434 65422 8275 35693 8275 160 236 236 180 0 59 70 254 126 3 233 245 249 95 94 139
56861 3307 3949 65302 43134 4 0 1 4 65434 65422 8275 35693 8275 180 0 59 70 254 126 3 233 245 249 95 94 139 229 93 203
56863 3307 3951 22 43134 4 0 1 4 65434 65422 8275 35693 8275 59 70 254 126 3 233 245 249 95 94 139 229 93 203 85 139
56866 3307 3954 22 43134 4 0 1 4 65434 65422 8275 35693 8275 126 3 233 245 249 95 94 139 229 93 203 85 139 236 131 236
56868 3307 3956 22 43134 4 0 1 4 65434 65422 8275 35693 8275 233 245 249 95 94 139 229 93 203 85 139 236 131 236 8 86
55324 3307 2412 22 43134 4 0 1 4 65434 65422 8275 35693 8275 139 70 254 186 12 0 247 234 5 154 167 137 70 248 139 70
55327 3307 2415 20 43134 4 0 1 4 65434 65422 8275 35693 8275 186 12 0 247 234 5 154 167 137 70 248 139 70 254 186 12
55330 3307 2418 20 43134 4 12 1 4 65434 65422 8275 35693 8275 247 234 5 154 167 137 70 248 139 70 254 186 12 0 247 234
55332 3307 2420 240 43134 4 0 1 4 65434 65422 8275 35693 8275 5 154 167 137 70 248 139 70 254 186 12 0 247 234 5 156
55335 3307 2423 43146 43134 4 0 1 4 65434 65422 8275 35693 8275 137 70 248 139 70 254 186 12 0 247 234 5 156 167 137 70
55338 3307 2426 43146 43134 4 0 1 4 65434 65422 8275 35693 8275 139 70 254 186 12 0 247 234 5 156 167 137 70 250 139 198
55341 3307 2429 20 43134 4 0 1 4 65434 65422 8275 35693 8275 186 12 0 247 234 5 156 167 137 70 250 139 198 186 46 0
55344 3307 2432 20 43134 4 12 1 4 65434 65422 8275 35693 8275 247 234 5 156 167 137 70 250 139 198 186 46 0 247 234 139
55346 3307 2434 240 43134 4 0 1 4 65434 65422 8275 35693 8275 5 156 167 137 70 250 139 198 186 46 0 247 234 139 216 138
55349 3307 2437 43148 43134 4 0 1 4 65434 65422 8275 35693 8275 137 70 250 139 198 186 46 0 247 234 139 216 138 135 118 19
55352 3307 2440 43148 43134 4 0 1 4 65434 65422 8275 35693 8275 139 198 186 46 0 247 234 139 216 138 135 118 19 152 139 86
55354 3307 2442 1 43134 4 0 1 4 65434 65422 8275 35693 8275 186 46 0 247 234 139 216 138 135 118 19 152 139 86 252 3
55357 3307 2445 1 43134 4 46 1 4 65434 65422 8275 35693 8275 247 234 139 216 138 135 118 19 152 139 86 252 3 208 139 94
55359 3307 2447 46 43134 4 0 1 4 65434 65422 8275 35693 8275 139 216 138 135 118 19 152 139 86 252 3 208 139 94 248 59
55361 3307 2449 46 46 4 0 1 4 65434 65422 8275 35693 8275 138 135 118 19 152 139 86 252 3 208 139 94 248 59 23 117
55365 3307 2453 0 46 4 0 1 4 65434 65422 8275 35693 8275 152 139 86 252 3 208 139 94 248 59 23 117 121 139 198 186
55366 3307 2454 0 46 4 0 1 4 65434 65422 8275 35693 8275 139 86 252 3 208 139 94 248 59 23 117 121 139 198 186 46
55369 3307 2457 0 46 4 3 1 4 65434 65422 8275 35693 8275 3 208 139 94 248 59 23 117 121 139 198 186 46 0 247 234
55371 3307 2459 0 46 4 3 1 4 65434 65422 8275 35693 8275 139 94 248 59 23 117 121 139 198 186 46 0 247 234 139 216
55374 3307 2462 0 43146 4 3 1 4 65434 65422 8275 35693 8275 59 23 117 121 139 198 186 46 0 247 234 139 216 138 135 190
55376 3307 2464 0 43146 4 3 1 4 65434 65422 8275 35693 8275 117 121 139 198 186 46 0 247 234 139 216 138 135 190 18 152
55499 3307 2587 0 43146 4 3 1 4 65434 65422 8275 35693 8275 139 198 186 46 0 247 234 139 216 138 135 123 19 152 139 86
55501 3307 2589 1 43146 4 3 1 4 65434 65422 8275 35693 8275 186 46 0 247 234 139 216 138 135 123 19 152 139 86 252 3
55504 3307 2592 1 43146 4 46 1 4 65434 65422 8275 35693 8275 247 234 139 216 138 135 123 19 152 139 86 252 3 208 139 94
55506 3307 2594 46 43146 4 0 1 4 65434 65422 8275 35693 8275 139 216 138 135 123 19 152 139 86 252 3 208 139 94 248 59
55508 3307 2596 46 46 4 0 1 4 65434 65422 8275 35693 8275 138 135 123 19 152 139 86 252 3 208 139 94 248 59 23 117
55512 3307 2600 255 46 4 0 1 4 65434 65422 8275 35693 8275 152 139 86 252 3 208 139 94 248 59 23 117 51 139 198 186
55513 3307 2601 65535 46 4 0 1 4 65434 65422 8275 35693 8275 139 86 252 3 208 139 94 248 59 23 117 51 139 198 186 46
55516 3307 2604 65535 46 4 3 1 4 65434 65422 8275 35693 8275 3 208 139 94 248 59 23 117 51 139 198 186 46 0 247 234
55518 3307 2606 65535 46 4 2 1 4 65434 65422 8275 35693 8275 139 94 248 59 23 117 51 139 198 186 46 0 247 234 139 216
55521 3307 2609 65535 43146 4 2 1 4 65434 65422 8275 35693 8275 59 23 117 51 139 198 186 46 0 247 234 139 216 138 135 195
55523 3307 2611 65535 43146 4 2 1 4 65434 65422 8275 35693 8275 117 51 139 198 186 46 0 247 234 139 216 138 135 195 18 152
55576 3307 2664 65535 43146 4 2 1 4 65434 65422 8275 35693 8275 139 198 186 46 0 247 234 139 216 138 135 121 19 152 139 86
55578 3307 2666 1 43146 4 2 1 4 65434 65422 8275 35693 8275 186 46 0 247 234 139 216 138 135 121 19 152 139 86 252 3
55581 3307 2669 1 43146 4 46 1 4 65434 65422 8275 35693 8275 247 234 139 216 138 135 121 19 152 139 86 252 3 208 139 94
55583 3307 2671 46 43146 4 0 1 4 65434 65422 8275 35693 8275 139 216 138 135 121 19 152 139 86 252 3 208 139 94 248 59
55585 3307 2673 46 46 4 0 1 4 65434 65422 8275 35693 8275 138 135 121 19 152 139 86 252 3 208 139 94 248 59 23 117
55589 3307 2677 255 46 4 0 1 4 65434 65422 8275 35693 8275 152 139 86 252 3 208 139 94 248 59 23 117 97 139 198 186
55590 3307 2678 65535 46 4 0 1 4 65434 65422 8275 35693 8275 139 86 252 3 208 139 94 248 59 23 117 97 139 198 186 46
55593 3307 2681 65535 46 4 3 1 4 65434 65422 8275 35693 8275 3 208 139 94 248 59 23 117 97 139 198 186 46 0 247 234
55595 3307 2683 65535 46 4 2 1 4 65434 65422 8275 35693 8275 139 94 248 59 23 117 97 139 198 186 46 0 247 234 139 216
55598 3307 2686 65535 43146 4 2 1 4 65434 65422 8275 35693 8275 59 23 117 97 139 198 186 46 0 247 234 139 216 138 135 193
55600 3307 2688 65535 43146 4 2 1 4 65434 65422 8275 35693 8275 117 97 139 198 186 46 0 247 234 139 216 138 135 193 18 152
55699 3307 2787 65535 43146 4 2 1 4 65434 65422 8275 35693 8275 139 198 186 46 0 247 234 139 216 138 135 125 19 152 139 86
55701 3307 2789 1 43146 4 2 1 4 65434 65422 8275 35693 8275 186 46 0 247 234 139 216 138 135 125 19 152 139 86 252 3
55704 3307 2792 1 43146 4 46 1 4 65434 65422 8275 35693 8275 247 234 139 216 138 135 125 19 152 139 86 252 3 208 139 94
55706 3307 2794 46 43146 4 0 1 4 65434 65422 8275 35693 8275 139 216 138 135 125 19 152 139 86 252 3 208 139 94 248 59
55708 3307 2796 46 46 4 0 1 4 65434 65422 8275 35693 8275 138 135 125 19 152 139 86 252 3 208 139 94 248 59 23 117
55712 3307 2800 255 46 4 0 1 4 65434 65422 8275 35693 8275 152 139 86 252 3 208 139 94 248 59 23 117 97 139 198 186
55713 3307 2801 65535 46 4 0 1 4 65434 65422 8275 35693 8275 139 86 252 3 208 139 94 248 59 23 117 97 139 198 186 46
55716 3307 2804 65535 46 4 3 1 4 65434 65422 8275 35693 8275 3 208 139 94 248 59 23 117 97 139 198 186 46 0 247 234
55718 3307 2806 65535 46 4 2 1 4 65434 65422 8275 35693 8275 139 94 248 59 23 117 97 139 198 186 46 0 247 234 139 216
55721 3307 2809 65535 43146 4 2 1 4 65434 65422 8275 35693 8275 59 23 117 97 139 198 186 46 0 247 234 139 216 138 135 197
55723 3307 2811 65535 43146 4 2 1 4 65434 65422 8275 35693 8275 117 97 139 198 186 46 0 247 234 139 216 138 135 197 18 152
55822 3307 2910 65535 43146 4 2 1 4 65434 65422 8275 35693 8275 139 198 186 46 0 247 234 139 216 138 135 130 19 152 139 86
55824 3307 2912 1 43146 4 2 1 4 65434 65422 8275 35693 8275 186 46 0 247 234 139 216 138 135 130 19 152 139 86 252 3
55827 3307 2915 1 43146 4 46 1 4 65434 65422 8275 35693 8275 247 234 139 216 138 135 130 19 152 139 86 252 3 208 139 94
55829 3307 2917 46 43146 4 0 1 4 65434 65422 8275 35693 8275 139 216 138 135 130 19 152 139 86 252 3 208 139 94 248 59
55831 3307 2919 46 46 4 0 1 4 65434 65422 8275 35693 8275 138 135 130 19 152 139 86 252 3 208 139 94 248 59 23 117
55835 3307 2923 254 46 4 0 1 4 65434 65422 8275 35693 8275 152 139 86 252 3 208 139 94 248 59 23 117 60 139 198 186
55836 3307 2924 65534 46 4 0 1 4 65434 65422 8275 35693 8275 139 86 252 3 208 139 94 248 59 23 117 60 139 198 186 46
55839 3307 2927 65534 46 4 3 1 4 65434 65422 8275 35693 8275 3 208 139 94 248 59 23 117 60 139 198 186 46 0 247 234
55841 3307 2929 65534 46 4 1 1 4 65434 65422 8275 35693 8275 139 94 248 59 23 117 60 139 198 186 46 0 247 234 139 216
55844 3307 2932 65534 43146 4 1 1 4 65434 65422 8275 35693 8275 59 23 117 60 139 198 186 46 0 247 234 139 216 138 135 202
55846 3307 2934 65534 43146 4 1 1 4 65434 65422 8275 35693 8275 117 60 139 198 186 46 0 247 234 139 216 138 135 202 18 152
55908 3307 2996 65534 43146 4 1 1 4 65434 65422 8275 35693 8275 139 198 186 46 0 247 234 139 216 138 135 128 19 152 139 86
55910 3307 2998 1 43146 4 1 1 4 65434 65422 8275 35693 8275 186 46 0 247 234 139 216 138 135 128 19 152 139 86 252 3
55913 3307 3001 1 43146 4 46 1 4 65434 65422 8275 35693 8275 247 234 139 216 138 135 128 19 152 139 86 252 3 208 139 94
55915 3307 3003 46 43146 4 0 1 4 65434 65422 8275 35693 8275 139 216 138 135 128 19 152 139 86 252 3 208 139 94 248 59
55917 3307 3005 46 46 4 0 1 4 65434 65422 8275 35693 8275 138 135 128 19 152 139 86 252 3 208 139 94 248 59 23 117
55921 3307 3009 254 46 4 0 1 4 65434 65422 8275 35693 8275 152 139 86 252 3 208 139 94 248 59 23 117 107 139 198 186
55922 3307 3010 65534 46 4 0 1 4 65434 65422 8275 35693 8275 139 86 252 3 208 139 94 248 59 23 117 107 139 198 186 46
55925 3307 3013 65534 46 4 3 1 4 65434 65422 8275 35693 8275 3 208 139 94 248 59 23 117 107 139 198 186 46 0 247 234
55927 3307 3015 65534 46 4 1 1 4 65434 65422 8275 35693 8275 139 94 248 59 23 117 107 139 198 186 46 0 247 234 139 216
55930 3307 3018 65534 43146 4 1 1 4 65434 65422 8275 35693 8275 59 23 117 107 139 198 186 46 0 247 234 139 216 138 135 200
55932 3307 3020 65534 43146 4 1 1 4 65434 65422 8275 35693 8275 117 107 139 198 186 46 0 247 234 139 216 138 135 200 18 152
56041 3307 3129 65534 43146 4 1 1 4 65434 65422 8275 35693 8275 139 198 186 46 0 247 234 139 216 138 135 132 19 152 139 86
56043 3307 3131 1 43146 4 1 1 4 65434 65422 8275 35693 8275 186 46 0 247 234 139 216 138 135 132 19 152 139 86 252 3
56046 3307 3134 1 43146 4 46 1 4 65434 65422 8275 35693 8275 247 234 139 216 138 135 132 19 152 139 86 252 3 208 139 94
56048 3307 3136 46 43146 4 0 1 4 65434 65422 8275 35693 8275 139 216 138 135 132 19 152 139 86 252 3 208 139 94 248 59
56050 3307 3138 46 46 4 0 1 4 65434 65422 8275 35693 8275 138 135 132 19 152 139 86 252 3 208 139 94 248 59 23 117
56054 3307 3142 254 46 4 0 1 4 65434 65422 8275 35693 8275 152 139 86 252 3 208 139 94 248 59 23 117 107 139 198 186
56055 3307 3143 65534 46 4 0 1 4 65434 65422 8275 35693 8275 139 86 252 3 208 139 94 248 59 23 117 107 139 198 186 46
56058 3307 3146 65534 46 4 3 1 4 65434 65422 8275 35693 8275 3 208 139 94 248 59 23 117 107 139 198 186 46 0 247 234
56060 3307 3148 65534 46 4 1 1 4 65434 65422 8275 35693 8275 139 94 248 59 23 117 107 139 198 186 46 0 247 234 139 216
56063 3307 3151 65534 43146 4 1 1 4 65434 65422 8275 35693 8275 59 23 117 107 139 198 186 46 0 247 234 139 216 138 135 204
56065 3307 3153 65534 43146 4 1 1 4 65434 65422 8275 35693 8275 117 107 139 198 186 46 0 247 234 139 216 138 135 204 18 152
56174 3307 3262 65534 43146 4 1 1 4 65434 65422 8275 35693 8275 139 198 186 46 0 247 234 139 216 138 135 143 19 152 139 86
56176 3307 3264 1 43146 4 1 1 4 65434 65422 8275 35693 8275 186 46 0 247 234 139 216 138 135 143 19 152 139 86 252 3
56179 3307 3267 1 43146 4 46 1 4 65434 65422 8275 35693 8275 247 234 139 216 138 135 143 19 152 139 86 252 3 208 139 94
56181 3307 3269 46 43146 4 0 1 4 65434 65422 8275 35693 8275 139 216 138 135 143 19 152 139 86 252 3 208 139 94 248 59
56183 3307 3271 46 46 4 0 1 4 65434 65422 8275 35693 8275 138 135 143 19 152 139 86 252 3 208 139 94 248 59 23 117
56187 3307 3275 253 46 4 0 1 4 65434 65422 8275 35693 8275 152 139 86 252 3 208 139 94 248 59 23 117 69 139 198 186
56188 3307 3276 65533 46 4 0 1 4 65434 65422 8275 35693 8275 139 86 252 3 208 139 94 248 59 23 117 69 139 198 186 46
56191 3307 3279 65533 46 4 3 1 4 65434 65422 8275 35693 8275 3 208 139 94 248 59 23 117 69 139 198 186 46 0 247 234
56193 3307 3281 65533 46 4 0 1 4 65434 65422 8275 35693 8275 139 94 248 59 23 117 69 139 198 186 46 0 247 234 139 216
56196 3307 3284 65533 43146 4 0 1 4 65434 65422 8275 35693 8275 59 23 117 69 139 198 186 46 0 247 234 139 216 138 135 215
56198 3307 3286 65533 43146 4 0 1 4 65434 65422 8275 35693 8275 117 69 139 198 186 46 0 247 234 139 216 138 135 215 18 152
56269 3307 3357 65533 43146 4 0 1 4 65434 65422 8275 35693 8275 139 198 186 46 0 247 234 139 216 138 135 141 19 152 139 86
56271 3307 3359 1 43146 4 0 1 4 65434 65422 8275 35693 8275 186 46 0 247 234 139 216 138 135 141 19 152 139 86 252 3
56274 3307 3362 1 43146 4 46 1 4 65434 65422 8275 35693 8275 247 234 139 216 138 135 141 19 152 139 86 252 3 208 139 94
56276 3307 3364 46 43146 4 0 1 4 65434 65422 8275 35693 8275 139 216 138 135 141 19 152 139 86 252 3 208 139 94 248 59
56278 3307 3366 46 46 4 0 1 4 65434 65422 8275 35693 8275 138 135 141 19 152 139 86 252 3 208 139 94 248 59 23 117
56282 3307 3370 253 46 4 0 1 4 65434 65422 8275 35693 8275 152 139 86 252 3 208 139 94 248 59 23 117 116 139 198 186
56283 3307 3371 65533 46 4 0 1 4 65434 65422 8275 35693 8275 139 86 252 3 208 139 94 248 59 23 117 116 139 198 186 46
56286 3307 3374 65533 46 4 3 1 4 65434 65422 8275 35693 8275 3 208 139 94 248 59 23 117 116 139 198 186 46 0 247 234
56288 3307 3376 65533 46 4 0 1 4 65434 65422 8275 35693 8275 139 94 248 59 23 117 116 139 198 186 46 0 247 234 139 216
56291 3307 3379 65533 43146 4 0 1 4 65434 65422 8275 35693 8275 59 23 117 116 139 198 186 46 0 247 234 139 216 138 135 213
56293 3307 3381 65533 43146 4 0 1 4 65434 65422 8275 35693 8275 117 116 139 198 186 46 0 247 234 139 216 138 135 213 18 152
56411 3307 3499 65533 43146 4 0 1 4 65434 65422 8275 35693 8275 139 198 186 46 0 247 234 139 216 138 135 139 19 152 139 86
56413 3307 3501 1 43146 4 0 1 4 65434 65422 8275 35693 8275 186 46 0 247 234 139 216 138 135 139 19 152 139 86 252 3
56416 3307 3504 1 43146 4 46 1 4 65434 65422 8275 35693 8275 247 234 139 216 138 135 139 19 152 139 86 252 3 208 139 94
56418 3307 3506 46 43146 4 0 1 4 65434 65422 8275 35693 8275 139 216 138 135 139 19 152 139 86 252 3 208 139 94 248 59
56420 3307 3508 46 46 4 0 1 4 65434 65422 8275 35693 8275 138 135 139 19 152 139 86 252 3 208 139 94 248 59 23 117
56424 3307 3512 253 46 4 0 1 4 65434 65422 8275 35693 8275 152 139 86 252 3 208 139 94 248 59 23 117 125 139 198 186
56425 3307 3513 65533 46 4 0 1 4 65434 65422 8275 35693 8275 139 86 252 3 208 139 94 248 59 23 117 125 139 198 186 46
56428 3307 3516 65533 46 4 3 1 4 65434 65422 8275 35693 8275 3 208 139 94 248 59 23 117 125 139 198 186 46 0 247 234
56430 3307 3518 65533 46 4 0 1 4 65434 65422 8275 35693 8275 139 94 248 59 23 117 125 139 198 186 46 0 247 234 139 216
56433 3307 3521 65533 43146 4 0 1 4 65434 65422 8275 35693 8275 59 23 117 125 139 198 186 46 0 247 234 139 216 138 135 211
56435 3307 3523 65533 43146 4 0 1 4 65434 65422 8275 35693 8275 117 125 139 198 186 46 0 247 234 139 216 138 135 211 18 152
56562 3307 3650 65533 43146 4 0 1 4 65434 65422 8275 35693 8275 139 198 186 46 0 247 234 139 216 138 135 145 19 152 139 86
56564 3307 3652 1 43146 4 0 1 4 65434 65422 8275 35693 8275 186 46 0 247 234 139 216 138 135 145 19 152 139 86 252 3
56567 3307 3655 1 43146 4 46 1 4 65434 65422 8275 35693 8275 247 234 139 216 138 135 145 19 152 139 86 252 3 208 139 94
56569 3307 3657 46 43146 4 0 1 4 65434 65422 8275 35693 8275 139 216 138 135 145 19 152 139 86 252 3 208 139 94 248 59
56571 3307 3659 46 46 4 0 1 4 65434 65422 8275 35693 8275 138 135 145 19 152 139 86 252 3 208 139 94 248 59 23 117
56575 3307 3663 253 46 4 0 1 4 65434 65422 8275 35693 8275 152 139 86 252 3 208 139 94 248 59 23 117 116 139 198 186
56576 3307 3664 65533 46 4 0 1 4 65434 65422 8275 35693 8275 139 86 252 3 208 139 94 248 59 23 117 116 139 198 186 46
56579 3307 3667 65533 46 4 3 1 4 65434 65422 8275 35693 8275 3 208 139 94 248 59 23 117 116 139 198 186 46 0 247 234
56581 3307 3669 65533 46 4 0 1 4 65434 65422 8275 35693 8275 139 94 248 59 23 117 116 139 198 186 46 0 247 234 139 216
56584 3307 3672 65533 43146 4 0 1 4 65434 65422 8275 35693 8275 59 23 117 116 139 198 186 46 0 247 234 139 216 138 135 217
56586 3307 3674 65533 43146 4 0 1 4 65434 65422 8275 35693 8275 117 116 139 198 186 46 0 247 234 139 216 138 135 217 18 152
56704 3307 3792 65533 43146 4 0 1 4 65434 65422 8275 35693 8275 139 198 186 46 0 247 234 139 216 138 135 147 19 152 139 86
56706 3307 3794 1 43146 4 0 1 4 65434 65422 8275 35693 8275 186 46 0 247 234 139 216 138 135 147 19 152 139 86 252 3
56709 3307 3797 1 43146 4 46 1 4 65434 65422 8275 35693 8275 247 234 139 216 138 135 147 19 152 139 86 252 3 208 139 94
56711 3307 3799 46 43146 4 0 1 4 65434 65422 8275 35693 8275 139 216 138 135 147 19 152 139 86 252 3 208 139 94 248 59
56713 3307 3801 46 46 4 0 1 4 65434 65422 8275 35693 8275 138 135 147 19 152 139 86 252 3 208 139 94 248 59 23 117
56717 3307 3805 253 46 4 0 1 4 65434 65422 8275 35693 8275 152 139 86 252 3 208 139 94 248 59 23 117 125 139 198 186
56718 3307 3806 65533 46 4 0 1 4 65434 65422 8275 35693 8275 139 86 252 3 208 139 94 248 59 23 117 125 139 198 186 46
56721 3307 3809 65533 46 4 3 1 4 65434 65422 8275 35693 8275 3 208 139 94 248 59 23 117 125 139 198 186 46 0 247 234
56723 3307 3811 65533 46 4 0 1 4 65434 65422 8275 35693 8275 139 94 248 59 23 117 125 139 198 186 46 0 247 234 139 216
56726 3307 3814 65533 43146 4 0 1 4 65434 65422 8275 35693 8275 59 23 117 125 139 198 186 46 0 247 234 139 216 138 135 219
56728 3307 3816 65533 43146 4 0 1 4 65434 65422 8275 35693 8275 117 125 139 198 186 46 0 247 234 139 216 138 135 219 18 152
56855 3307 3943 65533 43146 4 0 1 4 65434 65422 8275 35693 8275 255 70 254 160 236 236 180 0 59 70 254 126 3 233 245 249
56858 3307 3946 65533 43146 4 0 1 4 65434 65422 8275 35693 8275 160 236 236 180 0 59 70 254 126 3 233 245 249 95 94 139
56861 3307 3949 65302 43146 4 0 1 4 65434 65422 8275 35693 8275 180 0 59 70 254 126 3 233 245 249 95 94 139 229 93 203
56863 3307 3951 22 43146 4 0 1 4 65434 65422 8275 35693 8275 59 70 254 126 3 233 245 249 95 94 139 229 93 203 85 139
56866 3307 3954 22 43146 4 0 1 4 65434 65422 8275 35693 8275 126 3 233 245 249 95 94 139 229 93 203 85 139 236 131 236
56868 3307 3956 22 43146 4 0 1 4 65434 65422 8275 35693 8275 233 245 249 95 94 139 229 93 203 85 139 236 131 236 8 86
55324 3307 2412 22 43146 4 0 1 4 65434 65422 8275 35693 8275 139 70 254 186 12 0 247 234 5 154 167 137 70 248 139 70
55327 3307 2415 21 43146 4 0 1 4 65434 65422 8275 35693 8275 186 12 0 247 234 5 154 167 137 70 248 139 70 254 186 12
55330 3307 2418 21 43146 4 12 1 4 65434 65422 8275 35693 8275 247 234 5 154 167 137 70 248 139 70 254 186 12 0 247 234
55332 3307 2420 252 43146 4 0 1 4 65434 65422 8275 35693 8275 5 154 167 137 70 248 139 70 254 186 12 0 247 234 5 156
55335 3307 2423 43158 43146 4 0 1 4 65434 65422 8275 35693 8275 137 70 248 139 70 254 186 12 0 247 234 5 156 167 137 70
55338 3307 2426 43158 43146 4 0 1 4 65434 65422 8275 35693 8275 139 70 254 186 12 0 247 234 5 156 167 137 70 250 139 198
55341 3307 2429 21 43146 4 0 1 4 65434 65422 8275 35693 8275 186 12 0 247 234 5 156 167 137 70 250 139 198 186 46 0
55344 3307 2432 21 43146 4 12 1 4 65434 65422 8275 35693 8275 247 234 5 156 167 137 70 250 139 198 186 46 0 247 234 139
55346 3307 2434 252 43146 4 0 1 4 65434 65422 8275 35693 8275 5 156 167 137 70 250 139 198 186 46 0 247 234 139 216 138
55349 3307 2437 43160 43146 4 0 1 4 65434 65422 8275 35693 8275 137 70 250 139 198 186 46 0 247 234 139 216 138 135 118 19
55352 3307 2440 43160 43146 4 0 1 4 65434 65422 8275 35693 8275 139 198 186 46 0 247 234 139 216 138 135 118 19 152 139 86
55354 3307 2442 1 43146 4 0 1 4 65434 65422 8275 35693 8275 186 46 0 247 234 139 216 138 135 118 19 152 139 86 252 3
55357 3307 2445 1 43146 4 46 1 4 65434 65422 8275 35693 8275 247 234 139 216 138 135 118 19 152 139 86 252 3 208 139 94
55359 3307 2447 46 43146 4 0 1 4 65434 65422 8275 35693 8275 139 216 138 135 118 19 152 139 86 252 3 208 139 94 248 59
55361 3307 2449 46 46 4 0 1 4 65434 65422 8275 35693 8275 138 135 118 19 152 139 86 252 3 208 139 94 248 59 23 117
55365 3307 2453 0 46 4 0 1 4 65434 65422 8275 35693 8275 152 139 86 252 3 208 139 94 248 59 23 117 121 139 198 186
55366 3307 2454 0 46 4 0 1 4 65434 65422 8275 35693 8275 139 86 252 3 208 139 94 248 59 23 117 121 139 198 186 46
55369 3307 2457 0 46 4 3 1 4 65434 65422 8275 35693 8275 3 208 139 94 248 59 23 117 121 139 198 186 46 0 247 234
55371 3307 2459 0 46 4 3 1 4 65434 65422 8275 35693 8275 139 94 248 59 23 117 121 139 198 186 46 0 247 234 139 216
55374 3307 2462 0 43158 4 3 1 4 65434 65422 8275 35693 8275 59 23 117 121 139 198 186 46 0 247 234 139 216 138 135 190
55376 3307 2464 0 43158 4 3 1 4 65434 65422 8275 35693 8275 117 121 139 198 186 46 0 247 234 139 216 138 135 190 18 152
55499 3307 2587 0 43158 4 3 1 4 65434 65422 8275 35693 8275 139 198 186 46 0 247 234 139 216 138 135 123 19 152 139 86
55501 3307 2589 1 43158 4 3 1 4 65434 65422 8275 35693 8275 186 46 0 247 234 139 216 138 135 123 19 152 139 86 252 3
55504 3307 2592 1 43158 4 46 1 4 65434 65422 8275 35693 8275 247 234 139 216 138 135 123 19 152 139 86 252 3 208 139 94
55506 3307 2594 46 43158 4 0 1 4 65434 65422 8275 35693 8275 139 216 138 135 123 19 152 139 86 252 3 208 139 94 248 59
55508 3307 2596 46 46 4 0 1 4 65434 65422 8275 35693 8275 138 135 123 19 152 139 86 252 3 208 139 94 248 59 23 117
55512 3307 2600 255 46 4 0 1 4 65434 65422 8275 35693 8275 152 139 86 252 3 208 139 94 248 59 23 117 51 139 198 186
55513 3307 2601 65535 46 4 0 1 4 65434 65422 8275 35693 8275 139 86 252 3 208 139 94 248 59 23 117 51 139 198 186 46
55516 3307 2604 65535 46 4 3 1 4 65434 65422 8275 35693 8275 3 208 139 94 248 59 23 117 51 139 198 186 46 0 247 234
55518 3307 2606 65535 46 4 2 1 4 65434 65422 8275 35693 8275 139 94 248 59 23 117 51 139 198 186 46 0 247 234 139 216
55521 3307 2609 65535 43158 4 2 1 4 65434 65422 8275 35693 8275 59 23 117 51 139 198 186 46 0 247 234 139 216 138 135 195
55523 3307 2611 65535 43158 4 2 1 4 65434 65422 8275 35693 8275 117 51 139 198 186 46 0 247 234 139 216 138 135 195 18 152
55576 3307 2664 65535 43158 4 2 1 4 65434 65422 8275 35693 8275 139 198 186 46 0 247 234 139 216 138 135 121 19 152 139 86
55578 3307 2666 1 43158 4 2 1 4 65434 65422 8275 35693 8275 186 46 0 247 234 139 216 138 135 121 19 152 139 86 252 3
55581 3307 2669 1 43158 4 46 1 4 65434 65422 8275 35693 8275 247 234 139 216 138 135 121 19 152 139 86 252 3 208 139 94
55583 3307 2671 46 43158 4 0 1 4 65434 65422 8275 35693 8275 139 216 138 135 121 19 152 139 86 252 3 208 139 94 248 59
55585 3307 2673 46 46 4 0 1 4 65434 65422 8275 35693 8275 138 135 121 19 152 139 86 252 3 208 139 94 248 59 23 117
55589 3307 2677 255 46 4 0 1 4 65434 65422 8275 35693 8275 152 139 86 252 3 208 139 94 248 59 23 117 97 139 198 186
55590 3307 2678 65535 46 4 0 1 4 65434 65422 8275 35693 8275 139 86 252 3 208 139 94 248 59 23 117 97 139 198 186 46
55593 3307 2681 65535 46 4 3 1 4 65434 65422 8275 35693 8275 3 208 139 94 248 59 23 117 97 139 198 186 46 0 247 234
55595 3307 2683 65535 46 4 2 1 4 65434 65422 8275 35693 8275 139 94 248 59 23 117 97 139 198 186 46 0 247 234 139 216
55598 3307 2686 65535 43158 4 2 1 4 65434 65422 8275 35693 8275 59 23 117 97 139 198 186 46 0 247 234 139 216 138 135 193
55600 3307 2688 65535 43158 4 2 1 4 65434 65422 8275 35693 8275 117 97 139 198 186 46 0 247 234 139 216 138 135 193 18 152
55699 3307 2787 65535 43158 4 2 1 4 65434 65422 8275 35693 8275 139 198 186 46 0 247 234 139 216 138 135 125 19 152 139 86
55701 3307 2789 1 43158 4 2 1 4 65434 65422 8275 35693 8275 186 46 0 247 234 139 216 138 135 125 19 152 139 86 252 3
55704 3307 2792 1 43158 4 46 1 4 65434 65422 8275 35693 8275 247 234 139 216 138 135 125 19 152 139 86 252 3 208 139 94
55706 3307 2794 46 43158 4 0 1 4 65434 65422 8275 35693 8275 139 216 138 135 125 19 152 139 86 252 3 208 139 94 248 59
55708 3307 2796 46 46 4 0 1 4 65434 65422 8275 35693 8275 138 135 125 19 152 139 86 252 3 208 139 94 248 59 23 117
55712 3307 2800 255 46 4 0 1 4 65434 65422 8275 35693 8275 152 139 86 252 3 208 139 94 248 59 23 117 97 139 198 186
55713 3307 2801 65535 46 4 0 1 4 65434 65422 8275 35693 8275 139 86 252 3 208 139 94 248 59 23 117 97 139 198 186 46
55716 3307 2804 65535 46 4 3 1 4 65434 65422 8275 35693 8275 3 208 139 94 248 59 23 117 97 139 198 186 46 0 247 234
55718 3307 2806 65535 46 4 2 1 4 65434 65422 8275 35693 8275 139 94 248 59 23 117 97 139 198 186 46 0 247 234 139 216
55721 3307 2809 65535 43158 4 2 1 4 65434 65422 8275 35693 8275 59 23 117 97 139 198 186 46 0 247 234 139 216 138 135 197
55723 3307 2811 65535 43158 4 2 1 4 65434 65422 8275 35693 8275 117 97 139 198 186 46 0 247 234 139 216 138 135 197 18 152
55822 3307 2910 65535 43158 4 2 1 4 65434 65422 8275 35693 8275 139 198 186 46 0 247 234 139 216 138 135 130 19 152 139 86
55824 3307 2912 1 43158 4 2 1 4 65434 65422 8275 35693 8275 186 46 0 247 234 139 216 138 135 130 19 152 139 86 252 3
55827 3307 2915 1 43158 4 46 1 4 65434 65422 8275 35693 8275 247 234 139 216 138 135 130 19 152 139 86 252 3 208 139 94
55829 3307 2917 46 43158 4 0 1 4 65434 65422 8275 35693 8275 139 216 138 135 130 19 152 139 86 252 3 208 139 94 248 59
55831 3307 2919 46 46 4 0 1 4 65434 65422 8275 35693 8275 138 135 130 19 152 139 86 252 3 208 139 94 248 59 23 117
55835 3307 2923 254 46 4 0 1 4 65434 65422 8275 35693 8275 152 139 86 252 3 208 139 94 248 59 23 117 60 139 198 186
55836 3307 2924 65534 46 4 0 1 4 65434 65422 8275 35693 8275 139 86 252 3 208 139 94 248 59 23 117 60 139 198 186 46
55839 3307 2927 65534 46 4 3 1 4 65434 65422 8275 35693 8275 3 208 139 94 248 59 23 117 60 139 198 186 46 0 247 234
55841 3307 2929 65534 46 4 1 1 4 65434 65422 8275 35693 8275 139 94 248 59 23 117 60 139 198 186 46 0 247 234 139 216
55844 3307 2932 65534 43158 4 1 1 4 65434 65422 8275 35693 8275 59 23 117 60 139 198 186 46 0 247 234 139 216 138 135 202
55846 3307 2934 65534 43158 4 1 1 4 65434 65422 8275 35693 8275 117 60 139 198 186 46 0 247 234 139 216 138 135 202 18 152
55908 3307 2996 65534 43158 4 1 1 4 65434 65422 8275 35693 8275 139 198 186 46 0 247 234 139 216 138 135 128 19 152 139 86
55910 3307 2998 1 43158 4 1 1 4 65434 65422 8275 35693 8275 186 46 0 247 234 139 216 138 135 128 19 152 139 86 252 3
55913 3307 3001 1 43158 4 46 1 4 65434 65422 8275 35693 8275 247 234 139 216 138 135 128 19 152 139 86 252 3 208 139 94
55915 3307 3003 46 43158 4 0 1 4 65434 65422 8275 35693 8275 139 216 138 135 128 19 152 139 86 252 3 208 139 94 248 59
55917 3307 3005 46 46 4 0 1 4 65434 65422 8275 35693 8275 138 135 128 19 152 139 86 252 3 208 139 94 248 59 23 117
55921 3307 3009 254 46 4 0 1 4 65434 65422 8275 35693 8275 152 139 86 252 3 208 139 94 248 59 23 117 107 139 198 186
55922 3307 3010 65534 46 4 0 1 4 65434 65422 8275 35693 8275 139 86 252 3 208 139 94 248 59 23 117 107 139 198 186 46
55925 3307 3013 65534 46 4 3 1 4 65434 65422 8275 35693 8275 3 208 139 94 248 59 23 117 107 139 198 186 46 0 247 234
55927 3307 3015 65534 46 4 1 1 4 65434 65422 8275 35693 8275 139 94 248 59 23 117 107 139 198 186 46 0 247 234 139 216
55930 3307 3018 65534 43158 4 1 1 4 65434 65422 8275 35693 8275 59 23 117 107 139 198 186 46 0 247 234 139 216 138 135 200
55932 3307 3020 65534 43158 4 1 1 4 65434 65422 8275 35693 8275 117 107 139 198 186 46 0 247 234 139 216 138 135 200 18 152
56041 3307 3129 65534 43158 4 1 1 4 65434 65422 8275 35693 8275 139 198 186 46 0 247 234 139 216 138 135 132 19 152 139 86
56043 3307 3131 1 43158 4 1 1 4 65434 65422 8275 35693 8275 186 46 0 247 234 139 216 138 135 132 19 152 139 86 252 3
56046 3307 3134 1 43158 4 46 1 4 65434 65422 8275 35693 8275 247 234 139 216 138 135 132 19 152 139 86 252 3 208 139 94
56048 3307 3136 46 43158 4 0 1 4 65434 65422 8275 35693 8275 139 216 138 135 132 19 152 139 86 252 3 208 139 94 248 59
56050 3307 3138 46 46 4 0 1 4 65434 65422 8275 35693 8275 138 135 132 19 152 139 86 252 3 208 139 94 248 59 23 117
56054 3307 3142 254 46 4 0 1 4 65434 65422 8275 35693 8275 152 139 86 252 3 208 139 94 248 59 23 117 107 139 198 186
56055 3307 3143 65534 46 4 0 1 4 65434 65422 8275 35693 8275 139 86 252 3 208 139 94 248 59 23 117 107 139 198 186 46
56058 3307 3146 65534 46 4 3 1 4 65434 65422 8275 35693 8275 3 208 139 94 248 59 23 117 107 139 198 186 46 0 247 234
56060 3307 3148 65534 46 4 1 1 4 65434 65422 8275 35693 8275 139 94 248 59 23 117 107 139 198 186 46 0 247 234 139 216
56063 3307 3151 65534 43158 4 1 1 4 65434 65422 8275 35693 8275 59 23 117 107 139 198 186 46 0 247 234 139 216 138 135 204
56065 3307 3153 65534 43158 4 1 1 4 65434 65422 8275 35693 8275 117 107 139 198 186 46 0 247 234 139 216 138 135 204 18 152
56174 3307 3262 65534 43158 4 1 1 4 65434 65422 8275 35693 8275 139 198 186 46 0 247 234 139 216 138 135 143 19 152 139 86
56176 3307 3264 1 43158 4 1 1 4 65434 65422 8275 35693 8275 186 46 0 247 234 139 216 138 135 143 19 152 139 86 252 3
56179 3307 3267 1 43158 4 46 1 4 65434 65422 8275 35693 8275 247 234 139 216 138 135 143 19 152 139 86 252 3 208 139 94
56181 3307 3269 46 43158 4 0 1 4 65434 65422 8275 35693 8275 139 216 138 135 143 19 152 139 86 252 3 208 139 94 248 59
56183 3307 3271 46 46 4 0 1 4 65434 65422 8275 35693 8275 138 135 143 19 152 139 86 252 3 208 139 94 248 59 23 117
56187 3307 3275 253 46 4 0 1 4 65434 65422 8275 35693 8275 152 139 86 252 3 208 139 94 248 59 23 117 69 139 198 186
56188 3307 3276 65533 46 4 0 1 4 65434 65422 8275 35693 8275 139 86 252 3 208 139 94 248 59 23 117 69 139 198 186 46
56191 3307 3279 65533 46 4 3 1 4 65434 65422 8275 35693 8275 3 208 139 94 248 59 23 117 69 139 198 186 46 0 247 234
56193 3307 3281 65533 46 4 0 1 4 65434 65422 8275 35693 8275 139 94 248 59 23 117 69 139 198 186 46 0 247 234 139 216
56196 3307 3284 65533 43158 4 0 1 4 65434 65422 8275 35693 8275 59 23 117 69 139 198 186 46 0 247 234 139 216 138 135 215
56198 3307 3286 65533 43158 4 0 1 4 65434 65422 8275 35693 8275 117 69 139 198 186 46 0 247 234 139 216 138 135 215 18 152
56269 3307 3357 65533 43158 4 0 1 4 65434 65422 8275 35693 8275 139 198 186 46 0 247 234 139 216 138 135 141 19 152 139 86
56271 3307 3359 1 43158 4 0 1 4 65434 65422 8275 35693 8275 186 46 0 247 234 139 216 138 135 141 19 152 139 86 252 3
56274 3307 3362 1 43158 4 46 1 4 65434 65422 8275 35693 8275 247 234 139 216 138 135 141 19 152 139 86 252 3 208 139 94
56276 3307 3364 46 43158 4 0 1 4 65434 65422 8275 35693 8275 139 216 138 135 141 19 152 139 86 252 3 208 139 94 248 59
56278 3307 3366 46 46 4 0 1 4 65434 65422 8275 35693 8275 138 135 141 19 152 139 86 252 3 208 139 94 248 59 23 117
56282 3307 3370 253 46 4 0 1 4 65434 65422 8275 35693 8275 152 139 86 252 3 208 139 94 248 59 23 117 116 139 198 186
56283 3307 3371 65533 46 4 0 1 4 65434 65422 8275 35693 8275 139 86 252 3 208 139 94 248 59 23 117 116 139 198 186 46
56286 3307 3374 65533 46 4 3 1 4 65434 65422 8275 35693 8275 3 208 139 94 248 59 23 117 116 139 198 186 46 0 247 234
56288 3307 3376 65533 46 4 0 1 4 65434 65422 8275 35693 8275 139 94 248 59 23 117 116 139 198 186 46 0 247 234 139 216
56291 3307 3379 65533 43158 4 0 1 4 65434 65422 8275 35693 8275 59 23 117 116 139 198 186 46 0 247 234 139 216 138 135 213
56293 3307 3381 65533 43158 4 0 1 4 65434 65422 8275 35693 8275 117 116 139 198 186 46 0 247 234 139 216 138 135 213 18 152
56411 3307 3499 65533 43158 4 0 1 4 65434 65422 8275 35693 8275 139 198 186 46 0 247 234 139 216 138 135 139 19 152 139 86
56413 3307 3501 1 43158 4 0 1 4 65434 65422 8275 35693 8275 186 46 0 247 234 139 216 138 135 139 19 152 139 86 252 3
56416 3307 3504 1 43158 4 46 1 4 65434 65422 8275 35693 8275 247 234 139 216 138 135 139 19 152 139 86 252 3 208 139 94
56418 3307 3506 46 43158 4 0 1 4 65434 65422 8275 35693 8275 139 216 138 135 139 19 152 139 86 252 3 208 139 94 248 59
56420 3307 3508 46 46 4 0 1 4 65434 65422 8275 35693 8275 138 135 139 19 152 139 86 252 3 208 139 94 248 59 23 117
56424 3307 3512 253 46 4 0 1 4 65434 65422 8275 35693 8275 152 139 86 252 3 208 139 94 248 59 23 117 125 139 198 186
56425 3307 3513 65533 46 4 0 1 4 65434 65422 8275 35693 8275 139 86 252 3 208 139 94 248 59 23 117 125 139 198 186 46
56428 3307 3516 65533 46 4 3 1 4 65434 65422 8275 35693 8275 3 208 139 94 248 59 23 117 125 139 198 186 46 0 247 234
56430 3307 3518 65533 46 4 0 1 4 65434 65422 8275 35693 8275 139 94 248 59 23 117 125 139 198 186 46 0 247 234 139 216
56433 3307 3521 65533 43158 4 0 1 4 65434 65422 8275 35693 8275 59 23 117 125 139 198 186 46 0 247 234 139 216 138 135 211
56435 3307 3523 65533 43158 4 0 1 4 65434 65422 8275 35693 8275 117 125 139 198 186 46 0 247 234 139 216 138 135 211 18 152
56562 3307 3650 65533 43158 4 0 1 4 65434 65422 8275 35693 8275 139 198 186 46 0 247 234 139 216 138 135 145 19 152 139 86
56564 3307 3652 1 43158 4 0 1 4 65434 65422 8275 35693 8275 186 46 0 247 234 139 216 138 135 145 19 152 139 86 252 3
56567 3307 3655 1 43158 4 46 1 4 65434 65422 8275 35693 8275 247 234 139 216 138 135 145 19 152 139 86 252 3 208 139 94
56569 3307 3657 46 43158 4 0 1 4 65434 65422 8275 35693 8275 139 216 138 135 145 19 152 139 86 252 3 208 139 94 248 59
56571 3307 3659 46 46 4 0 1 4 65434 65422 8275 35693 8275 138 135 145 19 152 139 86 252 3 208 139 94 248 59 23 117
56575 3307 3663 253 46 4 0 1 4 65434 65422 8275 35693 8275 152 139 86 252 3 208 139 94 248 59 23 117 116 139 198 186
56576 3307 3664 65533 46 4 0 1 4 65434 65422 8275 35693 8275 139 86 252 3 208 139 94 248 59 23 117 116 139 198 186 46
56579 3307 3667 65533 46 4 3 1 4 65434 65422 8275 35693 8275 3 208 139 94 248 59 23 117 116 139 198 186 46 0 247 234
56581 3307 3669 65533 46 4 0 1 4 65434 65422 8275 35693 8275 139 94 248 59 23 117 116 139 198 186 46 0 247 234 139 216
56584 3307 3672 65533 43158 4 0 1 4 65434 65422 8275 35693 8275 59 23 117 116 139 198 186 46 0 247 234 139 216 138 135 217
56586 3307 3674 65533 43158 4 0 1 4 65434 65422 8275 35693 8275 117 116 139 198 186 46 0 247 234 139 216 138 135 217 18 152
56704 3307 3792 65533 43158 4 0 1 4 65434 65422 8275 35693 8275 139 198 186 46 0 247 234 139 216 138 135 147 19 152 139 86
56706 3307 3794 1 43158 4 0 1 4 65434 65422 8275 35693 8275 186 46 0 247 234 139 216 138 135 147 19 152 139 86 252 3
56709 3307 3797 1 43158 4 46 1 4 65434 65422 8275 35693 8275 247 234 139 216 138 135 147 19 152 139 86 252 3 208 139 94
56711 3307 3799 46 43158 4 0 1 4 65434 65422 8275 35693 8275 139 216 138 135 147 19 152 139 86 252 3 208 139 94 248 59
56713 3307 3801 46 46 4 0 1 4 65434 65422 8275 35693 8275 138 135 147 19 152 139 86 252 3 208 139 94 248 59 23 117
56717 3307 3805 253 46 4 0 1 4 65434 65422 8275 35693 8275 152 139 86 252 3 208 139 94 248 59 23 117 125 139 198 186
56718 3307 3806 65533 46 4 0 1 4 65434 65422 8275 35693 8275 139 86 252 3 208 139 94 248 59 23 117 125 139 198 186 46
56721 3307 3809 65533 46 4 3 1 4 65434 65422 8275 35693 8275 3 208 139 94 248 59 23 117 125 139 198 186 46 0 247 234
56723 3307 3811 65533 46 4 0 1 4 65434 65422 8275 35693 8275 139 94 248 59 23 117 125 139 198 186 46 0 247 234 139 216
56726 3307 3814 65533 43158 4 0 1 4 65434 65422 8275 35693 8275 59 23 117 125 139 198 186 46 0 247 234 139 216 138 135 219
56728 3307 3816 65533 43158 4 0 1 4 65434 65422 8275 35693 8275 117 125 139 198 186 46 0 247 234 139 216 138 135 219 18 152
56855 3307 3943 65533 43158 4 0 1 4 65434 65422 8275 35693 8275 255 70 254 160 236 236 180 0 59 70 254 126 3 233 245 249
56858 3307 3946 65533 43158 4 0 1 4 65434 65422 8275 35693 8275 160 236 236 180 0 59 70 254 126 3 233 245 249 95 94 139
56861 3307 3949 65302 43158 4 0 1 4 65434 65422 8275 35693 8275 180 0 59 70 254 126 3 233 245 249 95 94 139 229 93 203
56863 3307 3951 22 43158 4 0 1 4 65434 65422 8275 35693 8275 59 70 254 126 3 233 245 249 95 94 139 229 93 203 85 139
56866 3307 3954 22 43158 4 0 1 4 65434 65422 8275 35693 8275 126 3 233 245 249 95 94 139 229 93 203 85 139 236 131 236
56871 3307 3959 22 43158 4 0 1 4 65434 65422 8275 35693 8275 95 94 139 229 93 203 85 139 236 131 236 8 86 87 160 1
56872 3307 3960 22 43158 4 0 1 1 65434 65424 8275 35693 8275 94 139 229 93 203 85 139 236 131 236 8 86 87 160 1 233
56873 3307 3961 22 43158 4 0 44 1 65434 65426 8275 35693 8275 139 229 93 203 85 139 236 131 236 8 86 87 160 1 233 180
56875 3307 3963 22 43158 4 0 44 1 65434 65434 8275 35693 8275 93 203 85 139 236 131 236 8 86 87 160 1 233 180 0 139
56876 3307 3964 22 43158 4 0 44 1 65448 65436 8275 35693 8275 203 85 139 236 131 236 8 86 87 160 1 233 180 0 139 248
87471 4920 8751 22 43158 4 0 44 1 65448 65440 8275 35693 8275 128 62 127 1 0 116 51 128 62 44 197 1 116 7 128 62
87476 4920 8756 22 43158 4 0 44 1 65448 65440 8275 35693 8275 116 51 128 62 44 197 1 116 7 128 62 44 197 2 117 37
87529 4920 8809 22 43158 4 0 44 1 65448 65440 8275 35693 8275 154 125 15 235 12 95 94 139 229 93 203 13 34 13 34 13
56877 3307 3965 22 43158 4 0 44 1 65448 65436 8275 35693 8275 85 139 236 131 236 8 86 87 160 1 233 180 0 139 248 160
56878 3307 3966 22 43158 4 0 44 1 65448 65434 8275 35693 8275 139 236 131 236 8 86 87 160 1 233 180 0 139 248 160 2
56880 3307 3968 22 43158 4 0 44 1 65434 65434 8275 35693 8275 131 236 8 86 87 160 1 233 180 0 139 248 160 2 233 180
56883 3307 3971 22 43158 4 0 44 1 65434 65426 8275 35693 8275 86 87 160 1 233 180 0 139 248 160 2 233 180 0 137 70
56884 3307 3972 22 43158 4 0 44 1 65434 65424 8275 35693 8275 87 160 1 233 180 0 139 248 160 2 233 180 0 137 70 254
56885 3307 3973 22 43158 4 0 44 1 65434 65422 8275 35693 8275 160 1 233 180 0 139 248 160 2 233 180 0 137 70 254 160
56888 3307 3976 4 43158 4 0 44 1 65434 65422 8275 35693 8275 180 0 139 248 160 2 233 180 0 137 70 254 160 0 233 180
56890 3307 3978 4 43158 4 0 44 1 65434 65422 8275 35693 8275 139 248 160 2 233 180 0 137 70 254 160 0 233 180 0 139
56892 3307 3980 4 43158 4 0 44 4 65434 65422 8275 35693 8275 160 2 233 180 0 137 70 254 160 0 233 180 0 139 240 176
56895 3307 3983 3 43158 4 0 44 4 65434 65422 8275 35693 8275 180 0 137 70 254 160 0 233 180 0 139 240 176 0 162 190
56897 3307 3985 3 43158 4 0 44 4 65434 65422 8275 35693 8275 137 70 254 160 0 233 180 0 139 240 176 0 162 190 171 162
56900 3307 3988 3 43158 4 0 44 4 65434 65422 8275 35693 8275 160 0 233 180 0 139 240 176 0 162 190 171 162 128 167 162
56903 3307 3991 1 43158 4 0 44 4 65434 65422 8275 35693 8275 180 0 139 240 176 0 162 190 171 162 128 167 162 88 167 162
56905 3307 3993 1 43158 4 0 44 4 65434 65422 8275 35693 8275 139 240 176 0 162 190 171 162 128 167 162 88 167 162 87 167
56907 3307 3995 1 43158 4 0 1 4 65434 65422 8275 35693 8275 176 0 162 190 171 162 128 167 162 88 167 162 87 167 162 181
56909 3307 3997 0 43158 4 0 1 4 65434 65422 8275 35693 8275 162 190 171 162 128 167 162 88 167 162 87 167 162 181 196 162
56912 3307 4000 0 43158 4 0 1 4 65434 65422 8275 35693 8275 162 128 167 162 88 167 162 87 167 162 181 196 162 176 196 162
56915 3307 4003 0 43158 4 0 1 4 65434 65422 8275 35693 8275 162 88 167 162 87 167 162 181 196 162 176 196 162 189 171 162
56918 3307 4006 0 43158 4 0 1 4 65434 65422 8275 35693 8275 162 87 167 162 181 196 162 176 196 162 189 171 162 127 167 162
56921 3307 4009 0 43158 4 0 1 4 65434 65422 8275 35693 8275 162 181 196 162 176 196 162 189 171 162 127 167 162 86 167 162
56924 3307 4012 0 43158 4 0 1 4 65434 65422 8275 35693 8275 162 176 196 162 189 171 162 127 167 162 86 167 162 188 171 162
56927 3307 4015 0 43158 4 0 1 4 65434 65422 8275 35693 8275 162 189 171 162 127 167 162 86 167 162 188 171 162 126 167 162
56930 3307 4018 0 43158 4 0 1 4 65434 65422 8275 35693 8275 162 127 167 162 86 167 162 188 171 162 126 167 162 85 167 162
56933 3307 4021 0 43158 4 0 1 4 65434 65422 8275 35693 8275 162 86 167 162 188 171 162 126 167 162 85 167 162 180 196 162
56936 3307 4024 0 43158 4 0 1 4 65434 65422 8275 35693 8275 162 188 171 162 126 167 162 85 167 162 180 196 162 175 196 162
56939 3307 4027 0 43158 4 0 1 4 65434 65422 8275 35693 8275 162 126 167 162 85 167 162 180 196 162 175 196 162 187 171 162
56942 3307 4030 0 43158 4 0 1 4 65434 65422 8275 35693 8275 162 85 167 162 180 196 162 175 196 162 187 171 162 125 167 162
56945 3307 4033 0 43158 4 0 1 4 65434 65422 8275 35693 8275 162 180 196 162 175 196 162 187 171 162 125 167 162 186 171 162
56948 3307 4036 0 43158 4 0 1 4 65434 65422 8275 35693 8275 162 175 196 162 187 171 162 125 167 162 186 171 162 124 167 162
56951 3307 4039 0 43158 4 0 1 4 65434 65422 8275 35693 8275 162 187 171 162 125 167 162 186 171 162 124 167 162 84 167 162
56954 3307 4042 0 43158 4 0 1 4 65434 65422 8275 35693 8275 162 125 167 162 186 171 162 124 167 162 84 167 162 185 171 162
56957 3307 4045 0 43158 4 0 1 4 65434 65422 8275 35693 8275 162 186 171 162 124 167 162 84 167 162 185 171 162 123 167 162
56960 3307 4048 0 43158 4 0 1 4 65434 65422 8275 35693 8275 162 124 167 162 84 167 162 185 171 162 123 167 162 83 167 162
56963 3307 4051 0 43158 4 0 1 4 65434 65422 8275 35693 8275 162 84 167 162 185 171 162 123 167 162 83 167 162 179 196 162
56966 3307 4054 0 43158 4 0 1 4 65434 65422 8275 35693 8275 162 185 171 162 123 167 162 83 167 162 179 196 162 178 196 162
56969 3307 4057 0 43158 4 0 1 4 65434 65422 8275 35693 8275 162 123 167 162 83 167 162 179 196 162 178 196 162 177 196 162
56972 3307 4060 0 43158 4 0 1 4 65434 65422 8275 35693 8275 162 83 167 162 179 196 162 178 196 162 177 196 162 174 196 51
56975 3307 4063 0 43158 4 0 1 4 65434 65422 8275 35693 8275 162 179 196 162 178 196 162 177 196 162 174 196 51 201 233 11
56978 3307 4066 0 43158 4 0 1 4 65434 65422 8275 35693 8275 162 178 196 162 177 196 162 174 196 51 201 233 11 7 139 193
56981 3307 4069 0 43158 4 0 1 4 65434 65422 8275 35693 8275 162 177 196 162 174 196 51 201 233 11 7 139 193 209 224 5
56984 3307 4072 0 43158 4 0 1 4 65434 65422 8275 35693 8275 162 174 196 51 201 233 11 7 139 193 209 224 5 124 173 137
56987 3307 4075 0 43158 4 0 1 4 65434 65422 8275 35693 8275 51 201 233 11 7 139 193 209 224 5 124 173 137 70 252 139
56989 3307 4077 0 43158 0 0 1 4 65434 65422 8275 35693 8275 233 11 7 139 193 209 224 5 124 173 137 70 252 139 193 209
58795 3307 5883 0 43158 0 0 1 4 65434 65422 8275 35693 8275 160 126 237 180 0 59 193 126 3 233 233 248 95 94 139 229
58798 3307 5886 22 43158 0 0 1 4 65434 65422 8275 35693 8275 180 0 59 193 126 3 233 233 248 95 94 139 229 93 203 85
58800 3307 5888 22 43158 0 0 1 4 65434 65422 8275 35693 8275 59 193 126 3 233 233 248 95 94 139 229 93 203 85 139 236
58802 3307 5890 22 43158 0 0 1 4 65434 65422 8275 35693 8275 126 3 233 233 248 95 94 139 229 93 203 85 139 236 128 62
58804 3307 5892 22 43158 0 0 1 4 65434 65422 8275 35693 8275 233 233 248 95 94 139 229 93 203 85 139 236 128 62 3 233
56992 3307 4080 22 43158 0 0 1 4 65434 65422 8275 35693 8275 139 193 209 224 5 124 173 137 70 252 139 193 209 224 5 208
56994 3307 4082 0 43158 0 0 1 4 65434 65422 8275 35693 8275 209 224 5 124 173 137 70 252 139 193 209 224 5 208 174 137
56996 3307 4084 0 43158 0 0 1 4 65434 65422 8275 35693 8275 5 124 173 137 70 252 139 193 209 224 5 208 174 137 70 250
56999 3307 4087 44412 43158 0 0 1 4 65434 65422 8275 35693 8275 137 70 252 139 193 209 224 5 208 174 137 70 250 139 193 209
57002 3307 4090 44412 43158 0 0 1 4 65434 65422 8275 35693 8275 139 193 209 224 5 208 174 137 70 250 139 193 209 224 5 204
57004 3307 4092 0 43158 0 0 1 4 65434 65422 8275 35693 8275 209 224 5 208 174 137 70 250 139 193 209 224 5 204 178 137
57006 3307 4094 0 43158 0 0 1 4 65434 65422 8275 35693 8275 5 208 174 137 70 250 139 193 209 224 5 204 178 137 70 248
57009 3307 4097 44752 43158 0 0 1 4 65434 65422 8275 35693 8275 137 70 250 139 193 209 224 5 204 178 137 70 248 139 198 186
57012 3307 4100 44752 43158 0 0 1 4 65434 65422 8275 35693 8275 139 193 209 224 5 204 178 137 70 248 139 198 186 46 0 247
57014 3307 4102 0 43158 0 0 1 4 65434 65422 8275 35693 8275 209 224 5 204 178 137 70 248 139 198 186 46 0 247 234 139
57016 3307 4104 0 43158 0 0 1 4 65434 65422 8275 35693 8275 5 204 178 137 70 248 139 198 186 46 0 247 234 139 216 138
57019 3307 4107 45772 43158 0 0 1 4 65434 65422 8275 35693 8275 137 70 248 139 198 186 46 0 247 234 139 216 138 135 118 19
57022 3307 4110 45772 43158 0 0 1 4 65434 65422 8275 35693 8275 139 198 186 46 0 247 234 139 216 138 135 118 19 152 139 86
57024 3307 4112 1 43158 0 0 1 4 65434 65422 8275 35693 8275 186 46 0 247 234 139 216 138 135 118 19 152 139 86 254 3
57027 3307 4115 1 43158 0 46 1 4 65434 65422 8275 35693 8275 247 234 139 216 138 135 118 19 152 139 86 254 3 208 139 94
57029 3307 4117 46 43158 0 0 1 4 65434 65422 8275 35693 8275 139 216 138 135 118 19 152 139 86 254 3 208 139 94 252 59
57031 3307 4119 46 46 0 0 1 4 65434 65422 8275 35693 8275 138 135 118 19 152 139 86 254 3 208 139 94 252 59 23 117
57035 3307 4123 0 46 0 0 1 4 65434 65422 8275 35693 8275 152 139 86 254 3 208 139 94 252 59 23 117 84 139 198 186
57036 3307 4124 0 46 0 0 1 4 65434 65422 8275 35693 8275 139 86 254 3 208 139 94 252 59 23 117 84 139 198 186 46
57039 3307 4127 0 46 0 3 1 4 65434 65422 8275 35693 8275 3 208 139 94 252 59 23 117 84 139 198 186 46 0 247 234
57041 3307 4129 0 46 0 3 1 4 65434 65422 8275 35693 8275 139 94 252 59 23 117 84 139 198 186 46 0 247 234 139 216
57044 3307 4132 0 44412 0 3 1 4 65434 65422 8275 35693 8275 59 23 117 84 139 198 186 46 0 247 234 139 216 138 135 190
57046 3307 4134 0 44412 0 3 1 4 65434 65422 8275 35693 8275 117 84 139 198 186 46 0 247 234 139 216 138 135 190 18 152
57132 3307 4220 0 44412 0 3 1 4 65434 65422 8275 35693 8275 139 198 186 46 0 247 234 139 216 138 135 123 19 152 139 86
57134 3307 4222 1 44412 0 3 1 4 65434 65422 8275 35693 8275 186 46 0 247 234 139 216 138 135 123 19 152 139 86 254 3
57137 3307 4225 1 44412 0 46 1 4 65434 65422 8275 35693 8275 247 234 139 216 138 135 123 19 152 139 86 254 3 208 139 94
57139 3307 4227 46 44412 0 0 1 4 65434 65422 8275 35693 8275 139 216 138 135 123 19 152 139 86 254 3 208 139 94 252 59
57141 3307 4229 46 46 0 0 1 4 65434 65422 8275 35693 8275 138 135 123 19 152 139 86 254 3 208 139 94 252 59 23 117
57145 3307 4233 255 46 0 0 1 4 65434 65422 8275 35693 8275 152 139 86 254 3 208 139 94 252 59 23 117 93 139 198 186
57146 3307 4234 65535 46 0 0 1 4 65434 65422 8275 35693 8275 139 86 254 3 208 139 94 252 59 23 117 93 139 198 186 46
57149 3307 4237 65535 46 0 3 1 4 65434 65422 8275 35693 8275 3 208 139 94 252 59 23 117 93 139 198 186 46 0 247 234
57151 3307 4239 65535 46 0 2 1 4 65434 65422 8275 35693 8275 139 94 252 59 23 117 93 139 198 186 46 0 247 234 139 216
57154 3307 4242 65535 44412 0 2 1 4 65434 65422 8275 35693 8275 59 23 117 93 139 198 186 46 0 247 234 139 216 138 135 195
57156 3307 4244 65535 44412 0 2 1 4 65434 65422 8275 35693 8275 117 93 139 198 186 46 0 247 234 139 216 138 135 195 18 152
57251 3307 4339 65535 44412 0 2 1 4 65434 65422 8275 35693 8275 139 198 186 46 0 247 234 139 216 138 135 121 19 152 139 86
57253 3307 4341 1 44412 0 2 1 4 65434 65422 8275 35693 8275 186 46 0 247 234 139 216 138 135 121 19 152 139 86 254 3
57256 3307 4344 1 44412 0 46 1 4 65434 65422 8275 35693 8275 247 234 139 216 138 135 121 19 152 139 86 254 3 208 139 94
57258 3307 4346 46 44412 0 0 1 4 65434 65422 8275 35693 8275 139 216 138 135 121 19 152 139 86 254 3 208 139 94 252 59
57260 3307 4348 46 46 0 0 1 4 65434 65422 8275 35693 8275 138 135 121 19 152 139 86 254 3 208 139 94 252 59 23 117
57264 3307 4352 255 46 0 0 1 4 65434 65422 8275 35693 8275 152 139 86 254 3 208 139 94 252 59 23 117 103 139 198 186
57265 3307 4353 65535 46 0 0 1 4 65434 65422 8275 35693 8275 139 86 254 3 208 139 94 252 59 23 117 103 139 198 186 46
57268 3307 4356 65535 46 0 3 1 4 65434 65422 8275 35693 8275 3 208 139 94 252 59 23 117 103 139 198 186 46 0 247 234
57270 3307 4358 65535 46 0 2 1 4 65434 65422 8275 35693 8275 139 94 252 59 23 117 103 139 198 186 46 0 247 234 139 216
57273 3307 4361 65535 44412 0 2 1 4 65434 65422 8275 35693 8275 59 23 117 103 139 198 186 46 0 247 234 139 216 138 135 193
57275 3307 4363 65535 44412 0 2 1 4 65434 65422 8275 35693 8275 117 103 139 198 186 46 0 247 234 139 216 138 135 193 18 152
57380 3307 4468 65535 44412 0 2 1 4 65434 65422 8275 35693 8275 139 198 186 46 0 247 234 139 216 138 135 125 19 152 139 86
57382 3307 4470 1 44412 0 2 1 4 65434 65422 8275 35693 8275 186 46 0 247 234 139 216 138 135 125 19 152 139 86 254 3
57385 3307 4473 1 44412 0 46 1 4 65434 65422 8275 35693 8275 247 234 139 216 138 135 125 19 152 139 86 254 3 208 139 94
57387 3307 4475 46 44412 0 0 1 4 65434 65422 8275 35693 8275 139 216 138 135 125 19 152 139 86 254 3 208 139 94 252 59
57389 3307 4477 46 46 0 0 1 4 65434 65422 8275 35693 8275 138 135 125 19 152 139 86 254 3 208 139 94 252 59 23 117
57393 3307 4481 255 46 0 0 1 4 65434 65422 8275 35693 8275 152 139 86 254 3 208 139 94 252 59 23 117 103 139 198 186
57394 3307 4482 65535 46 0 0 1 4 65434 65422 8275 35693 8275 139 86 254 3 208 139 94 252 59 23 117 103 139 198 186 46
57397 3307 4485 65535 46 0 3 1 4 65434 65422 8275 35693 8275 3 208 139 94 252 59 23 117 103 139 198 186 46 0 247 234
57399 3307 4487 65535 46 0 2 1 4 65434 65422 8275 35693 8275 139 94 252 59 23 117 103 139 198 186 46 0 247 234 139 216
57402 3307 4490 65535 44412 0 2 1 4 65434 65422 8275 35693 8275 59 23 117 103 139 198 186 46 0 247 234 139 216 138 135 197
57404 3307 4492 65535 44412 0 2 1 4 65434 65422 8275 35693 8275 117 103 139 198 186 46 0 247 234 139 216 138 135 197 18 152
57509 3307 4597 65535 44412 0 2 1 4 65434 65422 8275 35693 8275 139 198 186 46 0 247 234 139 216 138 135 130 19 152 139 86
57511 3307 4599 1 44412 0 2 1 4 65434 65422 8275 35693 8275 186 46 0 247 234 139 216 138 135 130 19 152 139 86 254 3
57514 3307 4602 1 44412 0 46 1 4 65434 65422 8275 35693 8275 247 234 139 216 138 135 130 19 152 139 86 254 3 208 139 94
57516 3307 4604 46 44412 0 0 1 4 65434 65422 8275 35693 8275 139 216 138 135 130 19 152 139 86 254 3 208 139 94 252 59
57518 3307 4606 46 46 0 0 1 4 65434 65422 8275 35693 8275 138 135 130 19 152 139 86 254 3 208 139 94 252 59 23 117
57522 3307 4610 254 46 0 0 1 4 65434 65422 8275 35693 8275 152 139 86 254 3 208 139 94 252 59 23 117 102 139 198 186
57523 3307 4611 65534 46 0 0 1 4 65434 65422 8275 35693 8275 139 86 254 3 208 139 94 252 59 23 117 102 139 198 186 46
57526 3307 4614 65534 46 0 3 1 4 65434 65422 8275 35693 8275 3 208 139 94 252 59 23 117 102 139 198 186 46 0 247 234
57528 3307 4616 65534 46 0 1 1 4 65434 65422 8275 35693 8275 139 94 252 59 23 117 102 139 198 186 46 0 247 234 139 216
57531 3307 4619 65534 44412 0 1 1 4 65434 65422 8275 35693 8275 59 23 117 102 139 198 186 46 0 247 234 139 216 138 135 202
57533 3307 4621 65534 44412 0 1 1 4 65434 65422 8275 35693 8275 117 102 139 198 186 46 0 247 234 139 216 138 135 202 18 152
57637 3307 4725 65534 44412 0 1 1 4 65434 65422 8275 35693 8275 139 198 186 46 0 247 234 139 216 138 135 128 19 152 139 86
57639 3307 4727 1 44412 0 1 1 4 65434 65422 8275 35693 8275 186 46 0 247 234 139 216 138 135 128 19 152 139 86 254 3
57642 3307 4730 1 44412 0 46 1 4 65434 65422 8275 35693 8275 247 234 139 216 138 135 128 19 152 139 86 254 3 208 139 94
57644 3307 4732 46 44412 0 0 1 4 65434 65422 8275 35693 8275 139 216 138 135 128 19 152 139 86 254 3 208 139 94 252 59
57646 3307 4734 46 46 0 0 1 4 65434 65422 8275 35693 8275 138 135 128 19 152 139 86 254 3 208 139 94 252 59 23 116
57650 3307 4738 254 46 0 0 1 4 65434 65422 8275 35693 8275 152 139 86 254 3 208 139 94 252 59 23 116 3 233 131 0
57651 3307 4739 65534 46 0 0 1 4 65434 65422 8275 35693 8275 139 86 254 3 208 139 94 252 59 23 116 3 233 131 0 139
57654 3307 4742 65534 46 0 3 1 4 65434 65422 8275 35693 8275 3 208 139 94 252 59 23 116 3 233 131 0 139 198 186 46
57656 3307 4744 65534 46 0 1 1 4 65434 65422 8275 35693 8275 139 94 252 59 23 116 3 233 131 0 139 198 186 46 0 247
57659 3307 4747 65534 44412 0 1 1 4 65434 65422 8275 35693 8275 59 23 116 3 233 131 0 139 198 186 46 0 247 234 139 216
57661 3307 4749 65534 44412 0 1 1 4 65434 65422 8275 35693 8275 116 3 233 131 0 139 198 186 46 0 247 234 139 216 138 135
57663 3307 4751 65534 44412 0 1 1 4 65434 65422 8275 35693 8275 233 131 0 139 198 186 46 0 247 234 139 216 138 135 200 18
57797 3307 4885 65534 44412 0 1 1 4 65434 65422 8275 35693 8275 139 198 186 46 0 247 234 139 216 138 135 132 19 152 139 86
57799 3307 4887 1 44412 0 1 1 4 65434 65422 8275 35693 8275 186 46 0 247 234 139 216 138 135 132 19 152 139 86 254 3
57802 3307 4890 1 44412 0 46 1 4 65434 65422 8275 35693 8275 247 234 139 216 138 135 132 19 152 139 86 254 3 208 139 94
57804 3307 4892 46 44412 0 0 1 4 65434 65422 8275 35693 8275 139 216 138 135 132 19 152 139 86 254 3 208 139 94 252 59
57806 3307 4894 46 46 0 0 1 4 65434 65422 8275 35693 8275 138 135 132 19 152 139 86 254 3 208 139 94 252 59 23 116
57810 3307 4898 254 46 0 0 1 4 65434 65422 8275 35693 8275 152 139 86 254 3 208 139 94 252 59 23 116 3 233 131 0
57811 3307 4899 65534 46 0 0 1 4 65434 65422 8275 35693 8275 139 86 254 3 208 139 94 252 59 23 116 3 233 131 0 139
57814 3307 4902 65534 46 0 3 1 4 65434 65422 8275 35693 8275 3 208 139 94 252 59 23 116 3 233 131 0 139 198 186 46
57816 3307 4904 65534 46 0 1 1 4 65434 65422 8275 35693 8275 139 94 252 59 23 116 3 233 131 0 139 198 186 46 0 247
57819 3307 4907 65534 44412 0 1 1 4 65434 65422 8275 35693 8275 59 23 116 3 233 131 0 139 198 186 46 0 247 234 139 216
57821 3307 4909 65534 44412 0 1 1 4 65434 65422 8275 35693 8275 116 3 233 131 0 139 198 186 46 0 247 234 139 216 138 135
57823 3307 4911 65534 44412 0 1 1 4 65434 65422 8275 35693 8275 233 131 0 139 198 186 46 0 247 234 139 216 138 135 204 18
57957 3307 5045 65534 44412 0 1 1 4 65434 65422 8275 35693 8275 139 198 186 46 0 247 234 139 216 138 135 143 19 152 139 86
57959 3307 5047 1 44412 0 1 1 4 65434 65422 8275 35693 8275 186 46 0 247 234 139 216 138 135 143 19 152 139 86 254 3
57962 3307 5050 1 44412 0 46 1 4 65434 65422 8275 35693 8275 247 234 139 216 138 135 143 19 152 139 86 254 3 208 139 94
57964 3307 5052 46 44412 0 0 1 4 65434 65422 8275 35693 8275 139 216 138 135 143 19 152 139 86 254 3 208 139 94 252 59
57966 3307 5054 46 46 0 0 1 4 65434 65422 8275 35693 8275 138 135 143 19 152 139 86 254 3 208 139 94 252 59 23 117
57970 3307 5058 253 46 0 0 1 4 65434 65422 8275 35693 8275 152 139 86 254 3 208 139 94 252 59 23 117 111 139 198 186
57971 3307 5059 65533 46 0 0 1 4 65434 65422 8275 35693 8275 139 86 254 3 208 139 94 252 59 23 117 111 139 198 186 46
57974 3307 5062 65533 46 0 3 1 4 65434 65422 8275 35693 8275 3 208 139 94 252 59 23 117 111 139 198 186 46 0 247 234
57976 3307 5064 65533 46 0 0 1 4 65434 65422 8275 35693 8275 139 94 252 59 23 117 111 139 198 186 46 0 247 234 139 216
57979 3307 5067 65533 44412 0 0 1 4 65434 65422 8275 35693 8275 59 23 117 111 139 198 186 46 0 247 234 139 216 138 135 215
57981 3307 5069 65533 44412 0 0 1 4 65434 65422 8275 35693 8275 117 111 139 198 186 46 0 247 234 139 216 138 135 215 18 152
58094 3307 5182 65533 44412 0 0 1 4 65434 65422 8275 35693 8275 139 198 186 46 0 247 234 139 216 138 135 141 19 152 139 86
58096 3307 5184 1 44412 0 0 1 4 65434 65422 8275 35693 8275 186 46 0 247 234 139 216 138 135 141 19 152 139 86 254 3
58099 3307 5187 1 44412 0 46 1 4 65434 65422 8275 35693 8275 247 234 139 216 138 135 141 19 152 139 86 254 3 208 139 94
58101 3307 5189 46 44412 0 0 1 4 65434 65422 8275 35693 8275 139 216 138 135 141 19 152 139 86 254 3 208 139 94 252 59
58103 3307 5191 46 46 0 0 1 4 65434 65422 8275 35693 8275 138 135 141 19 152 139 86 254 3 208 139 94 252 59 23 116
58107 3307 5195 253 46 0 0 1 4 65434 65422 8275 35693 8275 152 139 86 254 3 208 139 94 252 59 23 116 3 233 161 0
58108 3307 5196 65533 46 0 0 1 4 65434 65422 8275 35693 8275 139 86 254 3 208 139 94 252 59 23 116 3 233 161 0 139
58111 3307 5199 65533 46 0 3 1 4 65434 65422 8275 35693 8275 3 208 139 94 252 59 23 116 3 233 161 0 139 198 186 46
58113 3307 5201 65533 46 0 0 1 4 65434 65422 8275 35693 8275 139 94 252 59 23 116 3 233 161 0 139 198 186 46 0 247
58116 3307 5204 65533 44412 0 0 1 4 65434 65422 8275 35693 8275 59 23 116 3 233 161 0 139 198 186 46 0 247 234 139 216
58118 3307 5206 65533 44412 0 0 1 4 65434 65422 8275 35693 8275 116 3 233 161 0 139 198 186 46 0 247 234 139 216 138 135
58120 3307 5208 65533 44412 0 0 1 4 65434 65422 8275 35693 8275 233 161 0 139 198 186 46 0 247 234 139 216 138 135 213 18
58284 3307 5372 65533 44412 0 0 1 4 65434 65422 8275 35693 8275 139 198 186 46 0 247 234 139 216 138 135 139 19 152 139 86
58286 3307 5374 1 44412 0 0 1 4 65434 65422 8275 35693 8275 186 46 0 247 234 139 216 138 135 139 19 152 139 86 254 3
58289 3307 5377 1 44412 0 46 1 4 65434 65422 8275 35693 8275 247 234 139 216 138 135 139 19 152 139 86 254 3 208 139 94
58291 3307 5379 46 44412 0 0 1 4 65434 65422 8275 35693 8275 139 216 138 135 139 19 152 139 86 254 3 208 139 94 252 59
58293 3307 5381 46 46 0 0 1 4 65434 65422 8275 35693 8275 138 135 139 19 152 139 86 254 3 208 139 94 252 59 23 116
58297 3307 5385 253 46 0 0 1 4 65434 65422 8275 35693 8275 152 139 86 254 3 208 139 94 252 59 23 116 3 233 131 0
58298 3307 5386 65533 46 0 0 1 4 65434 65422 8275 35693 8275 139 86 254 3 208 139 94 252 59 23 116 3 233 131 0 139
58301 3307 5389 65533 46 0 3 1 4 65434 65422 8275 35693 8275 3 208 139 94 252 59 23 116 3 233 131 0 139 198 186 46
58303 3307 5391 65533 46 0 0 1 4 65434 65422 8275 35693 8275 139 94 252 59 23 116 3 233 131 0 139 198 186 46 0 247
58306 3307 5394 65533 44412 0 0 1 4 65434 65422 8275 35693 8275 59 23 116 3 233 131 0 139 198 186 46 0 247 234 139 216
58308 3307 5396 65533 44412 0 0 1 4 65434 65422 8275 35693 8275 116 3 233 131 0 139 198 186 46 0 247 234 139 216 138 135
58310 3307 5398 65533 44412 0 0 1 4 65434 65422 8275 35693 8275 233 131 0 139 198 186 46 0 247 234 139 216 138 135 211 18
58444 3307 5532 65533 44412 0 0 1 4 65434 65422 8275 35693 8275 139 198 186 46 0 247 234 139 216 138 135 145 19 152 139 86
58446 3307 5534 1 44412 0 0 1 4 65434 65422 8275 35693 8275 186 46 0 247 234 139 216 138 135 145 19 152 139 86 254 3
58449 3307 5537 1 44412 0 46 1 4 65434 65422 8275 35693 8275 247 234 139 216 138 135 145 19 152 139 86 254 3 208 139 94
58451 3307 5539 46 44412 0 0 1 4 65434 65422 8275 35693 8275 139 216 138 135 145 19 152 139 86 254 3 208 139 94 252 59
58453 3307 5541 46 46 0 0 1 4 65434 65422 8275 35693 8275 138 135 145 19 152 139 86 254 3 208 139 94 252 59 23 116
58457 3307 5545 253 46 0 0 1 4 65434 65422 8275 35693 8275 152 139 86 254 3 208 139 94 252 59 23 116 3 233 161 0
58458 3307 5546 65533 46 0 0 1 4 65434 65422 8275 35693 8275 139 86 254 3 208 139 94 252 59 23 116 3 233 161 0 139
58461 3307 5549 65533 46 0 3 1 4 65434 65422 8275 35693 8275 3 208 139 94 252 59 23 116 3 233 161 0 139 198 186 46
58463 3307 5551 65533 46 0 0 1 4 65434 65422 8275 35693 8275 139 94 252 59 23 116 3 233 161 0 139 198 186 46 0 247
58466 3307 5554 65533 44412 0 0 1 4 65434 65422 8275 35693 8275 59 23 116 3 233 161 0 139 198 186 46 0 247 234 139 216
58468 3307 5556 65533 44412 0 0 1 4 65434 65422 8275 35693 8275 116 3 233 161 0 139 198 186 46 0 247 234 139 216 138 135
58470 3307 5558 65533 44412 0 0 1 4 65434 65422 8275 35693 8275 233 161 0 139 198 186 46 0 247 234 139 216 138 135 217 18
58634 3307 5722 65533 44412 0 0 1 4 65434 65422 8275 35693 8275 139 198 186 46 0 247 234 139 216 138 135 147 19 152 139 86
58636 3307 5724 1 44412 0 0 1 4 65434 65422 8275 35693 8275 186 46 0 247 234 139 216 138 135 147 19 152 139 86 254 3
58639 3307 5727 1 44412 0 46 1 4 65434 65422 8275 35693 8275 247 234 139 216 138 135 147 19 152 139 86 254 3 208 139 94
58641 3307 5729 46 44412 0 0 1 4 65434 65422 8275 35693 8275 139 216 138 135 147 19 152 139 86 254 3 208 139 94 252 59
58643 3307 5731 46 46 0 0 1 4 65434 65422 8275 35693 8275 138 135 147 19 152 139 86 254 3 208 139 94 252 59 23 116
58647 3307 5735 253 46 0 0 1 4 65434 65422 8275 35693 8275 152 139 86 254 3 208 139 94 252 59 23 116 3 233 131 0
58648 3307 5736 65533 46 0 0 1 4 65434 65422 8275 35693 8275 139 86 254 3 208 139 94 252 59 23 116 3 233 131 0 139
58651 3307 5739 65533 46 0 3 1 4 65434 65422 8275 35693 8275 3 208 139 94 252 59 23 116 3 233 131 0 139 198 186 46
58653 3307 5741 65533 46 0 0 1 4 65434 65422 8275 35693 8275 139 94 252 59 23 116 3 233 131 0 139 198 186 46 0 247
58656 3307 5744 65533 44412 0 0 1 4 65434 65422 8275 35693 8275 59 23 116 3 233 131 0 139 198 186 46 0 247 234 139 216
58658 3307 5746 65533 44412 0 0 1 4 65434 65422 8275 35693 8275 116 3 233 131 0 139 198 186 46 0 247 234 139 216 138 135
58660 3307 5748 65533 44412 0 0 1 4 65434 65422 8275 35693 8275 233 131 0 139 198 186 46 0 247 234 139 216 138 135 219 18
58794 3307 5882 65533 44412 0 0 1 4 65434 65422 8275 35693 8275 65 160 126 237 180 0 59 193 126 3 233 233 248 95 94 139
58795 3307 5883 65533 44412 1 0 1 4 65434 65422 8275 35693 8275 160 126 237 180 0 59 193 126 3 233 233 248 95 94 139 229
58798 3307 5886 65302 44412 1 0 1 4 65434 65422 8275 35693 8275 180 0 59 193 126 3 233 233 248 95 94 139 229 93 203 85
58800 3307 5888 22 44412 1 0 1 4 65434 65422 8275 35693 8275 59 193 126 3 233 233 248 95 94 139 229 93 203 85 139 236
58802 3307 5890 22 44412 1 0 1 4 65434 65422 8275 35693 8275 126 3 233 233 248 95 94 139 229 93 203 85 139 236 128 62
58804 3307 5892 22 44412 1 0 1 4 65434 65422 8275 35693 8275 233 233 248 95 94 139 229 93 203 85 139 236 128 62 3 233
56992 3307 4080 22 44412 1 0 1 4 65434 65422 8275 35693 8275 139 193 209 224 5 124 173 137 70 252 139 193 209 224 5 208
56994 3307 4082 1 44412 1 0 1 4 65434 65422 8275 35693 8275 209 224 5 124 173 137 70 252 139 193 209 224 5 208 174 137
56996 3307 4084 2 44412 1 0 1 4 65434 65422 8275 35693 8275 5 124 173 137 70 252 139 193 209 224 5 208 174 137 70 250
56999 3307 4087 44414 44412 1 0 1 4 65434 65422 8275 35693 8275 137 70 252 139 193 209 224 5 208 174 137 70 250 139 193 209
57002 3307 4090 44414 44412 1 0 1 4 65434 65422 8275 35693 8275 139 193 209 224 5 208 174 137 70 250 139 193 209 224 5 204
57004 3307 4092 1 44412 1 0 1 4 65434 65422 8275 35693 8275 209 224 5 208 174 137 70 250 139 193 209 224 5 204 178 137
57006 3307 4094 2 44412 1 0 1 4 65434 65422 8275 35693 8275 5 208 174 137 70 250 139 193 209 224 5 204 178 137 70 248
57009 3307 4097 44754 44412 1 0 1 4 65434 65422 8275 35693 8275 137 70 250 139 193 209 224 5 204 178 137 70 248 139 198 186
57012 3307 4100 44754 44412 1 0 1 4 65434 65422 8275 35693 8275 139 193 209 224 5 204 178 137 70 248 139 198 186 46 0 247
57014 3307 4102 1 44412 1 0 1 4 65434 65422 8275 35693 8275 209 224 5 204 178 137 70 248 139 198 186 46 0 247 234 139
57016 3307 4104 2 44412 1 0 1 4 65434 65422 8275 35693 8275 5 204 178 137 70 248 139 198 186 46 0 247 234 139 216 138
57019 3307 4107 45774 44412 1 0 1 4 65434 65422 8275 35693 8275 137 70 248 139 198 186 46 0 247 234 139 216 138 135 118 19
57022 3307 4110 45774 44412 1 0 1 4 65434 65422 8275 35693 8275 139 198 186 46 0 247 234 139 216 138 135 118 19 152 139 86
57024 3307 4112 1 44412 1 0 1 4 65434 65422 8275 35693 8275 186 46 0 247 234 139 216 138 135 118 19 152 139 86 254 3
57027 3307 4115 1 44412 1 46 1 4 65434 65422 8275 35693 8275 247 234 139 216 138 135 118 19 152 139 86 254 3 208 139 94
57029 3307 4117 46 44412 1 0 1 4 65434 65422 8275 35693 8275 139 216 138 135 118 19 152 139 86 254 3 208 139 94 252 59
57031 3307 4119 46 46 1 0 1 4 65434 65422 8275 35693 8275 138 135 118 19 152 139 86 254 3 208 139 94 252 59 23 117
57035 3307 4123 0 46 1 0 1 4 65434 65422 8275 35693 8275 152 139 86 254 3 208 139 94 252 59 23 117 84 139 198 186
57036 3307 4124 0 46 1 0 1 4 65434 65422 8275 35693 8275 139 86 254 3 208 139 94 252 59 23 117 84 139 198 186 46
57039 3307 4127 0 46 1 3 1 4 65434 65422 8275 35693 8275 3 208 139 94 252 59 23 117 84 139 198 186 46 0 247 234
57041 3307 4129 0 46 1 3 1 4 65434 65422 8275 35693 8275 139 94 252 59 23 117 84 139 198 186 46 0 247 234 139 216
57044 3307 4132 0 44414 1 3 1 4 65434 65422 8275 35693 8275 59 23 117 84 139 198 186 46 0 247 234 139 216 138 135 190
57046 3307 4134 0 44414 1 3 1 4 65434 65422 8275 35693 8275 117 84 139 198 186 46 0 247 234 139 216 138 135 190 18 152
57132 3307 4220 0 44414 1 3 1 4 65434 65422 8275 35693 8275 139 198 186 46 0 247 234 139 216 138 135 123 19 152 139 86
57134 3307 4222 1 44414 1 3 1 4 65434 65422 8275 35693 8275 186 46 0 247 234 139 216 138 135 123 19 152 139 86 254 3
57137 3307 4225 1 44414 1 46 1 4 65434 65422 8275 35693 8275 247 234 139 216 138 135 123 19 152 139 86 254 3 208 139 94
57139 3307 4227 46 44414 1 0 1 4 65434 65422 8275 35693 8275 139 216 138 135 123 19 152 139 86 254 3 208 139 94 252 59
57141 3307 4229 46 46 1 0 1 4 65434 65422 8275 35693 8275 138 135 123 19 152 139 86 254 3 208 139 94 252 59 23 117
57145 3307 4233 255 46 1 0 1 4 65434 65422 8275 35693 8275 152 139 86 254 3 208 139 94 252 59 23 117 93 139 198 186
57146 3307 4234 65535 46 1 0 1 4 65434 65422 8275 35693 8275 139 86 254 3 208 139 94 252 59 23 117 93 139 198 186 46
57149 3307 4237 65535 46 1 3 1 4 65434 65422 8275 35693 8275 3 208 139 94 252 59 23 117 93 139 198 186 46 0 247 234
57151 3307 4239 65535 46 1 2 1 4 65434 65422 8275 35693 8275 139 94 252 59 23 117 93 139 198 186 46 0 247 234 139 216
57154 3307 4242 65535 44414 1 2 1 4 65434 65422 8275 35693 8275 59 23 117 93 139 198 186 46 0 247 234 139 216 138 135 195
57156 3307 4244 65535 44414 1 2 1 4 65434 65422 8275 35693 8275 117 93 139 198 186 46 0 247 234 139 216 138 135 195 18 152
57251 3307 4339 65535 44414 1 2 1 4 65434 65422 8275 35693 8275 139 198 186 46 0 247 234 139 216 138 135 121 19 152 139 86
57253 3307 4341 1 44414 1 2 1 4 65434 65422 8275 35693 8275 186 46 0 247 234 139 216 138 135 121 19 152 139 86 254 3
57256 3307 4344 1 44414 1 46 1 4 65434 65422 8275 35693 8275 247 234 139 216 138 135 121 19 152 139 86 254 3 208 139 94
57258 3307 4346 46 44414 1 0 1 4 65434 65422 8275 35693 8275 139 216 138 135 121 19 152 139 86 254 3 208 139 94 252 59
57260 3307 4348 46 46 1 0 1 4 65434 65422 8275 35693 8275 138 135 121 19 152 139 86 254 3 208 139 94 252 59 23 117
57264 3307 4352 255 46 1 0 1 4 65434 65422 8275 35693 8275 152 139 86 254 3 208 139 94 252 59 23 117 103 139 198 186
57265 3307 4353 65535 46 1 0 1 4 65434 65422 8275 35693 8275 139 86 254 3 208 139 94 252 59 23 117 103 139 198 186 46
57268 3307 4356 65535 46 1 3 1 4 65434 65422 8275 35693 8275 3 208 139 94 252 59 23 117 103 139 198 186 46 0 247 234
57270 3307 4358 65535 46 1 2 1 4 65434 65422 8275 35693 8275 139 94 252 59 23 117 103 139 198 186 46 0 247 234 139 216
57273 3307 4361 65535 44414 1 2 1 4 65434 65422 8275 35693 8275 59 23 117 103 139 198 186 46 0 247 234 139 216 138 135 193
57275 3307 4363 65535 44414 1 2 1 4 65434 65422 8275 35693 8275 117 103 139 198 186 46 0 247 234 139 216 138 135 193 18 152
57380 3307 4468 65535 44414 1 2 1 4 65434 65422 8275 35693 8275 139 198 186 46 0 247 234 139 216 138 135 125 19 152 139 86
57382 3307 4470 1 44414 1 2 1 4 65434 65422 8275 35693 8275 186 46 0 247 234 139 216 138 135 125 19 152 139 86 254 3
57385 3307 4473 1 44414 1 46 1 4 65434 65422 8275 35693 8275 247 234 139 216 138 135 125 19 152 139 86 254 3 208 139 94
57387 3307 4475 46 44414 1 0 1 4 65434 65422 8275 35693 8275 139 216 138 135 125 19 152 139 86 254 3 208 139 94 252 59
57389 3307 4477 46 46 1 0 1 4 65434 65422 8275 35693 8275 138 135 125 19 152 139 86 254 3 208 139 94 252 59 23 117
57393 3307 4481 255 46 1 0 1 4 65434 65422 8275 35693 8275 152 139 86 254 3 208 139 94 252 59 23 117 103 139 198 186
57394 3307 4482 65535 46 1 0 1 4 65434 65422 8275 35693 8275 139 86 254 3 208 139 94 252 59 23 117 103 139 198 186 46
57397 3307 4485 65535 46 1 3 1 4 65434 65422 8275 35693 8275 3 208 139 94 252 59 23 117 103 139 198 186 46 0 247 234
57399 3307 4487 65535 46 1 2 1 4 65434 65422 8275 35693 8275 139 94 252 59 23 117 103 139 198 186 46 0 247 234 139 216
57402 3307 4490 65535 44414 1 2 1 4 65434 65422 8275 35693 8275 59 23 117 103 139 198 186 46 0 247 234 139 216 138 135 197
57404 3307 4492 65535 44414 1 2 1 4 65434 65422 8275 35693 8275 117 103 139 198 186 46 0 247 234 139 216 138 135 197 18 152
57509 3307 4597 65535 44414 1 2 1 4 65434 65422 8275 35693 8275 139 198 186 46 0 247 234 139 216 138 135 130 19 152 139 86
57511 3307 4599 1 44414 1 2 1 4 65434 65422 8275 35693 8275 186 46 0 247 234 139 216 138 135 130 19 152 139 86 254 3
57514 3307 4602 1 44414 1 46 1 4 65434 65422 8275 35693 8275 247 234 139 216 138 135 130 19 152 139 86 254 3 208 139 94
57516 3307 4604 46 44414 1 0 1 4 65434 65422 8275 35693 8275 139 216 138 135 130 19 152 139 86 254 3 208 139 94 252 59
57518 3307 4606 46 46 1 0 1 4 65434 65422 8275 35693 8275 138 135 130 19 152 139 86 254 3 208 139 94 252 59 23 117
57522 3307 4610 254 46 1 0 1 4 65434 65422 8275 35693 8275 152 139 86 254 3 208 139 94 252 59 23 117 102 139 198 186
57523 3307 4611 65534 46 1 0 1 4 65434 65422 8275 35693 8275 139 86 254 3 208 139 94 252 59 23 117 102 139 198 186 46
57526 3307 4614 65534 46 1 3 1 4 65434 65422 8275 35693 8275 3 208 139 94 252 59 23 117 102 139 198 186 46 0 247 234
57528 3307 4616 65534 46 1 1 1 4 65434 65422 8275 35693 8275 139 94 252 59 23 117 102 139 198 186 46 0 247 234 139 216
57531 3307 4619 65534 44414 1 1 1 4 65434 65422 8275 35693 8275 59 23 117 102 139 198 186 46 0 247 234 139 216 138 135 202
57533 3307 4621 65534 44414 1 1 1 4 65434 65422 8275 35693 8275 117 102 139 198 186 46 0 247 234 139 216 138 135 202 18 152
57637 3307 4725 65534 44414 1 1 1 4 65434 65422 8275 35693 8275 139 198 186 46 0 247 234 139 216 138 135 128 19 152 139 86
57639 3307 4727 1 44414 1 1 1 4 65434 65422 8275 35693 8275 186 46 0 247 234 139 216 138 135 128 19 152 139 86 254 3
57642 3307 4730 1 44414 1 46 1 4 65434 65422 8275 35693 8275 247 234 139 216 138 135 128 19 152 139 86 254 3 208 139 94
57644 3307 4732 46 44414 1 0 1 4 65434 65422 8275 35693 8275 139 216 138 135 128 19 152 139 86 254 3 208 139 94 252 59
57646 3307 4734 46 46 1 0 1 4 65434 65422 8275 35693 8275 138 135 128 19 152 139 86 254 3 208 139 94 252 59 23 116
57650 3307 4738 254 46 1 0 1 4 65434 65422 8275 35693 8275 152 139 86 254 3 208 139 94 252 59 23 116 3 233 131 0
57651 3307 4739 65534 46 1 0 1 4 65434 65422 8275 35693 8275 139 86 254 3 208 139 94 252 59 23 116 3 233 131 0 139
57654 3307 4742 65534 46 1 3 1 4 65434 65422 8275 35693 8275 3 208 139 94 252 59 23 116 3 233 131 0 139 198 186 46
57656 3307 4744 65534 46 1 1 1 4 65434 65422 8275 35693 8275 139 94 252 59 23 116 3 233 131 0 139 198 186 46 0 247
57659 3307 4747 65534 44414 1 1 1 4 65434 65422 8275 35693 8275 59 23 116 3 233 131 0 139 198 186 46 0 247 234 139 216
57661 3307 4749 65534 44414 1 1 1 4 65434 65422 8275 35693 8275 116 3 233 131 0 139 198 186 46 0 247 234 139 216 138 135
57663 3307 4751 65534 44414 1 1 1 4 65434 65422 8275 35693 8275 233 131 0 139 198 186 46 0 247 234 139 216 138 135 200 18
57797 3307 4885 65534 44414 1 1 1 4 65434 65422 8275 35693 8275 139 198 186 46 0 247 234 139 216 138 135 132 19 152 139 86
57799 3307 4887 1 44414 1 1 1 4 65434 65422 8275 35693 8275 186 46 0 247 234 139 216 138 135 132 19 152 139 86 254 3
57802 3307 4890 1 44414 1 46 1 4 65434 65422 8275 35693 8275 247 234 139 216 138 135 132 19 152 139 86 254 3 208 139 94
57804 3307 4892 46 44414 1 0 1 4 65434 65422 8275 35693 8275 139 216 138 135 132 19 152 139 86 254 3 208 139 94 252 59
57806 3307 4894 46 46 1 0 1 4 65434 65422 8275 35693 8275 138 135 132 19 152 139 86 254 3 208 139 94 252 59 23 116
57810 3307 4898 254 46 1 0 1 4 65434 65422 8275 35693 8275 152 139 86 254 3 208 139 94 252 59 23 116 3 233 131 0
57811 3307 4899 65534 46 1 0 1 4 65434 65422 8275 35693 8275 139 86 254 3 208 139 94 252 59 23 116 3 233 131 0 139
57814 3307 4902 65534 46 1 3 1 4 65434 65422 8275 35693 8275 3 208 139 94 252 59 23 116 3 233 131 0 139 198 186 46
57816 3307 4904 65534 46 1 1 1 4 65434 65422 8275 35693 8275 139 94 252 59 23 116 3 233 131 0 139 198 186 46 0 247
57819 3307 4907 65534 44414 1 1 1 4 65434 65422 8275 35693 8275 59 23 116 3 233 131 0 139 198 186 46 0 247 234 139 216
57821 3307 4909 65534 44414 1 1 1 4 65434 65422 8275 35693 8275 116 3 233 131 0 139 198 186 46 0 247 234 139 216 138 135
57823 3307 4911 65534 44414 1 1 1 4 65434 65422 8275 35693 8275 233 131 0 139 198 186 46 0 247 234 139 216 138 135 204 18
57957 3307 5045 65534 44414 1 1 1 4 65434 65422 8275 35693 8275 139 198 186 46 0 247 234 139 216 138 135 143 19 152 139 86
57959 3307 5047 1 44414 1 1 1 4 65434 65422 8275 35693 8275 186 46 0 247 234 139 216 138 135 143 19 152 139 86 254 3
57962 3307 5050 1 44414 1 46 1 4 65434 65422 8275 35693 8275 247 234 139 216 138 135 143 19 152 139 86 254 3 208 139 94
57964 3307 5052 46 44414 1 0 1 4 65434 65422 8275 35693 8275 139 216 138 135 143 19 152 139 86 254 3 208 139 94 252 59
57966 3307 5054 46 46 1 0 1 4 65434 65422 8275 35693 8275 138 135 143 19 152 139 86 254 3 208 139 94 252 59 23 117
57970 3307 5058 253 46 1 0 1 4 65434 65422 8275 35693 8275 152 139 86 254 3 208 139 94 252 59 23 117 111 139 198 186
57971 3307 5059 65533 46 1 0 1 4 65434 65422 8275 35693 8275 139 86 254 3 208 139 94 252 59 23 117 111 139 198 186 46
57974 3307 5062 65533 46 1 3 1 4 65434 65422 8275 35693 8275 3 208 139 94 252 59 23 117 111 139 198 186 46 0 247 234
57976 3307 5064 65533 46 1 0 1 4 65434 65422 8275 35693 8275 139 94 252 59 23 117 111 139 198 186 46 0 247 234 139 216
57979 3307 5067 65533 44414 1 0 1 4 65434 65422 8275 35693 8275 59 23 117 111 139 198 186 46 0 247 234 139 216 138 135 215
57981 3307 5069 65533 44414 1 0 1 4 65434 65422 8275 35693 8275 117 111 139 198 186 46 0 247 234 139 216 138 135 215 18 152
58094 3307 5182 65533 44414 1 0 1 4 65434 65422 8275 35693 8275 139 198 186 46 0 247 234 139 216 138 135 141 19 152 139 86
58096 3307 5184 1 44414 1 0 1 4 65434 65422 8275 35693 8275 186 46 0 247 234 139 216 138 135 141 19 152 139 86 254 3
58099 3307 5187 1 44414 1 46 1 4 65434 65422 8275 35693 8275 247 234 139 216 138 135 141 19 152 139 86 254 3 208 139 94
58101 3307 5189 46 44414 1 0 1 4 65434 65422 8275 35693 8275 139 216 138 135 141 19 152 139 86 254 3 208 139 94 252 59
58103 3307 5191 46 46 1 0 1 4 65434 65422 8275 35693 8275 138 135 141 19 152 139 86 254 3 208 139 94 252 59 23 116
58107 3307 5195 253 46 1 0 1 4 65434 65422 8275 35693 8275 152 139 86 254 3 208 139 94 252 59 23 116 3 233 161 0
58108 3307 5196 65533 46 1 0 1 4 65434 65422 8275 35693 8275 139 86 254 3 208 139 94 252 59 23 116 3 233 161 0 139
58111 3307 5199 65533 46 1 3 1 4 65434 65422 8275 35693 8275 3 208 139 94 252 59 23 116 3 233 161 0 139 198 186 46
58113 3307 5201 65533 46 1 0 1 4 65434 65422 8275 35693 8275 139 94 252 59 23 116 3 233 161 0 139 198 186 46 0 247
58116 3307 5204 65533 44414 1 0 1 4 65434 65422 8275 35693 8275 59 23 116 3 233 161 0 139 198 186 46 0 247 234 139 216
58118 3307 5206 65533 44414 1 0 1 4 65434 65422 8275 35693 8275 116 3 233 161 0 139 198 186 46 0 247 234 139 216 138 135
58120 3307 5208 65533 44414 1 0 1 4 65434 65422 8275 35693 8275 233 161 0 139 198 186 46 0 247 234 139 216 138 135 213 18
58284 3307 5372 65533 44414 1 0 1 4 65434 65422 8275 35693 8275 139 198 186 46 0 247 234 139 216 138 135 139 19 152 139 86
58286 3307 5374 1 44414 1 0 1 4 65434 65422 8275 35693 8275 186 46 0 247 234 139 216 138 135 139 19 152 139 86 254 3
58289 3307 5377 1 44414 1 46 1 4 65434 65422 8275 35693 8275 247 234 139 216 138 135 139 19 152 139 86 254 3 208 139 94
58291 3307 5379 46 44414 1 0 1 4 65434 65422 8275 35693 8275 139 216 138 135 139 19 152 139 86 254 3 208 139 94 252 59
58293 3307 5381 46 46 1 0 1 4 65434 65422 8275 35693 8275 138 135 139 19 152 139 86 254 3 208 139 94 252 59 23 116
58297 3307 5385 253 46 1 0 1 4 65434 65422 8275 35693 8275 152 139 86 254 3 208 139 94 252 59 23 116 3 233 131 0
58298 3307 5386 65533 46 1 0 1 4 65434 65422 8275 35693 8275 139 86 254 3 208 139 94 252 59 23 116 3 233 131 0 139
58301 3307 5389 65533 46 1 3 1 4 65434 65422 8275 35693 8275 3 208 139 94 252 59 23 116 3 233 131 0 139 198 186 46
58303 3307 5391 65533 46 1 0 1 4 65434 65422 8275 35693 8275 139 94 252 59 23 116 3 233 131 0 139 198 186 46 0 247
58306 3307 5394 65533 44414 1 0 1 4 65434 65422 8275 35693 8275 59 23 116 3 233 131 0 139 198 186 46 0 247 234 139 216
58308 3307 5396 65533 44414 1 0 1 4 65434 65422 8275 35693 8275 116 3 233 131 0 139 198 186 46 0 247 234 139 216 138 135
58310 3307 5398 65533 44414 1 0 1 4 65434 65422 8275 35693 8275 233 131 0 139 198 186 46 0 247 234 139 216 138 135 211 18
58444 3307 5532 65533 44414 1 0 1 4 65434 65422 8275 35693 8275 139 198 186 46 0 247 234 139 216 138 135 145 19 152 139 86
58446 3307 5534 1 44414 1 0 1 4 65434 65422 8275 35693 8275 186 46 0 247 234 139 216 138 135 145 19 152 139 86 254 3
58449 3307 5537 1 44414 1 46 1 4 65434 65422 8275 35693 8275 247 234 139 216 138 135 145 19 152 139 86 254 3 208 139 94
58451 3307 5539 46 44414 1 0 1 4 65434 65422 8275 35693 8275 139 216 138 135 145 19 152 139 86 254 3 208 139 94 252 59
58453 3307 5541 46 46 1 0 1 4 65434 65422 8275 35693 8275 138 135 145 19 152 139 86 254 3 208 139 94 252 59 23 116
58457 3307 5545 253 46 1 0 1 4 65434 65422 8275 35693 8275 152 139 86 254 3 208 139 94 252 59 23 116 3 233 161 0
58458 3307 5546 65533 46 1 0 1 4 65434 65422 8275 35693 8275 139 86 254 3 208 139 94 252 59 23 116 3 233 161 0 139
58461 3307 5549 65533 46 1 3 1 4 65434 65422 8275 35693 8275 3 208 139 94 252 59 23 116 3 233 161 0 139 198 186 46
58463 3307 5551 65533 46 1 0 1 4 65434 65422 8275 35693 8275 139 94 252 59 23 116 3 233 161 0 139 198 186 46 0 247
58466 3307 5554 65533 44414 1 0 1 4 65434 65422 8275 35693 8275 59 23 116 3 233 161 0 139 198 186 46 0 247 234 139 216
58468 3307 5556 65533 44414 1 0 1 4 65434 65422 8275 35693 8275 116 3 233 161 0 139 198 186 46 0 247 234 139 216 138 135
58470 3307 5558 65533 44414 1 0 1 4 65434 65422 8275 35693 8275 233 161 0 139 198 186 46 0 247 234 139 216 138 135 217 18
58634 3307 5722 65533 44414 1 0 1 4 65434 65422 8275 35693 8275 139 198 186 46 0 247 234 139 216 138 135 147 19 152 139 86
58636 3307 5724 1 44414 1 0 1 4 65434 65422 8275 35693 8275 186 46 0 247 234 139 216 138 135 147 19 152 139 86 254 3
58639 3307 5727 1 44414 1 46 1 4 65434 65422 8275 35693 8275 247 234 139 216 138 135 147 19 152 139 86 254 3 208 139 94
58641 3307 5729 46 44414 1 0 1 4 65434 65422 8275 35693 8275 139 216 138 135 147 19 152 139 86 254 3 208 139 94 252 59
58643 3307 5731 46 46 1 0 1 4 65434 65422 8275 35693 8275 138 135 147 19 152 139 86 254 3 208 139 94 252 59 23 116
58647 3307 5735 253 46 1 0 1 4 65434 65422 8275 35693 8275 152 139 86 254 3 208 139 94 252 59 23 116 3 233 131 0
58648 3307 5736 65533 46 1 0 1 4 65434 65422 8275 35693 8275 139 86 254 3 208 139 94 252 59 23 116 3 233 131 0 139
58651 3307 5739 65533 46 1 3 1 4 65434 65422 8275 35693 8275 3 208 139 94 252 59 23 116 3 233 131 0 139 198 186 46
58653 3307 5741 65533 46 1 0 1 4 65434 65422 8275 35693 8275 139 94 252 59 23 116 3 233 131 0 139 198 186 46 0 247
58656 3307 5744 65533 44414 1 0 1 4 65434 65422 8275 35693 8275 59 23 116 3 233 131 0 139 198 186 46 0 247 234 139 216
58658 3307 5746 65533 44414 1 0 1 4 65434 65422 8275 35693 8275 116 3 233 131 0 139 198 186 46 0 247 234 139 216 138 135
58660 3307 5748 65533 44414 1 0 1 4 65434 65422 8275 35693 8275 233 131 0 139 198 186 46 0 247 234 139 216 138 135 219 18
58794 3307 5882 65533 44414 1 0 1 4 65434 65422 8275 35693 8275 65 160 126 237 180 0 59 193 126 3 233 233 248 95 94 139
58795 3307 5883 65533 44414 2 0 1 4 65434 65422 8275 35693 8275 160 126 237 180 0 59 193 126 3 233 233 248 95 94 139 229
58798 3307 5886 65302 44414 2 0 1 4 65434 65422 8275 35693 8275 180 0 59 193 126 3 233 233 248 95 94 139 229 93 203 85
58800 3307 5888 22 44414 2 0 1 4 65434 65422 8275 35693 8275 59 193 126 3 233 233 248 95 94 139 229 93 203 85 139 236
58802 3307 5890 22 44414 2 0 1 4 65434 65422 8275 35693 8275 126 3 233 233 248 95 94 139 229 93 203 85 139 236 128 62
58804 3307 5892 22 44414 2 0 1 4 65434 65422 8275 35693 8275 233 233 248 95 94 139 229 93 203 85 139 236 128 62 3 233
56992 3307 4080 22 44414 2 0 1 4 65434 65422 8275 35693 8275 139 193 209 224 5 124 173 137 70 252 139 193 209 224 5 208
56994 3307 4082 2 44414 2 0 1 4 65434 65422 8275 35693 8275 209 224 5 124 173 137 70 252 139 193 209 224 5 208 174 137
56996 3307 4084 4 44414 2 0 1 4 65434 65422 8275 35693 8275 5 124 173 137 70 252 139 193 209 224 5 208 174 137 70 250
56999 3307 4087 44416 44414 2 0 1 4 65434 65422 8275 35693 8275 137 70 252 139 193 209 224 5 208 174 137 70 250 139 193 209
57002 3307 4090 44416 44414 2 0 1 4 65434 65422 8275 35693 8275 139 193 209 224 5 208 174 137 70 250 139 193 209 224 5 204
57004 3307 4092 2 44414 2 0 1 4 65434 65422 8275 35693 8275 209 224 5 208 174 137 70 250 139 193 209 224 5 204 178 137
57006 3307 4094 4 44414 2 0 1 4 65434 65422 8275 35693 8275 5 208 174 137 70 250 139 193 209 224 5 204 178 137 70 248
57009 3307 4097 44756 44414 2 0 1 4 65434 65422 8275 35693 8275 137 70 250 139 193 209 224 5 204 178 137 70 248 139 198 186
57012 3307 4100 44756 44414 2 0 1 4 65434 65422 8275 35693 8275 139 193 209 224 5 204 178 137 70 248 139 198 186 46 0 247
57014 3307 4102 2 44414 2 0 1 4 65434 65422 8275 35693 8275 209 224 5 204 178 137 70 248 139 198 186 46 0 247 234 139
57016 3307 4104 4 44414 2 0 1 4 65434 65422 8275 35693 8275 5 204 178 137 70 248 139 198 186 46 0 247 234 139 216 138
57019 3307 4107 45776 44414 2 0 1 4 65434 65422 8275 35693 8275 137 70 248 139 198 186 46 0 247 234 139 216 138 135 118 19
57022 3307 4110 45776 44414 2 0 1 4 65434 65422 8275 35693 8275 139 198 186 46 0 247 234 139 216 138 135 118 19 152 139 86
57024 3307 4112 1 44414 2 0 1 4 65434 65422 8275 35693 8275 186 46 0 247 234 139 216 138 135 118 19 152 139 86 254 3
57027 3307 4115 1 44414 2 46 1 4 65434 65422 8275 35693 8275 247 234 139 216 138 135 118 19 152 139 86 254 3 208 139 94
57029 3307 4117 46 44414 2 0 1 4 65434 65422 8275 35693 8275 139 216 138 135 118 19 152 139 86 254 3 208 139 94 252 59
57031 3307 4119 46 46 2 0 1 4 65434 65422 8275 35693 8275 138 135 118 19 152 139 86 254 3 208 139 94 252 59 23 117
57035 3307 4123 0 46 2 0 1 4 65434 65422 8275 35693 8275 152 139 86 254 3 208 139 94 252 59 23 117 84 139 198 186
57036 3307 4124 0 46 2 0 1 4 65434 65422 8275 35693 8275 139 86 254 3 208 139 94 252 59 23 117 84 139 198 186 46
57039 3307 4127 0 46 2 3 1 4 65434 65422 8275 35693 8275 3 208 139 94 252 59 23 117 84 139 198 186 46 0 247 234
57041 3307 4129 0 46 2 3 1 4 65434 65422 8275 35693 8275 139 94 252 59 23 117 84 139 198 186 46 0 247 234 139 216
57044 3307 4132 0 44416 2 3 1 4 65434 65422 8275 35693 8275 59 23 117 84 139 198 186 46 0 247 234 139 216 138 135 190
57046 3307 4134 0 44416 2 3 1 4 65434 65422 8275 35693 8275 117 84 139 198 186 46 0 247 234 139 216 138 135 190 18 152
57132 3307 4220 0 44416 2 3 1 4 65434 65422 8275 35693 8275 139 198 186 46 0 247 234 139 216 138 135 123 19 152 139 86
57134 3307 4222 1 44416 2 3 1 4 65434 65422 8275 35693 8275 186 46 0 247 234 139 216 138 135 123 19 152 139 86 254 3
57137 3307 4225 1 44416 2 46 1 4 65434 65422 8275 35693 8275 247 234 139 216 138 135 123 19 152 139 86 254 3 208 139 94
57139 3307 4227 46 44416 2 0 1 4 65434 65422 8275 35693 8275 139 216 138 135 123 19 152 139 86 254 3 208 139 94 252 59
57141 3307 4229 46 46 2 0 1 4 65434 65422 8275 35693 8275 138 135 123 19 152 139 86 254 3 208 139 94 252 59 23 117
57145 3307 4233 255 46 2 0 1 4 65434 65422 8275 35693 8275 152 139 86 254 3 208 139 94 252 59 23 117 93 139 198 186
57146 3307 4234 65535 46 2 0 1 4 65434 65422 8275 35693 8275 139 86 254 3 208 139 94 252 59 23 117 93 139 198 186 46
57149 3307 4237 65535 46 2 3 1 4 65434 65422 8275 35693 8275 3 208 139 94 252 59 23 117 93 139 198 186 46 0 247 234
57151 3307 4239 65535 46 2 2 1 4 65434 65422 8275 35693 8275 139 94 252 59 23 117 93 139 198 186 46 0 247 234 139 216
57154 3307 4242 65535 44416 2 2 1 4 65434 65422 8275 35693 8275 59 23 117 93 139 198 186 46 0 247 234 139 216 138 135 195
57156 3307 4244 65535 44416 2 2 1 4 65434 65422 8275 35693 8275 117 93 139 198 186 46 0 247 234 139 216 138 135 195 18 152
57251 3307 4339 65535 44416 2 2 1 4 65434 65422 8275 35693 8275 139 198 186 46 0 247 234 139 216 138 135 121 19 152 139 86
57253 3307 4341 1 44416 2 2 1 4 65434 65422 8275 35693 8275 186 46 0 247 234 139 216 138 135 121 19 152 139 86 254 3
57256 3307 4344 1 44416 2 46 1 4 65434 65422 8275 35693 8275 247 234 139 216 138 135 121 19 152 139 86 254 3 208 139 94
57258 3307 4346 46 44416 2 0 1 4 65434 65422 8275 35693 8275 139 216 138 135 121 19 152 139 86 254 3 208 139 94 252 59
57260 3307 4348 46 46 2 0 1 4 65434 65422 8275 35693 8275 138 135 121 19 152 139 86 254 3 208 139 94 252 59 23 117
57264 3307 4352 255 46 2 0 1 4 65434 65422 8275 35693 8275 152 139 86 254 3 208 139 94 252 59 23 117 103 139 198 186
57265 3307 4353 65535 46 2 0 1 4 65434 65422 8275 35693 8275 139 86 254 3 208 139 94 252 59 23 117 103 139 198 186 46
57268 3307 4356 65535 46 2 3 1 4 65434 65422 8275 35693 8275 3 208 139 94 252 59 23 117 103 139 198 186 46 0 247 234
57270 3307 4358 65535 46 2 2 1 4 65434 65422 8275 35693 8275 139 94 252 59 23 117 103 139 198 186 46 0 247 234 139 216
57273 3307 4361 65535 44416 2 2 1 4 65434 65422 8275 35693 8275 59 23 117 103 139 198 186 46 0 247 234 139 216 138 135 193
57275 3307 4363 65535 44416 2 2 1 4 65434 65422 8275 35693 8275 117 103 139 198 186 46 0 247 234 139 216 138 135 193 18 152
57380 3307 4468 65535 44416 2 2 1 4 65434 65422 8275 35693 8275 139 198 186 46 0 247 234 139 216 138 135 125 19 152 139 86
57382 3307 4470 1 44416 2 2 1 4 65434 65422 8275 35693 8275 186 46 0 247 234 139 216 138 135 125 19 152 139 86 254 3
57385 3307 4473 1 44416 2 46 1 4 65434 65422 8275 35693 8275 247 234 139 216 138 135 125 19 152 139 86 254 3 208 139 94
57387 3307 4475 46 44416 2 0 1 4 65434 65422 8275 35693 8275 139 216 138 135 125 19 152 139 86 254 3 208 139 94 252 59
57389 3307 4477 46 46 2 0 1 4 65434 65422 8275 35693 8275 138 135 125 19 152 139 86 254 3 208 139 94 252 59 23 117
57393 3307 4481 255 46 2 0 1 4 65434 65422 8275 35693 8275 152 139 86 254 3 208 139 94 252 59 23 117 103 139 198 186
57394 3307 4482 65535 46 2 0 1 4 65434 65422 8275 35693 8275 139 86 254 3 208 139 94 252 59 23 117 103 139 198 186 46
57397 3307 4485 65535 46 2 3 1 4 65434 65422 8275 35693 8275 3 208 139 94 252 59 23 117 103 139 198 186 46 0 247 234
57399 3307 4487 65535 46 2 2 1 4 65434 65422 8275 35693 8275 139 94 252 59 23 117 103 139 198 186 46 0 247 234 139 216
57402 3307 4490 65535 44416 2 2 1 4 65434 65422 8275 35693 8275 59 23 117 103 139 198 186 46 0 247 234 139 216 138 135 197
57404 3307 4492 65535 44416 2 2 1 4 65434 65422 8275 35693 8275 117 103 139 198 186 46 0 247 234 139 216 138 135 197 18 152
57509 3307 4597 65535 44416 2 2 1 4 65434 65422 8275 35693 8275 139 198 186 46 0 247 234 139 216 138 135 130 19 152 139 86
57511 3307 4599 1 44416 2 2 1 4 65434 65422 8275 35693 8275 186 46 0 247 234 139 216 138 135 130 19 152 139 86 254 3
57514 3307 4602 1 44416 2 46 1 4 65434 65422 8275 35693 8275 247 234 139 216 138 135 130 19 152 139 86 254 3 208 139 94
57516 3307 4604 46 44416 2 0 1 4 65434 65422 8275 35693 8275 139 216 138 135 130 19 152 139 86 254 3 208 139 94 252 59
57518 3307 4606 46 46 2 0 1 4 65434 65422 8275 35693 8275 138 135 130 19 152 139 86 254 3 208 139 94 252 59 23 117
57522 3307 4610 254 46 2 0 1 4 65434 65422 8275 35693 8275 152 139 86 254 3 208 139 94 252 59 23 117 102 139 198 186
57523 3307 4611 65534 46 2 0 1 4 65434 65422 8275 35693 8275 139 86 254 3 208 139 94 252 59 23 117 102 139 198 186 46
57526 3307 4614 65534 46 2 3 1 4 65434 65422 8275 35693 8275 3 208 139 94 252 59 23 117 102 139 198 186 46 0 247 234
57528 3307 4616 65534 46 2 1 1 4 65434 65422 8275 35693 8275 139 94 252 59 23 117 102 139 198 186 46 0 247 234 139 216
57531 3307 4619 65534 44416 2 1 1 4 65434 65422 8275 35693 8275 59 23 117 102 139 198 186 46 0 247 234 139 216 138 135 202
57533 3307 4621 65534 44416 2 1 1 4 65434 65422 8275 35693 8275 117 102 139 198 186 46 0 247 234 139 216 138 135 202 18 152
57637 3307 4725 65534 44416 2 1 1 4 65434 65422 8275 35693 8275 139 198 186 46 0 247 234 139 216 138 135 128 19 152 139 86
57639 3307 4727 1 44416 2 1 1 4 65434 65422 8275 35693 8275 186 46 0 247 234 139 216 138 135 128 19 152 139 86 254 3
57642 3307 4730 1 44416 2 46 1 4 65434 65422 8275 35693 8275 247 234 139 216 138 135 128 19 152 139 86 254 3 208 139 94
57644 3307 4732 46 44416 2 0 1 4 65434 65422 8275 35693 8275 139 216 138 135 128 19 152 139 86 254 3 208 139 94 252 59
57646 3307 4734 46 46 2 0 1 4 65434 65422 8275 35693 8275 138 135 128 19 152 139 86 254 3 208 139 94 252 59 23 116
57650 3307 4738 254 46 2 0 1 4 65434 65422 8275 35693 8275 152 139 86 254 3 208 139 94 252 59 23 116 3 233 131 0
57651 3307 4739 65534 46 2 0 1 4 65434 65422 8275 35693 8275 139 86 254 3 208 139 94 252 59 23 116 3 233 131 0 139
57654 3307 4742 65534 46 2 3 1 4 65434 65422 8275 35693 8275 3 208 139 94 252 59 23 116 3 233 131 0 139 198 186 46
57656 3307 4744 65534 46 2 1 1 4 65434 65422 8275 35693 8275 139 94 252 59 23 116 3 233 131 0 139 198 186 46 0 247
57659 3307 4747 65534 44416 2 1 1 4 65434 65422 8275 35693 8275 59 23 116 3 233 131 0 139 198 186 46 0 247 234 139 216
57661 3307 4749 65534 44416 2 1 1 4 65434 65422 8275 35693 8275 116 3 233 131 0 139 198 186 46 0 247 234 139 216 138 135
57663 3307 4751 65534 44416 2 1 1 4 65434 65422 8275 35693 8275 233 131 0 139 198 186 46 0 247 234 139 216 138 135 200 18
57797 3307 4885 65534 44416 2 1 1 4 65434 65422 8275 35693 8275 139 198 186 46 0 247 234 139 216 138 135 132 19 152 139 86
57799 3307 4887 1 44416 2 1 1 4 65434 65422 8275 35693 8275 186 46 0 247 234 139 216 138 135 132 19 152 139 86 254 3
57802 3307 4890 1 44416 2 46 1 4 65434 65422 8275 35693 8275 247 234 139 216 138 135 132 19 152 139 86 254 3 208 139 94
57804 3307 4892 46 44416 2 0 1 4 65434 65422 8275 35693 8275 139 216 138 135 132 19 152 139 86 254 3 208 139 94 252 59
57806 3307 4894 46 46 2 0 1 4 65434 65422 8275 35693 8275 138 135 132 19 152 139 86 254 3 208 139 94 252 59 23 116
57810 3307 4898 254 46 2 0 1 4 65434 65422 8275 35693 8275 152 139 86 254 3 208 139 94 252 59 23 116 3 233 131 0
57811 3307 4899 65534 46 2 0 1 4 65434 65422 8275 35693 8275 139 86 254 3 208 139 94 252 59 23 116 3 233 131 0 139
57814 3307 4902 65534 46 2 3 1 4 65434 65422 8275 35693 8275 3 208 139 94 252 59 23 116 3 233 131 0 139 198 186 46
57816 3307 4904 65534 46 2 1 1 4 65434 65422 8275 35693 8275 139 94 252 59 23 116 3 233 131 0 139 198 186 46 0 247
57819 3307 4907 65534 44416 2 1 1 4 65434 65422 8275 35693 8275 59 23 116 3 233 131 0 139 198 186 46 0 247 234 139 216
57821 3307 4909 65534 44416 2 1 1 4 65434 65422 8275 35693 8275 116 3 233 131 0 139 198 186 46 0 247 234 139 216 138 135
57823 3307 4911 65534 44416 2 1 1 4 65434 65422 8275 35693 8275 233 131 0 139 198 186 46 0 247 234 139 216 138 135 204 18
57957 3307 5045 65534 44416 2 1 1 4 65434 65422 8275 35693 8275 139 198 186 46 0 247 234 139 216 138 135 143 19 152 139 86
57959 3307 5047 1 44416 2 1 1 4 65434 65422 8275 35693 8275 186 46 0 247 234 139 216 138 135 143 19 152 139 86 254 3
57962 3307 5050 1 44416 2 46 1 4 65434 65422 8275 35693 8275 247 234 139 216 138 135 143 19 152 139 86 254 3 208 139 94
57964 3307 5052 46 44416 2 0 1 4 65434 65422 8275 35693 8275 139 216 138 135 143 19 152 139 86 254 3 208 139 94 252 59
57966 3307 5054 46 46 2 0 1 4 65434 65422 8275 35693 8275 138 135 143 19 152 139 86 254 3 208 139 94 252 59 23 117
57970 3307 5058 253 46 2 0 1 4 65434 65422 8275 35693 8275 152 139 86 254 3 208 139 94 252 59 23 117 111 139 198 186
57971 3307 5059 65533 46 2 0 1 4 65434 65422 8275 35693 8275 139 86 254 3 208 139 94 252 59 23 117 111 139 198 186 46
57974 3307 5062 65533 46 2 3 1 4 65434 65422 8275 35693 8275 3 208 139 94 252 59 23 117 111 139 198 186 46 0 247 234
57976 3307 5064 65533 46 2 0 1 4 65434 65422 8275 35693 8275 139 94 252 59 23 117 111 139 198 186 46 0 247 234 139 216
57979 3307 5067 65533 44416 2 0 1 4 65434 65422 8275 35693 8275 59 23 117 111 139 198 186 46 0 247 234 139 216 138 135 215
57981 3307 5069 65533 44416 2 0 1 4 65434 65422 8275 35693 8275 117 111 139 198 186 46 0 247 234 139 216 138 135 215 18 152
58094 3307 5182 65533 44416 2 0 1 4 65434 65422 8275 35693 8275 139 198 186 46 0 247 234 139 216 138 135 141 19 152 139 86
58096 3307 5184 1 44416 2 0 1 4 65434 65422 8275 35693 8275 186 46 0 247 234 139 216 138 135 141 19 152 139 86 254 3
58099 3307 5187 1 44416 2 46 1 4 65434 65422 8275 35693 8275 247 234 139 216 138 135 141 19 152 139 86 254 3 208 139 94
58101 3307 5189 46 44416 2 0 1 4 65434 65422 8275 35693 8275 139 216 138 135 141 19 152 139 86 254 3 208 139 94 252 59
58103 3307 5191 46 46 2 0 1 4 65434 65422 8275 35693 8275 138 135 141 19 152 139 86 254 3 208 139 94 252 59 23 116
58107 3307 5195 253 46 2 0 1 4 65434 65422 8275 35693 8275 152 139 86 254 3 208 139 94 252 59 23 116 3 233 161 0
58108 3307 5196 65533 46 2 0 1 4 65434 65422 8275 35693 8275 139 86 254 3 208 139 94 252 59 23 116 3 233 161 0 139
58111 3307 5199 65533 46 2 3 1 4 65434 65422 8275 35693 8275 3 208 139 94 252 59 23 116 3 233 161 0 139 198 186 46
58113 3307 5201 65533 46 2 0 1 4 65434 65422 8275 35693 8275 139 94 252 59 23 116 3 233 161 0 139 198 186 46 0 247
58116 3307 5204 65533 44416 2 0 1 4 65434 65422 8275 35693 8275 59 23 116 3 233 161 0 139 198 186 46 0 247 234 139 216
58118 3307 5206 65533 44416 2 0 1 4 65434 65422 8275 35693 8275 116 3 233 161 0 139 198 186 46 0 247 234 139 216 138 135
58120 3307 5208 65533 44416 2 0 1 4 65434 65422 8275 35693 8275 233 161 0 139 198 186 46 0 247 234 139 216 138 135 213 18
58284 3307 5372 65533 44416 2 0 1 4 65434 65422 8275 35693 8275 139 198 186 46 0 247 234 139 216 138 135 139 19 152 139 86
58286 3307 5374 1 44416 2 0 1 4 65434 65422 8275 35693 8275 186 46 0 247 234 139 216 138 135 139 19 152 139 86 254 3
58289 3307 5377 1 44416 2 46 1 4 65434 65422 8275 35693 8275 247 234 139 216 138 135 139 19 152 139 86 254 3 208 139 94
58291 3307 5379 46 44416 2 0 1 4 65434 65422 8275 35693 8275 139 216 138 135 139 19 152 139 86 254 3 208 139 94 252 59
58293 3307 5381 46 46 2 0 1 4 65434 65422 8275 35693 8275 138 135 139 19 152 139 86 254 3 208 139 94 252 59 23 116
58297 3307 5385 253 46 2 0 1 4 65434 65422 8275 35693 8275 152 139 86 254 3 208 139 94 252 59 23 116 3 233 131 0
58298 3307 5386 65533 46 2 0 1 4 65434 65422 8275 35693 8275 139 86 254 3 208 139 94 252 59 23 116 3 233 131 0 139
58301 3307 5389 65533 46 2 3 1 4 65434 65422 8275 35693 8275 3 208 139 94 252 59 23 116 3 233 131 0 139 198 186 46
58303 3307 5391 65533 46 2 0 1 4 65434 65422 8275 35693 8275 139 94 252 59 23 116 3 233 131 0 139 198 186 46 0 247
58306 3307 5394 65533 44416 2 0 1 4 65434 65422 8275 35693 8275 59 23 116 3 233 131 0 139 198 186 46 0 247 234 139 216
58308 3307 5396 65533 44416 2 0 1 4 65434 65422 8275 35693 8275 116 3 233 131 0 139 198 186 46 0 247 234 139 216 138 135
58310 3307 5398 65533 44416 2 0 1 4 65434 65422 8275 35693 8275 233 131 0 139 198 186 46 0 247 234 139 216 138 135 211 18
58444 3307 5532 65533 44416 2 0 1 4 65434 65422 8275 35693 8275 139 198 186 46 0 247 234 139 216 138 135 145 19 152 139 86
58446 3307 5534 1 44416 2 0 1 4 65434 65422 8275 35693 8275 186 46 0 247 234 139 216 138 135 145 19 152 139 86 254 3
58449 3307 5537 1 44416 2 46 1 4 65434 65422 8275 35693 8275 247 234 139 216 138 135 145 19 152 139 86 254 3 208 139 94
58451 3307 5539 46 44416 2 0 1 4 65434 65422 8275 35693 8275 139 216 138 135 145 19 152 139 86 254 3 208 139 94 252 59
58453 3307 5541 46 46 2 0 1 4 65434 65422 8275 35693 8275 138 135 145 19 152 139 86 254 3 208 139 94 252 59 23 116
58457 3307 5545 253 46 2 0 1 4 65434 65422 8275 35693 8275 152 139 86 254 3 208 139 94 252 59 23 116 3 233 161 0
58458 3307 5546 65533 46 2 0 1 4 65434 65422 8275 35693 8275 139 86 254 3 208 139 94 252 59 23 116 3 233 161 0 139
58461 3307 5549 65533 46 2 3 1 4 65434 65422 8275 35693 8275 3 208 139 94 252 59 23 116 3 233 161 0 139 198 186 46
58463 3307 5551 65533 46 2 0 1 4 65434 65422 8275 35693 8275 139 94 252 59 23 116 3 233 161 0 139 198 186 46 0 247
58466 3307 5554 65533 44416 2 0 1 4 65434 65422 8275 35693 8275 59 23 116 3 233 161 0 139 198 186 46 0 247 234 139 216
58468 3307 5556 65533 44416 2 0 1 4 65434 65422 8275 35693 8275 116 3 233 161 0 139 198 186 46 0 247 234 139 216 138 135
58470 3307 5558 65533 44416 2 0 1 4 65434 65422 8275 35693 8275 233 161 0 139 198 186 46 0 247 234 139 216 138 135 217 18
58634 3307 5722 65533 44416 2 0 1 4 65434 65422 8275 35693 8275 139 198 186 46 0 247 234 139 216 138 135 147 19 152 139 86
58636 3307 5724 1 44416 2 0 1 4 65434 65422 8275 35693 8275 186 46 0 247 234 139 216 138 135 147 19 152 139 86 254 3
58639 3307 5727 1 44416 2 46 1 4 65434 65422 8275 35693 8275 247 234 139 216 138 135 147 19 152 139 86 254 3 208 139 94
58641 3307 5729 46 44416 2 0 1 4 65434 65422 8275 35693 8275 139 216 138 135 147 19 152 139 86 254 3 208 139 94 252 59
58643 3307 5731 46 46 2 0 1 4 65434 65422 8275 35693 8275 138 135 147 19 152 139 86 254 3 208 139 94 252 59 23 116
58647 3307 5735 253 46 2 0 1 4 65434 65422 8275 35693 8275 152 139 86 254 3 208 139 94 252 59 23 116 3 233 131 0
58648 3307 5736 65533 46 2 0 1 4 65434 65422 8275 35693 8275 139 86 254 3 208 139 94 252 59 23 116 3 233 131 0 139
58651 3307 5739 65533 46 2 3 1 4 65434 65422 8275 35693 8275 3 208 139 94 252 59 23 116 3 233 131 0 139 198 186 46
58653 3307 5741 65533 46 2 0 1 4 65434 65422 8275 35693 8275 139 94 252 59 23 116 3 233 131 0 139 198 186 46 0 247
58656 3307 5744 65533 44416 2 0 1 4 65434 65422 8275 35693 8275 59 23 116 3 233 131 0 139 198 186 46 0 247 234 139 216
58658 3307 5746 65533 44416 2 0 1 4 65434 65422 8275 35693 8275 116 3 233 131 0 139 198 186 46 0 247 234 139 216 138 135
58660 3307 5748 65533 44416 2 0 1 4 65434 65422 8275 35693 8275 233 131 0 139 198 186 46 0 247 234 139 216 138 135 219 18
58794 3307 5882 65533 44416 2 0 1 4 65434 65422 8275 35693 8275 65 160 126 237 180 0 59 193 126 3 233 233 248 95 94 139
58795 3307 5883 65533 44416 3 0 1 4 65434 65422 8275 35693 8275 160 126 237 180 0 59 193 126 3 233 233 248 95 94 139 229
58798 3307 5886 65302 44416 3 0 1 4 65434 65422 8275 35693 8275 180 0 59 193 126 3 233 233 248 95 94 139 229 93 203 85
58800 3307 5888 22 44416 3 0 1 4 65434 65422 8275 35693 8275 59 193 126 3 233 233 248 95 94 139 229 93 203 85 139 236
58802 3307 5890 22 44416 3 0 1 4 65434 65422 8275 35693 8275 126 3 233 233 248 95 94 139 229 93 203 85 139 236 128 62
58804 3307 5892 22 44416 3 0 1 4 65434 65422 8275 35693 8275 233 233 248 95 94 139 229 93 203 85 139 236 128 62 3 233
56992 3307 4080 22 44416 3 0 1 4 65434 65422 8275 35693 8275 139 193 209 224 5 124 173 137 70 252 139 193 209 224 5 208
56994 3307 4082 3 44416 3 0 1 4 65434 65422 8275 35693 8275 209 224 5 124 173 137 70 252 139 193 209 224 5 208 174 137
56996 3307 4084 6 44416 3 0 1 4 65434 65422 8275 35693 8275 5 124 173 137 70 252 139 193 209 224 5 208 174 137 70 250
56999 3307 4087 44418 44416 3 0 1 4 65434 65422 8275 35693 8275 137 70 252 139 193 209 224 5 208 174 137 70 250 139 193 209
57002 3307 4090 44418 44416 3 0 1 4 65434 65422 8275 35693 8275 139 193 209 224 5 208 174 137 70 250 139 193 209 224 5 204
57004 3307 4092 3 44416 3 0 1 4 65434 65422 8275 35693 8275 209 224 5 208 174 137 70 250 139 193 209 224 5 204 178 137
57006 3307 4094 6 44416 3 0 1 4 65434 65422 8275 35693 8275 5 208 174 137 70 250 139 193 209 224 5 204 178 137 70 248
57009 3307 4097 44758 44416 3 0 1 4 65434 65422 8275 35693 8275 137 70 250 139 193 209 224 5 204 178 137 70 248 139 198 186
57012 3307 4100 44758 44416 3 0 1 4 65434 65422 8275 35693 8275 139 193 209 224 5 204 178 137 70 248 139 198 186 46 0 247
57014 3307 4102 3 44416 3 0 1 4 65434 65422 8275 35693 8275 209 224 5 204 178 137 70 248 139 198 186 46 0 247 234 139
57016 3307 4104 6 44416 3 0 1 4 65434 65422 8275 35693 8275 5 204 178 137 70 248 139 198 186 46 0 247 234 139 216 138
57019 3307 4107 45778 44416 3 0 1 4 65434 65422 8275 35693 8275 137 70 248 139 198 186 46 0 247 234 139 216 138 135 118 19
57022 3307 4110 45778 44416 3 0 1 4 65434 65422 8275 35693 8275 139 198 186 46 0 247 234 139 216 138 135 118 19 152 139 86
57024 3307 4112 1 44416 3 0 1 4 65434 65422 8275 35693 8275 186 46 0 247 234 139 216 138 135 118 19 152 139 86 254 3
57027 3307 4115 1 44416 3 46 1 4 65434 65422 8275 35693 8275 247 234 139 216 138 135 118 19 152 139 86 254 3 208 139 94
57029 3307 4117 46 44416 3 0 1 4 65434 65422 8275 35693 8275 139 216 138 135 118 19 152 139 86 254 3 208 139 94 252 59
57031 3307 4119 46 46 3 0 1 4 65434 65422 8275 35693 8275 138 135 118 19 152 139 86 254 3 208 139 94 252 59 23 117
57035 3307 4123 0 46 3 0 1 4 65434 65422 8275 35693 8275 152 139 86 254 3 208 139 94 252 59 23 117 84 139 198 186
57036 3307 4124 0 46 3 0 1 4 65434 65422 8275 35693 8275 139 86 254 3 208 139 94 252 59 23 117 84 139 198 186 46
57039 3307 4127 0 46 3 3 1 4 65434 65422 8275 35693 8275 3 208 139 94 252 59 23 117 84 139 198 186 46 0 247 234
57041 3307 4129 0 46 3 3 1 4 65434 65422 8275 35693 8275 139 94 252 59 23 117 84 139 198 186 46 0 247 234 139 216
57044 3307 4132 0 44418 3 3 1 4 65434 65422 8275 35693 8275 59 23 117 84 139 198 186 46 0 247 234 139 216 138 135 190
57046 3307 4134 0 44418 3 3 1 4 65434 65422 8275 35693 8275 117 84 139 198 186 46 0 247 234 139 216 138 135 190 18 152
57048 3307 4136 0 44418 3 3 1 4 65434 65422 8275 35693 8275 139 198 186 46 0 247 234 139 216 138 135 190 18 152 139 215
57050 3307 4138 1 44418 3 3 1 4 65434 65422 8275 35693 8275 186 46 0 247 234 139 216 138 135 190 18 152 139 215 3 208
57053 3307 4141 1 44418 3 46 1 4 65434 65422 8275 35693 8275 247 234 139 216 138 135 190 18 152 139 215 3 208 139 94 250
57055 3307 4143 46 44418 3 0 1 4 65434 65422 8275 35693 8275 139 216 138 135 190 18 152 139 215 3 208 139 94 250 59 23
57057 3307 4145 46 46 3 0 1 4 65434 65422 8275 35693 8275 138 135 190 18 152 139 215 3 208 139 94 250 59 23 117 59
57061 3307 4149 0 46 3 0 1 4 65434 65422 8275 35693 8275 152 139 215 3 208 139 94 250 59 23 117 59 139 94 248 199
57062 3307 4150 0 46 3 0 1 4 65434 65422 8275 35693 8275 139 215 3 208 139 94 250 59 23 117 59 139 94 248 199 7
57064 3307 4152 0 46 3 4 1 4 65434 65422 8275 35693 8275 3 208 139 94 250 59 23 117 59 139 94 248 199 7 1 0
57066 3307 4154 0 46 3 4 1 4 65434 65422 8275 35693 8275 139 94 250 59 23 117 59 139 94 248 199 7 1 0 160 174
57069 3307 4157 0 44758 3 4 1 4 65434 65422 8275 35693 8275 59 23 117 59 139 94 248 199 7 1 0 160 174 196 180 0
57071 3307 4159 0 44758 3 4 1 4 65434 65422 8275 35693 8275 117 59 139 94 248 199 7 1 0 160 174 196 180 0 11 192
57132 3307 4220 0 44758 3 4 1 4 65434 65422 8275 35693 8275 139 198 186 46 0 247 234 139 216 138 135 123 19 152 139 86
57134 3307 4222 1 44758 3 4 1 4 65434 65422 8275 35693 8275 186 46 0 247 234 139 216 138 135 123 19 152 139 86 254 3
57137 3307 4225 1 44758 3 46 1 4 65434 65422 8275 35693 8275 247 234 139 216 138 135 123 19 152 139 86 254 3 208 139 94
57139 3307 4227 46 44758 3 0 1 4 65434 65422 8275 35693 8275 139 216 138 135 123 19 152 139 86 254 3 208 139 94 252 59
57141 3307 4229 46 46 3 0 1 4 65434 65422 8275 35693 8275 138 135 123 19 152 139 86 254 3 208 139 94 252 59 23 117
57145 3307 4233 255 46 3 0 1 4 65434 65422 8275 35693 8275 152 139 86 254 3 208 139 94 252 59 23 117 93 139 198 186
57146 3307 4234 65535 46 3 0 1 4 65434 65422 8275 35693 8275 139 86 254 3 208 139 94 252 59 23 117 93 139 198 186 46
57149 3307 4237 65535 46 3 3 1 4 65434 65422 8275 35693 8275 3 208 139 94 252 59 23 117 93 139 198 186 46 0 247 234
57151 3307 4239 65535 46 3 2 1 4 65434 65422 8275 35693 8275 139 94 252 59 23 117 93 139 198 186 46 0 247 234 139 216
57154 3307 4242 65535 44418 3 2 1 4 65434 65422 8275 35693 8275 59 23 117 93 139 198 186 46 0 247 234 139 216 138 135 195
57156 3307 4244 65535 44418 3 2 1 4 65434 65422 8275 35693 8275 117 93 139 198 186 46 0 247 234 139 216 138 135 195 18 152
57251 3307 4339 65535 44418 3 2 1 4 65434 65422 8275 35693 8275 139 198 186 46 0 247 234 139 216 138 135 121 19 152 139 86
57253 3307 4341 1 44418 3 2 1 4 65434 65422 8275 35693 8275 186 46 0 247 234 139 216 138 135 121 19 152 139 86 254 3
57256 3307 4344 1 44418 3 46 1 4 65434 65422 8275 35693 8275 247 234 139 216 138 135 121 19 152 139 86 254 3 208 139 94
57258 3307 4346 46 44418 3 0 1 4 65434 65422 8275 35693 8275 139 216 138 135 121 19 152 139 86 254 3 208 139 94 252 59
57260 3307 4348 46 46 3 0 1 4 65434 65422 8275 35693 8275 138 135 121 19 152 139 86 254 3 208 139 94 252 59 23 117
57264 3307 4352 255 46 3 0 1 4 65434 65422 8275 35693 8275 152 139 86 254 3 208 139 94 252 59 23 117 103 139 198 186
57265 3307 4353 65535 46 3 0 1 4 65434 65422 8275 35693 8275 139 86 254 3 208 139 94 252 59 23 117 103 139 198 186 46
57268 3307 4356 65535 46 3 3 1 4 65434 65422 8275 35693 8275 3 208 139 94 252 59 23 117 103 139 198 186 46 0 247 234
57270 3307 4358 65535 46 3 2 1 4 65434 65422 8275 35693 8275 139 94 252 59 23 117 103 139 198 186 46 0 247 234 139 216
57273 3307 4361 65535 44418 3 2 1 4 65434 65422 8275 35693 8275 59 23 117 103 139 198 186 46 0 247 234 139 216 138 135 193
57275 3307 4363 65535 44418 3 2 1 4 65434 65422 8275 35693 8275 117 103 139 198 186 46 0 247 234 139 216 138 135 193 18 152
57380 3307 4468 65535 44418 3 2 1 4 65434 65422 8275 35693 8275 139 198 186 46 0 247 234 139 216 138 135 125 19 152 139 86
57382 3307 4470 1 44418 3 2 1 4 65434 65422 8275 35693 8275 186 46 0 247 234 139 216 138 135 125 19 152 139 86 254 3
57385 3307 4473 1 44418 3 46 1 4 65434 65422 8275 35693 8275 247 234 139 216 138 135 125 19 152 139 86 254 3 208 139 94
57387 3307 4475 46 44418 3 0 1 4 65434 65422 8275 35693 8275 139 216 138 135 125 19 152 139 86 254 3 208 139 94 252 59
57389 3307 4477 46 46 3 0 1 4 65434 65422 8275 35693 8275 138 135 125 19 152 139 86 254 3 208 139 94 252 59 23 117
57393 3307 4481 255 46 3 0 1 4 65434 65422 8275 35693 8275 152 139 86 254 3 208 139 94 252 59 23 117 103 139 198 186
57394 3307 4482 65535 46 3 0 1 4 65434 65422 8275 35693 8275 139 86 254 3 208 139 94 252 59 23 117 103 139 198 186 46
57397 3307 4485 65535 46 3 3 1 4 65434 65422 8275 35693 8275 3 208 139 94 252 59 23 117 103 139 198 186 46 0 247 234
57399 3307 4487 65535 46 3 2 1 4 65434 65422 8275 35693 8275 139 94 252 59 23 117 103 139 198 186 46 0 247 234 139 216
57402 3307 4490 65535 44418 3 2 1 4 65434 65422 8275 35693 8275 59 23 117 103 139 198 186 46 0 247 234 139 216 138 135 197
57404 3307 4492 65535 44418 3 2 1 4 65434 65422 8275 35693 8275 117 103 139 198 186 46 0 247 234 139 216 138 135 197 18 152
57509 3307 4597 65535 44418 3 2 1 4 65434 65422 8275 35693 8275 139 198 186 46 0 247 234 139 216 138 135 130 19 152 139 86
57511 3307 4599 1 44418 3 2 1 4 65434 65422 8275 35693 8275 186 46 0 247 234 139 216 138 135 130 19 152 139 86 254 3
57514 3307 4602 1 44418 3 46 1 4 65434 65422 8275 35693 8275 247 234 139 216 138 135 130 19 152 139 86 254 3 208 139 94
57516 3307 4604 46 44418 3 0 1 4 65434 65422 8275 35693 8275 139 216 138 135 130 19 152 139 86 254 3 208 139 94 252 59
57518 3307 4606 46 46 3 0 1 4 65434 65422 8275 35693 8275 138 135 130 19 152 139 86 254 3 208 139 94 252 59 23 117
57522 3307 4610 254 46 3 0 1 4 65434 65422 8275 35693 8275 152 139 86 254 3 208 139 94 252 59 23 117 102 139 198 186
57523 3307 4611 65534 46 3 0 1 4 65434 65422 8275 35693 8275 139 86 254 3 208 139 94 252 59 23 117 102 139 198 186 46
57526 3307 4614 65534 46 3 3 1 4 65434 65422 8275 35693 8275 3 208 139 94 252 59 23 117 102 139 198 186 46 0 247 234
57528 3307 4616 65534 46 3 1 1 4 65434 65422 8275 35693 8275 139 94 252 59 23 117 102 139 198 186 46 0 247 234 139 216
57531 3307 4619 65534 44418 3 1 1 4 65434 65422 8275 35693 8275 59 23 117 102 139 198 186 46 0 247 234 139 216 138 135 202
57533 3307 4621 65534 44418 3 1 1 4 65434 65422 8275 35693 8275 117 102 139 198 186 46 0 247 234 139 216 138 135 202 18 152
57637 3307 4725 65534 44418 3 1 1 4 65434 65422 8275 35693 8275 139 198 186 46 0 247 234 139 216 138 135 128 19 152 139 86
57639 3307 4727 1 44418 3 1 1 4 65434 65422 8275 35693 8275 186 46 0 247 234 139 216 138 135 128 19 152 139 86 254 3
57642 3307 4730 1 44418 3 46 1 4 65434 65422 8275 35693 8275 247 234 139 216 138 135 128 19 152 139 86 254 3 208 139 94
57644 3307 4732 46 44418 3 0 1 4 65434 65422 8275 35693 8275 139 216 138 135 128 19 152 139 86 254 3 208 139 94 252 59
57646 3307 4734 46 46 3 0 1 4 65434 65422 8275 35693 8275 138 135 128 19 152 139 86 254 3 208 139 94 252 59 23 116
57650 3307 4738 254 46 3 0 1 4 65434 65422 8275 35693 8275 152 139 86 254 3 208 139 94 252 59 23 116 3 233 131 0
57651 3307 4739 65534 46 3 0 1 4 65434 65422 8275 35693 8275 139 86 254 3 208 139 94 252 59 23 116 3 233 131 0 139
57654 3307 4742 65534 46 3 3 1 4 65434 65422 8275 35693 8275 3 208 139 94 252 59 23 116 3 233 131 0 139 198 186 46
57656 3307 4744 65534 46 3 1 1 4 65434 65422 8275 35693 8275 139 94 252 59 23 116 3 233 131 0 139 198 186 46 0 247
57659 3307 4747 65534 44418 3 1 1 4 65434 65422 8275 35693 8275 59 23 116 3 233 131 0 139 198 186 46 0 247 234 139 216
57661 3307 4749 65534 44418 3 1 1 4 65434 65422 8275 35693 8275 116 3 233 131 0 139 198 186 46 0 247 234 139 216 138 135
57663 3307 4751 65534 44418 3 1 1 4 65434 65422 8275 35693 8275 233 131 0 139 198 186 46 0 247 234 139 216 138 135 200 18
57797 3307 4885 65534 44418 3 1 1 4 65434 65422 8275 35693 8275 139 198 186 46 0 247 234 139 216 138 135 132 19 152 139 86
57799 3307 4887 1 44418 3 1 1 4 65434 65422 8275 35693 8275 186 46 0 247 234 139 216 138 135 132 19 152 139 86 254 3
57802 3307 4890 1 44418 3 46 1 4 65434 65422 8275 35693 8275 247 234 139 216 138 135 132 19 152 139 86 254 3 208 139 94
57804 3307 4892 46 44418 3 0 1 4 65434 65422 8275 35693 8275 139 216 138 135 132 19 152 139 86 254 3 208 139 94 252 59
57806 3307 4894 46 46 3 0 1 4 65434 65422 8275 35693 8275 138 135 132 19 152 139 86 254 3 208 139 94 252 59 23 116
57810 3307 4898 254 46 3 0 1 4 65434 65422 8275 35693 8275 152 139 86 254 3 208 139 94 252 59 23 116 3 233 131 0
57811 3307 4899 65534 46 3 0 1 4 65434 65422 8275 35693 8275 139 86 254 3 208 139 94 252 59 23 116 3 233 131 0 139
57814 3307 4902 65534 46 3 3 1 4 65434 65422 8275 35693 8275 3 208 139 94 252 59 23 116 3 233 131 0 139 198 186 46
57816 3307 4904 65534 46 3 1 1 4 65434 65422 8275 35693 8275 139 94 252 59 23 116 3 233 131 0 139 198 186 46 0 247
57819 3307 4907 65534 44418 3 1 1 4 65434 65422 8275 35693 8275 59 23 116 3 233 131 0 139 198 186 46 0 247 234 139 216
57821 3307 4909 65534 44418 3 1 1 4 65434 65422 8275 35693 8275 116 3 233 131 0 139 198 186 46 0 247 234 139 216 138 135
57823 3307 4911 65534 44418 3 1 1 4 65434 65422 8275 35693 8275 233 131 0 139 198 186 46 0 247 234 139 216 138 135 204 18
57957 3307 5045 65534 44418 3 1 1 4 65434 65422 8275 35693 8275 139 198 186 46 0 247 234 139 216 138 135 143 19 152 139 86
57959 3307 5047 1 44418 3 1 1 4 65434 65422 8275 35693 8275 186 46 0 247 234 139 216 138 135 143 19 152 139 86 254 3
57962 3307 5050 1 44418 3 46 1 4 65434 65422 8275 35693 8275 247 234 139 216 138 135 143 19 152 139 86 254 3 208 139 94
57964 3307 5052 46 44418 3 0 1 4 65434 65422 8275 35693 8275 139 216 138 135 143 19 152 139 86 254 3 208 139 94 252 59
57966 3307 5054 46 46 3 0 1 4 65434 65422 8275 35693 8275 138 135 143 19 152 139 86 254 3 208 139 94 252 59 23 117
57970 3307 5058 253 46 3 0 1 4 65434 65422 8275 35693 8275 152 139 86 254 3 208 139 94 252 59 23 117 111 139 198 186
57971 3307 5059 65533 46 3 0 1 4 65434 65422 8275 35693 8275 139 86 254 3 208 139 94 252 59 23 117 111 139 198 186 46
57974 3307 5062 65533 46 3 3 1 4 65434 65422 8275 35693 8275 3 208 139 94 252 59 23 117 111 139 198 186 46 0 247 234
57976 3307 5064 65533 46 3 0 1 4 65434 65422 8275 35693 8275 139 94 252 59 23 117 111 139 198 186 46 0 247 234 139 216
57979 3307 5067 65533 44418 3 0 1 4 65434 65422 8275 35693 8275 59 23 117 111 139 198 186 46 0 247 234 139 216 138 135 215
57981 3307 5069 65533 44418 3 0 1 4 65434 65422 8275 35693 8275 117 111 139 198 186 46 0 247 234 139 216 138 135 215 18 152
58094 3307 5182 65533 44418 3 0 1 4 65434 65422 8275 35693 8275 139 198 186 46 0 247 234 139 216 138 135 141 19 152 139 86
58096 3307 5184 1 44418 3 0 1 4 65434 65422 8275 35693 8275 186 46 0 247 234 139 216 138 135 141 19 152 139 86 254 3
58099 3307 5187 1 44418 3 46 1 4 65434 65422 8275 35693 8275 247 234 139 216 138 135 141 19 152 139 86 254 3 208 139 94
58101 3307 5189 46 44418 3 0 1 4 65434 65422 8275 35693 8275 139 216 138 135 141 19 152 139 86 254 3 208 139 94 252 59
58103 3307 5191 46 46 3 0 1 4 65434 65422 8275 35693 8275 138 135 141 19 152 139 86 254 3 208 139 94 252 59 23 116
58107 3307 5195 253 46 3 0 1 4 65434 65422 8275 35693 8275 152 139 86 254 3 208 139 94 252 59 23 116 3 233 161 0
58108 3307 5196 65533 46 3 0 1 4 65434 65422 8275 35693 8275 139 86 254 3 208 139 94 252 59 23 116 3 233 161 0 139
58111 3307 5199 65533 46 3 3 1 4 65434 65422 8275 35693 8275 3 208 139 94 252 59 23 116 3 233 161 0 139 198 186 46
58113 3307 5201 65533 46 3 0 1 4 65434 65422 8275 35693 8275 139 94 252 59 23 116 3 233 161 0 139 198 186 46 0 247
58116 3307 5204 65533 44418 3 0 1 4 65434 65422 8275 35693 8275 59 23 116 3 233 161 0 139 198 186 46 0 247 234 139 216
58118 3307 5206 65533 44418 3 0 1 4 65434 65422 8275 35693 8275 116 3 233 161 0 139 198 186 46 0 247 234 139 216 138 135
58120 3307 5208 65533 44418 3 0 1 4 65434 65422 8275 35693 8275 233 161 0 139 198 186 46 0 247 234 139 216 138 135 213 18
58284 3307 5372 65533 44418 3 0 1 4 65434 65422 8275 35693 8275 139 198 186 46 0 247 234 139 216 138 135 139 19 152 139 86
58286 3307 5374 1 44418 3 0 1 4 65434 65422 8275 35693 8275 186 46 0 247 234 139 216 138 135 139 19 152 139 86 254 3
58289 3307 5377 1 44418 3 46 1 4 65434 65422 8275 35693 8275 247 234 139 216 138 135 139 19 152 139 86 254 3 208 139 94
58291 3307 5379 46 44418 3 0 1 4 65434 65422 8275 35693 8275 139 216 138 135 139 19 152 139 86 254 3 208 139 94 252 59
58293 3307 5381 46 46 3 0 1 4 65434 65422 8275 35693 8275 138 135 139 19 152 139 86 254 3 208 139 94 252 59 23 116
58297 3307 5385 253 46 3 0 1 4 65434 65422 8275 35693 8275 152 139 86 254 3 208 139 94 252 59 23 116 3 233 131 0
58298 3307 5386 65533 46 3 0 1 4 65434 65422 8275 35693 8275 139 86 254 3 208 139 94 252 59 23 116 3 233 131 0 139
58301 3307 5389 65533 46 3 3 1 4 65434 65422 8275 35693 8275 3 208 139 94 252 59 23 116 3 233 131 0 139 198 186 46
58303 3307 5391 65533 46 3 0 1 4 65434 65422 8275 35693 8275 139 94 252 59 23 116 3 233 131 0 139 198 186 46 0 247
58306 3307 5394 65533 44418 3 0 1 4 65434 65422 8275 35693 8275 59 23 116 3 233 131 0 139 198 186 46 0 247 234 139 216
58308 3307 5396 65533 44418 3 0 1 4 65434 65422 8275 35693 8275 116 3 233 131 0 139 198 186 46 0 247 234 139 216 138 135
58310 3307 5398 65533 44418 3 0 1 4 65434 65422 8275 35693 8275 233 131 0 139 198 186 46 0 247 234 139 216 138 135 211 18
58444 3307 5532 65533 44418 3 0 1 4 65434 65422 8275 35693 8275 139 198 186 46 0 247 234 139 216 138 135 145 19 152 139 86
58446 3307 5534 1 44418 3 0 1 4 65434 65422 8275 35693 8275 186 46 0 247 234 139 216 138 135 145 19 152 139 86 254 3
58449 3307 5537 1 44418 3 46 1 4 65434 65422 8275 35693 8275 247 234 139 216 138 135 145 19 152 139 86 254 3 208 139 94
58451 3307 5539 46 44418 3 0 1 4 65434 65422 8275 35693 8275 139 216 138 135 145 19 152 139 86 254 3 208 139 94 252 59
58453 3307 5541 46 46 3 0 1 4 65434 65422 8275 35693 8275 138 135 145 19 152 139 86 254 3 208 139 94 252 59 23 116
58457 3307 5545 253 46 3 0 1 4 65434 65422 8275 35693 8275 152 139 86 254 3 208 139 94 252 59 23 116 3 233 161 0
58458 3307 5546 65533 46 3 0 1 4 65434 65422 8275 35693 8275 139 86 254 3 208 139 94 252 59 23 116 3 233 161 0 139
58461 3307 5549 65533 46 3 3 1 4 65434 65422 8275 35693 8275 3 208 139 94 252 59 23 116 3 233 161 0 139 198 186 46
58463 3307 5551 65533 46 3 0 1 4 65434 65422 8275 35693 8275 139 94 252 59 23 116 3 233 161 0 139 198 186 46 0 247
58466 3307 5554 65533 44418 3 0 1 4 65434 65422 8275 35693 8275 59 23 116 3 233 161 0 139 198 186 46 0 247 234 139 216
58468 3307 5556 65533 44418 3 0 1 4 65434 65422 8275 35693 8275 116 3 233 161 0 139 198 186 46 0 247 234 139 216 138 135
58470 3307 5558 65533 44418 3 0 1 4 65434 65422 8275 35693 8275 233 161 0 139 198 186 46 0 247 234 139 216 138 135 217 18
58634 3307 5722 65533 44418 3 0 1 4 65434 65422 8275 35693 8275 139 198 186 46 0 247 234 139 216 138 135 147 19 152 139 86
58636 3307 5724 1 44418 3 0 1 4 65434 65422 8275 35693 8275 186 46 0 247 234 139 216 138 135 147 19 152 139 86 254 3
58639 3307 5727 1 44418 3 46 1 4 65434 65422 8275 35693 8275 247 234 139 216 138 135 147 19 152 139 86 254 3 208 139 94
58641 3307 5729 46 44418 3 0 1 4 65434 65422 8275 35693 8275 139 216 138 135 147 19 152 139 86 254 3 208 139 94 252 59
58643 3307 5731 46 46 3 0 1 4 65434 65422 8275 35693 8275 138 135 147 19 152 139 86 254 3 208 139 94 252 59 23 116
58647 3307 5735 253 46 3 0 1 4 65434 65422 8275 35693 8275 152 139 86 254 3 208 139 94 252 59 23 116 3 233 131 0
58648 3307 5736 65533 46 3 0 1 4 65434 65422 8275 35693 8275 139 86 254 3 208 139 94 252 59 23 116 3 233 131 0 139
58651 3307 5739 65533 46 3 3 1 4 65434 65422 8275 35693 8275 3 208 139 94 252 59 23 116 3 233 131 0 139 198 186 46
58653 3307 5741 65533 46 3 0 1 4 65434 65422 8275 35693 8275 139 94 252 59 23 116 3 233 131 0 139 198 186 46 0 247
58656 3307 5744 65533 44418 3 0 1 4 65434 65422 8275 35693 8275 59 23 116 3 233 131 0 139 198 186 46 0 247 234 139 216
58658 3307 5746 65533 44418 3 0 1 4 65434 65422 8275 35693 8275 116 3 233 131 0 139 198 186 46 0 247 234 139 216 138 135
58660 3307 5748 65533 44418 3 0 1 4 65434 65422 8275 35693 8275 233 131 0 139 198 186 46 0 247 234 139 216 138 135 219 18
58794 3307 5882 65533 44418 3 0 1 4 65434 65422 8275 35693 8275 65 160 126 237 180 0 59 193 126 3 233 233 248 95 94 139
58795 3307 5883 65533 44418 4 0 1 4 65434 65422 8275 35693 8275 160 126 237 180 0 59 193 126 3 233 233 248 95 94 139 229
58798 3307 5886 65302 44418 4 0 1 4 65434 65422 8275 35693 8275 180 0 59 193 126 3 233 233 248 95 94 139 229 93 203 85
58800 3307 5888 22 44418 4 0 1 4 65434 65422 8275 35693 8275 59 193 126 3 233 233 248 95 94 139 229 93 203 85 139 236
58802 3307 5890 22 44418 4 0 1 4 65434 65422 8275 35693 8275 126 3 233 233 248 95 94 139 229 93 203 85 139 236 128 62
58804 3307 5892 22 44418 4 0 1 4 65434 65422 8275 35693 8275 233 233 248 95 94 139 229 93 203 85 139 236 128 62 3 233
56992 3307 4080 22 44418 4 0 1 4 65434 65422 8275 35693 8275 139 193 209 224 5 124 173 137 70 252 139 193 209 224 5 208
56994 3307 4082 4 44418 4 0 1 4 65434 65422 8275 35693 8275 209 224 5 124 173 137 70 252 139 193 209 224 5 208 174 137
56996 3307 4084 8 44418 4 0 1 4 65434 65422 8275 35693 8275 5 124 173 137 70 252 139 193 209 224 5 208 174 137 70 250
56999 3307 4087 44420 44418 4 0 1 4 65434 65422 8275 35693 8275 137 70 252 139 193 209 224 5 208 174 137 70 250 139 193 209
57002 3307 4090 44420 44418 4 0 1 4 65434 65422 8275 35693 8275 139 193 209 224 5 208 174 137 70 250 139 193 209 224 5 204
57004 3307 4092 4 44418 4 0 1 4 65434 65422 8275 35693 8275 209 224 5 208 174 137 70 250 139 193 209 224 5 204 178 137
57006 3307 4094 8 44418 4 0 1 4 65434 65422 8275 35693 8275 5 208 174 137 70 250 139 193 209 224 5 204 178 137 70 248
57009 3307 4097 44760 44418 4 0 1 4 65434 65422 8275 35693 8275 137 70 250 139 193 209 224 5 204 178 137 70 248 139 198 186
57012 3307 4100 44760 44418 4 0 1 4 65434 65422 8275 35693 8275 139 193 209 224 5 204 178 137 70 248 139 198 186 46 0 247
57014 3307 4102 4 44418 4 0 1 4 65434 65422 8275 35693 8275 209 224 5 204 178 137 70 248 139 198 186 46 0 247 234 139
57016 3307 4104 8 44418 4 0 1 4 65434 65422 8275 35693 8275 5 204 178 137 70 248 139 198 186 46 0 247 234 139 216 138
57019 3307 4107 45780 44418 4 0 1 4 65434 65422 8275 35693 8275 137 70 248 139 198 186 46 0 247 234 139 216 138 135 118 19
57022 3307 4110 45780 44418 4 0 1 4 65434 65422 8275 35693 8275 139 198 186 46 0 247 234 139 216 138 135 118 19 152 139 86
57024 3307 4112 1 44418 4 0 1 4 65434 65422 8275 35693 8275 186 46 0 247 234 139 216 138 135 118 19 152 139 86 254 3
57027 3307 4115 1 44418 4 46 1 4 65434 65422 8275 35693 8275 247 234 139 216 138 135 118 19 152 139 86 254 3 208 139 94
57029 3307 4117 46 44418 4 0 1 4 65434 65422 8275 35693 8275 139 216 138 135 118 19 152 139 86 254 3 208 139 94 252 59
57031 3307 4119 46 46 4 0 1 4 65434 65422 8275 35693 8275 138 135 118 19 152 139 86 254 3 208 139 94 252 59 23 117
57035 3307 4123 0 46 4 0 1 4 65434 65422 8275 35693 8275 152 139 86 254 3 208 139 94 252 59 23 117 84 139 198 186
57036 3307 4124 0 46 4 0 1 4 65434 65422 8275 35693 8275 139 86 254 3 208 139 94 252 59 23 117 84 139 198 186 46
57039 3307 4127 0 46 4 3 1 4 65434 65422 8275 35693 8275 3 208 139 94 252 59 23 117 84 139 198 186 46 0 247 234
57041 3307 4129 0 46 4 3 1 4 65434 65422 8275 35693 8275 139 94 252 59 23 117 84 139 198 186 46 0 247 234 139 216
57044 3307 4132 0 44420 4 3 1 4 65434 65422 8275 35693 8275 59 23 117 84 139 198 186 46 0 247 234 139 216 138 135 190
57046 3307 4134 0 44420 4 3 1 4 65434 65422 8275 35693 8275 117 84 139 198 186 46 0 247 234 139 216 138 135 190 18 152
57048 3307 4136 0 44420 4 3 1 4 65434 65422 8275 35693 8275 139 198 186 46 0 247 234 139 216 138 135 190 18 152 139 215
57050 3307 4138 1 44420 4 3 1 4 65434 65422 8275 35693 8275 186 46 0 247 234 139 216 138 135 190 18 152 139 215 3 208
57053 3307 4141 1 44420 4 46 1 4 65434 65422 8275 35693 8275 247 234 139 216 138 135 190 18 152 139 215 3 208 139 94 250
57055 3307 4143 46 44420 4 0 1 4 65434 65422 8275 35693 8275 139 216 138 135 190 18 152 139 215 3 208 139 94 250 59 23
57057 3307 4145 46 46 4 0 1 4 65434 65422 8275 35693 8275 138 135 190 18 152 139 215 3 208 139 94 250 59 23 117 59
57061 3307 4149 0 46 4 0 1 4 65434 65422 8275 35693 8275 152 139 215 3 208 139 94 250 59 23 117 59 139 94 248 199
57062 3307 4150 0 46 4 0 1 4 65434 65422 8275 35693 8275 139 215 3 208 139 94 250 59 23 117 59 139 94 248 199 7
57064 3307 4152 0 46 4 4 1 4 65434 65422 8275 35693 8275 3 208 139 94 250 59 23 117 59 139 94 248 199 7 1 0
57066 3307 4154 0 46 4 4 1 4 65434 65422 8275 35693 8275 139 94 250 59 23 117 59 139 94 248 199 7 1 0 160 174
57069 3307 4157 0 44760 4 4 1 4 65434 65422 8275 35693 8275 59 23 117 59 139 94 248 199 7 1 0 160 174 196 180 0
57071 3307 4159 0 44760 4 4 1 4 65434 65422 8275 35693 8275 117 59 139 94 248 199 7 1 0 160 174 196 180 0 11 192
57132 3307 4220 0 44760 4 4 1 4 65434 65422 8275 35693 8275 139 198 186 46 0 247 234 139 216 138 135 123 19 152 139 86
57134 3307 4222 1 44760 4 4 1 4 65434 65422 8275 35693 8275 186 46 0 247 234 139 216 138 135 123 19 152 139 86 254 3
57137 3307 4225 1 44760 4 46 1 4 65434 65422 8275 35693 8275 247 234 139 216 138 135 123 19 152 139 86 254 3 208 139 94
57139 3307 4227 46 44760 4 0 1 4 65434 65422 8275 35693 8275 139 216 138 135 123 19 152 139 86 254 3 208 139 94 252 59
57141 3307 4229 46 46 4 0 1 4 65434 65422 8275 35693 8275 138 135 123 19 152 139 86 254 3 208 139 94 252 59 23 117
57145 3307 4233 255 46 4 0 1 4 65434 65422 8275 35693 8275 152 139 86 254 3 208 139 94 252 59 23 117 93 139 198 186
57146 3307 4234 65535 46 4 0 1 4 65434 65422 8275 35693 8275 139 86 254 3 208 139 94 252 59 23 117 93 139 198 186 46
57149 3307 4237 65535 46 4 3 1 4 65434 65422 8275 35693 8275 3 208 139 94 252 59 23 117 93 139 198 186 46 0 247 234
57151 3307 4239 65535 46 4 2 1 4 65434 65422 8275 35693 8275 139 94 252 59 23 117 93 139 198 186 46 0 247 234 139 216
57154 3307 4242 65535 44420 4 2 1 4 65434 65422 8275 35693 8275 59 23 117 93 139 198 186 46 0 247 234 139 216 138 135 195
57156 3307 4244 65535 44420 4 2 1 4 65434 65422 8275 35693 8275 117 93 139 198 186 46 0 247 234 139 216 138 135 195 18 152
57251 3307 4339 65535 44420 4 2 1 4 65434 65422 8275 35693 8275 139 198 186 46 0 247 234 139 216 138 135 121 19 152 139 86
57253 3307 4341 1 44420 4 2 1 4 65434 65422 8275 35693 8275 186 46 0 247 234 139 216 138 135 121 19 152 139 86 254 3
57256 3307 4344 1 44420 4 46 1 4 65434 65422 8275 35693 8275 247 234 139 216 138 135 121 19 152 139 86 254 3 208 139 94
57258 3307 4346 46 44420 4 0 1 4 65434 65422 8275 35693 8275 139 216 138 135 121 19 152 139 86 254 3 208 139 94 252 59
57260 3307 4348 46 46 4 0 1 4 65434 65422 8275 35693 8275 138 135 121 19 152 139 86 254 3 208 139 94 252 59 23 117
57264 3307 4352 255 46 4 0 1 4 65434 65422 8275 35693 8275 152 139 86 254 3 208 139 94 252 59 23 117 103 139 198 186
57265 3307 4353 65535 46 4 0 1 4 65434 65422 8275 35693 8275 139 86 254 3 208 139 94 252 59 23 117 103 139 198 186 46
57268 3307 4356 65535 46 4 3 1 4 65434 65422 8275 35693 8275 3 208 139 94 252 59 23 117 103 139 198 186 46 0 247 234
57270 3307 4358 65535 46 4 2 1 4 65434 65422 8275 35693 8275 139 94 252 59 23 117 103 139 198 186 46 0 247 234 139 216
57273 3307 4361 65535 44420 4 2 1 4 65434 65422 8275 35693 8275 59 23 117 103 139 198 186 46 0 247 234 139 216 138 135 193
57275 3307 4363 65535 44420 4 2 1 4 65434 65422 8275 35693 8275 117 103 139 198 186 46 0 247 234 139 216 138 135 193 18 152
57380 3307 4468 65535 44420 4 2 1 4 65434 65422 8275 35693 8275 139 198 186 46 0 247 234 139 216 138 135 125 19 152 139 86
57382 3307 4470 1 44420 4 2 1 4 65434 65422 8275 35693 8275 186 46 0 247 234 139 216 138 135 125 19 152 139 86 254 3
57385 3307 4473 1 44420 4 46 1 4 65434 65422 8275 35693 8275 247 234 139 216 138 135 125 19 152 139 86 254 3 208 139 94
57387 3307 4475 46 44420 4 0 1 4 65434 65422 8275 35693 8275 139 216 138 135 125 19 152 139 86 254 3 208 139 94 252 59
57389 3307 4477 46 46 4 0 1 4 65434 65422 8275 35693 8275 138 135 125 19 152 139 86 254 3 208 139 94 252 59 23 117
57393 3307 4481 255 46 4 0 1 4 65434 65422 8275 35693 8275 152 139 86 254 3 208 139 94 252 59 23 117 103 139 198 186
57394 3307 4482 65535 46 4 0 1 4 65434 65422 8275 35693 8275 139 86 254 3 208 139 94 252 59 23 117 103 139 198 186 46
57397 3307 4485 65535 46 4 3 1 4 65434 65422 8275 35693 8275 3 208 139 94 252 59 23 117 103 139 198 186 46 0 247 234
57399 3307 4487 65535 46 4 2 1 4 65434 65422 8275 35693 8275 139 94 252 59 23 117 103 139 198 186 46 0 247 234 139 216
57402 3307 4490 65535 44420 4 2 1 4 65434 65422 8275 35693 8275 59 23 117 103 139 198 186 46 0 247 234 139 216 138 135 197
57404 3307 4492 65535 44420 4 2 1 4 65434 65422 8275 35693 8275 117 103 139 198 186 46 0 247 234 139 216 138 135 197 18 152
57509 3307 4597 65535 44420 4 2 1 4 65434 65422 8275 35693 8275 139 198 186 46 0 247 234 139 216 138 135 130 19 152 139 86
57511 3307 4599 1 44420 4 2 1 4 65434 65422 8275 35693 8275 186 46 0 247 234 139 216 138 135 130 19 152 139 86 254 3
57514 3307 4602 1 44420 4 46 1 4 65434 65422 8275 35693 8275 247 234 139 216 138 135 130 19 152 139 86 254 3 208 139 94
57516 3307 4604 46 44420 4 0 1 4 65434 65422 8275 35693 8275 139 216 138 135 130 19 152 139 86 254 3 208 139 94 252 59
57518 3307 4606 46 46 4 0 1 4 65434 65422 8275 35693 8275 138 135 130 19 152 139 86 254 3 208 139 94 252 59 23 117
57522 3307 4610 254 46 4 0 1 4 65434 65422 8275 35693 8275 152 139 86 254 3 208 139 94 252 59 23 117 102 139 198 186
57523 3307 4611 65534 46 4 0 1 4 65434 65422 8275 35693 8275 139 86 254 3 208 139 94 252 59 23 117 102 139 198 186 46
57526 3307 4614 65534 46 4 3 1 4 65434 65422 8275 35693 8275 3 208 139 94 252 59 23 117 102 139 198 186 46 0 247 234
57528 3307 4616 65534 46 4 1 1 4 65434 65422 8275 35693 8275 139 94 252 59 23 117 102 139 198 186 46 0 247 234 139 216
57531 3307 4619 65534 44420 4 1 1 4 65434 65422 8275 35693 8275 59 23 117 102 139 198 186 46 0 247 234 139 216 138 135 202
57533 3307 4621 65534 44420 4 1 1 4 65434 65422 8275 35693 8275 117 102 139 198 186 46 0 247 234 139 216 138 135 202 18 152
57637 3307 4725 65534 44420 4 1 1 4 65434 65422 8275 35693 8275 139 198 186 46 0 247 234 139 216 138 135 128 19 152 139 86
57639 3307 4727 1 44420 4 1 1 4 65434 65422 8275 35693 8275 186 46 0 247 234 139 216 138 135 128 19 152 139 86 254 3
57642 3307 4730 1 44420 4 46 1 4 65434 65422 8275 35693 8275 247 234 139 216 138 135 128 19 152 139 86 254 3 208 139 94
57644 3307 4732 46 44420 4 0 1 4 65434 65422 8275 35693 8275 139 216 138 135 128 19 152 139 86 254 3 208 139 94 252 59
57646 3307 4734 46 46 4 0 1 4 65434 65422 8275 35693 8275 138 135 128 19 152 139 86 254 3 208 139 94 252 59 23 116
57650 3307 4738 254 46 4 0 1 4 65434 65422 8275 35693 8275 152 139 86 254 3 208 139 94 252 59 23 116 3 233 131 0
57651 3307 4739 65534 46 4 0 1 4 65434 65422 8275 35693 8275 139 86 254 3 208 139 94 252 59 23 116 3 233 131 0 139
57654 3307 4742 65534 46 4 3 1 4 65434 65422 8275 35693 8275 3 208 139 94 252 59 23 116 3 233 131 0 139 198 186 46
57656 3307 4744 65534 46 4 1 1 4 65434 65422 8275 35693 8275 139 94 252 59 23 116 3 233 131 0 139 198 186 46 0 247
57659 3307 4747 65534 44420 4 1 1 4 65434 65422 8275 35693 8275 59 23 116 3 233 131 0 139 198 186 46 0 247 234 139 216
57661 3307 4749 65534 44420 4 1 1 4 65434 65422 8275 35693 8275 116 3 233 131 0 139 198 186 46 0 247 234 139 216 138 135
57663 3307 4751 65534 44420 4 1 1 4 65434 65422 8275 35693 8275 233 131 0 139 198 186 46 0 247 234 139 216 138 135 200 18
57797 3307 4885 65534 44420 4 1 1 4 65434 65422 8275 35693 8275 139 198 186 46 0 247 234 139 216 138 135 132 19 152 139 86
57799 3307 4887 1 44420 4 1 1 4 65434 65422 8275 35693 8275 186 46 0 247 234 139 216 138 135 132 19 152 139 86 254 3
57802 3307 4890 1 44420 4 46 1 4 65434 65422 8275 35693 8275 247 234 139 216 138 135 132 19 152 139 86 254 3 208 139 94
57804 3307 4892 46 44420 4 0 1 4 65434 65422 8275 35693 8275 139 216 138 135 132 19 152 139 86 254 3 208 139 94 252 59
57806 3307 4894 46 46 4 0 1 4 65434 65422 8275 35693 8275 138 135 132 19 152 139 86 254 3 208 139 94 252 59 23 116
57810 3307 4898 254 46 4 0 1 4 65434 65422 8275 35693 8275 152 139 86 254 3 208 139 94 252 59 23 116 3 233 131 0
57811 3307 4899 65534 46 4 0 1 4 65434 65422 8275 35693 8275 139 86 254 3 208 139 94 252 59 23 116 3 233 131 0 139
57814 3307 4902 65534 46 4 3 1 4 65434 65422 8275 35693 8275 3 208 139 94 252 59 23 116 3 233 131 0 139 198 186 46
57816 3307 4904 65534 46 4 1 1 4 65434 65422 8275 35693 8275 139 94 252 59 23 116 3 233 131 0 139 198 186 46 0 247
57819 3307 4907 65534 44420 4 1 1 4 65434 65422 8275 35693 8275 59 23 116 3 233 131 0 139 198 186 46 0 247 234 139 216
57821 3307 4909 65534 44420 4 1 1 4 65434 65422 8275 35693 8275 116 3 233 131 0 139 198 186 46 0 247 234 139 216 138 135
57823 3307 4911 65534 44420 4 1 1 4 65434 65422 8275 35693 8275 233 131 0 139 198 186 46 0 247 234 139 216 138 135 204 18
57957 3307 5045 65534 44420 4 1 1 4 65434 65422 8275 35693 8275 139 198 186 46 0 247 234 139 216 138 135 143 19 152 139 86
57959 3307 5047 1 44420 4 1 1 4 65434 65422 8275 35693 8275 186 46 0 247 234 139 216 138 135 143 19 152 139 86 254 3
57962 3307 5050 1 44420 4 46 1 4 65434 65422 8275 35693 8275 247 234 139 216 138 135 143 19 152 139 86 254 3 208 139 94
57964 3307 5052 46 44420 4 0 1 4 65434 65422 8275 35693 8275 139 216 138 135 143 19 152 139 86 254 3 208 139 94 252 59
57966 3307 5054 46 46 4 0 1 4 65434 65422 8275 35693 8275 138 135 143 19 152 139 86 254 3 208 139 94 252 59 23 117
57970 3307 5058 253 46 4 0 1 4 65434 65422 8275 35693 8275 152 139 86 254 3 208 139 94 252 59 23 117 111 139 198 186
57971 3307 5059 65533 46 4 0 1 4 65434 65422 8275 35693 8275 139 86 254 3 208 139 94 252 59 23 117 111 139 198 186 46
57974 3307 5062 65533 46 4 3 1 4 65434 65422 8275 35693 8275 3 208 139 94 252 59 23 117 111 139 198 186 46 0 247 234
57976 3307 5064 65533 46 4 0 1 4 65434 65422 8275 35693 8275 139 94 252 59 23 117 111 139 198 186 46 0 247 234 139 216
57979 3307 5067 65533 44420 4 0 1 4 65434 65422 8275 35693 8275 59 23 117 111 139 198 186 46 0 247 234 139 216 138 135 215
57981 3307 5069 65533 44420 4 0 1 4 65434 65422 8275 35693 8275 117 111 139 198 186 46 0 247 234 139 216 138 135 215 18 152
58094 3307 5182 65533 44420 4 0 1 4 65434 65422 8275 35693 8275 139 198 186 46 0 247 234 139 216 138 135 141 19 152 139 86
58096 3307 5184 1 44420 4 0 1 4 65434 65422 8275 35693 8275 186 46 0 247 234 139 216 138 135 141 19 152 139 86 254 3
58099 3307 5187 1 44420 4 46 1 4 65434 65422 8275 35693 8275 247 234 139 216 138 135 141 19 152 139 86 254 3 208 139 94
58101 3307 5189 46 44420 4 0 1 4 65434 65422 8275 35693 8275 139 216 138 135 141 19 152 139 86 254 3 208 139 94 252 59
58103 3307 5191 46 46 4 0 1 4 65434 65422 8275 35693 8275 138 135 141 19 152 139 86 254 3 208 139 94 252 59 23 116
58107 3307 5195 253 46 4 0 1 4 65434 65422 8275 35693 8275 152 139 86 254 3 208 139 94 252 59 23 116 3 233 161 0
58108 3307 5196 65533 46 4 0 1 4 65434 65422 8275 35693 8275 139 86 254 3 208 139 94 252 59 23 116 3 233 161 0 139
58111 3307 5199 65533 46 4 3 1 4 65434 65422 8275 35693 8275 3 208 139 94 252 59 23 116 3 233 161 0 139 198 186 46
58113 3307 5201 65533 46 4 0 1 4 65434 65422 8275 35693 8275 139 94 252 59 23 116 3 233 161 0 139 198 186 46 0 247
58116 3307 5204 65533 44420 4 0 1 4 65434 65422 8275 35693 8275 59 23 116 3 233 161 0 139 198 186 46 0 247 234 139 216
58118 3307 5206 65533 44420 4 0 1 4 65434 65422 8275 35693 8275 116 3 233 161 0 139 198 186 46 0 247 234 139 216 138 135
58120 3307 5208 65533 44420 4 0 1 4 65434 65422 8275 35693 8275 233 161 0 139 198 186 46 0 247 234 139 216 138 135 213 18
58284 3307 5372 65533 44420 4 0 1 4 65434 65422 8275 35693 8275 139 198 186 46 0 247 234 139 216 138 135 139 19 152 139 86
58286 3307 5374 1 44420 4 0 1 4 65434 65422 8275 35693 8275 186 46 0 247 234 139 216 138 135 139 19 152 139 86 254 3
58289 3307 5377 1 44420 4 46 1 4 65434 65422 8275 35693 8275 247 234 139 216 138 135 139 19 152 139 86 254 3 208 139 94
58291 3307 5379 46 44420 4 0 1 4 65434 65422 8275 35693 8275 139 216 138 135 139 19 152 139 86 254 3 208 139 94 252 59
58293 3307 5381 46 46 4 0 1 4 65434 65422 8275 35693 8275 138 135 139 19 152 139 86 254 3 208 139 94 252 59 23 116
58297 3307 5385 253 46 4 0 1 4 65434 65422 8275 35693 8275 152 139 86 254 3 208 139 94 252 59 23 116 3 233 131 0
58298 3307 5386 65533 46 4 0 1 4 65434 65422 8275 35693 8275 139 86 254 3 208 139 94 252 59 23 116 3 233 131 0 139
58301 3307 5389 65533 46 4 3 1 4 65434 65422 8275 35693 8275 3 208 139 94 252 59 23 116 3 233 131 0 139 198 186 46
58303 3307 5391 65533 46 4 0 1 4 65434 65422 8275 35693 8275 139 94 252 59 23 116 3 233 131 0 139 198 186 46 0 247
58306 3307 5394 65533 44420 4 0 1 4 65434 65422 8275 35693 8275 59 23 116 3 233 131 0 139 198 186 46 0 247 234 139 216
58308 3307 5396 65533 44420 4 0 1 4 65434 65422 8275 35693 8275 116 3 233 131 0 139 198 186 46 0 247 234 139 216 138 135
58310 3307 5398 65533 44420 4 0 1 4 65434 65422 8275 35693 8275 233 131 0 139 198 186 46 0 247 234 139 216 138 135 211 18
58444 3307 5532 65533 44420 4 0 1 4 65434 65422 8275 35693 8275 139 198 186 46 0 247 234 139 216 138 135 145 19 152 139 86
58446 3307 5534 1 44420 4 0 1 4 65434 65422 8275 35693 8275 186 46 0 247 234 139 216 138 135 145 19 152 139 86 254 3
58449 3307 5537 1 44420 4 46 1 4 65434 65422 8275 35693 8275 247 234 139 216 138 135 145 19 152 139 86 254 3 208 139 94
58451 3307 5539 46 44420 4 0 1 4 65434 65422 8275 35693 8275 139 216 138 135 145 19 152 139 86 254 3 208 139 94 252 59
58453 3307 5541 46 46 4 0 1 4 65434 65422 8275 35693 8275 138 135 145 19 152 139 86 254 3 208 139 94 252 59 23 116
58457 3307 5545 253 46 4 0 1 4 65434 65422 8275 35693 8275 152 139 86 254 3 208 139 94 252 59 23 116 3 233 161 0
58458 3307 5546 65533 46 4 0 1 4 65434 65422 8275 35693 8275 139 86 254 3 208 139 94 252 59 23 116 3 233 161 0 139
58461 3307 5549 65533 46 4 3 1 4 65434 65422 8275 35693 8275 3 208 139 94 252 59 23 116 3 233 161 0 139 198 186 46
58463 3307 5551 65533 46 4 0 1 4 65434 65422 8275 35693 8275 139 94 252 59 23 116 3 233 161 0 139 198 186 46 0 247
58466 3307 5554 65533 44420 4 0 1 4 65434 65422 8275 35693 8275 59 23 116 3 233 161 0 139 198 186 46 0 247 234 139 216
58468 3307 5556 65533 44420 4 0 1 4 65434 65422 8275 35693 8275 116 3 233 161 0 139 198 186 46 0 247 234 139 216 138 135
58470 3307 5558 65533 44420 4 0 1 4 65434 65422 8275 35693 8275 233 161 0 139 198 186 46 0 247 234 139 216 138 135 217 18
58634 3307 5722 65533 44420 4 0 1 4 65434 65422 8275 35693 8275 139 198 186 46 0 247 234 139 216 138 135 147 19 152 139 86
58636 3307 5724 1 44420 4 0 1 4 65434 65422 8275 35693 8275 186 46 0 247 234 139 216 138 135 147 19 152 139 86 254 3
58639 3307 5727 1 44420 4 46 1 4 65434 65422 8275 35693 8275 247 234 139 216 138 135 147 19 152 139 86 254 3 208 139 94
58641 3307 5729 46 44420 4 0 1 4 65434 65422 8275 35693 8275 139 216 138 135 147 19 152 139 86 254 3 208 139 94 252 59
58643 3307 5731 46 46 4 0 1 4 65434 65422 8275 35693 8275 138 135 147 19 152 139 86 254 3 208 139 94 252 59 23 116
58647 3307 5735 253 46 4 0 1 4 65434 65422 8275 35693 8275 152 139 86 254 3 208 139 94 252 59 23 116 3 233 131 0
58648 3307 5736 65533 46 4 0 1 4 65434 65422 8275 35693 8275 139 86 254 3 208 139 94 252 59 23 116 3 233 131 0 139
58651 3307 5739 65533 46 4 3 1 4 65434 65422 8275 35693 8275 3 208 139 94 252 59 23 116 3 233 131 0 139 198 186 46
58653 3307 5741 65533 46 4 0 1 4 65434 65422 8275 35693 8275 139 94 252 59 23 116 3 233 131 0 139 198 186 46 0 247
58656 3307 5744 65533 44420 4 0 1 4 65434 65422 8275 35693 8275 59 23 116 3 233 131 0 139 198 186 46 0 247 234 139 216
58658 3307 5746 65533 44420 4 0 1 4 65434 65422 8275 35693 8275 116 3 233 131 0 139 198 186 46 0 247 234 139 216 138 135
58660 3307 5748 65533 44420 4 0 1 4 65434 65422 8275 35693 8275 233 131 0 139 198 186 46 0 247 234 139 216 138 135 219 18
58794 3307 5882 65533 44420 4 0 1 4 65434 65422 8275 35693 8275 65 160 126 237 180 0 59 193 126 3 233 233 248 95 94 139
58795 3307 5883 65533 44420 5 0 1 4 65434 65422 8275 35693 8275 160 126 237 180 0 59 193 126 3 233 233 248 95 94 139 229
58798 3307 5886 65302 44420 5 0 1 4 65434 65422 8275 35693 8275 180 0 59 193 126 3 233 233 248 95 94 139 229 93 203 85
58800 3307 5888 22 44420 5 0 1 4 65434 65422 8275 35693 8275 59 193 126 3 233 233 248 95 94 139 229 93 203 85 139 236
58802 3307 5890 22 44420 5 0 1 4 65434 65422 8275 35693 8275 126 3 233 233 248 95 94 139 229 93 203 85 139 236 128 62
58804 3307 5892 22 44420 5 0 1 4 65434 65422 8275 35693 8275 233 233 248 95 94 139 229 93 203 85 139 236 128 62 3 233
56992 3307 4080 22 44420 5 0 1 4 65434 65422 8275 35693 8275 139 193 209 224 5 124 173 137 70 252 139 193 209 224 5 208
56994 3307 4082 5 44420 5 0 1 4 65434 65422 8275 35693 8275 209 224 5 124 173 137 70 252 139 193 209 224 5 208 174 137
56996 3307 4084 10 44420 5 0 1 4 65434 65422 8275 35693 8275 5 124 173 137 70 252 139 193 209 224 5 208 174 137 70 250
56999 3307 4087 44422 44420 5 0 1 4 65434 65422 8275 35693 8275 137 70 252 139 193 209 224 5 208 174 137 70 250 139 193 209
57002 3307 4090 44422 44420 5 0 1 4 65434 65422 8275 35693 8275 139 193 209 224 5 208 174 137 70 250 139 193 209 224 5 204
57004 3307 4092 5 44420 5 0 1 4 65434 65422 8275 35693 8275 209 224 5 208 174 137 70 250 139 193 209 224 5 204 178 137
57006 3307 4094 10 44420 5 0 1 4 65434 65422 8275 35693 8275 5 208 174 137 70 250 139 193 209 224 5 204 178 137 70 248
57009 3307 4097 44762 44420 5 0 1 4 65434 65422 8275 35693 8275 137 70 250 139 193 209 224 5 204 178 137 70 248 139 198 186
57012 3307 4100 44762 44420 5 0 1 4 65434 65422 8275 35693 8275 139 193 209 224 5 204 178 137 70 248 139 198 186 46 0 247
57014 3307 4102 5 44420 5 0 1 4 65434 65422 8275 35693 8275 209 224 5 204 178 137 70 248 139 198 186 46 0 247 234 139
57016 3307 4104 10 44420 5 0 1 4 65434 65422 8275 35693 8275 5 204 178 137 70 248 139 198 186 46 0 247 234 139 216 138
57019 3307 4107 45782 44420 5 0 1 4 65434 65422 8275 35693 8275 137 70 248 139 198 186 46 0 247 234 139 216 138 135 118 19
57022 3307 4110 45782 44420 5 0 1 4 65434 65422 8275 35693 8275 139 198 186 46 0 247 234 139 216 138 135 118 19 152 139 86
57024 3307 4112 1 44420 5 0 1 4 65434 65422 8275 35693 8275 186 46 0 247 234 139 216 138 135 118 19 152 139 86 254 3
57027 3307 4115 1 44420 5 46 1 4 65434 65422 8275 35693 8275 247 234 139 216 138 135 118 19 152 139 86 254 3 208 139 94
57029 3307 4117 46 44420 5 0 1 4 65434 65422 8275 35693 8275 139 216 138 135 118 19 152 139 86 254 3 208 139 94 252 59
57031 3307 4119 46 46 5 0 1 4 65434 65422 8275 35693 8275 138 135 118 19 152 139 86 254 3 208 139 94 252 59 23 117
57035 3307 4123 0 46 5 0 1 4 65434 65422 8275 35693 8275 152 139 86 254 3 208 139 94 252 59 23 117 84 139 198 186
57036 3307 4124 0 46 5 0 1 4 65434 65422 8275 35693 8275 139 86 254 3 208 139 94 252 59 23 117 84 139 198 186 46
57039 3307 4127 0 46 5 3 1 4 65434 65422 8275 35693 8275 3 208 139 94 252 59 23 117 84 139 198 186 46 0 247 234
57041 3307 4129 0 46 5 3 1 4 65434 65422 8275 35693 8275 139 94 252 59 23 117 84 139 198 186 46 0 247 234 139 216
57044 3307 4132 0 44422 5 3 1 4 65434 65422 8275 35693 8275 59 23 117 84 139 198 186 46 0 247 234 139 216 138 135 190
57046 3307 4134 0 44422 5 3 1 4 65434 65422 8275 35693 8275 117 84 139 198 186 46 0 247 234 139 216 138 135 190 18 152
57132 3307 4220 0 44422 5 3 1 4 65434 65422 8275 35693 8275 139 198 186 46 0 247 234 139 216 138 135 123 19 152 139 86
57134 3307 4222 1 44422 5 3 1 4 65434 65422 8275 35693 8275 186 46 0 247 234 139 216 138 135 123 19 152 139 86 254 3
57137 3307 4225 1 44422 5 46 1 4 65434 65422 8275 35693 8275 247 234 139 216 138 135 123 19 152 139 86 254 3 208 139 94
57139 3307 4227 46 44422 5 0 1 4 65434 65422 8275 35693 8275 139 216 138 135 123 19 152 139 86 254 3 208 139 94 252 59
57141 3307 4229 46 46 5 0 1 4 65434 65422 8275 35693 8275 138 135 123 19 152 139 86 254 3 208 139 94 252 59 23 117
57145 3307 4233 255 46 5 0 1 4 65434 65422 8275 35693 8275 152 139 86 254 3 208 139 94 252 59 23 117 93 139 198 186
57146 3307 4234 65535 46 5 0 1 4 65434 65422 8275 35693 8275 139 86 254 3 208 139 94 252 59 23 117 93 139 198 186 46
57149 3307 4237 65535 46 5 3 1 4 65434 65422 8275 35693 8275 3 208 139 94 252 59 23 117 93 139 198 186 46 0 247 234
57151 3307 4239 65535 46 5 2 1 4 65434 65422 8275 35693 8275 139 94 252 59 23 117 93 139 198 186 46 0 247 234 139 216
57154 3307 4242 65535 44422 5 2 1 4 65434 65422 8275 35693 8275 59 23 117 93 139 198 186 46 0 247 234 139 216 138 135 195
57156 3307 4244 65535 44422 5 2 1 4 65434 65422 8275 35693 8275 117 93 139 198 186 46 0 247 234 139 216 138 135 195 18 152
57251 3307 4339 65535 44422 5 2 1 4 65434 65422 8275 35693 8275 139 198 186 46 0 247 234 139 216 138 135 121 19 152 139 86
57253 3307 4341 1 44422 5 2 1 4 65434 65422 8275 35693 8275 186 46 0 247 234 139 216 138 135 121 19 152 139 86 254 3
57256 3307 4344 1 44422 5 46 1 4 65434 65422 8275 35693 8275 247 234 139 216 138 135 121 19 152 139 86 254 3 208 139 94
57258 3307 4346 46 44422 5 0 1 4 65434 65422 8275 35693 8275 139 216 138 135 121 19 152 139 86 254 3 208 139 94 252 59
57260 3307 4348 46 46 5 0 1 4 65434 65422 8275 35693 8275 138 135 121 19 152 139 86 254 3 208 139 94 252 59 23 117
57264 3307 4352 255 46 5 0 1 4 65434 65422 8275 35693 8275 152 139 86 254 3 208 139 94 252 59 23 117 103 139 198 186
57265 3307 4353 65535 46 5 0 1 4 65434 65422 8275 35693 8275 139 86 254 3 208 139 94 252 59 23 117 103 139 198 186 46
57268 3307 4356 65535 46 5 3 1 4 65434 65422 8275 35693 8275 3 208 139 94 252 59 23 117 103 139 198 186 46 0 247 234
57270 3307 4358 65535 46 5 2 1 4 65434 65422 8275 35693 8275 139 94 252 59 23 117 103 139 198 186 46 0 247 234 139 216
57273 3307 4361 65535 44422 5 2 1 4 65434 65422 8275 35693 8275 59 23 117 103 139 198 186 46 0 247 234 139 216 138 135 193
57275 3307 4363 65535 44422 5 2 1 4 65434 65422 8275 35693 8275 117 103 139 198 186 46 0 247 234 139 216 138 135 193 18 152
57380 3307 4468 65535 44422 5 2 1 4 65434 65422 8275 35693 8275 139 198 186 46 0 247 234 139 216 138 135 125 19 152 139 86
57382 3307 4470 1 44422 5 2 1 4 65434 65422 8275 35693 8275 186 46 0 247 234 139 216 138 135 125 19 152 139 86 254 3
57385 3307 4473 1 44422 5 46 1 4 65434 65422 8275 35693 8275 247 234 139 216 138 135 125 19 152 139 86 254 3 208 139 94
57387 3307 4475 46 44422 5 0 1 4 65434 65422 8275 35693 8275 139 216 138 135 125 19 152 139 86 254 3 208 139 94 252 59
57389 3307 4477 46 46 5 0 1 4 65434 65422 8275 35693 8275 138 135 125 19 152 139 86 254 3 208 139 94 252 59 23 117
57393 3307 4481 255 46 5 0 1 4 65434 65422 8275 35693 8275 152 139 86 254 3 208 139 94 252 59 23 117 103 139 198 186
57394 3307 4482 65535 46 5 0 1 4 65434 65422 8275 35693 8275 139 86 254 3 208 139 94 252 59 23 117 103 139 198 186 46
57397 3307 4485 65535 46 5 3 1 4 65434 65422 8275 35693 8275 3 208 139 94 252 59 23 117 103 139 198 186 46 0 247 234
57399 3307 4487 65535 46 5 2 1 4 65434 65422 8275 35693 8275 139 94 252 59 23 117 103 139 198 186 46 0 247 234 139 216
57402 3307 4490 65535 44422 5 2 1 4 65434 65422 8275 35693 8275 59 23 117 103 139 198 186 46 0 247 234 139 216 138 135 197
57404 3307 4492 65535 44422 5 2 1 4 65434 65422 8275 35693 8275 117 103 139 198 186 46 0 247 234 139 216 138 135 197 18 152
57509 3307 4597 65535 44422 5 2 1 4 65434 65422 8275 35693 8275 139 198 186 46 0 247 234 139 216 138 135 130 19 152 139 86
57511 3307 4599 1 44422 5 2 1 4 65434 65422 8275 35693 8275 186 46 0 247 234 139 216 138 135 130 19 152 139 86 254 3
57514 3307 4602 1 44422 5 46 1 4 65434 65422 8275 35693 8275 247 234 139 216 138 135 130 19 152 139 86 254 3 208 139 94
57516 3307 4604 46 44422 5 0 1 4 65434 65422 8275 35693 8275 139 216 138 135 130 19 152 139 86 254 3 208 139 94 252 59
57518 3307 4606 46 46 5 0 1 4 65434 65422 8275 35693 8275 138 135 130 19 152 139 86 254 3 208 139 94 252 59 23 117
57522 3307 4610 254 46 5 0 1 4 65434 65422 8275 35693 8275 152 139 86 254 3 208 139 94 252 59 23 117 102 139 198 186
57523 3307 4611 65534 46 5 0 1 4 65434 65422 8275 35693 8275 139 86 254 3 208 139 94 252 59 23 117 102 139 198 186 46
57526 3307 4614 65534 46 5 3 1 4 65434 65422 8275 35693 8275 3 208 139 94 252 59 23 117 102 139 198 186 46 0 247 234
57528 3307 4616 65534 46 5 1 1 4 65434 65422 8275 35693 8275 139 94 252 59 23 117 102 139 198 186 46 0 247 234 139 216
57531 3307 4619 65534 44422 5 1 1 4 65434 65422 8275 35693 8275 59 23 117 102 139 198 186 46 0 247 234 139 216 138 135 202
57533 3307 4621 65534 44422 5 1 1 4 65434 65422 8275 35693 8275 117 102 139 198 186 46 0 247 234 139 216 138 135 202 18 152
57637 3307 4725 65534 44422 5 1 1 4 65434 65422 8275 35693 8275 139 198 186 46 0 247 234 139 216 138 135 128 19 152 139 86
57639 3307 4727 1 44422 5 1 1 4 65434 65422 8275 35693 8275 186 46 0 247 234 139 216 138 135 128 19 152 139 86 254 3
57642 3307 4730 1 44422 5 46 1 4 65434 65422 8275 35693 8275 247 234 139 216 138 135 128 19 152 139 86 254 3 208 139 94
57644 3307 4732 46 44422 5 0 1 4 65434 65422 8275 35693 8275 139 216 138 135 128 19 152 139 86 254 3 208 139 94 252 59
57646 3307 4734 46 46 5 0 1 4 65434 65422 8275 35693 8275 138 135 128 19 152 139 86 254 3 208 139 94 252 59 23 116
57650 3307 4738 254 46 5 0 1 4 65434 65422 8275 35693 8275 152 139 86 254 3 208 139 94 252 59 23 116 3 233 131 0
57651 3307 4739 65534 46 5 0 1 4 65434 65422 8275 35693 8275 139 86 254 3 208 139 94 252 59 23 116 3 233 131 0 139
57654 3307 4742 65534 46 5 3 1 4 65434 65422 8275 35693 8275 3 208 139 94 252 59 23 116 3 233 131 0 139 198 186 46
57656 3307 4744 65534 46 5 1 1 4 65434 65422 8275 35693 8275 139 94 252 59 23 116 3 233 131 0 139 198 186 46 0 247
57659 3307 4747 65534 44422 5 1 1 4 65434 65422 8275 35693 8275 59 23 116 3 233 131 0 139 198 186 46 0 247 234 139 216
57661 3307 4749 65534 44422 5 1 1 4 65434 65422 8275 35693 8275 116 3 233 131 0 139 198 186 46 0 247 234 139 216 138 135
57663 3307 4751 65534 44422 5 1 1 4 65434 65422 8275 35693 8275 233 131 0 139 198 186 46 0 247 234 139 216 138 135 200 18
57797 3307 4885 65534 44422 5 1 1 4 65434 65422 8275 35693 8275 139 198 186 46 0 247 234 139 216 138 135 132 19 152 139 86
57799 3307 4887 1 44422 5 1 1 4 65434 65422 8275 35693 8275 186 46 0 247 234 139 216 138 135 132 19 152 139 86 254 3
57802 3307 4890 1 44422 5 46 1 4 65434 65422 8275 35693 8275 247 234 139 216 138 135 132 19 152 139 86 254 3 208 139 94
57804 3307 4892 46 44422 5 0 1 4 65434 65422 8275 35693 8275 139 216 138 135 132 19 152 139 86 254 3 208 139 94 252 59
57806 3307 4894 46 46 5 0 1 4 65434 65422 8275 35693 8275 138 135 132 19 152 139 86 254 3 208 139 94 252 59 23 116
57810 3307 4898 254 46 5 0 1 4 65434 65422 8275 35693 8275 152 139 86 254 3 208 139 94 252 59 23 116 3 233 131 0
57811 3307 4899 65534 46 5 0 1 4 65434 65422 8275 35693 8275 139 86 254 3 208 139 94 252 59 23 116 3 233 131 0 139
57814 3307 4902 65534 46 5 3 1 4 65434 65422 8275 35693 8275 3 208 139 94 252 59 23 116 3 233 131 0 139 198 186 46
57816 3307 4904 65534 46 5 1 1 4 65434 65422 8275 35693 8275 139 94 252 59 23 116 3 233 131 0 139 198 186 46 0 247
57819 3307 4907 65534 44422 5 1 1 4 65434 65422 8275 35693 8275 59 23 116 3 233 131 0 139 198 186 46 0 247 234 139 216
57821 3307 4909 65534 44422 5 1 1 4 65434 65422 8275 35693 8275 116 3 233 131 0 139 198 186 46 0 247 234 139 216 138 135
57823 3307 4911 65534 44422 5 1 1 4 65434 65422 8275 35693 8275 233 131 0 139 198 186 46 0 247 234 139 216 138 135 204 18
57957 3307 5045 65534 44422 5 1 1 4 65434 65422 8275 35693 8275 139 198 186 46 0 247 234 139 216 138 135 143 19 152 139 86
57959 3307 5047 1 44422 5 1 1 4 65434 65422 8275 35693 8275 186 46 0 247 234 139 216 138 135 143 19 152 139 86 254 3
57962 3307 5050 1 44422 5 46 1 4 65434 65422 8275 35693 8275 247 234 139 216 138 135 143 19 152 139 86 254 3 208 139 94
57964 3307 5052 46 44422 5 0 1 4 65434 65422 8275 35693 8275 139 216 138 135 143 19 152 139 86 254 3 208 139 94 252 59
57966 3307 5054 46 46 5 0 1 4 65434 65422 8275 35693 8275 138 135 143 19 152 139 86 254 3 208 139 94 252 59 23 117
57970 3307 5058 253 46 5 0 1 4 65434 65422 8275 35693 8275 152 139 86 254 3 208 139 94 252 59 23 117 111 139 198 186
57971 3307 5059 65533 46 5 0 1 4 65434 65422 8275 35693 8275 139 86 254 3 208 139 94 252 59 23 117 111 139 198 186 46
57974 3307 5062 65533 46 5 3 1 4 65434 65422 8275 35693 8275 3 208 139 94 252 59 23 117 111 139 198 186 46 0 247 234
57976 3307 5064 65533 46 5 0 1 4 65434 65422 8275 35693 8275 139 94 252 59 23 117 111 139 198 186 46 0 247 234 139 216
57979 3307 5067 65533 44422 5 0 1 4 65434 65422 8275 35693 8275 59 23 117 111 139 198 186 46 0 247 234 139 216 138 135 215
57981 3307 5069 65533 44422 5 0 1 4 65434 65422 8275 35693 8275 117 111 139 198 186 46 0 247 234 139 216 138 135 215 18 152
58094 3307 5182 65533 44422 5 0 1 4 65434 65422 8275 35693 8275 139 198 186 46 0 247 234 139 216 138 135 141 19 152 139 86
58096 3307 5184 1 44422 5 0 1 4 65434 65422 8275 35693 8275 186 46 0 247 234 139 216 138 135 141 19 152 139 86 254 3
58099 3307 5187 1 44422 5 46 1 4 65434 65422 8275 35693 8275 247 234 139 216 138 135 141 19 152 139 86 254 3 208 139 94
58101 3307 5189 46 44422 5 0 1 4 65434 65422 8275 35693 8275 139 216 138 135 141 19 152 139 86 254 3 208 139 94 252 59
58103 3307 5191 46 46 5 0 1 4 65434 65422 8275 35693 8275 138 135 141 19 152 139 86 254 3 208 139 94 252 59 23 116
58107 3307 5195 253 46 5 0 1 4 65434 65422 8275 35693 8275 152 139 86 254 3 208 139 94 252 59 23 116 3 233 161 0
58108 3307 5196 65533 46 5 0 1 4 65434 65422 8275 35693 8275 139 86 254 3 208 139 94 252 59 23 116 3 233 161 0 139
58111 3307 5199 65533 46 5 3 1 4 65434 65422 8275 35693 8275 3 208 139 94 252 59 23 116 3 233 161 0 139 198 186 46
58113 3307 5201 65533 46 5 0 1 4 65434 65422 8275 35693 8275 139 94 252 59 23 116 3 233 161 0 139 198 186 46 0 247
58116 3307 5204 65533 44422 5 0 1 4 65434 65422 8275 35693 8275 59 23 116 3 233 161 0 139 198 186 46 0 247 234 139 216
58118 3307 5206 65533 44422 5 0 1 4 65434 65422 8275 35693 8275 116 3 233 161 0 139 198 186 46 0 247 234 139 216 138 135
58120 3307 5208 65533 44422 5 0 1 4 65434 65422 8275 35693 8275 233 161 0 139 198 186 46 0 247 234 139 216 138 135 213 18
58284 3307 5372 65533 44422 5 0 1 4 65434 65422 8275 35693 8275 139 198 186 46 0 247 234 139 216 138 135 139 19 152 139 86
58286 3307 5374 1 44422 5 0 1 4 65434 65422 8275 35693 8275 186 46 0 247 234 139 216 138 135 139 19 152 139 86 254 3
58289 3307 5377 1 44422 5 46 1 4 65434 65422 8275 35693 8275 247 234 139 216 138 135 139 19 152 139 86 254 3 208 139 94
58291 3307 5379 46 44422 5 0 1 4 65434 65422 8275 35693 8275 139 216 138 135 139 19 152 139 86 254 3 208 139 94 252 59
58293 3307 5381 46 46 5 0 1 4 65434 65422 8275 35693 8275 138 135 139 19 152 139 86 254 3 208 139 94 252 59 23 116
58297 3307 5385 253 46 5 0 1 4 65434 65422 8275 35693 8275 152 139 86 254 3 208 139 94 252 59 23 116 3 233 131 0
58298 3307 5386 65533 46 5 0 1 4 65434 65422 8275 35693 8275 139 86 254 3 208 139 94 252 59 23 116 3 233 131 0 139
58301 3307 5389 65533 46 5 3 1 4 65434 65422 8275 35693 8275 3 208 139 94 252 59 23 116 3 233 131 0 139 198 186 46
58303 3307 5391 65533 46 5 0 1 4 65434 65422 8275 35693 8275 139 94 252 59 23 116 3 233 131 0 139 198 186 46 0 247
58306 3307 5394 65533 44422 5 0 1 4 65434 65422 8275 35693 8275 59 23 116 3 233 131 0 139 198 186 46 0 247 234 139 216
58308 3307 5396 65533 44422 5 0 1 4 65434 65422 8275 35693 8275 116 3 233 131 0 139 198 186 46 0 247 234 139 216 138 135
58310 3307 5398 65533 44422 5 0 1 4 65434 65422 8275 35693 8275 233 131 0 139 198 186 46 0 247 234 139 216 138 135 211 18
58444 3307 5532 65533 44422 5 0 1 4 65434 65422 8275 35693 8275 139 198 186 46 0 247 234 139 216 138 135 145 19 152 139 86
58446 3307 5534 1 44422 5 0 1 4 65434 65422 8275 35693 8275 186 46 0 247 234 139 216 138 135 145 19 152 139 86 254 3
58449 3307 5537 1 44422 5 46 1 4 65434 65422 8275 35693 8275 247 234 139 216 138 135 145 19 152 139 86 254 3 208 139 94
58451 3307 5539 46 44422 5 0 1 4 65434 65422 8275 35693 8275 139 216 138 135 145 19 152 139 86 254 3 208 139 94 252 59
58453 3307 5541 46 46 5 0 1 4 65434 65422 8275 35693 8275 138 135 145 19 152 139 86 254 3 208 139 94 252 59 23 116
58457 3307 5545 253 46 5 0 1 4 65434 65422 8275 35693 8275 152 139 86 254 3 208 139 94 252 59 23 116 3 233 161 0
58458 3307 5546 65533 46 5 0 1 4 65434 65422 8275 35693 8275 139 86 254 3 208 139 94 252 59 23 116 3 233 161 0 139
58461 3307 5549 65533 46 5 3 1 4 65434 65422 8275 35693 8275 3 208 139 94 252 59 23 116 3 233 161 0 139 198 186 46
58463 3307 5551 65533 46 5 0 1 4 65434 65422 8275 35693 8275 139 94 252 59 23 116 3 233 161 0 139 198 186 46 0 247
58466 3307 5554 65533 44422 5 0 1 4 65434 65422 8275 35693 8275 59 23 116 3 233 161 0 139 198 186 46 0 247 234 139 216
58468 3307 5556 65533 44422 5 0 1 4 65434 65422 8275 35693 8275 116 3 233 161 0 139 198 186 46 0 247 234 139 216 138 135
58470 3307 5558 65533 44422 5 0 1 4 65434 65422 8275 35693 8275 233 161 0 139 198 186 46 0 247 234 139 216 138 135 217 18
58634 3307 5722 65533 44422 5 0 1 4 65434 65422 8275 35693 8275 139 198 186 46 0 247 234 139 216 138 135 147 19 152 139 86
58636 3307 5724 1 44422 5 0 1 4 65434 65422 8275 35693 8275 186 46 0 247 234 139 216 138 135 147 19 152 139 86 254 3
58639 3307 5727 1 44422 5 46 1 4 65434 65422 8275 35693 8275 247 234 139 216 138 135 147 19 152 139 86 254 3 208 139 94
58641 3307 5729 46 44422 5 0 1 4 65434 65422 8275 35693 8275 139 216 138 135 147 19 152 139 86 254 3 208 139 94 252 59
58643 3307 5731 46 46 5 0 1 4 65434 65422 8275 35693 8275 138 135 147 19 152 139 86 254 3 208 139 94 252 59 23 116
58647 3307 5735 253 46 5 0 1 4 65434 65422 8275 35693 8275 152 139 86 254 3 208 139 94 252 59 23 116 3 233 131 0
58648 3307 5736 65533 46 5 0 1 4 65434 65422 8275 35693 8275 139 86 254 3 208 139 94 252 59 23 116 3 233 131 0 139
58651 3307 5739 65533 46 5 3 1 4 65434 65422 8275 35693 8275 3 208 139 94 252 59 23 116 3 233 131 0 139 198 186 46
58653 3307 5741 65533 46 5 0 1 4 65434 65422 8275 35693 8275 139 94 252 59 23 116 3 233 131 0 139 198 186 46 0 247
58656 3307 5744 65533 44422 5 0 1 4 65434 65422 8275 35693 8275 59 23 116 3 233 131 0 139 198 186 46 0 247 234 139 216
58658 3307 5746 65533 44422 5 0 1 4 65434 65422 8275 35693 8275 116 3 233 131 0 139 198 186 46 0 247 234 139 216 138 135
58660 3307 5748 65533 44422 5 0 1 4 65434 65422 8275 35693 8275 233 131 0 139 198 186 46 0 247 234 139 216 138 135 219 18
58794 3307 5882 65533 44422 5 0 1 4 65434 65422 8275 35693 8275 65 160 126 237 180 0 59 193 126 3 233 233 248 95 94 139
58795 3307 5883 65533 44422 6 0 1 4 65434 65422 8275 35693 8275 160 126 237 180 0 59 193 126 3 233 233 248 95 94 139 229
58798 3307 5886 65302 44422 6 0 1 4 65434 65422 8275 35693 8275 180 0 59 193 126 3 233 233 248 95 94 139 229 93 203 85
58800 3307 5888 22 44422 6 0 1 4 65434 65422 8275 35693 8275 59 193 126 3 233 233 248 95 94 139 229 93 203 85 139 236
58802 3307 5890 22 44422 6 0 1 4 65434 65422 8275 35693 8275 126 3 233 233 248 95 94 139 229 93 203 85 139 236 128 62
58804 3307 5892 22 44422 6 0 1 4 65434 65422 8275 35693 8275 233 233 248 95 94 139 229 93 203 85 139 236 128 62 3 233
56992 3307 4080 22 44422 6 0 1 4 65434 65422 8275 35693 8275 139 193 209 224 5 124 173 137 70 252 139 193 209 224 5 208
56994 3307 4082 6 44422 6 0 1 4 65434 65422 8275 35693 8275 209 224 5 124 173 137 70 252 139 193 209 224 5 208 174 137
56996 3307 4084 12 44422 6 0 1 4 65434 65422 8275 35693 8275 5 124 173 137 70 252 139 193 209 224 5 208 174 137 70 250
56999 3307 4087 44424 44422 6 0 1 4 65434 65422 8275 35693 8275 137 70 252 139 193 209 224 5 208 174 137 70 250 139 193 209
57002 3307 4090 44424 44422 6 0 1 4 65434 65422 8275 35693 8275 139 193 209 224 5 208 174 137 70 250 139 193 209 224 5 204
57004 3307 4092 6 44422 6 0 1 4 65434 65422 8275 35693 8275 209 224 5 208 174 137 70 250 139 193 209 224 5 204 178 137
57006 3307 4094 12 44422 6 0 1 4 65434 65422 8275 35693 8275 5 208 174 137 70 250 139 193 209 224 5 204 178 137 70 248
57009 3307 4097 44764 44422 6 0 1 4 65434 65422 8275 35693 8275 137 70 250 139 193 209 224 5 204 178 137 70 248 139 198 186
57012 3307 4100 44764 44422 6 0 1 4 65434 65422 8275 35693 8275 139 193 209 224 5 204 178 137 70 248 139 198 186 46 0 247
57014 3307 4102 6 44422 6 0 1 4 65434 65422 8275 35693 8275 209 224 5 204 178 137 70 248 139 198 186 46 0 247 234 139
57016 3307 4104 12 44422 6 0 1 4 65434 65422 8275 35693 8275 5 204 178 137 70 248 139 198 186 46 0 247 234 139 216 138
57019 3307 4107 45784 44422 6 0 1 4 65434 65422 8275 35693 8275 137 70 248 139 198 186 46 0 247 234 139 216 138 135 118 19
57022 3307 4110 45784 44422 6 0 1 4 65434 65422 8275 35693 8275 139 198 186 46 0 247 234 139 216 138 135 118 19 152 139 86
57024 3307 4112 1 44422 6 0 1 4 65434 65422 8275 35693 8275 186 46 0 247 234 139 216 138 135 118 19 152 139 86 254 3
57027 3307 4115 1 44422 6 46 1 4 65434 65422 8275 35693 8275 247 234 139 216 138 135 118 19 152 139 86 254 3 208 139 94
57029 3307 4117 46 44422 6 0 1 4 65434 65422 8275 35693 8275 139 216 138 135 118 19 152 139 86 254 3 208 139 94 252 59
57031 3307 4119 46 46 6 0 1 4 65434 65422 8275 35693 8275 138 135 118 19 152 139 86 254 3 208 139 94 252 59 23 117
57035 3307 4123 0 46 6 0 1 4 65434 65422 8275 35693 8275 152 139 86 254 3 208 139 94 252 59 23 117 84 139 198 186
57036 3307 4124 0 46 6 0 1 4 65434 65422 8275 35693 8275 139 86 254 3 208 139 94 252 59 23 117 84 139 198 186 46
57039 3307 4127 0 46 6 3 1 4 65434 65422 8275 35693 8275 3 208 139 94 252 59 23 117 84 139 198 186 46 0 247 234
57041 3307 4129 0 46 6 3 1 4 65434 65422 8275 35693 8275 139 94 252 59 23 117 84 139 198 186 46 0 247 234 139 216
57044 3307 4132 0 44424 6 3 1 4 65434 65422 8275 35693 8275 59 23 117 84 139 198 186 46 0 247 234 139 216 138 135 190
57046 3307 4134 0 44424 6 3 1 4 65434 65422 8275 35693 8275 117 84 139 198 186 46 0 247 234 139 216 138 135 190 18 152
57132 3307 4220 0 44424 6 3 1 4 65434 65422 8275 35693 8275 139 198 186 46 0 247 234 139 216 138 135 123 19 152 139 86
57134 3307 4222 1 44424 6 3 1 4 65434 65422 8275 35693 8275 186 46 0 247 234 139 216 138 135 123 19 152 139 86 254 3
57137 3307 4225 1 44424 6 46 1 4 65434 65422 8275 35693 8275 247 234 139 216 138 135 123 19 152 139 86 254 3 208 139 94
57139 3307 4227 46 44424 6 0 1 4 65434 65422 8275 35693 8275 139 216 138 135 123 19 152 139 86 254 3 208 139 94 252 59
57141 3307 4229 46 46 6 0 1 4 65434 65422 8275 35693 8275 138 135 123 19 152 139 86 254 3 208 139 94 252 59 23 117
57145 3307 4233 255 46 6 0 1 4 65434 65422 8275 35693 8275 152 139 86 254 3 208 139 94 252 59 23 117 93 139 198 186
57146 3307 4234 65535 46 6 0 1 4 65434 65422 8275 35693 8275 139 86 254 3 208 139 94 252 59 23 117 93 139 198 186 46
57149 3307 4237 65535 46 6 3 1 4 65434 65422 8275 35693 8275 3 208 139 94 252 59 23 117 93 139 198 186 46 0 247 234
57151 3307 4239 65535 46 6 2 1 4 65434 65422 8275 35693 8275 139 94 252 59 23 117 93 139 198 186 46 0 247 234 139 216
57154 3307 4242 65535 44424 6 2 1 4 65434 65422 8275 35693 8275 59 23 117 93 139 198 186 46 0 247 234 139 216 138 135 195
57156 3307 4244 65535 44424 6 2 1 4 65434 65422 8275 35693 8275 117 93 139 198 186 46 0 247 234 139 216 138 135 195 18 152
57251 3307 4339 65535 44424 6 2 1 4 65434 65422 8275 35693 8275 139 198 186 46 0 247 234 139 216 138 135 121 19 152 139 86
57253 3307 4341 1 44424 6 2 1 4 65434 65422 8275 35693 8275 186 46 0 247 234 139 216 138 135 121 19 152 139 86 254 3
57256 3307 4344 1 44424 6 46 1 4 65434 65422 8275 35693 8275 247 234 139 216 138 135 121 19 152 139 86 254 3 208 139 94
57258 3307 4346 46 44424 6 0 1 4 65434 65422 8275 35693 8275 139 216 138 135 121 19 152 139 86 254 3 208 139 94 252 59
57260 3307 4348 46 46 6 0 1 4 65434 65422 8275 35693 8275 138 135 121 19 152 139 86 254 3 208 139 94 252 59 23 117
57264 3307 4352 255 46 6 0 1 4 65434 65422 8275 35693 8275 152 139 86 254 3 208 139 94 252 59 23 117 103 139 198 186
57265 3307 4353 65535 46 6 0 1 4 65434 65422 8275 35693 8275 139 86 254 3 208 139 94 252 59 23 117 103 139 198 186 46
57268 3307 4356 65535 46 6 3 1 4 65434 65422 8275 35693 8275 3 208 139 94 252 59 23 117 103 139 198 186 46 0 247 234
57270 3307 4358 65535 46 6 2 1 4 65434 65422 8275 35693 8275 139 94 252 59 23 117 103 139 198 186 46 0 247 234 139 216
57273 3307 4361 65535 44424 6 2 1 4 65434 65422 8275 35693 8275 59 23 117 103 139 198 186 46 0 247 234 139 216 138 135 193
57275 3307 4363 65535 44424 6 2 1 4 65434 65422 8275 35693 8275 117 103 139 198 186 46 0 247 234 139 216 138 135 193 18 152
57380 3307 4468 65535 44424 6 2 1 4 65434 65422 8275 35693 8275 139 198 186 46 0 247 234 139 216 138 135 125 19 152 139 86
57382 3307 4470 1 44424 6 2 1 4 65434 65422 8275 35693 8275 186 46 0 247 234 139 216 138 135 125 19 152 139 86 254 3
57385 3307 4473 1 44424 6 46 1 4 65434 65422 8275 35693 8275 247 234 139 216 138 135 125 19 152 139 86 254 3 208 139 94
57387 3307 4475 46 44424 6 0 1 4 65434 65422 8275 35693 8275 139 216 138 135 125 19 152 139 86 254 3 208 139 94 252 59
57389 3307 4477 46 46 6 0 1 4 65434 65422 8275 35693 8275 138 135 125 19 152 139 86 254 3 208 139 94 252 59 23 117
57393 3307 4481 255 46 6 0 1 4 65434 65422 8275 35693 8275 152 139 86 254 3 208 139 94 252 59 23 117 103 139 198 186
57394 3307 4482 65535 46 6 0 1 4 65434 65422 8275 35693 8275 139 86 254 3 208 139 94 252 59 23 117 103 139 198 186 46
57397 3307 4485 65535 46 6 3 1 4 65434 65422 8275 35693 8275 3 208 139 94 252 59 23 117 103 139 198 186 46 0 247 234
57399 3307 4487 65535 46 6 2 1 4 65434 65422 8275 35693 8275 139 94 252 59 23 117 103 139 198 186 46 0 247 234 139 216
57402 3307 4490 65535 44424 6 2 1 4 65434 65422 8275 35693 8275 59 23 117 103 139 198 186 46 0 247 234 139 216 138 135 197
57404 3307 4492 65535 44424 6 2 1 4 65434 65422 8275 35693 8275 117 103 139 198 186 46 0 247 234 139 216 138 135 197 18 152
57509 3307 4597 65535 44424 6 2 1 4 65434 65422 8275 35693 8275 139 198 186 46 0 247 234 139 216 138 135 130 19 152 139 86
57511 3307 4599 1 44424 6 2 1 4 65434 65422 8275 35693 8275 186 46 0 247 234 139 216 138 135 130 19 152 139 86 254 3
57514 3307 4602 1 44424 6 46 1 4 65434 65422 8275 35693 8275 247 234 139 216 138 135 130 19 152 139 86 254 3 208 139 94
57516 3307 4604 46 44424 6 0 1 4 65434 65422 8275 35693 8275 139 216 138 135 130 19 152 139 86 254 3 208 139 94 252 59
57518 3307 4606 46 46 6 0 1 4 65434 65422 8275 35693 8275 138 135 130 19 152 139 86 254 3 208 139 94 252 59 23 117
57522 3307 4610 254 46 6 0 1 4 65434 65422 8275 35693 8275 152 139 86 254 3 208 139 94 252 59 23 117 102 139 198 186
57523 3307 4611 65534 46 6 0 1 4 65434 65422 8275 35693 8275 139 86 254 3 208 139 94 252 59 23 117 102 139 198 186 46
57526 3307 4614 65534 46 6 3 1 4 65434 65422 8275 35693 8275 3 208 139 94 252 59 23 117 102 139 198 186 46 0 247 234
57528 3307 4616 65534 46 6 1 1 4 65434 65422 8275 35693 8275 139 94 252 59 23 117 102 139 198 186 46 0 247 234 139 216
57531 3307 4619 65534 44424 6 1 1 4 65434 65422 8275 35693 8275 59 23 117 102 139 198 186 46 0 247 234 139 216 138 135 202
57533 3307 4621 65534 44424 6 1 1 4 65434 65422 8275 35693 8275 117 102 139 198 186 46 0 247 234 139 216 138 135 202 18 152
57535 3307 4623 65534 44424 6 1 1 4 65434 65422 8275 35693 8275 139 198 186 46 0 247 234 139 216 138 135 202 18 152 139 215
57537 3307 4625 1 44424 6 1 1 4 65434 65422 8275 35693 8275 186 46 0 247 234 139 216 138 135 202 18 152 139 215 3 208
57540 3307 4628 1 44424 6 46 1 4 65434 65422 8275 35693 8275 247 234 139 216 138 135 202 18 152 139 215 3 208 139 94 250
57542 3307 4630 46 44424 6 0 1 4 65434 65422 8275 35693 8275 139 216 138 135 202 18 152 139 215 3 208 139 94 250 59 23
57544 3307 4632 46 46 6 0 1 4 65434 65422 8275 35693 8275 138 135 202 18 152 139 215 3 208 139 94 250 59 23 117 77
57548 3307 4636 0 46 6 0 1 4 65434 65422 8275 35693 8275 152 139 215 3 208 139 94 250 59 23 117 77 139 94 248 199
57549 3307 4637 0 46 6 0 1 4 65434 65422 8275 35693 8275 139 215 3 208 139 94 250 59 23 117 77 139 94 248 199 7
57551 3307 4639 0 46 6 4 1 4 65434 65422 8275 35693 8275 3 208 139 94 250 59 23 117 77 139 94 248 199 7 1 0
57553 3307 4641 0 46 6 4 1 4 65434 65422 8275 35693 8275 139 94 250 59 23 117 77 139 94 248 199 7 1 0 160 169
57556 3307 4644 0 44764 6 4 1 4 65434 65422 8275 35693 8275 59 23 117 77 139 94 248 199 7 1 0 160 169 196 180 0
57558 3307 4646 0 44764 6 4 1 4 65434 65422 8275 35693 8275 117 77 139 94 248 199 7 1 0 160 169 196 180 0 11 192
57637 3307 4725 0 44764 6 4 1 4 65434 65422 8275 35693 8275 139 198 186 46 0 247 234 139 216 138 135 128 19 152 139 86
57639 3307 4727 1 44764 6 4 1 4 65434 65422 8275 35693 8275 186 46 0 247 234 139 216 138 135 128 19 152 139 86 254 3
57642 3307 4730 1 44764 6 46 1 4 65434 65422 8275 35693 8275 247 234 139 216 138 135 128 19 152 139 86 254 3 208 139 94
57644 3307 4732 46 44764 6 0 1 4 65434 65422 8275 35693 8275 139 216 138 135 128 19 152 139 86 254 3 208 139 94 252 59
57646 3307 4734 46 46 6 0 1 4 65434 65422 8275 35693 8275 138 135 128 19 152 139 86 254 3 208 139 94 252 59 23 116
57650 3307 4738 254 46 6 0 1 4 65434 65422 8275 35693 8275 152 139 86 254 3 208 139 94 252 59 23 116 3 233 131 0
57651 3307 4739 65534 46 6 0 1 4 65434 65422 8275 35693 8275 139 86 254 3 208 139 94 252 59 23 116 3 233 131 0 139
57654 3307 4742 65534 46 6 3 1 4 65434 65422 8275 35693 8275 3 208 139 94 252 59 23 116 3 233 131 0 139 198 186 46
57656 3307 4744 65534 46 6 1 1 4 65434 65422 8275 35693 8275 139 94 252 59 23 116 3 233 131 0 139 198 186 46 0 247
57659 3307 4747 65534 44424 6 1 1 4 65434 65422 8275 35693 8275 59 23 116 3 233 131 0 139 198 186 46 0 247 234 139 216
57661 3307 4749 65534 44424 6 1 1 4 65434 65422 8275 35693 8275 116 3 233 131 0 139 198 186 46 0 247 234 139 216 138 135
57666 3307 4754 65534 44424 6 1 1 4 65434 65422 8275 35693 8275 139 198 186 46 0 247 234 139 216 138 135 200 18 152 139 215
57668 3307 4756 1 44424 6 1 1 4 65434 65422 8275 35693 8275 186 46 0 247 234 139 216 138 135 200 18 152 139 215 3 208
57671 3307 4759 1 44424 6 46 1 4 65434 65422 8275 35693 8275 247 234 139 216 138 135 200 18 152 139 215 3 208 139 94 250
57673 3307 4761 46 44424 6 0 1 4 65434 65422 8275 35693 8275 139 216 138 135 200 18 152 139 215 3 208 139 94 250 59 23
57675 3307 4763 46 46 6 0 1 4 65434 65422 8275 35693 8275 138 135 200 18 152 139 215 3 208 139 94 250 59 23 117 106
57679 3307 4767 1 46 6 0 1 4 65434 65422 8275 35693 8275 152 139 215 3 208 139 94 250 59 23 117 106 160 50 172 180
57680 3307 4768 1 46 6 0 1 4 65434 65422 8275 35693 8275 139 215 3 208 139 94 250 59 23 117 106 160 50 172 180 0
57682 3307 4770 1 46 6 4 1 4 65434 65422 8275 35693 8275 3 208 139 94 250 59 23 117 106 160 50 172 180 0 11 192
57684 3307 4772 1 46 6 5 1 4 65434 65422 8275 35693 8275 139 94 250 59 23 117 106 160 50 172 180 0 11 192 117 97
57687 3307 4775 1 44764 6 5 1 4 65434 65422 8275 35693 8275 59 23 117 106 160 50 172 180 0 11 192 117 97 128 62 169
57689 3307 4777 1 44764 6 5 1 4 65434 65422 8275 35693 8275 117 106 160 50 172 180 0 11 192 117 97 128 62 169 196 0
57797 3307 4885 1 44764 6 5 1 4 65434 65422 8275 35693 8275 139 198 186 46 0 247 234 139 216 138 135 132 19 152 139 86
57799 3307 4887 1 44764 6 5 1 4 65434 65422 8275 35693 8275 186 46 0 247 234 139 216 138 135 132 19 152 139 86 254 3
57802 3307 4890 1 44764 6 46 1 4 65434 65422 8275 35693 8275 247 234 139 216 138 135 132 19 152 139 86 254 3 208 139 94
57804 3307 4892 46 44764 6 0 1 4 65434 65422 8275 35693 8275 139 216 138 135 132 19 152 139 86 254 3 208 139 94 252 59
57806 3307 4894 46 46 6 0 1 4 65434 65422 8275 35693 8275 138 135 132 19 152 139 86 254 3 208 139 94 252 59 23 116
57810 3307 4898 254 46 6 0 1 4 65434 65422 8275 35693 8275 152 139 86 254 3 208 139 94 252 59 23 116 3 233 131 0
57811 3307 4899 65534 46 6 0 1 4 65434 65422 8275 35693 8275 139 86 254 3 208 139 94 252 59 23 116 3 233 131 0 139
57814 3307 4902 65534 46 6 3 1 4 65434 65422 8275 35693 8275 3 208 139 94 252 59 23 116 3 233 131 0 139 198 186 46
57816 3307 4904 65534 46 6 1 1 4 65434 65422 8275 35693 8275 139 94 252 59 23 116 3 233 131 0 139 198 186 46 0 247
57819 3307 4907 65534 44424 6 1 1 4 65434 65422 8275 35693 8275 59 23 116 3 233 131 0 139 198 186 46 0 247 234 139 216
57821 3307 4909 65534 44424 6 1 1 4 65434 65422 8275 35693 8275 116 3 233 131 0 139 198 186 46 0 247 234 139 216 138 135
57826 3307 4914 65534 44424 6 1 1 4 65434 65422 8275 35693 8275 139 198 186 46 0 247 234 139 216 138 135 204 18 152 139 215
57828 3307 4916 1 44424 6 1 1 4 65434 65422 8275 35693 8275 186 46 0 247 234 139 216 138 135 204 18 152 139 215 3 208
57831 3307 4919 1 44424 6 46 1 4 65434 65422 8275 35693 8275 247 234 139 216 138 135 204 18 152 139 215 3 208 139 94 250
57833 3307 4921 46 44424 6 0 1 4 65434 65422 8275 35693 8275 139 216 138 135 204 18 152 139 215 3 208 139 94 250 59 23
57835 3307 4923 46 46 6 0 1 4 65434 65422 8275 35693 8275 138 135 204 18 152 139 215 3 208 139 94 250 59 23 117 106
57839 3307 4927 255 46 6 0 1 4 65434 65422 8275 35693 8275 152 139 215 3 208 139 94 250 59 23 117 106 160 50 172 180
57840 3307 4928 65535 46 6 0 1 4 65434 65422 8275 35693 8275 139 215 3 208 139 94 250 59 23 117 106 160 50 172 180 0
57842 3307 4930 65535 46 6 4 1 4 65434 65422 8275 35693 8275 3 208 139 94 250 59 23 117 106 160 50 172 180 0 11 192
57844 3307 4932 65535 46 6 3 1 4 65434 65422 8275 35693 8275 139 94 250 59 23 117 106 160 50 172 180 0 11 192 117 97
57847 3307 4935 65535 44764 6 3 1 4 65434 65422 8275 35693 8275 59 23 117 106 160 50 172 180 0 11 192 117 97 128 62 169
57849 3307 4937 65535 44764 6 3 1 4 65434 65422 8275 35693 8275 117 106 160 50 172 180 0 11 192 117 97 128 62 169 196 0
57957 3307 5045 65535 44764 6 3 1 4 65434 65422 8275 35693 8275 139 198 186 46 0 247 234 139 216 138 135 143 19 152 139 86
57959 3307 5047 1 44764 6 3 1 4 65434 65422 8275 35693 8275 186 46 0 247 234 139 216 138 135 143 19 152 139 86 254 3
57962 3307 5050 1 44764 6 46 1 4 65434 65422 8275 35693 8275 247 234 139 216 138 135 143 19 152 139 86 254 3 208 139 94
57964 3307 5052 46 44764 6 0 1 4 65434 65422 8275 35693 8275 139 216 138 135 143 19 152 139 86 254 3 208 139 94 252 59
57966 3307 5054 46 46 6 0 1 4 65434 65422 8275 35693 8275 138 135 143 19 152 139 86 254 3 208 139 94 252 59 23 117
57970 3307 5058 253 46 6 0 1 4 65434 65422 8275 35693 8275 152 139 86 254 3 208 139 94 252 59 23 117 111 139 198 186
57971 3307 5059 65533 46 6 0 1 4 65434 65422 8275 35693 8275 139 86 254 3 208 139 94 252 59 23 117 111 139 198 186 46
57974 3307 5062 65533 46 6 3 1 4 65434 65422 8275 35693 8275 3 208 139 94 252 59 23 117 111 139 198 186 46 0 247 234
57976 3307 5064 65533 46 6 0 1 4 65434 65422 8275 35693 8275 139 94 252 59 23 117 111 139 198 186 46 0 247 234 139 216
57979 3307 5067 65533 44424 6 0 1 4 65434 65422 8275 35693 8275 59 23 117 111 139 198 186 46 0 247 234 139 216 138 135 215
57981 3307 5069 65533 44424 6 0 1 4 65434 65422 8275 35693 8275 117 111 139 198 186 46 0 247 234 139 216 138 135 215 18 152
58094 3307 5182 65533 44424 6 0 1 4 65434 65422 8275 35693 8275 139 198 186 46 0 247 234 139 216 138 135 141 19 152 139 86
58096 3307 5184 1 44424 6 0 1 4 65434 65422 8275 35693 8275 186 46 0 247 234 139 216 138 135 141 19 152 139 86 254 3
58099 3307 5187 1 44424 6 46 1 4 65434 65422 8275 35693 8275 247 234 139 216 138 135 141 19 152 139 86 254 3 208 139 94
58101 3307 5189 46 44424 6 0 1 4 65434 65422 8275 35693 8275 139 216 138 135 141 19 152 139 86 254 3 208 139 94 252 59
58103 3307 5191 46 46 6 0 1 4 65434 65422 8275 35693 8275 138 135 141 19 152 139 86 254 3 208 139 94 252 59 23 116
58107 3307 5195 253 46 6 0 1 4 65434 65422 8275 35693 8275 152 139 86 254 3 208 139 94 252 59 23 116 3 233 161 0
58108 3307 5196 65533 46 6 0 1 4 65434 65422 8275 35693 8275 139 86 254 3 208 139 94 252 59 23 116 3 233 161 0 139
58111 3307 5199 65533 46 6 3 1 4 65434 65422 8275 35693 8275 3 208 139 94 252 59 23 116 3 233 161 0 139 198 186 46
58113 3307 5201 65533 46 6 0 1 4 65434 65422 8275 35693 8275 139 94 252 59 23 116 3 233 161 0 139 198 186 46 0 247
58116 3307 5204 65533 44424 6 0 1 4 65434 65422 8275 35693 8275 59 23 116 3 233 161 0 139 198 186 46 0 247 234 139 216
58118 3307 5206 65533 44424 6 0 1 4 65434 65422 8275 35693 8275 116 3 233 161 0 139 198 186 46 0 247 234 139 216 138 135
58120 3307 5208 65533 44424 6 0 1 4 65434 65422 8275 35693 8275 233 161 0 139 198 186 46 0 247 234 139 216 138 135 213 18
58284 3307 5372 65533 44424 6 0 1 4 65434 65422 8275 35693 8275 139 198 186 46 0 247 234 139 216 138 135 139 19 152 139 86
58286 3307 5374 1 44424 6 0 1 4 65434 65422 8275 35693 8275 186 46 0 247 234 139 216 138 135 139 19 152 139 86 254 3
58289 3307 5377 1 44424 6 46 1 4 65434 65422 8275 35693 8275 247 234 139 216 138 135 139 19 152 139 86 254 3 208 139 94
58291 3307 5379 46 44424 6 0 1 4 65434 65422 8275 35693 8275 139 216 138 135 139 19 152 139 86 254 3 208 139 94 252 59
58293 3307 5381 46 46 6 0 1 4 65434 65422 8275 35693 8275 138 135 139 19 152 139 86 254 3 208 139 94 252 59 23 116
58297 3307 5385 253 46 6 0 1 4 65434 65422 8275 35693 8275 152 139 86 254 3 208 139 94 252 59 23 116 3 233 131 0
58298 3307 5386 65533 46 6 0 1 4 65434 65422 8275 35693 8275 139 86 254 3 208 139 94 252 59 23 116 3 233 131 0 139
58301 3307 5389 65533 46 6 3 1 4 65434 65422 8275 35693 8275 3 208 139 94 252 59 23 116 3 233 131 0 139 198 186 46
58303 3307 5391 65533 46 6 0 1 4 65434 65422 8275 35693 8275 139 94 252 59 23 116 3 233 131 0 139 198 186 46 0 247
58306 3307 5394 65533 44424 6 0 1 4 65434 65422 8275 35693 8275 59 23 116 3 233 131 0 139 198 186 46 0 247 234 139 216
58308 3307 5396 65533 44424 6 0 1 4 65434 65422 8275 35693 8275 116 3 233 131 0 139 198 186 46 0 247 234 139 216 138 135
58310 3307 5398 65533 44424 6 0 1 4 65434 65422 8275 35693 8275 233 131 0 139 198 186 46 0 247 234 139 216 138 135 211 18
58444 3307 5532 65533 44424 6 0 1 4 65434 65422 8275 35693 8275 139 198 186 46 0 247 234 139 216 138 135 145 19 152 139 86
58446 3307 5534 1 44424 6 0 1 4 65434 65422 8275 35693 8275 186 46 0 247 234 139 216 138 135 145 19 152 139 86 254 3
58449 3307 5537 1 44424 6 46 1 4 65434 65422 8275 35693 8275 247 234 139 216 138 135 145 19 152 139 86 254 3 208 139 94
58451 3307 5539 46 44424 6 0 1 4 65434 65422 8275 35693 8275 139 216 138 135 145 19 152 139 86 254 3 208 139 94 252 59
58453 3307 5541 46 46 6 0 1 4 65434 65422 8275 35693 8275 138 135 145 19 152 139 86 254 3 208 139 94 252 59 23 116
58457 3307 5545 253 46 6 0 1 4 65434 65422 8275 35693 8275 152 139 86 254 3 208 139 94 252 59 23 116 3 233 161 0
58458 3307 5546 65533 46 6 0 1 4 65434 65422 8275 35693 8275 139 86 254 3 208 139 94 252 59 23 116 3 233 161 0 139
58461 3307 5549 65533 46 6 3 1 4 65434 65422 8275 35693 8275 3 208 139 94 252 59 23 116 3 233 161 0 139 198 186 46
58463 3307 5551 65533 46 6 0 1 4 65434 65422 8275 35693 8275 139 94 252 59 23 116 3 233 161 0 139 198 186 46 0 247
58466 3307 5554 65533 44424 6 0 1 4 65434 65422 8275 35693 8275 59 23 116 3 233 161 0 139 198 186 46 0 247 234 139 216
58468 3307 5556 65533 44424 6 0 1 4 65434 65422 8275 35693 8275 116 3 233 161 0 139 198 186 46 0 247 234 139 216 138 135
58470 3307 5558 65533 44424 6 0 1 4 65434 65422 8275 35693 8275 233 161 0 139 198 186 46 0 247 234 139 216 138 135 217 18
58634 3307 5722 65533 44424 6 0 1 4 65434 65422 8275 35693 8275 139 198 186 46 0 247 234 139 216 138 135 147 19 152 139 86
58636 3307 5724 1 44424 6 0 1 4 65434 65422 8275 35693 8275 186 46 0 247 234 139 216 138 135 147 19 152 139 86 254 3
58639 3307 5727 1 44424 6 46 1 4 65434 65422 8275 35693 8275 247 234 139 216 138 135 147 19 152 139 86 254 3 208 139 94
58641 3307 5729 46 44424 6 0 1 4 65434 65422 8275 35693 8275 139 216 138 135 147 19 152 139 86 254 3 208 139 94 252 59
58643 3307 5731 46 46 6 0 1 4 65434 65422 8275 35693 8275 138 135 147 19 152 139 86 254 3 208 139 94 252 59 23 116
58647 3307 5735 253 46 6 0 1 4 65434 65422 8275 35693 8275 152 139 86 254 3 208 139 94 252 59 23 116 3 233 131 0
58648 3307 5736 65533 46 6 0 1 4 65434 65422 8275 35693 8275 139 86 254 3 208 139 94 252 59 23 116 3 233 131 0 139
58651 3307 5739 65533 46 6 3 1 4 65434 65422 8275 35693 8275 3 208 139 94 252 59 23 116 3 233 131 0 139 198 186 46
58653 3307 5741 65533 46 6 0 1 4 65434 65422 8275 35693 8275 139 94 252 59 23 116 3 233 131 0 139 198 186 46 0 247
58656 3307 5744 65533 44424 6 0 1 4 65434 65422 8275 35693 8275 59 23 116 3 233 131 0 139 198 186 46 0 247 234 139 216
58658 3307 5746 65533 44424 6 0 1 4 65434 65422 8275 35693 8275 116 3 233 131 0 139 198 186 46 0 247 234 139 216 138 135
58660 3307 5748 65533 44424 6 0 1 4 65434 65422 8275 35693 8275 233 131 0 139 198 186 46 0 247 234 139 216 138 135 219 18
58794 3307 5882 65533 44424 6 0 1 4 65434 65422 8275 35693 8275 65 160 126 237 180 0 59 193 126 3 233 233 248 95 94 139
58795 3307 5883 65533 44424 7 0 1 4 65434 65422 8275 35693 8275 160 126 237 180 0 59 193 126 3 233 233 248 95 94 139 229
58798 3307 5886 65302 44424 7 0 1 4 65434 65422 8275 35693 8275 180 0 59 193 126 3 233 233 248 95 94 139 229 93 203 85
58800 3307 5888 22 44424 7 0 1 4 65434 65422 8275 35693 8275 59 193 126 3 233 233 248 95 94 139 229 93 203 85 139 236
58802 3307 5890 22 44424 7 0 1 4 65434 65422 8275 35693 8275 126 3 233 233 248 95 94 139 229 93 203 85 139 236 128 62
58804 3307 5892 22 44424 7 0 1 4 65434 65422 8275 35693 8275 233 233 248 95 94 139 229 93 203 85 139 236 128 62 3 233
56992 3307 4080 22 44424 7 0 1 4 65434 65422 8275 35693 8275 139 193 209 224 5 124 173 137 70 252 139 193 209 224 5 208
56994 3307 4082 7 44424 7 0 1 4 65434 65422 8275 35693 8275 209 224 5 124 173 137 70 252 139 193 209 224 5 208 174 137
56996 3307 4084 14 44424 7 0 1 4 65434 65422 8275 35693 8275 5 124 173 137 70 252 139 193 209 224 5 208 174 137 70 250
56999 3307 4087 44426 44424 7 0 1 4 65434 65422 8275 35693 8275 137 70 252 139 193 209 224 5 208 174 137 70 250 139 193 209
57002 3307 4090 44426 44424 7 0 1 4 65434 65422 8275 35693 8275 139 193 209 224 5 208 174 137 70 250 139 193 209 224 5 204
57004 3307 4092 7 44424 7 0 1 4 65434 65422 8275 35693 8275 209 224 5 208 174 137 70 250 139 193 209 224 5 204 178 137
57006 3307 4094 14 44424 7 0 1 4 65434 65422 8275 35693 8275 5 208 174 137 70 250 139 193 209 224 5 204 178 137 70 248
57009 3307 4097 44766 44424 7 0 1 4 65434 65422 8275 35693 8275 137 70 250 139 193 209 224 5 204 178 137 70 248 139 198 186
57012 3307 4100 44766 44424 7 0 1 4 65434 65422 8275 35693 8275 139 193 209 224 5 204 178 137 70 248 139 198 186 46 0 247
57014 3307 4102 7 44424 7 0 1 4 65434 65422 8275 35693 8275 209 224 5 204 178 137 70 248 139 198 186 46 0 247 234 139
57016 3307 4104 14 44424 7 0 1 4 65434 65422 8275 35693 8275 5 204 178 137 70 248 139 198 186 46 0 247 234 139 216 138
57019 3307 4107 45786 44424 7 0 1 4 65434 65422 8275 35693 8275 137 70 248 139 198 186 46 0 247 234 139 216 138 135 118 19
57022 3307 4110 45786 44424 7 0 1 4 65434 65422 8275 35693 8275 139 198 186 46 0 247 234 139 216 138 135 118 19 152 139 86
57024 3307 4112 1 44424 7 0 1 4 65434 65422 8275 35693 8275 186 46 0 247 234 139 216 138 135 118 19 152 139 86 254 3
57027 3307 4115 1 44424 7 46 1 4 65434 65422 8275 35693 8275 247 234 139 216 138 135 118 19 152 139 86 254 3 208 139 94
57029 3307 4117 46 44424 7 0 1 4 65434 65422 8275 35693 8275 139 216 138 135 118 19 152 139 86 254 3 208 139 94 252 59
57031 3307 4119 46 46 7 0 1 4 65434 65422 8275 35693 8275 138 135 118 19 152 139 86 254 3 208 139 94 252 59 23 117
57035 3307 4123 0 46 7 0 1 4 65434 65422 8275 35693 8275 152 139 86 254 3 208 139 94 252 59 23 117 84 139 198 186
57036 3307 4124 0 46 7 0 1 4 65434 65422 8275 35693 8275 139 86 254 3 208 139 94 252 59 23 117 84 139 198 186 46
57039 3307 4127 0 46 7 3 1 4 65434 65422 8275 35693 8275 3 208 139 94 252 59 23 117 84 139 198 186 46 0 247 234
57041 3307 4129 0 46 7 3 1 4 65434 65422 8275 35693 8275 139 94 252 59 23 117 84 139 198 186 46 0 247 234 139 216
57044 3307 4132 0 44426 7 3 1 4 65434 65422 8275 35693 8275 59 23 117 84 139 198 186 46 0 247 234 139 216 138 135 190
57046 3307 4134 0 44426 7 3 1 4 65434 65422 8275 35693 8275 117 84 139 198 186 46 0 247 234 139 216 138 135 190 18 152
57132 3307 4220 0 44426 7 3 1 4 65434 65422 8275 35693 8275 139 198 186 46 0 247 234 139 216 138 135 123 19 152 139 86
57134 3307 4222 1 44426 7 3 1 4 65434 65422 8275 35693 8275 186 46 0 247 234 139 216 138 135 123 19 152 139 86 254 3
57137 3307 4225 1 44426 7 46 1 4 65434 65422 8275 35693 8275 247 234 139 216 138 135 123 19 152 139 86 254 3 208 139 94
57139 3307 4227 46 44426 7 0 1 4 65434 65422 8275 35693 8275 139 216 138 135 123 19 152 139 86 254 3 208 139 94 252 59
57141 3307 4229 46 46 7 0 1 4 65434 65422 8275 35693 8275 138 135 123 19 152 139 86 254 3 208 139 94 252 59 23 117
57145 3307 4233 255 46 7 0 1 4 65434 65422 8275 35693 8275 152 139 86 254 3 208 139 94 252 59 23 117 93 139 198 186
57146 3307 4234 65535 46 7 0 1 4 65434 65422 8275 35693 8275 139 86 254 3 208 139 94 252 59 23 117 93 139 198 186 46
57149 3307 4237 65535 46 7 3 1 4 65434 65422 8275 35693 8275 3 208 139 94 252 59 23 117 93 139 198 186 46 0 247 234
57151 3307 4239 65535 46 7 2 1 4 65434 65422 8275 35693 8275 139 94 252 59 23 117 93 139 198 186 46 0 247 234 139 216
57154 3307 4242 65535 44426 7 2 1 4 65434 65422 8275 35693 8275 59 23 117 93 139 198 186 46 0 247 234 139 216 138 135 195
57156 3307 4244 65535 44426 7 2 1 4 65434 65422 8275 35693 8275 117 93 139 198 186 46 0 247 234 139 216 138 135 195 18 152
57251 3307 4339 65535 44426 7 2 1 4 65434 65422 8275 35693 8275 139 198 186 46 0 247 234 139 216 138 135 121 19 152 139 86
57253 3307 4341 1 44426 7 2 1 4 65434 65422 8275 35693 8275 186 46 0 247 234 139 216 138 135 121 19 152 139 86 254 3
57256 3307 4344 1 44426 7 46 1 4 65434 65422 8275 35693 8275 247 234 139 216 138 135 121 19 152 139 86 254 3 208 139 94
57258 3307 4346 46 44426 7 0 1 4 65434 65422 8275 35693 8275 139 216 138 135 121 19 152 139 86 254 3 208 139 94 252 59
57260 3307 4348 46 46 7 0 1 4 65434 65422 8275 35693 8275 138 135 121 19 152 139 86 254 3 208 139 94 252 59 23 117
57264 3307 4352 255 46 7 0 1 4 65434 65422 8275 35693 8275 152 139 86 254 3 208 139 94 252 59 23 117 103 139 198 186
57265 3307 4353 65535 46 7 0 1 4 65434 65422 8275 35693 8275 139 86 254 3 208 139 94 252 59 23 117 103 139 198 186 46
57268 3307 4356 65535 46 7 3 1 4 65434 65422 8275 35693 8275 3 208 139 94 252 59 23 117 103 139 198 186 46 0 247 234
57270 3307 4358 65535 46 7 2 1 4 65434 65422 8275 35693 8275 139 94 252 59 23 117 103 139 198 186 46 0 247 234 139 216
57273 3307 4361 65535 44426 7 2 1 4 65434 65422 8275 35693 8275 59 23 117 103 139 198 186 46 0 247 234 139 216 138 135 193
57275 3307 4363 65535 44426 7 2 1 4 65434 65422 8275 35693 8275 117 103 139 198 186 46 0 247 234 139 216 138 135 193 18 152
57380 3307 4468 65535 44426 7 2 1 4 65434 65422 8275 35693 8275 139 198 186 46 0 247 234 139 216 138 135 125 19 152 139 86
57382 3307 4470 1 44426 7 2 1 4 65434 65422 8275 35693 8275 186 46 0 247 234 139 216 138 135 125 19 152 139 86 254 3
57385 3307 4473 1 44426 7 46 1 4 65434 65422 8275 35693 8275 247 234 139 216 138 135 125 19 152 139 86 254 3 208 139 94
57387 3307 4475 46 44426 7 0 1 4 65434 65422 8275 35693 8275 139 216 138 135 125 19 152 139 86 254 3 208 139 94 252 59
57389 3307 4477 46 46 7 0 1 4 65434 65422 8275 35693 8275 138 135 125 19 152 139 86 254 3 208 139 94 252 59 23 117
57393 3307 4481 255 46 7 0 1 4 65434 65422 8275 35693 8275 152 139 86 254 3 208 139 94 252 59 23 117 103 139 198 186
57394 3307 4482 65535 46 7 0 1 4 65434 65422 8275 35693 8275 139 86 254 3 208 139 94 252 59 23 117 103 139 198 186 46
57397 3307 4485 65535 46 7 3 1 4 65434 65422 8275 35693 8275 3 208 139 94 252 59 23 117 103 139 198 186 46 0 247 234
57399 3307 4487 65535 46 7 2 1 4 65434 65422 8275 35693 8275 139 94 252 59 23 117 103 139 198 186 46 0 247 234 139 216
57402 3307 4490 65535 44426 7 2 1 4 65434 65422 8275 35693 8275 59 23 117 103 139 198 186 46 0 247 234 139 216 138 135 197
57404 3307 4492 65535 44426 7 2 1 4 65434 65422 8275 35693 8275 117 103 139 198 186 46 0 247 234 139 216 138 135 197 18 152
57509 3307 4597 65535 44426 7 2 1 4 65434 65422 8275 35693 8275 139 198 186 46 0 247 234 139 216 138 135 130 19 152 139 86
57511 3307 4599 1 44426 7 2 1 4 65434 65422 8275 35693 8275 186 46 0 247 234 139 216 138 135 130 19 152 139 86 254 3
57514 3307 4602 1 44426 7 46 1 4 65434 65422 8275 35693 8275 247 234 139 216 138 135 130 19 152 139 86 254 3 208 139 94
57516 3307 4604 46 44426 7 0 1 4 65434 65422 8275 35693 8275 139 216 138 135 130 19 152 139 86 254 3 208 139 94 252 59
57518 3307 4606 46 46 7 0 1 4 65434 65422 8275 35693 8275 138 135 130 19 152 139 86 254 3 208 139 94 252 59 23 117
57522 3307 4610 254 46 7 0 1 4 65434 65422 8275 35693 8275 152 139 86 254 3 208 139 94 252 59 23 117 102 139 198 186
57523 3307 4611 65534 46 7 0 1 4 65434 65422 8275 35693 8275 139 86 254 3 208 139 94 252 59 23 117 102 139 198 186 46
57526 3307 4614 65534 46 7 3 1 4 65434 65422 8275 35693 8275 3 208 139 94 252 59 23 117 102 139 198 186 46 0 247 234
57528 3307 4616 65534 46 7 1 1 4 65434 65422 8275 35693 8275 139 94 252 59 23 117 102 139 198 186 46 0 247 234 139 216
57531 3307 4619 65534 44426 7 1 1 4 65434 65422 8275 35693 8275 59 23 117 102 139 198 186 46 0 247 234 139 216 138 135 202
57533 3307 4621 65534 44426 7 1 1 4 65434 65422 8275 35693 8275 117 102 139 198 186 46 0 247 234 139 216 138 135 202 18 152
57637 3307 4725 65534 44426 7 1 1 4 65434 65422 8275 35693 8275 139 198 186 46 0 247 234 139 216 138 135 128 19 152 139 86
57639 3307 4727 1 44426 7 1 1 4 65434 65422 8275 35693 8275 186 46 0 247 234 139 216 138 135 128 19 152 139 86 254 3
57642 3307 4730 1 44426 7 46 1 4 65434 65422 8275 35693 8275 247 234 139 216 138 135 128 19 152 139 86 254 3 208 139 94
57644 3307 4732 46 44426 7 0 1 4 65434 65422 8275 35693 8275 139 216 138 135 128 19 152 139 86 254 3 208 139 94 252 59
57646 3307 4734 46 46 7 0 1 4 65434 65422 8275 35693 8275 138 135 128 19 152 139 86 254 3 208 139 94 252 59 23 116
57650 3307 4738 254 46 7 0 1 4 65434 65422 8275 35693 8275 152 139 86 254 3 208 139 94 252 59 23 116 3 233 131 0
57651 3307 4739 65534 46 7 0 1 4 65434 65422 8275 35693 8275 139 86 254 3 208 139 94 252 59 23 116 3 233 131 0 139
57654 3307 4742 65534 46 7 3 1 4 65434 65422 8275 35693 8275 3 208 139 94 252 59 23 116 3 233 131 0 139 198 186 46
57656 3307 4744 65534 46 7 1 1 4 65434 65422 8275 35693 8275 139 94 252 59 23 116 3 233 131 0 139 198 186 46 0 247
57659 3307 4747 65534 44426 7 1 1 4 65434 65422 8275 35693 8275 59 23 116 3 233 131 0 139 198 186 46 0 247 234 139 216
57661 3307 4749 65534 44426 7 1 1 4 65434 65422 8275 35693 8275 116 3 233 131 0 139 198 186 46 0 247 234 139 216 138 135
57663 3307 4751 65534 44426 7 1 1 4 65434 65422 8275 35693 8275 233 131 0 139 198 186 46 0 247 234 139 216 138 135 200 18
57797 3307 4885 65534 44426 7 1 1 4 65434 65422 8275 35693 8275 139 198 186 46 0 247 234 139 216 138 135 132 19 152 139 86
57799 3307 4887 1 44426 7 1 1 4 65434 65422 8275 35693 8275 186 46 0 247 234 139 216 138 135 132 19 152 139 86 254 3
57802 3307 4890 1 44426 7 46 1 4 65434 65422 8275 35693 8275 247 234 139 216 138 135 132 19 152 139 86 254 3 208 139 94
57804 3307 4892 46 44426 7 0 1 4 65434 65422 8275 35693 8275 139 216 138 135 132 19 152 139 86 254 3 208 139 94 252 59
57806 3307 4894 46 46 7 0 1 4 65434 65422 8275 35693 8275 138 135 132 19 152 139 86 254 3 208 139 94 252 59 23 116
57810 3307 4898 254 46 7 0 1 4 65434 65422 8275 35693 8275 152 139 86 254 3 208 139 94 252 59 23 116 3 233 131 0
57811 3307 4899 65534 46 7 0 1 4 65434 65422 8275 35693 8275 139 86 254 3 208 139 94 252 59 23 116 3 233 131 0 139
57814 3307 4902 65534 46 7 3 1 4 65434 65422 8275 35693 8275 3 208 139 94 252 59 23 116 3 233 131 0 139 198 186 46
57816 3307 4904 65534 46 7 1 1 4 65434 65422 8275 35693 8275 139 94 252 59 23 116 3 233 131 0 139 198 186 46 0 247
57819 3307 4907 65534 44426 7 1 1 4 65434 65422 8275 35693 8275 59 23 116 3 233 131 0 139 198 186 46 0 247 234 139 216
57821 3307 4909 65534 44426 7 1 1 4 65434 65422 8275 35693 8275 116 3 233 131 0 139 198 186 46 0 247 234 139 216 138 135
57823 3307 4911 65534 44426 7 1 1 4 65434 65422 8275 35693 8275 233 131 0 139 198 186 46 0 247 234 139 216 138 135 204 18
57957 3307 5045 65534 44426 7 1 1 4 65434 65422 8275 35693 8275 139 198 186 46 0 247 234 139 216 138 135 143 19 152 139 86
57959 3307 5047 1 44426 7 1 1 4 65434 65422 8275 35693 8275 186 46 0 247 234 139 216 138 135 143 19 152 139 86 254 3
57962 3307 5050 1 44426 7 46 1 4 65434 65422 8275 35693 8275 247 234 139 216 138 135 143 19 152 139 86 254 3 208 139 94
57964 3307 5052 46 44426 7 0 1 4 65434 65422 8275 35693 8275 139 216 138 135 143 19 152 139 86 254 3 208 139 94 252 59
57966 3307 5054 46 46 7 0 1 4 65434 65422 8275 35693 8275 138 135 143 19 152 139 86 254 3 208 139 94 252 59 23 117
57970 3307 5058 253 46 7 0 1 4 65434 65422 8275 35693 8275 152 139 86 254 3 208 139 94 252 59 23 117 111 139 198 186
57971 3307 5059 65533 46 7 0 1 4 65434 65422 8275 35693 8275 139 86 254 3 208 139 94 252 59 23 117 111 139 198 186 46
57974 3307 5062 65533 46 7 3 1 4 65434 65422 8275 35693 8275 3 208 139 94 252 59 23 117 111 139 198 186 46 0 247 234
57976 3307 5064 65533 46 7 0 1 4 65434 65422 8275 35693 8275 139 94 252 59 23 117 111 139 198 186 46 0 247 234 139 216
57979 3307 5067 65533 44426 7 0 1 4 65434 65422 8275 35693 8275 59 23 117 111 139 198 186 46 0 247 234 139 216 138 135 215
57981 3307 5069 65533 44426 7 0 1 4 65434 65422 8275 35693 8275 117 111 139 198 186 46 0 247 234 139 216 138 135 215 18 152
58094 3307 5182 65533 44426 7 0 1 4 65434 65422 8275 35693 8275 139 198 186 46 0 247 234 139 216 138 135 141 19 152 139 86
58096 3307 5184 1 44426 7 0 1 4 65434 65422 8275 35693 8275 186 46 0 247 234 139 216 138 135 141 19 152 139 86 254 3
58099 3307 5187 1 44426 7 46 1 4 65434 65422 8275 35693 8275 247 234 139 216 138 135 141 19 152 139 86 254 3 208 139 94
58101 3307 5189 46 44426 7 0 1 4 65434 65422 8275 35693 8275 139 216 138 135 141 19 152 139 86 254 3 208 139 94 252 59
58103 3307 5191 46 46 7 0 1 4 65434 65422 8275 35693 8275 138 135 141 19 152 139 86 254 3 208 139 94 252 59 23 116
58107 3307 5195 253 46 7 0 1 4 65434 65422 8275 35693 8275 152 139 86 254 3 208 139 94 252 59 23 116 3 233 161 0
58108 3307 5196 65533 46 7 0 1 4 65434 65422 8275 35693 8275 139 86 254 3 208 139 94 252 59 23 116 3 233 161 0 139
58111 3307 5199 65533 46 7 3 1 4 65434 65422 8275 35693 8275 3 208 139 94 252 59 23 116 3 233 161 0 139 198 186 46
58113 3307 5201 65533 46 7 0 1 4 65434 65422 8275 35693 8275 139 94 252 59 23 116 3 233 161 0 139 198 186 46 0 247
58116 3307 5204 65533 44426 7 0 1 4 65434 65422 8275 35693 8275 59 23 116 3 233 161 0 139 198 186 46 0 247 234 139 216
58118 3307 5206 65533 44426 7 0 1 4 65434 65422 8275 35693 8275 116 3 233 161 0 139 198 186 46 0 247 234 139 216 138 135
58120 3307 5208 65533 44426 7 0 1 4 65434 65422 8275 35693 8275 233 161 0 139 198 186 46 0 247 234 139 216 138 135 213 18
58284 3307 5372 65533 44426 7 0 1 4 65434 65422 8275 35693 8275 139 198 186 46 0 247 234 139 216 138 135 139 19 152 139 86
58286 3307 5374 1 44426 7 0 1 4 65434 65422 8275 35693 8275 186 46 0 247 234 139 216 138 135 139 19 152 139 86 254 3
58289 3307 5377 1 44426 7 46 1 4 65434 65422 8275 35693 8275 247 234 139 216 138 135 139 19 152 139 86 254 3 208 139 94
58291 3307 5379 46 44426 7 0 1 4 65434 65422 8275 35693 8275 139 216 138 135 139 19 152 139 86 254 3 208 139 94 252 59
58293 3307 5381 46 46 7 0 1 4 65434 65422 8275 35693 8275 138 135 139 19 152 139 86 254 3 208 139 94 252 59 23 116
58297 3307 5385 253 46 7 0 1 4 65434 65422 8275 35693 8275 152 139 86 254 3 208 139 94 252 59 23 116 3 233 131 0
58298 3307 5386 65533 46 7 0 1 4 65434 65422 8275 35693 8275 139 86 254 3 208 139 94 252 59 23 116 3 233 131 0 139
58301 3307 5389 65533 46 7 3 1 4 65434 65422 8275 35693 8275 3 208 139 94 252 59 23 116 3 233 131 0 139 198 186 46
58303 3307 5391 65533 46 7 0 1 4 65434 65422 8275 35693 8275 139 94 252 59 23 116 3 233 131 0 139 198 186 46 0 247
58306 3307 5394 65533 44426 7 0 1 4 65434 65422 8275 35693 8275 59 23 116 3 233 131 0 139 198 186 46 0 247 234 139 216
58308 3307 5396 65533 44426 7 0 1 4 65434 65422 8275 35693 8275 116 3 233 131 0 139 198 186 46 0 247 234 139 216 138 135
58310 3307 5398 65533 44426 7 0 1 4 65434 65422 8275 35693 8275 233 131 0 139 198 186 46 0 247 234 139 216 138 135 211 18
58444 3307 5532 65533 44426 7 0 1 4 65434 65422 8275 35693 8275 139 198 186 46 0 247 234 139 216 138 135 145 19 152 139 86
58446 3307 5534 1 44426 7 0 1 4 65434 65422 8275 35693 8275 186 46 0 247 234 139 216 138 135 145 19 152 139 86 254 3
58449 3307 5537 1 44426 7 46 1 4 65434 65422 8275 35693 8275 247 234 139 216 138 135 145 19 152 139 86 254 3 208 139 94
58451 3307 5539 46 44426 7 0 1 4 65434 65422 8275 35693 8275 139 216 138 135 145 19 152 139 86 254 3 208 139 94 252 59
58453 3307 5541 46 46 7 0 1 4 65434 65422 8275 35693 8275 138 135 145 19 152 139 86 254 3 208 139 94 252 59 23 116
58457 3307 5545 253 46 7 0 1 4 65434 65422 8275 35693 8275 152 139 86 254 3 208 139 94 252 59 23 116 3 233 161 0
58458 3307 5546 65533 46 7 0 1 4 65434 65422 8275 35693 8275 139 86 254 3 208 139 94 252 59 23 116 3 233 161 0 139
58461 3307 5549 65533 46 7 3 1 4 65434 65422 8275 35693 8275 3 208 139 94 252 59 23 116 3 233 161 0 139 198 186 46
58463 3307 5551 65533 46 7 0 1 4 65434 65422 8275 35693 8275 139 94 252 59 23 116 3 233 161 0 139 198 186 46 0 247
58466 3307 5554 65533 44426 7 0 1 4 65434 65422 8275 35693 8275 59 23 116 3 233 161 0 139 198 186 46 0 247 234 139 216
58468 3307 5556 65533 44426 7 0 1 4 65434 65422 8275 35693 8275 116 3 233 161 0 139 198 186 46 0 247 234 139 216 138 135
58470 3307 5558 65533 44426 7 0 1 4 65434 65422 8275 35693 8275 233 161 0 139 198 186 46 0 247 234 139 216 138 135 217 18
58634 3307 5722 65533 44426 7 0 1 4 65434 65422 8275 35693 8275 139 198 186 46 0 247 234 139 216 138 135 147 19 152 139 86
58636 3307 5724 1 44426 7 0 1 4 65434 65422 8275 35693 8275 186 46 0 247 234 139 216 138 135 147 19 152 139 86 254 3
58639 3307 5727 1 44426 7 46 1 4 65434 65422 8275 35693 8275 247 234 139 216 138 135 147 19 152 139 86 254 3 208 139 94
58641 3307 5729 46 44426 7 0 1 4 65434 65422 8275 35693 8275 139 216 138 135 147 19 152 139 86 254 3 208 139 94 252 59
58643 3307 5731 46 46 7 0 1 4 65434 65422 8275 35693 8275 138 135 147 19 152 139 86 254 3 208 139 94 252 59 23 116
58647 3307 5735 253 46 7 0 1 4 65434 65422 8275 35693 8275 152 139 86 254 3 208 139 94 252 59 23 116 3 233 131 0
58648 3307 5736 65533 46 7 0 1 4 65434 65422 8275 35693 8275 139 86 254 3 208 139 94 252 59 23 116 3 233 131 0 139
58651 3307 5739 65533 46 7 3 1 4 65434 65422 8275 35693 8275 3 208 139 94 252 59 23 116 3 233 131 0 139 198 186 46
58653 3307 5741 65533 46 7 0 1 4 65434 65422 8275 35693 8275 139 94 252 59 23 116 3 233 131 0 139 198 186 46 0 247
58656 3307 5744 65533 44426 7 0 1 4 65434 65422 8275 35693 8275 59 23 116 3 233 131 0 139 198 186 46 0 247 234 139 216
58658 3307 5746 65533 44426 7 0 1 4 65434 65422 8275 35693 8275 116 3 233 131 0 139 198 186 46 0 247 234 139 216 138 135
58660 3307 5748 65533 44426 7 0 1 4 65434 65422 8275 35693 8275 233 131 0 139 198 186 46 0 247 234 139 216 138 135 219 18
58794 3307 5882 65533 44426 7 0 1 4 65434 65422 8275 35693 8275 65 160 126 237 180 0 59 193 126 3 233 233 248 95 94 139
58795 3307 5883 65533 44426 8 0 1 4 65434 65422 8275 35693 8275 160 126 237 180 0 59 193 126 3 233 233 248 95 94 139 229
58798 3307 5886 65302 44426 8 0 1 4 65434 65422 8275 35693 8275 180 0 59 193 126 3 233 233 248 95 94 139 229 93 203 85
58800 3307 5888 22 44426 8 0 1 4 65434 65422 8275 35693 8275 59 193 126 3 233 233 248 95 94 139 229 93 203 85 139 236
58802 3307 5890 22 44426 8 0 1 4 65434 65422 8275 35693 8275 126 3 233 233 248 95 94 139 229 93 203 85 139 236 128 62
58804 3307 5892 22 44426 8 0 1 4 65434 65422 8275 35693 8275 233 233 248 95 94 139 229 93 203 85 139 236 128 62 3 233
56992 3307 4080 22 44426 8 0 1 4 65434 65422 8275 35693 8275 139 193 209 224 5 124 173 137 70 252 139 193 209 224 5 208
56994 3307 4082 8 44426 8 0 1 4 65434 65422 8275 35693 8275 209 224 5 124 173 137 70 252 139 193 209 224 5 208 174 137
56996 3307 4084 16 44426 8 0 1 4 65434 65422 8275 35693 8275 5 124 173 137 70 252 139 193 209 224 5 208 174 137 70 250
56999 3307 4087 44428 44426 8 0 1 4 65434 65422 8275 35693 8275 137 70 252 139 193 209 224 5 208 174 137 70 250 139 193 209
57002 3307 4090 44428 44426 8 0 1 4 65434 65422 8275 35693 8275 139 193 209 224 5 208 174 137 70 250 139 193 209 224 5 204
57004 3307 4092 8 44426 8 0 1 4 65434 65422 8275 35693 8275 209 224 5 208 174 137 70 250 139 193 209 224 5 204 178 137
57006 3307 4094 16 44426 8 0 1 4 65434 65422 8275 35693 8275 5 208 174 137 70 250 139 193 209 224 5 204 178 137 70 248
57009 3307 4097 44768 44426 8 0 1 4 65434 65422 8275 35693 8275 137 70 250 139 193 209 224 5 204 178 137 70 248 139 198 186
57012 3307 4100 44768 44426 8 0 1 4 65434 65422 8275 35693 8275 139 193 209 224 5 204 178 137 70 248 139 198 186 46 0 247
57014 3307 4102 8 44426 8 0 1 4 65434 65422 8275 35693 8275 209 224 5 204 178 137 70 248 139 198 186 46 0 247 234 139
57016 3307 4104 16 44426 8 0 1 4 65434 65422 8275 35693 8275 5 204 178 137 70 248 139 198 186 46 0 247 234 139 216 138
57019 3307 4107 45788 44426 8 0 1 4 65434 65422 8275 35693 8275 137 70 248 139 198 186 46 0 247 234 139 216 138 135 118 19
57022 3307 4110 45788 44426 8 0 1 4 65434 65422 8275 35693 8275 139 198 186 46 0 247 234 139 216 138 135 118 19 152 139 86
57024 3307 4112 1 44426 8 0 1 4 65434 65422 8275 35693 8275 186 46 0 247 234 139 216 138 135 118 19 152 139 86 254 3
57027 3307 4115 1 44426 8 46 1 4 65434 65422 8275 35693 8275 247 234 139 216 138 135 118 19 152 139 86 254 3 208 139 94
57029 3307 4117 46 44426 8 0 1 4 65434 65422 8275 35693 8275 139 216 138 135 118 19 152 139 86 254 3 208 139 94 252 59
57031 3307 4119 46 46 8 0 1 4 65434 65422 8275 35693 8275 138 135 118 19 152 139 86 254 3 208 139 94 252 59 23 117
57035 3307 4123 0 46 8 0 1 4 65434 65422 8275 35693 8275 152 139 86 254 3 208 139 94 252 59 23 117 84 139 198 186
57036 3307 4124 0 46 8 0 1 4 65434 65422 8275 35693 8275 139 86 254 3 208 139 94 252 59 23 117 84 139 198 186 46
57039 3307 4127 0 46 8 3 1 4 65434 65422 8275 35693 8275 3 208 139 94 252 59 23 117 84 139 198 186 46 0 247 234
57041 3307 4129 0 46 8 3 1 4 65434 65422 8275 35693 8275 139 94 252 59 23 117 84 139 198 186 46 0 247 234 139 216
57044 3307 4132 0 44428 8 3 1 4 65434 65422 8275 35693 8275 59 23 117 84 139 198 186 46 0 247 234 139 216 138 135 190
57046 3307 4134 0 44428 8 3 1 4 65434 65422 8275 35693 8275 117 84 139 198 186 46 0 247 234 139 216 138 135 190 18 152
57132 3307 4220 0 44428 8 3 1 4 65434 65422 8275 35693 8275 139 198 186 46 0 247 234 139 216 138 135 123 19 152 139 86
57134 3307 4222 1 44428 8 3 1 4 65434 65422 8275 35693 8275 186 46 0 247 234 139 216 138 135 123 19 152 139 86 254 3
57137 3307 4225 1 44428 8 46 1 4 65434 65422 8275 35693 8275 247 234 139 216 138 135 123 19 152 139 86 254 3 208 139 94
57139 3307 4227 46 44428 8 0 1 4 65434 65422 8275 35693 8275 139 216 138 135 123 19 152 139 86 254 3 208 139 94 252 59
57141 3307 4229 46 46 8 0 1 4 65434 65422 8275 35693 8275 138 135 123 19 152 139 86 254 3 208 139 94 252 59 23 117
57145 3307 4233 255 46 8 0 1 4 65434 65422 8275 35693 8275 152 139 86 254 3 208 139 94 252 59 23 117 93 139 198 186
57146 3307 4234 65535 46 8 0 1 4 65434 65422 8275 35693 8275 139 86 254 3 208 139 94 252 59 23 117 93 139 198 186 46
57149 3307 4237 65535 46 8 3 1 4 65434 65422 8275 35693 8275 3 208 139 94 252 59 23 117 93 139 198 186 46 0 247 234
57151 3307 4239 65535 46 8 2 1 4 65434 65422 8275 35693 8275 139 94 252 59 23 117 93 139 198 186 46 0 247 234 139 216
57154 3307 4242 65535 44428 8 2 1 4 65434 65422 8275 35693 8275 59 23 117 93 139 198 186 46 0 247 234 139 216 138 135 195
57156 3307 4244 65535 44428 8 2 1 4 65434 65422 8275 35693 8275 117 93 139 198 186 46 0 247 234 139 216 138 135 195 18 152
57251 3307 4339 65535 44428 8 2 1 4 65434 65422 8275 35693 8275 139 198 186 46 0 247 234 139 216 138 135 121 19 152 139 86
57253 3307 4341 1 44428 8 2 1 4 65434 65422 8275 35693 8275 186 46 0 247 234 139 216 138 135 121 19 152 139 86 254 3
57256 3307 4344 1 44428 8 46 1 4 65434 65422 8275 35693 8275 247 234 139 216 138 135 121 19 152 139 86 254 3 208 139 94
57258 3307 4346 46 44428 8 0 1 4 65434 65422 8275 35693 8275 139 216 138 135 121 19 152 139 86 254 3 208 139 94 252 59
57260 3307 4348 46 46 8 0 1 4 65434 65422 8275 35693 8275 138 135 121 19 152 139 86 254 3 208 139 94 252 59 23 117
57264 3307 4352 255 46 8 0 1 4 65434 65422 8275 35693 8275 152 139 86 254 3 208 139 94 252 59 23 117 103 139 198 186
57265 3307 4353 65535 46 8 0 1 4 65434 65422 8275 35693 8275 139 86 254 3 208 139 94 252 59 23 117 103 139 198 186 46
57268 3307 4356 65535 46 8 3 1 4 65434 65422 8275 35693 8275 3 208 139 94 252 59 23 117 103 139 198 186 46 0 247 234
57270 3307 4358 65535 46 8 2 1 4 65434 65422 8275 35693 8275 139 94 252 59 23 117 103 139 198 186 46 0 247 234 139 216
57273 3307 4361 65535 44428 8 2 1 4 65434 65422 8275 35693 8275 59 23 117 103 139 198 186 46 0 247 234 139 216 138 135 193
57275 3307 4363 65535 44428 8 2 1 4 65434 65422 8275 35693 8275 117 103 139 198 186 46 0 247 234 139 216 138 135 193 18 152
57380 3307 4468 65535 44428 8 2 1 4 65434 65422 8275 35693 8275 139 198 186 46 0 247 234 139 216 138 135 125 19 152 139 86
57382 3307 4470 1 44428 8 2 1 4 65434 65422 8275 35693 8275 186 46 0 247 234 139 216 138 135 125 19 152 139 86 254 3
57385 3307 4473 1 44428 8 46 1 4 65434 65422 8275 35693 8275 247 234 139 216 138 135 125 19 152 139 86 254 3 208 139 94
57387 3307 4475 46 44428 8 0 1 4 65434 65422 8275 35693 8275 139 216 138 135 125 19 152 139 86 254 3 208 139 94 252 59
57389 3307 4477 46 46 8 0 1 4 65434 65422 8275 35693 8275 138 135 125 19 152 139 86 254 3 208 139 94 252 59 23 117
57393 3307 4481 255 46 8 0 1 4 65434 65422 8275 35693 8275 152 139 86 254 3 208 139 94 252 59 23 117 103 139 198 186
57394 3307 4482 65535 46 8 0 1 4 65434 65422 8275 35693 8275 139 86 254 3 208 139 94 252 59 23 117 103 139 198 186 46
57397 3307 4485 65535 46 8 3 1 4 65434 65422 8275 35693 8275 3 208 139 94 252 59 23 117 103 139 198 186 46 0 247 234
57399 3307 4487 65535 46 8 2 1 4 65434 65422 8275 35693 8275 139 94 252 59 23 117 103 139 198 186 46 0 247 234 139 216
57402 3307 4490 65535 44428 8 2 1 4 65434 65422 8275 35693 8275 59 23 117 103 139 198 186 46 0 247 234 139 216 138 135 197
57404 3307 4492 65535 44428 8 2 1 4 65434 65422 8275 35693 8275 117 103 139 198 186 46 0 247 234 139 216 138 135 197 18 152
57509 3307 4597 65535 44428 8 2 1 4 65434 65422 8275 35693 8275 139 198 186 46 0 247 234 139 216 138 135 130 19 152 139 86
57511 3307 4599 1 44428 8 2 1 4 65434 65422 8275 35693 8275 186 46 0 247 234 139 216 138 135 130 19 152 139 86 254 3
57514 3307 4602 1 44428 8 46 1 4 65434 65422 8275 35693 8275 247 234 139 216 138 135 130 19 152 139 86 254 3 208 139 94
57516 3307 4604 46 44428 8 0 1 4 65434 65422 8275 35693 8275 139 216 138 135 130 19 152 139 86 254 3 208 139 94 252 59
57518 3307 4606 46 46 8 0 1 4 65434 65422 8275 35693 8275 138 135 130 19 152 139 86 254 3 208 139 94 252 59 23 117
57522 3307 4610 254 46 8 0 1 4 65434 65422 8275 35693 8275 152 139 86 254 3 208 139 94 252 59 23 117 102 139 198 186
57523 3307 4611 65534 46 8 0 1 4 65434 65422 8275 35693 8275 139 86 254 3 208 139 94 252 59 23 117 102 139 198 186 46
57526 3307 4614 65534 46 8 3 1 4 65434 65422 8275 35693 8275 3 208 139 94 252 59 23 117 102 139 198 186 46 0 247 234
57528 3307 4616 65534 46 8 1 1 4 65434 65422 8275 35693 8275 139 94 252 59 23 117 102 139 198 186 46 0 247 234 139 216
57531 3307 4619 65534 44428 8 1 1 4 65434 65422 8275 35693 8275 59 23 117 102 139 198 186 46 0 247 234 139 216 138 135 202
57533 3307 4621 65534 44428 8 1 1 4 65434 65422 8275 35693 8275 117 102 139 198 186 46 0 247 234 139 216 138 135 202 18 152
57637 3307 4725 65534 44428 8 1 1 4 65434 65422 8275 35693 8275 139 198 186 46 0 247 234 139 216 138 135 128 19 152 139 86
57639 3307 4727 1 44428 8 1 1 4 65434 65422 8275 35693 8275 186 46 0 247 234 139 216 138 135 128 19 152 139 86 254 3
57642 3307 4730 1 44428 8 46 1 4 65434 65422 8275 35693 8275 247 234 139 216 138 135 128 19 152 139 86 254 3 208 139 94
57644 3307 4732 46 44428 8 0 1 4 65434 65422 8275 35693 8275 139 216 138 135 128 19 152 139 86 254 3 208 139 94 252 59
57646 3307 4734 46 46 8 0 1 4 65434 65422 8275 35693 8275 138 135 128 19 152 139 86 254 3 208 139 94 252 59 23 116
57650 3307 4738 254 46 8 0 1 4 65434 65422 8275 35693 8275 152 139 86 254 3 208 139 94 252 59 23 116 3 233 131 0
57651 3307 4739 65534 46 8 0 1 4 65434 65422 8275 35693 8275 139 86 254 3 208 139 94 252 59 23 116 3 233 131 0 139
57654 3307 4742 65534 46 8 3 1 4 65434 65422 8275 35693 8275 3 208 139 94 252 59 23 116 3 233 131 0 139 198 186 46
57656 3307 4744 65534 46 8 1 1 4 65434 65422 8275 35693 8275 139 94 252 59 23 116 3 233 131 0 139 198 186 46 0 247
57659 3307 4747 65534 44428 8 1 1 4 65434 65422 8275 35693 8275 59 23 116 3 233 131 0 139 198 186 46 0 247 234 139 216
57661 3307 4749 65534 44428 8 1 1 4 65434 65422 8275 35693 8275 116 3 233 131 0 139 198 186 46 0 247 234 139 216 138 135
57663 3307 4751 65534 44428 8 1 1 4 65434 65422 8275 35693 8275 233 131 0 139 198 186 46 0 247 234 139 216 138 135 200 18
57797 3307 4885 65534 44428 8 1 1 4 65434 65422 8275 35693 8275 139 198 186 46 0 247 234 139 216 138 135 132 19 152 139 86
57799 3307 4887 1 44428 8 1 1 4 65434 65422 8275 35693 8275 186 46 0 247 234 139 216 138 135 132 19 152 139 86 254 3
57802 3307 4890 1 44428 8 46 1 4 65434 65422 8275 35693 8275 247 234 139 216 138 135 132 19 152 139 86 254 3 208 139 94
57804 3307 4892 46 44428 8 0 1 4 65434 65422 8275 35693 8275 139 216 138 135 132 19 152 139 86 254 3 208 139 94 252 59
57806 3307 4894 46 46 8 0 1 4 65434 65422 8275 35693 8275 138 135 132 19 152 139 86 254 3 208 139 94 252 59 23 116
57810 3307 4898 254 46 8 0 1 4 65434 65422 8275 35693 8275 152 139 86 254 3 208 139 94 252 59 23 116 3 233 131 0
57811 3307 4899 65534 46 8 0 1 4 65434 65422 8275 35693 8275 139 86 254 3 208 139 94 252 59 23 116 3 233 131 0 139
57814 3307 4902 65534 46 8 3 1 4 65434 65422 8275 35693 8275 3 208 139 94 252 59 23 116 3 233 131 0 139 198 186 46
57816 3307 4904 65534 46 8 1 1 4 65434 65422 8275 35693 8275 139 94 252 59 23 116 3 233 131 0 139 198 186 46 0 247
57819 3307 4907 65534 44428 8 1 1 4 65434 65422 8275 35693 8275 59 23 116 3 233 131 0 139 198 186 46 0 247 234 139 216
57821 3307 4909 65534 44428 8 1 1 4 65434 65422 8275 35693 8275 116 3 233 131 0 139 198 186 46 0 247 234 139 216 138 135
57823 3307 4911 65534 44428 8 1 1 4 65434 65422 8275 35693 8275 233 131 0 139 198 186 46 0 247 234 139 216 138 135 204 18
57957 3307 5045 65534 44428 8 1 1 4 65434 65422 8275 35693 8275 139 198 186 46 0 247 234 139 216 138 135 143 19 152 139 86
57959 3307 5047 1 44428 8 1 1 4 65434 65422 8275 35693 8275 186 46 0 247 234 139 216 138 135 143 19 152 139 86 254 3
57962 3307 5050 1 44428 8 46 1 4 65434 65422 8275 35693 8275 247 234 139 216 138 135 143 19 152 139 86 254 3 208 139 94
57964 3307 5052 46 44428 8 0 1 4 65434 65422 8275 35693 8275 139 216 138 135 143 19 152 139 86 254 3 208 139 94 252 59
57966 3307 5054 46 46 8 0 1 4 65434 65422 8275 35693 8275 138 135 143 19 152 139 86 254 3 208 139 94 252 59 23 117
57970 3307 5058 253 46 8 0 1 4 65434 65422 8275 35693 8275 152 139 86 254 3 208 139 94 252 59 23 117 111 139 198 186
57971 3307 5059 65533 46 8 0 1 4 65434 65422 8275 35693 8275 139 86 254 3 208 139 94 252 59 23 117 111 139 198 186 46
57974 3307 5062 65533 46 8 3 1 4 65434 65422 8275 35693 8275 3 208 139 94 252 59 23 117 111 139 198 186 46 0 247 234
57976 3307 5064 65533 46 8 0 1 4 65434 65422 8275 35693 8275 139 94 252 59 23 117 111 139 198 186 46 0 247 234 139 216
57979 3307 5067 65533 44428 8 0 1 4 65434 65422 8275 35693 8275 59 23 117 111 139 198 186 46 0 247 234 139 216 138 135 215
57981 3307 5069 65533 44428 8 0 1 4 65434 65422 8275 35693 8275 117 111 139 198 186 46 0 247 234 139 216 138 135 215 18 152
58094 3307 5182 65533 44428 8 0 1 4 65434 65422 8275 35693 8275 139 198 186 46 0 247 234 139 216 138 135 141 19 152 139 86
58096 3307 5184 1 44428 8 0 1 4 65434 65422 8275 35693 8275 186 46 0 247 234 139 216 138 135 141 19 152 139 86 254 3
58099 3307 5187 1 44428 8 46 1 4 65434 65422 8275 35693 8275 247 234 139 216 138 135 141 19 152 139 86 254 3 208 139 94
58101 3307 5189 46 44428 8 0 1 4 65434 65422 8275 35693 8275 139 216 138 135 141 19 152 139 86 254 3 208 139 94 252 59
58103 3307 5191 46 46 8 0 1 4 65434 65422 8275 35693 8275 138 135 141 19 152 139 86 254 3 208 139 94 252 59 23 116
58107 3307 5195 253 46 8 0 1 4 65434 65422 8275 35693 8275 152 139 86 254 3 208 139 94 252 59 23 116 3 233 161 0
58108 3307 5196 65533 46 8 0 1 4 65434 65422 8275 35693 8275 139 86 254 3 208 139 94 252 59 23 116 3 233 161 0 139
58111 3307 5199 65533 46 8 3 1 4 65434 65422 8275 35693 8275 3 208 139 94 252 59 23 116 3 233 161 0 139 198 186 46
58113 3307 5201 65533 46 8 0 1 4 65434 65422 8275 35693 8275 139 94 252 59 23 116 3 233 161 0 139 198 186 46 0 247
58116 3307 5204 65533 44428 8 0 1 4 65434 65422 8275 35693 8275 59 23 116 3 233 161 0 139 198 186 46 0 247 234 139 216
58118 3307 5206 65533 44428 8 0 1 4 65434 65422 8275 35693 8275 116 3 233 161 0 139 198 186 46 0 247 234 139 216 138 135
58120 3307 5208 65533 44428 8 0 1 4 65434 65422 8275 35693 8275 233 161 0 139 198 186 46 0 247 234 139 216 138 135 213 18
58284 3307 5372 65533 44428 8 0 1 4 65434 65422 8275 35693 8275 139 198 186 46 0 247 234 139 216 138 135 139 19 152 139 86
58286 3307 5374 1 44428 8 0 1 4 65434 65422 8275 35693 8275 186 46 0 247 234 139 216 138 135 139 19 152 139 86 254 3
58289 3307 5377 1 44428 8 46 1 4 65434 65422 8275 35693 8275 247 234 139 216 138 135 139 19 152 139 86 254 3 208 139 94
58291 3307 5379 46 44428 8 0 1 4 65434 65422 8275 35693 8275 139 216 138 135 139 19 152 139 86 254 3 208 139 94 252 59
58293 3307 5381 46 46 8 0 1 4 65434 65422 8275 35693 8275 138 135 139 19 152 139 86 254 3 208 139 94 252 59 23 116
58297 3307 5385 253 46 8 0 1 4 65434 65422 8275 35693 8275 152 139 86 254 3 208 139 94 252 59 23 116 3 233 131 0
58298 3307 5386 65533 46 8 0 1 4 65434 65422 8275 35693 8275 139 86 254 3 208 139 94 252 59 23 116 3 233 131 0 139
58301 3307 5389 65533 46 8 3 1 4 65434 65422 8275 35693 8275 3 208 139 94 252 59 23 116 3 233 131 0 139 198 186 46
58303 3307 5391 65533 46 8 0 1 4 65434 65422 8275 35693 8275 139 94 252 59 23 116 3 233 131 0 139 198 186 46 0 247
58306 3307 5394 65533 44428 8 0 1 4 65434 65422 8275 35693 8275 59 23 116 3 233 131 0 139 198 186 46 0 247 234 139 216
58308 3307 5396 65533 44428 8 0 1 4 65434 65422 8275 35693 8275 116 3 233 131 0 139 198 186 46 0 247 234 139 216 138 135
58310 3307 5398 65533 44428 8 0 1 4 65434 65422 8275 35693 8275 233 131 0 139 198 186 46 0 247 234 139 216 138 135 211 18
58444 3307 5532 65533 44428 8 0 1 4 65434 65422 8275 35693 8275 139 198 186 46 0 247 234 139 216 138 135 145 19 152 139 86
58446 3307 5534 1 44428 8 0 1 4 65434 65422 8275 35693 8275 186 46 0 247 234 139 216 138 135 145 19 152 139 86 254 3
58449 3307 5537 1 44428 8 46 1 4 65434 65422 8275 35693 8275 247 234 139 216 138 135 145 19 152 139 86 254 3 208 139 94
58451 3307 5539 46 44428 8 0 1 4 65434 65422 8275 35693 8275 139 216 138 135 145 19 152 139 86 254 3 208 139 94 252 59
58453 3307 5541 46 46 8 0 1 4 65434 65422 8275 35693 8275 138 135 145 19 152 139 86 254 3 208 139 94 252 59 23 116
58457 3307 5545 253 46 8 0 1 4 65434 65422 8275 35693 8275 152 139 86 254 3 208 139 94 252 59 23 116 3 233 161 0
58458 3307 5546 65533 46 8 0 1 4 65434 65422 8275 35693 8275 139 86 254 3 208 139 94 252 59 23 116 3 233 161 0 139
58461 3307 5549 65533 46 8 3 1 4 65434 65422 8275 35693 8275 3 208 139 94 252 59 23 116 3 233 161 0 139 198 186 46
58463 3307 5551 65533 46 8 0 1 4 65434 65422 8275 35693 8275 139 94 252 59 23 116 3 233 161 0 139 198 186 46 0 247
58466 3307 5554 65533 44428 8 0 1 4 65434 65422 8275 35693 8275 59 23 116 3 233 161 0 139 198 186 46 0 247 234 139 216
58468 3307 5556 65533 44428 8 0 1 4 65434 65422 8275 35693 8275 116 3 233 161 0 139 198 186 46 0 247 234 139 216 138 135
58470 3307 5558 65533 44428 8 0 1 4 65434 65422 8275 35693 8275 233 161 0 139 198 186 46 0 247 234 139 216 138 135 217 18
58634 3307 5722 65533 44428 8 0 1 4 65434 65422 8275 35693 8275 139 198 186 46 0 247 234 139 216 138 135 147 19 152 139 86
58636 3307 5724 1 44428 8 0 1 4 65434 65422 8275 35693 8275 186 46 0 247 234 139 216 138 135 147 19 152 139 86 254 3
58639 3307 5727 1 44428 8 46 1 4 65434 65422 8275 35693 8275 247 234 139 216 138 135 147 19 152 139 86 254 3 208 139 94
58641 3307 5729 46 44428 8 0 1 4 65434 65422 8275 35693 8275 139 216 138 135 147 19 152 139 86 254 3 208 139 94 252 59
58643 3307 5731 46 46 8 0 1 4 65434 65422 8275 35693 8275 138 135 147 19 152 139 86 254 3 208 139 94 252 59 23 116
58647 3307 5735 253 46 8 0 1 4 65434 65422 8275 35693 8275 152 139 86 254 3 208 139 94 252 59 23 116 3 233 131 0
58648 3307 5736 65533 46 8 0 1 4 65434 65422 8275 35693 8275 139 86 254 3 208 139 94 252 59 23 116 3 233 131 0 139
58651 3307 5739 65533 46 8 3 1 4 65434 65422 8275 35693 8275 3 208 139 94 252 59 23 116 3 233 131 0 139 198 186 46
58653 3307 5741 65533 46 8 0 1 4 65434 65422 8275 35693 8275 139 94 252 59 23 116 3 233 131 0 139 198 186 46 0 247
58656 3307 5744 65533 44428 8 0 1 4 65434 65422 8275 35693 8275 59 23 116 3 233 131 0 139 198 186 46 0 247 234 139 216
58658 3307 5746 65533 44428 8 0 1 4 65434 65422 8275 35693 8275 116 3 233 131 0 139 198 186 46 0 247 234 139 216 138 135
58660 3307 5748 65533 44428 8 0 1 4 65434 65422 8275 35693 8275 233 131 0 139 198 186 46 0 247 234 139 216 138 135 219 18
58794 3307 5882 65533 44428 8 0 1 4 65434 65422 8275 35693 8275 65 160 126 237 180 0 59 193 126 3 233 233 248 95 94 139
58795 3307 5883 65533 44428 9 0 1 4 65434 65422 8275 35693 8275 160 126 237 180 0 59 193 126 3 233 233 248 95 94 139 229
58798 3307 5886 65302 44428 9 0 1 4 65434 65422 8275 35693 8275 180 0 59 193 126 3 233 233 248 95 94 139 229 93 203 85
58800 3307 5888 22 44428 9 0 1 4 65434 65422 8275 35693 8275 59 193 126 3 233 233 248 95 94 139 229 93 203 85 139 236
58802 3307 5890 22 44428 9 0 1 4 65434 65422 8275 35693 8275 126 3 233 233 248 95 94 139 229 93 203 85 139 236 128 62
58804 3307 5892 22 44428 9 0 1 4 65434 65422 8275 35693 8275 233 233 248 95 94 139 229 93 203 85 139 236 128 62 3 233
56992 3307 4080 22 44428 9 0 1 4 65434 65422 8275 35693 8275 139 193 209 224 5 124 173 137 70 252 139 193 209 224 5 208
56994 3307 4082 9 44428 9 0 1 4 65434 65422 8275 35693 8275 209 224 5 124 173 137 70 252 139 193 209 224 5 208 174 137
56996 3307 4084 18 44428 9 0 1 4 65434 65422 8275 35693 8275 5 124 173 137 70 252 139 193 209 224 5 208 174 137 70 250
56999 3307 4087 44430 44428 9 0 1 4 65434 65422 8275 35693 8275 137 70 252 139 193 209 224 5 208 174 137 70 250 139 193 209
57002 3307 4090 44430 44428 9 0 1 4 65434 65422 8275 35693 8275 139 193 209 224 5 208 174 137 70 250 139 193 209 224 5 204
57004 3307 4092 9 44428 9 0 1 4 65434 65422 8275 35693 8275 209 224 5 208 174 137 70 250 139 193 209 224 5 204 178 137
57006 3307 4094 18 44428 9 0 1 4 65434 65422 8275 35693 8275 5 208 174 137 70 250 139 193 209 224 5 204 178 137 70 248
57009 3307 4097 44770 44428 9 0 1 4 65434 65422 8275 35693 8275 137 70 250 139 193 209 224 5 204 178 137 70 248 139 198 186
57012 3307 4100 44770 44428 9 0 1 4 65434 65422 8275 35693 8275 139 193 209 224 5 204 178 137 70 248 139 198 186 46 0 247
57014 3307 4102 9 44428 9 0 1 4 65434 65422 8275 35693 8275 209 224 5 204 178 137 70 248 139 198 186 46 0 247 234 139
57016 3307 4104 18 44428 9 0 1 4 65434 65422 8275 35693 8275 5 204 178 137 70 248 139 198 186 46 0 247 234 139 216 138
57019 3307 4107 45790 44428 9 0 1 4 65434 65422 8275 35693 8275 137 70 248 139 198 186 46 0 247 234 139 216 138 135 118 19
57022 3307 4110 45790 44428 9 0 1 4 65434 65422 8275 35693 8275 139 198 186 46 0 247 234 139 216 138 135 118 19 152 139 86
57024 3307 4112 1 44428 9 0 1 4 65434 65422 8275 35693 8275 186 46 0 247 234 139 216 138 135 118 19 152 139 86 254 3
57027 3307 4115 1 44428 9 46 1 4 65434 65422 8275 35693 8275 247 234 139 216 138 135 118 19 152 139 86 254 3 208 139 94
57029 3307 4117 46 44428 9 0 1 4 65434 65422 8275 35693 8275 139 216 138 135 118 19 152 139 86 254 3 208 139 94 252 59
57031 3307 4119 46 46 9 0 1 4 65434 65422 8275 35693 8275 138 135 118 19 152 139 86 254 3 208 139 94 252 59 23 117
57035 3307 4123 0 46 9 0 1 4 65434 65422 8275 35693 8275 152 139 86 254 3 208 139 94 252 59 23 117 84 139 198 186
57036 3307 4124 0 46 9 0 1 4 65434 65422 8275 35693 8275 139 86 254 3 208 139 94 252 59 23 117 84 139 198 186 46
57039 3307 4127 0 46 9 3 1 4 65434 65422 8275 35693 8275 3 208 139 94 252 59 23 117 84 139 198 186 46 0 247 234
57041 3307 4129 0 46 9 3 1 4 65434 65422 8275 35693 8275 139 94 252 59 23 117 84 139 198 186 46 0 247 234 139 216
57044 3307 4132 0 44430 9 3 1 4 65434 65422 8275 35693 8275 59 23 117 84 139 198 186 46 0 247 234 139 216 138 135 190
57046 3307 4134 0 44430 9 3 1 4 65434 65422 8275 35693 8275 117 84 139 198 186 46 0 247 234 139 216 138 135 190 18 152
57132 3307 4220 0 44430 9 3 1 4 65434 65422 8275 35693 8275 139 198 186 46 0 247 234 139 216 138 135 123 19 152 139 86
57134 3307 4222 1 44430 9 3 1 4 65434 65422 8275 35693 8275 186 46 0 247 234 139 216 138 135 123 19 152 139 86 254 3
57137 3307 4225 1 44430 9 46 1 4 65434 65422 8275 35693 8275 247 234 139 216 138 135 123 19 152 139 86 254 3 208 139 94
57139 3307 4227 46 44430 9 0 1 4 65434 65422 8275 35693 8275 139 216 138 135 123 19 152 139 86 254 3 208 139 94 252 59
57141 3307 4229 46 46 9 0 1 4 65434 65422 8275 35693 8275 138 135 123 19 152 139 86 254 3 208 139 94 252 59 23 117
57145 3307 4233 255 46 9 0 1 4 65434 65422 8275 35693 8275 152 139 86 254 3 208 139 94 252 59 23 117 93 139 198 186
57146 3307 4234 65535 46 9 0 1 4 65434 65422 8275 35693 8275 139 86 254 3 208 139 94 252 59 23 117 93 139 198 186 46
57149 3307 4237 65535 46 9 3 1 4 65434 65422 8275 35693 8275 3 208 139 94 252 59 23 117 93 139 198 186 46 0 247 234
57151 3307 4239 65535 46 9 2 1 4 65434 65422 8275 35693 8275 139 94 252 59 23 117 93 139 198 186 46 0 247 234 139 216
57154 3307 4242 65535 44430 9 2 1 4 65434 65422 8275 35693 8275 59 23 117 93 139 198 186 46 0 247 234 139 216 138 135 195
57156 3307 4244 65535 44430 9 2 1 4 65434 65422 8275 35693 8275 117 93 139 198 186 46 0 247 234 139 216 138 135 195 18 152
57251 3307 4339 65535 44430 9 2 1 4 65434 65422 8275 35693 8275 139 198 186 46 0 247 234 139 216 138 135 121 19 152 139 86
57253 3307 4341 1 44430 9 2 1 4 65434 65422 8275 35693 8275 186 46 0 247 234 139 216 138 135 121 19 152 139 86 254 3
57256 3307 4344 1 44430 9 46 1 4 65434 65422 8275 35693 8275 247 234 139 216 138 135 121 19 152 139 86 254 3 208 139 94
57258 3307 4346 46 44430 9 0 1 4 65434 65422 8275 35693 8275 139 216 138 135 121 19 152 139 86 254 3 208 139 94 252 59
57260 3307 4348 46 46 9 0 1 4 65434 65422 8275 35693 8275 138 135 121 19 152 139 86 254 3 208 139 94 252 59 23 117
57264 3307 4352 255 46 9 0 1 4 65434 65422 8275 35693 8275 152 139 86 254 3 208 139 94 252 59 23 117 103 139 198 186
57265 3307 4353 65535 46 9 0 1 4 65434 65422 8275 35693 8275 139 86 254 3 208 139 94 252 59 23 117 103 139 198 186 46
57268 3307 4356 65535 46 9 3 1 4 65434 65422 8275 35693 8275 3 208 139 94 252 59 23 117 103 139 198 186 46 0 247 234
57270 3307 4358 65535 46 9 2 1 4 65434 65422 8275 35693 8275 139 94 252 59 23 117 103 139 198 186 46 0 247 234 139 216
57273 3307 4361 65535 44430 9 2 1 4 65434 65422 8275 35693 8275 59 23 117 103 139 198 186 46 0 247 234 139 216 138 135 193
57275 3307 4363 65535 44430 9 2 1 4 65434 65422 8275 35693 8275 117 103 139 198 186 46 0 247 234 139 216 138 135 193 18 152
57380 3307 4468 65535 44430 9 2 1 4 65434 65422 8275 35693 8275 139 198 186 46 0 247 234 139 216 138 135 125 19 152 139 86
57382 3307 4470 1 44430 9 2 1 4 65434 65422 8275 35693 8275 186 46 0 247 234 139 216 138 135 125 19 152 139 86 254 3
57385 3307 4473 1 44430 9 46 1 4 65434 65422 8275 35693 8275 247 234 139 216 138 135 125 19 152 139 86 254 3 208 139 94
57387 3307 4475 46 44430 9 0 1 4 65434 65422 8275 35693 8275 139 216 138 135 125 19 152 139 86 254 3 208 139 94 252 59
57389 3307 4477 46 46 9 0 1 4 65434 65422 8275 35693 8275 138 135 125 19 152 139 86 254 3 208 139 94 252 59 23 117
57393 3307 4481 255 46 9 0 1 4 65434 65422 8275 35693 8275 152 139 86 254 3 208 139 94 252 59 23 117 103 139 198 186
57394 3307 4482 65535 46 9 0 1 4 65434 65422 8275 35693 8275 139 86 254 3 208 139 94 252 59 23 117 103 139 198 186 46
57397 3307 4485 65535 46 9 3 1 4 65434 65422 8275 35693 8275 3 208 139 94 252 59 23 117 103 139 198 186 46 0 247 234
57399 3307 4487 65535 46 9 2 1 4 65434 65422 8275 35693 8275 139 94 252 59 23 117 103 139 198 186 46 0 247 234 139 216
57402 3307 4490 65535 44430 9 2 1 4 65434 65422 8275 35693 8275 59 23 117 103 139 198 186 46 0 247 234 139 216 138 135 197
57404 3307 4492 65535 44430 9 2 1 4 65434 65422 8275 35693 8275 117 103 139 198 186 46 0 247 234 139 216 138 135 197 18 152
57509 3307 4597 65535 44430 9 2 1 4 65434 65422 8275 35693 8275 139 198 186 46 0 247 234 139 216 138 135 130 19 152 139 86
57511 3307 4599 1 44430 9 2 1 4 65434 65422 8275 35693 8275 186 46 0 247 234 139 216 138 135 130 19 152 139 86 254 3
57514 3307 4602 1 44430 9 46 1 4 65434 65422 8275 35693 8275 247 234 139 216 138 135 130 19 152 139 86 254 3 208 139 94
57516 3307 4604 46 44430 9 0 1 4 65434 65422 8275 35693 8275 139 216 138 135 130 19 152 139 86 254 3 208 139 94 252 59
57518 3307 4606 46 46 9 0 1 4 65434 65422 8275 35693 8275 138 135 130 19 152 139 86 254 3 208 139 94 252 59 23 117
57522 3307 4610 254 46 9 0 1 4 65434 65422 8275 35693 8275 152 139 86 254 3 208 139 94 252 59 23 117 102 139 198 186
57523 3307 4611 65534 46 9 0 1 4 65434 65422 8275 35693 8275 139 86 254 3 208 139 94 252 59 23 117 102 139 198 186 46
57526 3307 4614 65534 46 9 3 1 4 65434 65422 8275 35693 8275 3 208 139 94 252 59 23 117 102 139 198 186 46 0 247 234
57528 3307 4616 65534 46 9 1 1 4 65434 65422 8275 35693 8275 139 94 252 59 23 117 102 139 198 186 46 0 247 234 139 216
57531 3307 4619 65534 44430 9 1 1 4 65434 65422 8275 35693 8275 59 23 117 102 139 198 186 46 0 247 234 139 216 138 135 202
57533 3307 4621 65534 44430 9 1 1 4 65434 65422 8275 35693 8275 117 102 139 198 186 46 0 247 234 139 216 138 135 202 18 152
57637 3307 4725 65534 44430 9 1 1 4 65434 65422 8275 35693 8275 139 198 186 46 0 247 234 139 216 138 135 128 19 152 139 86
57639 3307 4727 1 44430 9 1 1 4 65434 65422 8275 35693 8275 186 46 0 247 234 139 216 138 135 128 19 152 139 86 254 3
57642 3307 4730 1 44430 9 46 1 4 65434 65422 8275 35693 8275 247 234 139 216 138 135 128 19 152 139 86 254 3 208 139 94
57644 3307 4732 46 44430 9 0 1 4 65434 65422 8275 35693 8275 139 216 138 135 128 19 152 139 86 254 3 208 139 94 252 59
57646 3307 4734 46 46 9 0 1 4 65434 65422 8275 35693 8275 138 135 128 19 152 139 86 254 3 208 139 94 252 59 23 116
57650 3307 4738 254 46 9 0 1 4 65434 65422 8275 35693 8275 152 139 86 254 3 208 139 94 252 59 23 116 3 233 131 0
57651 3307 4739 65534 46 9 0 1 4 65434 65422 8275 35693 8275 139 86 254 3 208 139 94 252 59 23 116 3 233 131 0 139
57654 3307 4742 65534 46 9 3 1 4 65434 65422 8275 35693 8275 3 208 139 94 252 59 23 116 3 233 131 0 139 198 186 46
57656 3307 4744 65534 46 9 1 1 4 65434 65422 8275 35693 8275 139 94 252 59 23 116 3 233 131 0 139 198 186 46 0 247
57659 3307 4747 65534 44430 9 1 1 4 65434 65422 8275 35693 8275 59 23 116 3 233 131 0 139 198 186 46 0 247 234 139 216
57661 3307 4749 65534 44430 9 1 1 4 65434 65422 8275 35693 8275 116 3 233 131 0 139 198 186 46 0 247 234 139 216 138 135
57663 3307 4751 65534 44430 9 1 1 4 65434 65422 8275 35693 8275 233 131 0 139 198 186 46 0 247 234 139 216 138 135 200 18
57797 3307 4885 65534 44430 9 1 1 4 65434 65422 8275 35693 8275 139 198 186 46 0 247 234 139 216 138 135 132 19 152 139 86
57799 3307 4887 1 44430 9 1 1 4 65434 65422 8275 35693 8275 186 46 0 247 234 139 216 138 135 132 19 152 139 86 254 3
57802 3307 4890 1 44430 9 46 1 4 65434 65422 8275 35693 8275 247 234 139 216 138 135 132 19 152 139 86 254 3 208 139 94
57804 3307 4892 46 44430 9 0 1 4 65434 65422 8275 35693 8275 139 216 138 135 132 19 152 139 86 254 3 208 139 94 252 59
57806 3307 4894 46 46 9 0 1 4 65434 65422 8275 35693 8275 138 135 132 19 152 139 86 254 3 208 139 94 252 59 23 116
57810 3307 4898 254 46 9 0 1 4 65434 65422 8275 35693 8275 152 139 86 254 3 208 139 94 252 59 23 116 3 233 131 0
57811 3307 4899 65534 46 9 0 1 4 65434 65422 8275 35693 8275 139 86 254 3 208 139 94 252 59 23 116 3 233 131 0 139
57814 3307 4902 65534 46 9 3 1 4 65434 65422 8275 35693 8275 3 208 139 94 252 59 23 116 3 233 131 0 139 198 186 46
57816 3307 4904 65534 46 9 1 1 4 65434 65422 8275 35693 8275 139 94 252 59 23 116 3 233 131 0 139 198 186 46 0 247
57819 3307 4907 65534 44430 9 1 1 4 65434 65422 8275 35693 8275 59 23 116 3 233 131 0 139 198 186 46 0 247 234 139 216
57821 3307 4909 65534 44430 9 1 1 4 65434 65422 8275 35693 8275 116 3 233 131 0 139 198 186 46 0 247 234 139 216 138 135
57823 3307 4911 65534 44430 9 1 1 4 65434 65422 8275 35693 8275 233 131 0 139 198 186 46 0 247 234 139 216 138 135 204 18
57957 3307 5045 65534 44430 9 1 1 4 65434 65422 8275 35693 8275 139 198 186 46 0 247 234 139 216 138 135 143 19 152 139 86
57959 3307 5047 1 44430 9 1 1 4 65434 65422 8275 35693 8275 186 46 0 247 234 139 216 138 135 143 19 152 139 86 254 3
57962 3307 5050 1 44430 9 46 1 4 65434 65422 8275 35693 8275 247 234 139 216 138 135 143 19 152 139 86 254 3 208 139 94
57964 3307 5052 46 44430 9 0 1 4 65434 65422 8275 35693 8275 139 216 138 135 143 19 152 139 86 254 3 208 139 94 252 59
57966 3307 5054 46 46 9 0 1 4 65434 65422 8275 35693 8275 138 135 143 19 152 139 86 254 3 208 139 94 252 59 23 117
57970 3307 5058 253 46 9 0 1 4 65434 65422 8275 35693 8275 152 139 86 254 3 208 139 94 252 59 23 117 111 139 198 186
57971 3307 5059 65533 46 9 0 1 4 65434 65422 8275 35693 8275 139 86 254 3 208 139 94 252 59 23 117 111 139 198 186 46
57974 3307 5062 65533 46 9 3 1 4 65434 65422 8275 35693 8275 3 208 139 94 252 59 23 117 111 139 198 186 46 0 247 234
57976 3307 5064 65533 46 9 0 1 4 65434 65422 8275 35693 8275 139 94 252 59 23 117 111 139 198 186 46 0 247 234 139 216
57979 3307 5067 65533 44430 9 0 1 4 65434 65422 8275 35693 8275 59 23 117 111 139 198 186 46 0 247 234 139 216 138 135 215
57981 3307 5069 65533 44430 9 0 1 4 65434 65422 8275 35693 8275 117 111 139 198 186 46 0 247 234 139 216 138 135 215 18 152
58094 3307 5182 65533 44430 9 0 1 4 65434 65422 8275 35693 8275 139 198 186 46 0 247 234 139 216 138 135 141 19 152 139 86
58096 3307 5184 1 44430 9 0 1 4 65434 65422 8275 35693 8275 186 46 0 247 234 139 216 138 135 141 19 152 139 86 254 3
58099 3307 5187 1 44430 9 46 1 4 65434 65422 8275 35693 8275 247 234 139 216 138 135 141 19 152 139 86 254 3 208 139 94
58101 3307 5189 46 44430 9 0 1 4 65434 65422 8275 35693 8275 139 216 138 135 141 19 152 139 86 254 3 208 139 94 252 59
58103 3307 5191 46 46 9 0 1 4 65434 65422 8275 35693 8275 138 135 141 19 152 139 86 254 3 208 139 94 252 59 23 116
58107 3307 5195 253 46 9 0 1 4 65434 65422 8275 35693 8275 152 139 86 254 3 208 139 94 252 59 23 116 3 233 161 0
58108 3307 5196 65533 46 9 0 1 4 65434 65422 8275 35693 8275 139 86 254 3 208 139 94 252 59 23 116 3 233 161 0 139
58111 3307 5199 65533 46 9 3 1 4 65434 65422 8275 35693 8275 3 208 139 94 252 59 23 116 3 233 161 0 139 198 186 46
58113 3307 5201 65533 46 9 0 1 4 65434 65422 8275 35693 8275 139 94 252 59 23 116 3 233 161 0 139 198 186 46 0 247
58116 3307 5204 65533 44430 9 0 1 4 65434 65422 8275 35693 8275 59 23 116 3 233 161 0 139 198 186 46 0 247 234 139 216
58118 3307 5206 65533 44430 9 0 1 4 65434 65422 8275 35693 8275 116 3 233 161 0 139 198 186 46 0 247 234 139 216 138 135
58120 3307 5208 65533 44430 9 0 1 4 65434 65422 8275 35693 8275 233 161 0 139 198 186 46 0 247 234 139 216 138 135 213 18
58284 3307 5372 65533 44430 9 0 1 4 65434 65422 8275 35693 8275 139 198 186 46 0 247 234 139 216 138 135 139 19 152 139 86
58286 3307 5374 1 44430 9 0 1 4 65434 65422 8275 35693 8275 186 46 0 247 234 139 216 138 135 139 19 152 139 86 254 3
58289 3307 5377 1 44430 9 46 1 4 65434 65422 8275 35693 8275 247 234 139 216 138 135 139 19 152 139 86 254 3 208 139 94
58291 3307 5379 46 44430 9 0 1 4 65434 65422 8275 35693 8275 139 216 138 135 139 19 152 139 86 254 3 208 139 94 252 59
58293 3307 5381 46 46 9 0 1 4 65434 65422 8275 35693 8275 138 135 139 19 152 139 86 254 3 208 139 94 252 59 23 116
58297 3307 5385 253 46 9 0 1 4 65434 65422 8275 35693 8275 152 139 86 254 3 208 139 94 252 59 23 116 3 233 131 0
58298 3307 5386 65533 46 9 0 1 4 65434 65422 8275 35693 8275 139 86 254 3 208 139 94 252 59 23 116 3 233 131 0 139
58301 3307 5389 65533 46 9 3 1 4 65434 65422 8275 35693 8275 3 208 139 94 252 59 23 116 3 233 131 0 139 198 186 46
58303 3307 5391 65533 46 9 0 1 4 65434 65422 8275 35693 8275 139 94 252 59 23 116 3 233 131 0 139 198 186 46 0 247
58306 3307 5394 65533 44430 9 0 1 4 65434 65422 8275 35693 8275 59 23 116 3 233 131 0 139 198 186 46 0 247 234 139 216
58308 3307 5396 65533 44430 9 0 1 4 65434 65422 8275 35693 8275 116 3 233 131 0 139 198 186 46 0 247 234 139 216 138 135
58310 3307 5398 65533 44430 9 0 1 4 65434 65422 8275 35693 8275 233 131 0 139 198 186 46 0 247 234 139 216 138 135 211 18
58444 3307 5532 65533 44430 9 0 1 4 65434 65422 8275 35693 8275 139 198 186 46 0 247 234 139 216 138 135 145 19 152 139 86
58446 3307 5534 1 44430 9 0 1 4 65434 65422 8275 35693 8275 186 46 0 247 234 139 216 138 135 145 19 152 139 86 254 3
58449 3307 5537 1 44430 9 46 1 4 65434 65422 8275 35693 8275 247 234 139 216 138 135 145 19 152 139 86 254 3 208 139 94
58451 3307 5539 46 44430 9 0 1 4 65434 65422 8275 35693 8275 139 216 138 135 145 19 152 139 86 254 3 208 139 94 252 59
58453 3307 5541 46 46 9 0 1 4 65434 65422 8275 35693 8275 138 135 145 19 152 139 86 254 3 208 139 94 252 59 23 116
58457 3307 5545 253 46 9 0 1 4 65434 65422 8275 35693 8275 152 139 86 254 3 208 139 94 252 59 23 116 3 233 161 0
58458 3307 5546 65533 46 9 0 1 4 65434 65422 8275 35693 8275 139 86 254 3 208 139 94 252 59 23 116 3 233 161 0 139
58461 3307 5549 65533 46 9 3 1 4 65434 65422 8275 35693 8275 3 208 139 94 252 59 23 116 3 233 161 0 139 198 186 46
58463 3307 5551 65533 46 9 0 1 4 65434 65422 8275 35693 8275 139 94 252 59 23 116 3 233 161 0 139 198 186 46 0 247
58466 3307 5554 65533 44430 9 0 1 4 65434 65422 8275 35693 8275 59 23 116 3 233 161 0 139 198 186 46 0 247 234 139 216
58468 3307 5556 65533 44430 9 0 1 4 65434 65422 8275 35693 8275 116 3 233 161 0 139 198 186 46 0 247 234 139 216 138 135
58470 3307 5558 65533 44430 9 0 1 4 65434 65422 8275 35693 8275 233 161 0 139 198 186 46 0 247 234 139 216 138 135 217 18
58634 3307 5722 65533 44430 9 0 1 4 65434 65422 8275 35693 8275 139 198 186 46 0 247 234 139 216 138 135 147 19 152 139 86
58636 3307 5724 1 44430 9 0 1 4 65434 65422 8275 35693 8275 186 46 0 247 234 139 216 138 135 147 19 152 139 86 254 3
58639 3307 5727 1 44430 9 46 1 4 65434 65422 8275 35693 8275 247 234 139 216 138 135 147 19 152 139 86 254 3 208 139 94
58641 3307 5729 46 44430 9 0 1 4 65434 65422 8275 35693 8275 139 216 138 135 147 19 152 139 86 254 3 208 139 94 252 59
58643 3307 5731 46 46 9 0 1 4 65434 65422 8275 35693 8275 138 135 147 19 152 139 86 254 3 208 139 94 252 59 23 116
58647 3307 5735 253 46 9 0 1 4 65434 65422 8275 35693 8275 152 139 86 254 3 208 139 94 252 59 23 116 3 233 131 0
58648 3307 5736 65533 46 9 0 1 4 65434 65422 8275 35693 8275 139 86 254 3 208 139 94 252 59 23 116 3 233 131 0 139
58651 3307 5739 65533 46 9 3 1 4 65434 65422 8275 35693 8275 3 208 139 94 252 59 23 116 3 233 131 0 139 198 186 46
58653 3307 5741 65533 46 9 0 1 4 65434 65422 8275 35693 8275 139 94 252 59 23 116 3 233 131 0 139 198 186 46 0 247
58656 3307 5744 65533 44430 9 0 1 4 65434 65422 8275 35693 8275 59 23 116 3 233 131 0 139 198 186 46 0 247 234 139 216
58658 3307 5746 65533 44430 9 0 1 4 65434 65422 8275 35693 8275 116 3 233 131 0 139 198 186 46 0 247 234 139 216 138 135
58660 3307 5748 65533 44430 9 0 1 4 65434 65422 8275 35693 8275 233 131 0 139 198 186 46 0 247 234 139 216 138 135 219 18
58794 3307 5882 65533 44430 9 0 1 4 65434 65422 8275 35693 8275 65 160 126 237 180 0 59 193 126 3 233 233 248 95 94 139
58795 3307 5883 65533 44430 10 0 1 4 65434 65422 8275 35693 8275 160 126 237 180 0 59 193 126 3 233 233 248 95 94 139 229
58798 3307 5886 65302 44430 10 0 1 4 65434 65422 8275 35693 8275 180 0 59 193 126 3 233 233 248 95 94 139 229 93 203 85
58800 3307 5888 22 44430 10 0 1 4 65434 65422 8275 35693 8275 59 193 126 3 233 233 248 95 94 139 229 93 203 85 139 236
58802 3307 5890 22 44430 10 0 1 4 65434 65422 8275 35693 8275 126 3 233 233 248 95 94 139 229 93 203 85 139 236 128 62
58804 3307 5892 22 44430 10 0 1 4 65434 65422 8275 35693 8275 233 233 248 95 94 139 229 93 203 85 139 236 128 62 3 233
56992 3307 4080 22 44430 10 0 1 4 65434 65422 8275 35693 8275 139 193 209 224 5 124 173 137 70 252 139 193 209 224 5 208
56994 3307 4082 10 44430 10 0 1 4 65434 65422 8275 35693 8275 209 224 5 124 173 137 70 252 139 193 209 224 5 208 174 137
56996 3307 4084 20 44430 10 0 1 4 65434 65422 8275 35693 8275 5 124 173 137 70 252 139 193 209 224 5 208 174 137 70 250
56999 3307 4087 44432 44430 10 0 1 4 65434 65422 8275 35693 8275 137 70 252 139 193 209 224 5 208 174 137 70 250 139 193 209
57002 3307 4090 44432 44430 10 0 1 4 65434 65422 8275 35693 8275 139 193 209 224 5 208 174 137 70 250 139 193 209 224 5 204
57004 3307 4092 10 44430 10 0 1 4 65434 65422 8275 35693 8275 209 224 5 208 174 137 70 250 139 193 209 224 5 204 178 137
57006 3307 4094 20 44430 10 0 1 4 65434 65422 8275 35693 8275 5 208 174 137 70 250 139 193 209 224 5 204 178 137 70 248
57009 3307 4097 44772 44430 10 0 1 4 65434 65422 8275 35693 8275 137 70 250 139 193 209 224 5 204 178 137 70 248 139 198 186
57012 3307 4100 44772 44430 10 0 1 4 65434 65422 8275 35693 8275 139 193 209 224 5 204 178 137 70 248 139 198 186 46 0 247
57014 3307 4102 10 44430 10 0 1 4 65434 65422 8275 35693 8275 209 224 5 204 178 137 70 248 139 198 186 46 0 247 234 139
57016 3307 4104 20 44430 10 0 1 4 65434 65422 8275 35693 8275 5 204 178 137 70 248 139 198 186 46 0 247 234 139 216 138
57019 3307 4107 45792 44430 10 0 1 4 65434 65422 8275 35693 8275 137 70 248 139 198 186 46 0 247 234 139 216 138 135 118 19
57022 3307 4110 45792 44430 10 0 1 4 65434 65422 8275 35693 8275 139 198 186 46 0 247 234 139 216 138 135 118 19 152 139 86
57024 3307 4112 1 44430 10 0 1 4 65434 65422 8275 35693 8275 186 46 0 247 234 139 216 138 135 118 19 152 139 86 254 3
57027 3307 4115 1 44430 10 46 1 4 65434 65422 8275 35693 8275 247 234 139 216 138 135 118 19 152 139 86 254 3 208 139 94
57029 3307 4117 46 44430 10 0 1 4 65434 65422 8275 35693 8275 139 216 138 135 118 19 152 139 86 254 3 208 139 94 252 59
57031 3307 4119 46 46 10 0 1 4 65434 65422 8275 35693 8275 138 135 118 19 152 139 86 254 3 208 139 94 252 59 23 117
57035 3307 4123 0 46 10 0 1 4 65434 65422 8275 35693 8275 152 139 86 254 3 208 139 94 252 59 23 117 84 139 198 186
57036 3307 4124 0 46 10 0 1 4 65434 65422 8275 35693 8275 139 86 254 3 208 139 94 252 59 23 117 84 139 198 186 46
57039 3307 4127 0 46 10 3 1 4 65434 65422 8275 35693 8275 3 208 139 94 252 59 23 117 84 139 198 186 46 0 247 234
57041 3307 4129 0 46 10 3 1 4 65434 65422 8275 35693 8275 139 94 252 59 23 117 84 139 198 186 46 0 247 234 139 216
57044 3307 4132 0 44432 10 3 1 4 65434 65422 8275 35693 8275 59 23 117 84 139 198 186 46 0 247 234 139 216 138 135 190
57046 3307 4134 0 44432 10 3 1 4 65434 65422 8275 35693 8275 117 84 139 198 186 46 0 247 234 139 216 138 135 190 18 152
57132 3307 4220 0 44432 10 3 1 4 65434 65422 8275 35693 8275 139 198 186 46 0 247 234 139 216 138 135 123 19 152 139 86
57134 3307 4222 1 44432 10 3 1 4 65434 65422 8275 35693 8275 186 46 0 247 234 139 216 138 135 123 19 152 139 86 254 3
57137 3307 4225 1 44432 10 46 1 4 65434 65422 8275 35693 8275 247 234 139 216 138 135 123 19 152 139 86 254 3 208 139 94
57139 3307 4227 46 44432 10 0 1 4 65434 65422 8275 35693 8275 139 216 138 135 123 19 152 139 86 254 3 208 139 94 252 59
57141 3307 4229 46 46 10 0 1 4 65434 65422 8275 35693 8275 138 135 123 19 152 139 86 254 3 208 139 94 252 59 23 117
57145 3307 4233 255 46 10 0 1 4 65434 65422 8275 35693 8275 152 139 86 254 3 208 139 94 252 59 23 117 93 139 198 186
57146 3307 4234 65535 46 10 0 1 4 65434 65422 8275 35693 8275 139 86 254 3 208 139 94 252 59 23 117 93 139 198 186 46
57149 3307 4237 65535 46 10 3 1 4 65434 65422 8275 35693 8275 3 208 139 94 252 59 23 117 93 139 198 186 46 0 247 234
57151 3307 4239 65535 46 10 2 1 4 65434 65422 8275 35693 8275 139 94 252 59 23 117 93 139 198 186 46 0 247 234 139 216
57154 3307 4242 65535 44432 10 2 1 4 65434 65422 8275 35693 8275 59 23 117 93 139 198 186 46 0 247 234 139 216 138 135 195
57156 3307 4244 65535 44432 10 2 1 4 65434 65422 8275 35693 8275 117 93 139 198 186 46 0 247 234 139 216 138 135 195 18 152
57251 3307 4339 65535 44432 10 2 1 4 65434 65422 8275 35693 8275 139 198 186 46 0 247 234 139 216 138 135 121 19 152 139 86
57253 3307 4341 1 44432 10 2 1 4 65434 65422 8275 35693 8275 186 46 0 247 234 139 216 138 135 121 19 152 139 86 254 3
57256 3307 4344 1 44432 10 46 1 4 65434 65422 8275 35693 8275 247 234 139 216 138 135 121 19 152 139 86 254 3 208 139 94
57258 3307 4346 46 44432 10 0 1 4 65434 65422 8275 35693 8275 139 216 138 135 121 19 152 139 86 254 3 208 139 94 252 59
57260 3307 4348 46 46 10 0 1 4 65434 65422 8275 35693 8275 138 135 121 19 152 139 86 254 3 208 139 94 252 59 23 117
57264 3307 4352 255 46 10 0 1 4 65434 65422 8275 35693 8275 152 139 86 254 3 208 139 94 252 59 23 117 103 139 198 186
57265 3307 4353 65535 46 10 0 1 4 65434 65422 8275 35693 8275 139 86 254 3 208 139 94 252 59 23 117 103 139 198 186 46
57268 3307 4356 65535 46 10 3 1 4 65434 65422 8275 35693 8275 3 208 139 94 252 59 23 117 103 139 198 186 46 0 247 234
57270 3307 4358 65535 46 10 2 1 4 65434 65422 8275 35693 8275 139 94 252 59 23 117 103 139 198 186 46 0 247 234 139 216
57273 3307 4361 65535 44432 10 2 1 4 65434 65422 8275 35693 8275 59 23 117 103 139 198 186 46 0 247 234 139 216 138 135 193
57275 3307 4363 65535 44432 10 2 1 4 65434 65422 8275 35693 8275 117 103 139 198 186 46 0 247 234 139 216 138 135 193 18 152
57380 3307 4468 65535 44432 10 2 1 4 65434 65422 8275 35693 8275 139 198 186 46 0 247 234 139 216 138 135 125 19 152 139 86
57382 3307 4470 1 44432 10 2 1 4 65434 65422 8275 35693 8275 186 46 0 247 234 139 216 138 135 125 19 152 139 86 254 3
57385 3307 4473 1 44432 10 46 1 4 65434 65422 8275 35693 8275 247 234 139 216 138 135 125 19 152 139 86 254 3 208 139 94
57387 3307 4475 46 44432 10 0 1 4 65434 65422 8275 35693 8275 139 216 138 135 125 19 152 139 86 254 3 208 139 94 252 59
57389 3307 4477 46 46 10 0 1 4 65434 65422 8275 35693 8275 138 135 125 19 152 139 86 254 3 208 139 94 252 59 23 117
57393 3307 4481 255 46 10 0 1 4 65434 65422 8275 35693 8275 152 139 86 254 3 208 139 94 252 59 23 117 103 139 198 186
57394 3307 4482 65535 46 10 0 1 4 65434 65422 8275 35693 8275 139 86 254 3 208 139 94 252 59 23 117 103 139 198 186 46
57397 3307 4485 65535 46 10 3 1 4 65434 65422 8275 35693 8275 3 208 139 94 252 59 23 117 103 139 198 186 46 0 247 234
57399 3307 4487 65535 46 10 2 1 4 65434 65422 8275 35693 8275 139 94 252 59 23 117 103 139 198 186 46 0 247 234 139 216
57402 3307 4490 65535 44432 10 2 1 4 65434 65422 8275 35693 8275 59 23 117 103 139 198 186 46 0 247 234 139 216 138 135 197
57404 3307 4492 65535 44432 10 2 1 4 65434 65422 8275 35693 8275 117 103 139 198 186 46 0 247 234 139 216 138 135 197 18 152
57509 3307 4597 65535 44432 10 2 1 4 65434 65422 8275 35693 8275 139 198 186 46 0 247 234 139 216 138 135 130 19 152 139 86
57511 3307 4599 1 44432 10 2 1 4 65434 65422 8275 35693 8275 186 46 0 247 234 139 216 138 135 130 19 152 139 86 254 3
57514 3307 4602 1 44432 10 46 1 4 65434 65422 8275 35693 8275 247 234 139 216 138 135 130 19 152 139 86 254 3 208 139 94
57516 3307 4604 46 44432 10 0 1 4 65434 65422 8275 35693 8275 139 216 138 135 130 19 152 139 86 254 3 208 139 94 252 59
57518 3307 4606 46 46 10 0 1 4 65434 65422 8275 35693 8275 138 135 130 19 152 139 86 254 3 208 139 94 252 59 23 117
57522 3307 4610 254 46 10 0 1 4 65434 65422 8275 35693 8275 152 139 86 254 3 208 139 94 252 59 23 117 102 139 198 186
57523 3307 4611 65534 46 10 0 1 4 65434 65422 8275 35693 8275 139 86 254 3 208 139 94 252 59 23 117 102 139 198 186 46
57526 3307 4614 65534 46 10 3 1 4 65434 65422 8275 35693 8275 3 208 139 94 252 59 23 117 102 139 198 186 46 0 247 234
57528 3307 4616 65534 46 10 1 1 4 65434 65422 8275 35693 8275 139 94 252 59 23 117 102 139 198 186 46 0 247 234 139 216
57531 3307 4619 65534 44432 10 1 1 4 65434 65422 8275 35693 8275 59 23 117 102 139 198 186 46 0 247 234 139 216 138 135 202
57533 3307 4621 65534 44432 10 1 1 4 65434 65422 8275 35693 8275 117 102 139 198 186 46 0 247 234 139 216 138 135 202 18 152
57637 3307 4725 65534 44432 10 1 1 4 65434 65422 8275 35693 8275 139 198 186 46 0 247 234 139 216 138 135 128 19 152 139 86
57639 3307 4727 1 44432 10 1 1 4 65434 65422 8275 35693 8275 186 46 0 247 234 139 216 138 135 128 19 152 139 86 254 3
57642 3307 4730 1 44432 10 46 1 4 65434 65422 8275 35693 8275 247 234 139 216 138 135 128 19 152 139 86 254 3 208 139 94
57644 3307 4732 46 44432 10 0 1 4 65434 65422 8275 35693 8275 139 216 138 135 128 19 152 139 86 254 3 208 139 94 252 59
57646 3307 4734 46 46 10 0 1 4 65434 65422 8275 35693 8275 138 135 128 19 152 139 86 254 3 208 139 94 252 59 23 116
57650 3307 4738 254 46 10 0 1 4 65434 65422 8275 35693 8275 152 139 86 254 3 208 139 94 252 59 23 116 3 233 131 0
57651 3307 4739 65534 46 10 0 1 4 65434 65422 8275 35693 8275 139 86 254 3 208 139 94 252 59 23 116 3 233 131 0 139
57654 3307 4742 65534 46 10 3 1 4 65434 65422 8275 35693 8275 3 208 139 94 252 59 23 116 3 233 131 0 139 198 186 46
57656 3307 4744 65534 46 10 1 1 4 65434 65422 8275 35693 8275 139 94 252 59 23 116 3 233 131 0 139 198 186 46 0 247
57659 3307 4747 65534 44432 10 1 1 4 65434 65422 8275 35693 8275 59 23 116 3 233 131 0 139 198 186 46 0 247 234 139 216
57661 3307 4749 65534 44432 10 1 1 4 65434 65422 8275 35693 8275 116 3 233 131 0 139 198 186 46 0 247 234 139 216 138 135
57663 3307 4751 65534 44432 10 1 1 4 65434 65422 8275 35693 8275 233 131 0 139 198 186 46 0 247 234 139 216 138 135 200 18
57797 3307 4885 65534 44432 10 1 1 4 65434 65422 8275 35693 8275 139 198 186 46 0 247 234 139 216 138 135 132 19 152 139 86
57799 3307 4887 1 44432 10 1 1 4 65434 65422 8275 35693 8275 186 46 0 247 234 139 216 138 135 132 19 152 139 86 254 3
57802 3307 4890 1 44432 10 46 1 4 65434 65422 8275 35693 8275 247 234 139 216 138 135 132 19 152 139 86 254 3 208 139 94
57804 3307 4892 46 44432 10 0 1 4 65434 65422 8275 35693 8275 139 216 138 135 132 19 152 139 86 254 3 208 139 94 252 59
57806 3307 4894 46 46 10 0 1 4 65434 65422 8275 35693 8275 138 135 132 19 152 139 86 254 3 208 139 94 252 59 23 116
57810 3307 4898 254 46 10 0 1 4 65434 65422 8275 35693 8275 152 139 86 254 3 208 139 94 252 59 23 116 3 233 131 0
57811 3307 4899 65534 46 10 0 1 4 65434 65422 8275 35693 8275 139 86 254 3 208 139 94 252 59 23 116 3 233 131 0 139
57814 3307 4902 65534 46 10 3 1 4 65434 65422 8275 35693 8275 3 208 139 94 252 59 23 116 3 233 131 0 139 198 186 46
57816 3307 4904 65534 46 10 1 1 4 65434 65422 8275 35693 8275 139 94 252 59 23 116 3 233 131 0 139 198 186 46 0 247
57819 3307 4907 65534 44432 10 1 1 4 65434 65422 8275 35693 8275 59 23 116 3 233 131 0 139 198 186 46 0 247 234 139 216
57821 3307 4909 65534 44432 10 1 1 4 65434 65422 8275 35693 8275 116 3 233 131 0 139 198 186 46 0 247 234 139 216 138 135
57823 3307 4911 65534 44432 10 1 1 4 65434 65422 8275 35693 8275 233 131 0 139 198 186 46 0 247 234 139 216 138 135 204 18
57957 3307 5045 65534 44432 10 1 1 4 65434 65422 8275 35693 8275 139 198 186 46 0 247 234 139 216 138 135 143 19 152 139 86
57959 3307 5047 1 44432 10 1 1 4 65434 65422 8275 35693 8275 186 46 0 247 234 139 216 138 135 143 19 152 139 86 254 3
57962 3307 5050 1 44432 10 46 1 4 65434 65422 8275 35693 8275 247 234 139 216 138 135 143 19 152 139 86 254 3 208 139 94
57964 3307 5052 46 44432 10 0 1 4 65434 65422 8275 35693 8275 139 216 138 135 143 19 152 139 86 254 3 208 139 94 252 59
57966 3307 5054 46 46 10 0 1 4 65434 65422 8275 35693 8275 138 135 143 19 152 139 86 254 3 208 139 94 252 59 23 117
57970 3307 5058 253 46 10 0 1 4 65434 65422 8275 35693 8275 152 139 86 254 3 208 139 94 252 59 23 117 111 139 198 186
57971 3307 5059 65533 46 10 0 1 4 65434 65422 8275 35693 8275 139 86 254 3 208 139 94 252 59 23 117 111 139 198 186 46
57974 3307 5062 65533 46 10 3 1 4 65434 65422 8275 35693 8275 3 208 139 94 252 59 23 117 111 139 198 186 46 0 247 234
57976 3307 5064 65533 46 10 0 1 4 65434 65422 8275 35693 8275 139 94 252 59 23 117 111 139 198 186 46 0 247 234 139 216
57979 3307 5067 65533 44432 10 0 1 4 65434 65422 8275 35693 8275 59 23 117 111 139 198 186 46 0 247 234 139 216 138 135 215
57981 3307 5069 65533 44432 10 0 1 4 65434 65422 8275 35693 8275 117 111 139 198 186 46 0 247 234 139 216 138 135 215 18 152
58094 3307 5182 65533 44432 10 0 1 4 65434 65422 8275 35693 8275 139 198 186 46 0 247 234 139 216 138 135 141 19 152 139 86
58096 3307 5184 1 44432 10 0 1 4 65434 65422 8275 35693 8275 186 46 0 247 234 139 216 138 135 141 19 152 139 86 254 3
58099 3307 5187 1 44432 10 46 1 4 65434 65422 8275 35693 8275 247 234 139 216 138 135 141 19 152 139 86 254 3 208 139 94
58101 3307 5189 46 44432 10 0 1 4 65434 65422 8275 35693 8275 139 216 138 135 141 19 152 139 86 254 3 208 139 94 252 59
58103 3307 5191 46 46 10 0 1 4 65434 65422 8275 35693 8275 138 135 141 19 152 139 86 254 3 208 139 94 252 59 23 116
58107 3307 5195 253 46 10 0 1 4 65434 65422 8275 35693 8275 152 139 86 254 3 208 139 94 252 59 23 116 3 233 161 0
58108 3307 5196 65533 46 10 0 1 4 65434 65422 8275 35693 8275 139 86 254 3 208 139 94 252 59 23 116 3 233 161 0 139
58111 3307 5199 65533 46 10 3 1 4 65434 65422 8275 35693 8275 3 208 139 94 252 59 23 116 3 233 161 0 139 198 186 46
58113 3307 5201 65533 46 10 0 1 4 65434 65422 8275 35693 8275 139 94 252 59 23 116 3 233 161 0 139 198 186 46 0 247
58116 3307 5204 65533 44432 10 0 1 4 65434 65422 8275 35693 8275 59 23 116 3 233 161 0 139 198 186 46 0 247 234 139 216
58118 3307 5206 65533 44432 10 0 1 4 65434 65422 8275 35693 8275 116 3 233 161 0 139 198 186 46 0 247 234 139 216 138 135
58120 3307 5208 65533 44432 10 0 1 4 65434 65422 8275 35693 8275 233 161 0 139 198 186 46 0 247 234 139 216 138 135 213 18
58284 3307 5372 65533 44432 10 0 1 4 65434 65422 8275 35693 8275 139 198 186 46 0 247 234 139 216 138 135 139 19 152 139 86
58286 3307 5374 1 44432 10 0 1 4 65434 65422 8275 35693 8275 186 46 0 247 234 139 216 138 135 139 19 152 139 86 254 3
58289 3307 5377 1 44432 10 46 1 4 65434 65422 8275 35693 8275 247 234 139 216 138 135 139 19 152 139 86 254 3 208 139 94
58291 3307 5379 46 44432 10 0 1 4 65434 65422 8275 35693 8275 139 216 138 135 139 19 152 139 86 254 3 208 139 94 252 59
58293 3307 5381 46 46 10 0 1 4 65434 65422 8275 35693 8275 138 135 139 19 152 139 86 254 3 208 139 94 252 59 23 116
58297 3307 5385 253 46 10 0 1 4 65434 65422 8275 35693 8275 152 139 86 254 3 208 139 94 252 59 23 116 3 233 131 0
58298 3307 5386 65533 46 10 0 1 4 65434 65422 8275 35693 8275 139 86 254 3 208 139 94 252 59 23 116 3 233 131 0 139
58301 3307 5389 65533 46 10 3 1 4 65434 65422 8275 35693 8275 3 208 139 94 252 59 23 116 3 233 131 0 139 198 186 46
58303 3307 5391 65533 46 10 0 1 4 65434 65422 8275 35693 8275 139 94 252 59 23 116 3 233 131 0 139 198 186 46 0 247
58306 3307 5394 65533 44432 10 0 1 4 65434 65422 8275 35693 8275 59 23 116 3 233 131 0 139 198 186 46 0 247 234 139 216
58308 3307 5396 65533 44432 10 0 1 4 65434 65422 8275 35693 8275 116 3 233 131 0 139 198 186 46 0 247 234 139 216 138 135
58310 3307 5398 65533 44432 10 0 1 4 65434 65422 8275 35693 8275 233 131 0 139 198 186 46 0 247 234 139 216 138 135 211 18
58444 3307 5532 65533 44432 10 0 1 4 65434 65422 8275 35693 8275 139 198 186 46 0 247 234 139 216 138 135 145 19 152 139 86
58446 3307 5534 1 44432 10 0 1 4 65434 65422 8275 35693 8275 186 46 0 247 234 139 216 138 135 145 19 152 139 86 254 3
58449 3307 5537 1 44432 10 46 1 4 65434 65422 8275 35693 8275 247 234 139 216 138 135 145 19 152 139 86 254 3 208 139 94
58451 3307 5539 46 44432 10 0 1 4 65434 65422 8275 35693 8275 139 216 138 135 145 19 152 139 86 254 3 208 139 94 252 59
58453 3307 5541 46 46 10 0 1 4 65434 65422 8275 35693 8275 138 135 145 19 152 139 86 254 3 208 139 94 252 59 23 116
58457 3307 5545 253 46 10 0 1 4 65434 65422 8275 35693 8275 152 139 86 254 3 208 139 94 252 59 23 116 3 233 161 0
58458 3307 5546 65533 46 10 0 1 4 65434 65422 8275 35693 8275 139 86 254 3 208 139 94 252 59 23 116 3 233 161 0 139
58461 3307 5549 65533 46 10 3 1 4 65434 65422 8275 35693 8275 3 208 139 94 252 59 23 116 3 233 161 0 139 198 186 46
58463 3307 5551 65533 46 10 0 1 4 65434 65422 8275 35693 8275 139 94 252 59 23 116 3 233 161 0 139 198 186 46 0 247
58466 3307 5554 65533 44432 10 0 1 4 65434 65422 8275 35693 8275 59 23 116 3 233 161 0 139 198 186 46 0 247 234 139 216
58468 3307 5556 65533 44432 10 0 1 4 65434 65422 8275 35693 8275 116 3 233 161 0 139 198 186 46 0 247 234 139 216 138 135
58470 3307 5558 65533 44432 10 0 1 4 65434 65422 8275 35693 8275 233 161 0 139 198 186 46 0 247 234 139 216 138 135 217 18
58634 3307 5722 65533 44432 10 0 1 4 65434 65422 8275 35693 8275 139 198 186 46 0 247 234 139 216 138 135 147 19 152 139 86
58636 3307 5724 1 44432 10 0 1 4 65434 65422 8275 35693 8275 186 46 0 247 234 139 216 138 135 147 19 152 139 86 254 3
58639 3307 5727 1 44432 10 46 1 4 65434 65422 8275 35693 8275 247 234 139 216 138 135 147 19 152 139 86 254 3 208 139 94
58641 3307 5729 46 44432 10 0 1 4 65434 65422 8275 35693 8275 139 216 138 135 147 19 152 139 86 254 3 208 139 94 252 59
58643 3307 5731 46 46 10 0 1 4 65434 65422 8275 35693 8275 138 135 147 19 152 139 86 254 3 208 139 94 252 59 23 116
58647 3307 5735 253 46 10 0 1 4 65434 65422 8275 35693 8275 152 139 86 254 3 208 139 94 252 59 23 116 3 233 131 0
58648 3307 5736 65533 46 10 0 1 4 65434 65422 8275 35693 8275 139 86 254 3 208 139 94 252 59 23 116 3 233 131 0 139
58651 3307 5739 65533 46 10 3 1 4 65434 65422 8275 35693 8275 3 208 139 94 252 59 23 116 3 233 131 0 139 198 186 46
58653 3307 5741 65533 46 10 0 1 4 65434 65422 8275 35693 8275 139 94 252 59 23 116 3 233 131 0 139 198 186 46 0 247
58656 3307 5744 65533 44432 10 0 1 4 65434 65422 8275 35693 8275 59 23 116 3 233 131 0 139 198 186 46 0 247 234 139 216
58658 3307 5746 65533 44432 10 0 1 4 65434 65422 8275 35693 8275 116 3 233 131 0 139 198 186 46 0 247 234 139 216 138 135
58660 3307 5748 65533 44432 10 0 1 4 65434 65422 8275 35693 8275 233 131 0 139 198 186 46 0 247 234 139 216 138 135 219 18
58794 3307 5882 65533 44432 10 0 1 4 65434 65422 8275 35693 8275 65 160 126 237 180 0 59 193 126 3 233 233 248 95 94 139
58795 3307 5883 65533 44432 11 0 1 4 65434 65422 8275 35693 8275 160 126 237 180 0 59 193 126 3 233 233 248 95 94 139 229
58798 3307 5886 65302 44432 11 0 1 4 65434 65422 8275 35693 8275 180 0 59 193 126 3 233 233 248 95 94 139 229 93 203 85
58800 3307 5888 22 44432 11 0 1 4 65434 65422 8275 35693 8275 59 193 126 3 233 233 248 95 94 139 229 93 203 85 139 236
58802 3307 5890 22 44432 11 0 1 4 65434 65422 8275 35693 8275 126 3 233 233 248 95 94 139 229 93 203 85 139 236 128 62
58804 3307 5892 22 44432 11 0 1 4 65434 65422 8275 35693 8275 233 233 248 95 94 139 229 93 203 85 139 236 128 62 3 233
56992 3307 4080 22 44432 11 0 1 4 65434 65422 8275 35693 8275 139 193 209 224 5 124 173 137 70 252 139 193 209 224 5 208
56994 3307 4082 11 44432 11 0 1 4 65434 65422 8275 35693 8275 209 224 5 124 173 137 70 252 139 193 209 224 5 208 174 137
56996 3307 4084 22 44432 11 0 1 4 65434 65422 8275 35693 8275 5 124 173 137 70 252 139 193 209 224 5 208 174 137 70 250
56999 3307 4087 44434 44432 11 0 1 4 65434 65422 8275 35693 8275 137 70 252 139 193 209 224 5 208 174 137 70 250 139 193 209
57002 3307 4090 44434 44432 11 0 1 4 65434 65422 8275 35693 8275 139 193 209 224 5 208 174 137 70 250 139 193 209 224 5 204
57004 3307 4092 11 44432 11 0 1 4 65434 65422 8275 35693 8275 209 224 5 208 174 137 70 250 139 193 209 224 5 204 178 137
57006 3307 4094 22 44432 11 0 1 4 65434 65422 8275 35693 8275 5 208 174 137 70 250 139 193 209 224 5 204 178 137 70 248
57009 3307 4097 44774 44432 11 0 1 4 65434 65422 8275 35693 8275 137 70 250 139 193 209 224 5 204 178 137 70 248 139 198 186
57012 3307 4100 44774 44432 11 0 1 4 65434 65422 8275 35693 8275 139 193 209 224 5 204 178 137 70 248 139 198 186 46 0 247
57014 3307 4102 11 44432 11 0 1 4 65434 65422 8275 35693 8275 209 224 5 204 178 137 70 248 139 198 186 46 0 247 234 139
57016 3307 4104 22 44432 11 0 1 4 65434 65422 8275 35693 8275 5 204 178 137 70 248 139 198 186 46 0 247 234 139 216 138
57019 3307 4107 45794 44432 11 0 1 4 65434 65422 8275 35693 8275 137 70 248 139 198 186 46 0 247 234 139 216 138 135 118 19
57022 3307 4110 45794 44432 11 0 1 4 65434 65422 8275 35693 8275 139 198 186 46 0 247 234 139 216 138 135 118 19 152 139 86
57024 3307 4112 1 44432 11 0 1 4 65434 65422 8275 35693 8275 186 46 0 247 234 139 216 138 135 118 19 152 139 86 254 3
57027 3307 4115 1 44432 11 46 1 4 65434 65422 8275 35693 8275 247 234 139 216 138 135 118 19 152 139 86 254 3 208 139 94
57029 3307 4117 46 44432 11 0 1 4 65434 65422 8275 35693 8275 139 216 138 135 118 19 152 139 86 254 3 208 139 94 252 59
57031 3307 4119 46 46 11 0 1 4 65434 65422 8275 35693 8275 138 135 118 19 152 139 86 254 3 208 139 94 252 59 23 117
57035 3307 4123 0 46 11 0 1 4 65434 65422 8275 35693 8275 152 139 86 254 3 208 139 94 252 59 23 117 84 139 198 186
57036 3307 4124 0 46 11 0 1 4 65434 65422 8275 35693 8275 139 86 254 3 208 139 94 252 59 23 117 84 139 198 186 46
57039 3307 4127 0 46 11 3 1 4 65434 65422 8275 35693 8275 3 208 139 94 252 59 23 117 84 139 198 186 46 0 247 234
57041 3307 4129 0 46 11 3 1 4 65434 65422 8275 35693 8275 139 94 252 59 23 117 84 139 198 186 46 0 247 234 139 216
57044 3307 4132 0 44434 11 3 1 4 65434 65422 8275 35693 8275 59 23 117 84 139 198 186 46 0 247 234 139 216 138 135 190
57046 3307 4134 0 44434 11 3 1 4 65434 65422 8275 35693 8275 117 84 139 198 186 46 0 247 234 139 216 138 135 190 18 152
57132 3307 4220 0 44434 11 3 1 4 65434 65422 8275 35693 8275 139 198 186 46 0 247 234 139 216 138 135 123 19 152 139 86
57134 3307 4222 1 44434 11 3 1 4 65434 65422 8275 35693 8275 186 46 0 247 234 139 216 138 135 123 19 152 139 86 254 3
57137 3307 4225 1 44434 11 46 1 4 65434 65422 8275 35693 8275 247 234 139 216 138 135 123 19 152 139 86 254 3 208 139 94
57139 3307 4227 46 44434 11 0 1 4 65434 65422 8275 35693 8275 139 216 138 135 123 19 152 139 86 254 3 208 139 94 252 59
57141 3307 4229 46 46 11 0 1 4 65434 65422 8275 35693 8275 138 135 123 19 152 139 86 254 3 208 139 94 252 59 23 117
57145 3307 4233 255 46 11 0 1 4 65434 65422 8275 35693 8275 152 139 86 254 3 208 139 94 252 59 23 117 93 139 198 186
57146 3307 4234 65535 46 11 0 1 4 65434 65422 8275 35693 8275 139 86 254 3 208 139 94 252 59 23 117 93 139 198 186 46
57149 3307 4237 65535 46 11 3 1 4 65434 65422 8275 35693 8275 3 208 139 94 252 59 23 117 93 139 198 186 46 0 247 234
57151 3307 4239 65535 46 11 2 1 4 65434 65422 8275 35693 8275 139 94 252 59 23 117 93 139 198 186 46 0 247 234 139 216
57154 3307 4242 65535 44434 11 2 1 4 65434 65422 8275 35693 8275 59 23 117 93 139 198 186 46 0 247 234 139 216 138 135 195
57156 3307 4244 65535 44434 11 2 1 4 65434 65422 8275 35693 8275 117 93 139 198 186 46 0 247 234 139 216 138 135 195 18 152
57251 3307 4339 65535 44434 11 2 1 4 65434 65422 8275 35693 8275 139 198 186 46 0 247 234 139 216 138 135 121 19 152 139 86
57253 3307 4341 1 44434 11 2 1 4 65434 65422 8275 35693 8275 186 46 0 247 234 139 216 138 135 121 19 152 139 86 254 3
57256 3307 4344 1 44434 11 46 1 4 65434 65422 8275 35693 8275 247 234 139 216 138 135 121 19 152 139 86 254 3 208 139 94
57258 3307 4346 46 44434 11 0 1 4 65434 65422 8275 35693 8275 139 216 138 135 121 19 152 139 86 254 3 208 139 94 252 59
57260 3307 4348 46 46 11 0 1 4 65434 65422 8275 35693 8275 138 135 121 19 152 139 86 254 3 208 139 94 252 59 23 117
57264 3307 4352 255 46 11 0 1 4 65434 65422 8275 35693 8275 152 139 86 254 3 208 139 94 252 59 23 117 103 139 198 186
57265 3307 4353 65535 46 11 0 1 4 65434 65422 8275 35693 8275 139 86 254 3 208 139 94 252 59 23 117 103 139 198 186 46
57268 3307 4356 65535 46 11 3 1 4 65434 65422 8275 35693 8275 3 208 139 94 252 59 23 117 103 139 198 186 46 0 247 234
57270 3307 4358 65535 46 11 2 1 4 65434 65422 8275 35693 8275 139 94 252 59 23 117 103 139 198 186 46 0 247 234 139 216
57273 3307 4361 65535 44434 11 2 1 4 65434 65422 8275 35693 8275 59 23 117 103 139 198 186 46 0 247 234 139 216 138 135 193
57275 3307 4363 65535 44434 11 2 1 4 65434 65422 8275 35693 8275 117 103 139 198 186 46 0 247 234 139 216 138 135 193 18 152
57380 3307 4468 65535 44434 11 2 1 4 65434 65422 8275 35693 8275 139 198 186 46 0 247 234 139 216 138 135 125 19 152 139 86
57382 3307 4470 1 44434 11 2 1 4 65434 65422 8275 35693 8275 186 46 0 247 234 139 216 138 135 125 19 152 139 86 254 3
57385 3307 4473 1 44434 11 46 1 4 65434 65422 8275 35693 8275 247 234 139 216 138 135 125 19 152 139 86 254 3 208 139 94
57387 3307 4475 46 44434 11 0 1 4 65434 65422 8275 35693 8275 139 216 138 135 125 19 152 139 86 254 3 208 139 94 252 59
57389 3307 4477 46 46 11 0 1 4 65434 65422 8275 35693 8275 138 135 125 19 152 139 86 254 3 208 139 94 252 59 23 117
57393 3307 4481 255 46 11 0 1 4 65434 65422 8275 35693 8275 152 139 86 254 3 208 139 94 252 59 23 117 103 139 198 186
57394 3307 4482 65535 46 11 0 1 4 65434 65422 8275 35693 8275 139 86 254 3 208 139 94 252 59 23 117 103 139 198 186 46
57397 3307 4485 65535 46 11 3 1 4 65434 65422 8275 35693 8275 3 208 139 94 252 59 23 117 103 139 198 186 46 0 247 234
57399 3307 4487 65535 46 11 2 1 4 65434 65422 8275 35693 8275 139 94 252 59 23 117 103 139 198 186 46 0 247 234 139 216
57402 3307 4490 65535 44434 11 2 1 4 65434 65422 8275 35693 8275 59 23 117 103 139 198 186 46 0 247 234 139 216 138 135 197
57404 3307 4492 65535 44434 11 2 1 4 65434 65422 8275 35693 8275 117 103 139 198 186 46 0 247 234 139 216 138 135 197 18 152
57509 3307 4597 65535 44434 11 2 1 4 65434 65422 8275 35693 8275 139 198 186 46 0 247 234 139 216 138 135 130 19 152 139 86
57511 3307 4599 1 44434 11 2 1 4 65434 65422 8275 35693 8275 186 46 0 247 234 139 216 138 135 130 19 152 139 86 254 3
57514 3307 4602 1 44434 11 46 1 4 65434 65422 8275 35693 8275 247 234 139 216 138 135 130 19 152 139 86 254 3 208 139 94
57516 3307 4604 46 44434 11 0 1 4 65434 65422 8275 35693 8275 139 216 138 135 130 19 152 139 86 254 3 208 139 94 252 59
57518 3307 4606 46 46 11 0 1 4 65434 65422 8275 35693 8275 138 135 130 19 152 139 86 254 3 208 139 94 252 59 23 117
57522 3307 4610 254 46 11 0 1 4 65434 65422 8275 35693 8275 152 139 86 254 3 208 139 94 252 59 23 117 102 139 198 186
57523 3307 4611 65534 46 11 0 1 4 65434 65422 8275 35693 8275 139 86 254 3 208 139 94 252 59 23 117 102 139 198 186 46
57526 3307 4614 65534 46 11 3 1 4 65434 65422 8275 35693 8275 3 208 139 94 252 59 23 117 102 139 198 186 46 0 247 234
57528 3307 4616 65534 46 11 1 1 4 65434 65422 8275 35693 8275 139 94 252 59 23 117 102 139 198 186 46 0 247 234 139 216
57531 3307 4619 65534 44434 11 1 1 4 65434 65422 8275 35693 8275 59 23 117 102 139 198 186 46 0 247 234 139 216 138 135 202
57533 3307 4621 65534 44434 11 1 1 4 65434 65422 8275 35693 8275 117 102 139 198 186 46 0 247 234 139 216 138 135 202 18 152
57637 3307 4725 65534 44434 11 1 1 4 65434 65422 8275 35693 8275 139 198 186 46 0 247 234 139 216 138 135 128 19 152 139 86
57639 3307 4727 1 44434 11 1 1 4 65434 65422 8275 35693 8275 186 46 0 247 234 139 216 138 135 128 19 152 139 86 254 3
57642 3307 4730 1 44434 11 46 1 4 65434 65422 8275 35693 8275 247 234 139 216 138 135 128 19 152 139 86 254 3 208 139 94
57644 3307 4732 46 44434 11 0 1 4 65434 65422 8275 35693 8275 139 216 138 135 128 19 152 139 86 254 3 208 139 94 252 59
57646 3307 4734 46 46 11 0 1 4 65434 65422 8275 35693 8275 138 135 128 19 152 139 86 254 3 208 139 94 252 59 23 116
57650 3307 4738 254 46 11 0 1 4 65434 65422 8275 35693 8275 152 139 86 254 3 208 139 94 252 59 23 116 3 233 131 0
57651 3307 4739 65534 46 11 0 1 4 65434 65422 8275 35693 8275 139 86 254 3 208 139 94 252 59 23 116 3 233 131 0 139
57654 3307 4742 65534 46 11 3 1 4 65434 65422 8275 35693 8275 3 208 139 94 252 59 23 116 3 233 131 0 139 198 186 46
57656 3307 4744 65534 46 11 1 1 4 65434 65422 8275 35693 8275 139 94 252 59 23 116 3 233 131 0 139 198 186 46 0 247
57659 3307 4747 65534 44434 11 1 1 4 65434 65422 8275 35693 8275 59 23 116 3 233 131 0 139 198 186 46 0 247 234 139 216
57661 3307 4749 65534 44434 11 1 1 4 65434 65422 8275 35693 8275 116 3 233 131 0 139 198 186 46 0 247 234 139 216 138 135
57663 3307 4751 65534 44434 11 1 1 4 65434 65422 8275 35693 8275 233 131 0 139 198 186 46 0 247 234 139 216 138 135 200 18
57797 3307 4885 65534 44434 11 1 1 4 65434 65422 8275 35693 8275 139 198 186 46 0 247 234 139 216 138 135 132 19 152 139 86
57799 3307 4887 1 44434 11 1 1 4 65434 65422 8275 35693 8275 186 46 0 247 234 139 216 138 135 132 19 152 139 86 254 3
57802 3307 4890 1 44434 11 46 1 4 65434 65422 8275 35693 8275 247 234 139 216 138 135 132 19 152 139 86 254 3 208 139 94
57804 3307 4892 46 44434 11 0 1 4 65434 65422 8275 35693 8275 139 216 138 135 132 19 152 139 86 254 3 208 139 94 252 59
57806 3307 4894 46 46 11 0 1 4 65434 65422 8275 35693 8275 138 135 132 19 152 139 86 254 3 208 139 94 252 59 23 116
57810 3307 4898 254 46 11 0 1 4 65434 65422 8275 35693 8275 152 139 86 254 3 208 139 94 252 59 23 116 3 233 131 0
57811 3307 4899 65534 46 11 0 1 4 65434 65422 8275 35693 8275 139 86 254 3 208 139 94 252 59 23 116 3 233 131 0 139
57814 3307 4902 65534 46 11 3 1 4 65434 65422 8275 35693 8275 3 208 139 94 252 59 23 116 3 233 131 0 139 198 186 46
57816 3307 4904 65534 46 11 1 1 4 65434 65422 8275 35693 8275 139 94 252 59 23 116 3 233 131 0 139 198 186 46 0 247
57819 3307 4907 65534 44434 11 1 1 4 65434 65422 8275 35693 8275 59 23 116 3 233 131 0 139 198 186 46 0 247 234 139 216
57821 3307 4909 65534 44434 11 1 1 4 65434 65422 8275 35693 8275 116 3 233 131 0 139 198 186 46 0 247 234 139 216 138 135
57823 3307 4911 65534 44434 11 1 1 4 65434 65422 8275 35693 8275 233 131 0 139 198 186 46 0 247 234 139 216 138 135 204 18
57957 3307 5045 65534 44434 11 1 1 4 65434 65422 8275 35693 8275 139 198 186 46 0 247 234 139 216 138 135 143 19 152 139 86
57959 3307 5047 1 44434 11 1 1 4 65434 65422 8275 35693 8275 186 46 0 247 234 139 216 138 135 143 19 152 139 86 254 3
57962 3307 5050 1 44434 11 46 1 4 65434 65422 8275 35693 8275 247 234 139 216 138 135 143 19 152 139 86 254 3 208 139 94
57964 3307 5052 46 44434 11 0 1 4 65434 65422 8275 35693 8275 139 216 138 135 143 19 152 139 86 254 3 208 139 94 252 59
57966 3307 5054 46 46 11 0 1 4 65434 65422 8275 35693 8275 138 135 143 19 152 139 86 254 3 208 139 94 252 59 23 117
57970 3307 5058 253 46 11 0 1 4 65434 65422 8275 35693 8275 152 139 86 254 3 208 139 94 252 59 23 117 111 139 198 186
57971 3307 5059 65533 46 11 0 1 4 65434 65422 8275 35693 8275 139 86 254 3 208 139 94 252 59 23 117 111 139 198 186 46
57974 3307 5062 65533 46 11 3 1 4 65434 65422 8275 35693 8275 3 208 139 94 252 59 23 117 111 139 198 186 46 0 247 234
57976 3307 5064 65533 46 11 0 1 4 65434 65422 8275 35693 8275 139 94 252 59 23 117 111 139 198 186 46 0 247 234 139 216
57979 3307 5067 65533 44434 11 0 1 4 65434 65422 8275 35693 8275 59 23 117 111 139 198 186 46 0 247 234 139 216 138 135 215
57981 3307 5069 65533 44434 11 0 1 4 65434 65422 8275 35693 8275 117 111 139 198 186 46 0 247 234 139 216 138 135 215 18 152
58094 3307 5182 65533 44434 11 0 1 4 65434 65422 8275 35693 8275 139 198 186 46 0 247 234 139 216 138 135 141 19 152 139 86
58096 3307 5184 1 44434 11 0 1 4 65434 65422 8275 35693 8275 186 46 0 247 234 139 216 138 135 141 19 152 139 86 254 3
58099 3307 5187 1 44434 11 46 1 4 65434 65422 8275 35693 8275 247 234 139 216 138 135 141 19 152 139 86 254 3 208 139 94
58101 3307 5189 46 44434 11 0 1 4 65434 65422 8275 35693 8275 139 216 138 135 141 19 152 139 86 254 3 208 139 94 252 59
58103 3307 5191 46 46 11 0 1 4 65434 65422 8275 35693 8275 138 135 141 19 152 139 86 254 3 208 139 94 252 59 23 116
58107 3307 5195 253 46 11 0 1 4 65434 65422 8275 35693 8275 152 139 86 254 3 208 139 94 252 59 23 116 3 233 161 0
58108 3307 5196 65533 46 11 0 1 4 65434 65422 8275 35693 8275 139 86 254 3 208 139 94 252 59 23 116 3 233 161 0 139
58111 3307 5199 65533 46 11 3 1 4 65434 65422 8275 35693 8275 3 208 139 94 252 59 23 116 3 233 161 0 139 198 186 46
58113 3307 5201 65533 46 11 0 1 4 65434 65422 8275 35693 8275 139 94 252 59 23 116 3 233 161 0 139 198 186 46 0 247
58116 3307 5204 65533 44434 11 0 1 4 65434 65422 8275 35693 8275 59 23 116 3 233 161 0 139 198 186 46 0 247 234 139 216
58118 3307 5206 65533 44434 11 0 1 4 65434 65422 8275 35693 8275 116 3 233 161 0 139 198 186 46 0 247 234 139 216 138 135
58120 3307 5208 65533 44434 11 0 1 4 65434 65422 8275 35693 8275 233 161 0 139 198 186 46 0 247 234 139 216 138 135 213 18
58284 3307 5372 65533 44434 11 0 1 4 65434 65422 8275 35693 8275 139 198 186 46 0 247 234 139 216 138 135 139 19 152 139 86
58286 3307 5374 1 44434 11 0 1 4 65434 65422 8275 35693 8275 186 46 0 247 234 139 216 138 135 139 19 152 139 86 254 3
58289 3307 5377 1 44434 11 46 1 4 65434 65422 8275 35693 8275 247 234 139 216 138 135 139 19 152 139 86 254 3 208 139 94
58291 3307 5379 46 44434 11 0 1 4 65434 65422 8275 35693 8275 139 216 138 135 139 19 152 139 86 254 3 208 139 94 252 59
58293 3307 5381 46 46 11 0 1 4 65434 65422 8275 35693 8275 138 135 139 19 152 139 86 254 3 208 139 94 252 59 23 116
58297 3307 5385 253 46 11 0 1 4 65434 65422 8275 35693 8275 152 139 86 254 3 208 139 94 252 59 23 116 3 233 131 0
58298 3307 5386 65533 46 11 0 1 4 65434 65422 8275 35693 8275 139 86 254 3 208 139 94 252 59 23 116 3 233 131 0 139
58301 3307 5389 65533 46 11 3 1 4 65434 65422 8275 35693 8275 3 208 139 94 252 59 23 116 3 233 131 0 139 198 186 46
58303 3307 5391 65533 46 11 0 1 4 65434 65422 8275 35693 8275 139 94 252 59 23 116 3 233 131 0 139 198 186 46 0 247
58306 3307 5394 65533 44434 11 0 1 4 65434 65422 8275 35693 8275 59 23 116 3 233 131 0 139 198 186 46 0 247 234 139 216
58308 3307 5396 65533 44434 11 0 1 4 65434 65422 8275 35693 8275 116 3 233 131 0 139 198 186 46 0 247 234 139 216 138 135
58310 3307 5398 65533 44434 11 0 1 4 65434 65422 8275 35693 8275 233 131 0 139 198 186 46 0 247 234 139 216 138 135 211 18
58444 3307 5532 65533 44434 11 0 1 4 65434 65422 8275 35693 8275 139 198 186 46 0 247 234 139 216 138 135 145 19 152 139 86
58446 3307 5534 1 44434 11 0 1 4 65434 65422 8275 35693 8275 186 46 0 247 234 139 216 138 135 145 19 152 139 86 254 3
58449 3307 5537 1 44434 11 46 1 4 65434 65422 8275 35693 8275 247 234 139 216 138 135 145 19 152 139 86 254 3 208 139 94
58451 3307 5539 46 44434 11 0 1 4 65434 65422 8275 35693 8275 139 216 138 135 145 19 152 139 86 254 3 208 139 94 252 59
58453 3307 5541 46 46 11 0 1 4 65434 65422 8275 35693 8275 138 135 145 19 152 139 86 254 3 208 139 94 252 59 23 116
58457 3307 5545 253 46 11 0 1 4 65434 65422 8275 35693 8275 152 139 86 254 3 208 139 94 252 59 23 116 3 233 161 0
58458 3307 5546 65533 46 11 0 1 4 65434 65422 8275 35693 8275 139 86 254 3 208 139 94 252 59 23 116 3 233 161 0 139
58461 3307 5549 65533 46 11 3 1 4 65434 65422 8275 35693 8275 3 208 139 94 252 59 23 116 3 233 161 0 139 198 186 46
58463 3307 5551 65533 46 11 0 1 4 65434 65422 8275 35693 8275 139 94 252 59 23 116 3 233 161 0 139 198 186 46 0 247
58466 3307 5554 65533 44434 11 0 1 4 65434 65422 8275 35693 8275 59 23 116 3 233 161 0 139 198 186 46 0 247 234 139 216
58468 3307 5556 65533 44434 11 0 1 4 65434 65422 8275 35693 8275 116 3 233 161 0 139 198 186 46 0 247 234 139 216 138 135
58470 3307 5558 65533 44434 11 0 1 4 65434 65422 8275 35693 8275 233 161 0 139 198 186 46 0 247 234 139 216 138 135 217 18
58634 3307 5722 65533 44434 11 0 1 4 65434 65422 8275 35693 8275 139 198 186 46 0 247 234 139 216 138 135 147 19 152 139 86
58636 3307 5724 1 44434 11 0 1 4 65434 65422 8275 35693 8275 186 46 0 247 234 139 216 138 135 147 19 152 139 86 254 3
58639 3307 5727 1 44434 11 46 1 4 65434 65422 8275 35693 8275 247 234 139 216 138 135 147 19 152 139 86 254 3 208 139 94
58641 3307 5729 46 44434 11 0 1 4 65434 65422 8275 35693 8275 139 216 138 135 147 19 152 139 86 254 3 208 139 94 252 59
58643 3307 5731 46 46 11 0 1 4 65434 65422 8275 35693 8275 138 135 147 19 152 139 86 254 3 208 139 94 252 59 23 116
58647 3307 5735 253 46 11 0 1 4 65434 65422 8275 35693 8275 152 139 86 254 3 208 139 94 252 59 23 116 3 233 131 0
58648 3307 5736 65533 46 11 0 1 4 65434 65422 8275 35693 8275 139 86 254 3 208 139 94 252 59 23 116 3 233 131 0 139
58651 3307 5739 65533 46 11 3 1 4 65434 65422 8275 35693 8275 3 208 139 94 252 59 23 116 3 233 131 0 139 198 186 46
58653 3307 5741 65533 46 11 0 1 4 65434 65422 8275 35693 8275 139 94 252 59 23 116 3 233 131 0 139 198 186 46 0 247
58656 3307 5744 65533 44434 11 0 1 4 65434 65422 8275 35693 8275 59 23 116 3 233 131 0 139 198 186 46 0 247 234 139 216
58658 3307 5746 65533 44434 11 0 1 4 65434 65422 8275 35693 8275 116 3 233 131 0 139 198 186 46 0 247 234 139 216 138 135
58660 3307 5748 65533 44434 11 0 1 4 65434 65422 8275 35693 8275 233 131 0 139 198 186 46 0 247 234 139 216 138 135 219 18
58794 3307 5882 65533 44434 11 0 1 4 65434 65422 8275 35693 8275 65 160 126 237 180 0 59 193 126 3 233 233 248 95 94 139
58795 3307 5883 65533 44434 12 0 1 4 65434 65422 8275 35693 8275 160 126 237 180 0 59 193 126 3 233 233 248 95 94 139 229
58798 3307 5886 65302 44434 12 0 1 4 65434 65422 8275 35693 8275 180 0 59 193 126 3 233 233 248 95 94 139 229 93 203 85
58800 3307 5888 22 44434 12 0 1 4 65434 65422 8275 35693 8275 59 193 126 3 233 233 248 95 94 139 229 93 203 85 139 236
58802 3307 5890 22 44434 12 0 1 4 65434 65422 8275 35693 8275 126 3 233 233 248 95 94 139 229 93 203 85 139 236 128 62
58804 3307 5892 22 44434 12 0 1 4 65434 65422 8275 35693 8275 233 233 248 95 94 139 229 93 203 85 139 236 128 62 3 233
56992 3307 4080 22 44434 12 0 1 4 65434 65422 8275 35693 8275 139 193 209 224 5 124 173 137 70 252 139 193 209 224 5 208
56994 3307 4082 12 44434 12 0 1 4 65434 65422 8275 35693 8275 209 224 5 124 173 137 70 252 139 193 209 224 5 208 174 137
56996 3307 4084 24 44434 12 0 1 4 65434 65422 8275 35693 8275 5 124 173 137 70 252 139 193 209 224 5 208 174 137 70 250
56999 3307 4087 44436 44434 12 0 1 4 65434 65422 8275 35693 8275 137 70 252 139 193 209 224 5 208 174 137 70 250 139 193 209
57002 3307 4090 44436 44434 12 0 1 4 65434 65422 8275 35693 8275 139 193 209 224 5 208 174 137 70 250 139 193 209 224 5 204
57004 3307 4092 12 44434 12 0 1 4 65434 65422 8275 35693 8275 209 224 5 208 174 137 70 250 139 193 209 224 5 204 178 137
57006 3307 4094 24 44434 12 0 1 4 65434 65422 8275 35693 8275 5 208 174 137 70 250 139 193 209 224 5 204 178 137 70 248
57009 3307 4097 44776 44434 12 0 1 4 65434 65422 8275 35693 8275 137 70 250 139 193 209 224 5 204 178 137 70 248 139 198 186
57012 3307 4100 44776 44434 12 0 1 4 65434 65422 8275 35693 8275 139 193 209 224 5 204 178 137 70 248 139 198 186 46 0 247
57014 3307 4102 12 44434 12 0 1 4 65434 65422 8275 35693 8275 209 224 5 204 178 137 70 248 139 198 186 46 0 247 234 139
57016 3307 4104 24 44434 12 0 1 4 65434 65422 8275 35693 8275 5 204 178 137 70 248 139 198 186 46 0 247 234 139 216 138
57019 3307 4107 45796 44434 12 0 1 4 65434 65422 8275 35693 8275 137 70 248 139 198 186 46 0 247 234 139 216 138 135 118 19
57022 3307 4110 45796 44434 12 0 1 4 65434 65422 8275 35693 8275 139 198 186 46 0 247 234 139 216 138 135 118 19 152 139 86
57024 3307 4112 1 44434 12 0 1 4 65434 65422 8275 35693 8275 186 46 0 247 234 139 216 138 135 118 19 152 139 86 254 3
57027 3307 4115 1 44434 12 46 1 4 65434 65422 8275 35693 8275 247 234 139 216 138 135 118 19 152 139 86 254 3 208 139 94
57029 3307 4117 46 44434 12 0 1 4 65434 65422 8275 35693 8275 139 216 138 135 118 19 152 139 86 254 3 208 139 94 252 59
57031 3307 4119 46 46 12 0 1 4 65434 65422 8275 35693 8275 138 135 118 19 152 139 86 254 3 208 139 94 252 59 23 117
57035 3307 4123 0 46 12 0 1 4 65434 65422 8275 35693 8275 152 139 86 254 3 208 139 94 252 59 23 117 84 139 198 186
57036 3307 4124 0 46 12 0 1 4 65434 65422 8275 35693 8275 139 86 254 3 208 139 94 252 59 23 117 84 139 198 186 46
57039 3307 4127 0 46 12 3 1 4 65434 65422 8275 35693 8275 3 208 139 94 252 59 23 117 84 139 198 186 46 0 247 234
57041 3307 4129 0 46 12 3 1 4 65434 65422 8275 35693 8275 139 94 252 59 23 117 84 139 198 186 46 0 247 234 139 216
57044 3307 4132 0 44436 12 3 1 4 65434 65422 8275 35693 8275 59 23 117 84 139 198 186 46 0 247 234 139 216 138 135 190
57046 3307 4134 0 44436 12 3 1 4 65434 65422 8275 35693 8275 117 84 139 198 186 46 0 247 234 139 216 138 135 190 18 152
57132 3307 4220 0 44436 12 3 1 4 65434 65422 8275 35693 8275 139 198 186 46 0 247 234 139 216 138 135 123 19 152 139 86
57134 3307 4222 1 44436 12 3 1 4 65434 65422 8275 35693 8275 186 46 0 247 234 139 216 138 135 123 19 152 139 86 254 3
57137 3307 4225 1 44436 12 46 1 4 65434 65422 8275 35693 8275 247 234 139 216 138 135 123 19 152 139 86 254 3 208 139 94
57139 3307 4227 46 44436 12 0 1 4 65434 65422 8275 35693 8275 139 216 138 135 123 19 152 139 86 254 3 208 139 94 252 59
57141 3307 4229 46 46 12 0 1 4 65434 65422 8275 35693 8275 138 135 123 19 152 139 86 254 3 208 139 94 252 59 23 117
57145 3307 4233 255 46 12 0 1 4 65434 65422 8275 35693 8275 152 139 86 254 3 208 139 94 252 59 23 117 93 139 198 186
57146 3307 4234 65535 46 12 0 1 4 65434 65422 8275 35693 8275 139 86 254 3 208 139 94 252 59 23 117 93 139 198 186 46
57149 3307 4237 65535 46 12 3 1 4 65434 65422 8275 35693 8275 3 208 139 94 252 59 23 117 93 139 198 186 46 0 247 234
57151 3307 4239 65535 46 12 2 1 4 65434 65422 8275 35693 8275 139 94 252 59 23 117 93 139 198 186 46 0 247 234 139 216
57154 3307 4242 65535 44436 12 2 1 4 65434 65422 8275 35693 8275 59 23 117 93 139 198 186 46 0 247 234 139 216 138 135 195
57156 3307 4244 65535 44436 12 2 1 4 65434 65422 8275 35693 8275 117 93 139 198 186 46 0 247 234 139 216 138 135 195 18 152
57251 3307 4339 65535 44436 12 2 1 4 65434 65422 8275 35693 8275 139 198 186 46 0 247 234 139 216 138 135 121 19 152 139 86
57253 3307 4341 1 44436 12 2 1 4 65434 65422 8275 35693 8275 186 46 0 247 234 139 216 138 135 121 19 152 139 86 254 3
57256 3307 4344 1 44436 12 46 1 4 65434 65422 8275 35693 8275 247 234 139 216 138 135 121 19 152 139 86 254 3 208 139 94
57258 3307 4346 46 44436 12 0 1 4 65434 65422 8275 35693 8275 139 216 138 135 121 19 152 139 86 254 3 208 139 94 252 59
57260 3307 4348 46 46 12 0 1 4 65434 65422 8275 35693 8275 138 135 121 19 152 139 86 254 3 208 139 94 252 59 23 117
57264 3307 4352 255 46 12 0 1 4 65434 65422 8275 35693 8275 152 139 86 254 3 208 139 94 252 59 23 117 103 139 198 186
57265 3307 4353 65535 46 12 0 1 4 65434 65422 8275 35693 8275 139 86 254 3 208 139 94 252 59 23 117 103 139 198 186 46
57268 3307 4356 65535 46 12 3 1 4 65434 65422 8275 35693 8275 3 208 139 94 252 59 23 117 103 139 198 186 46 0 247 234
57270 3307 4358 65535 46 12 2 1 4 65434 65422 8275 35693 8275 139 94 252 59 23 117 103 139 198 186 46 0 247 234 139 216
57273 3307 4361 65535 44436 12 2 1 4 65434 65422 8275 35693 8275 59 23 117 103 139 198 186 46 0 247 234 139 216 138 135 193
57275 3307 4363 65535 44436 12 2 1 4 65434 65422 8275 35693 8275 117 103 139 198 186 46 0 247 234 139 216 138 135 193 18 152
57380 3307 4468 65535 44436 12 2 1 4 65434 65422 8275 35693 8275 139 198 186 46 0 247 234 139 216 138 135 125 19 152 139 86
57382 3307 4470 1 44436 12 2 1 4 65434 65422 8275 35693 8275 186 46 0 247 234 139 216 138 135 125 19 152 139 86 254 3
57385 3307 4473 1 44436 12 46 1 4 65434 65422 8275 35693 8275 247 234 139 216 138 135 125 19 152 139 86 254 3 208 139 94
57387 3307 4475 46 44436 12 0 1 4 65434 65422 8275 35693 8275 139 216 138 135 125 19 152 139 86 254 3 208 139 94 252 59
57389 3307 4477 46 46 12 0 1 4 65434 65422 8275 35693 8275 138 135 125 19 152 139 86 254 3 208 139 94 252 59 23 117
57393 3307 4481 255 46 12 0 1 4 65434 65422 8275 35693 8275 152 139 86 254 3 208 139 94 252 59 23 117 103 139 198 186
57394 3307 4482 65535 46 12 0 1 4 65434 65422 8275 35693 8275 139 86 254 3 208 139 94 252 59 23 117 103 139 198 186 46
57397 3307 4485 65535 46 12 3 1 4 65434 65422 8275 35693 8275 3 208 139 94 252 59 23 117 103 139 198 186 46 0 247 234
57399 3307 4487 65535 46 12 2 1 4 65434 65422 8275 35693 8275 139 94 252 59 23 117 103 139 198 186 46 0 247 234 139 216
57402 3307 4490 65535 44436 12 2 1 4 65434 65422 8275 35693 8275 59 23 117 103 139 198 186 46 0 247 234 139 216 138 135 197
57404 3307 4492 65535 44436 12 2 1 4 65434 65422 8275 35693 8275 117 103 139 198 186 46 0 247 234 139 216 138 135 197 18 152
57509 3307 4597 65535 44436 12 2 1 4 65434 65422 8275 35693 8275 139 198 186 46 0 247 234 139 216 138 135 130 19 152 139 86
57511 3307 4599 1 44436 12 2 1 4 65434 65422 8275 35693 8275 186 46 0 247 234 139 216 138 135 130 19 152 139 86 254 3
57514 3307 4602 1 44436 12 46 1 4 65434 65422 8275 35693 8275 247 234 139 216 138 135 130 19 152 139 86 254 3 208 139 94
57516 3307 4604 46 44436 12 0 1 4 65434 65422 8275 35693 8275 139 216 138 135 130 19 152 139 86 254 3 208 139 94 252 59
57518 3307 4606 46 46 12 0 1 4 65434 65422 8275 35693 8275 138 135 130 19 152 139 86 254 3 208 139 94 252 59 23 117
57522 3307 4610 254 46 12 0 1 4 65434 65422 8275 35693 8275 152 139 86 254 3 208 139 94 252 59 23 117 102 139 198 186
57523 3307 4611 65534 46 12 0 1 4 65434 65422 8275 35693 8275 139 86 254 3 208 139 94 252 59 23 117 102 139 198 186 46
57526 3307 4614 65534 46 12 3 1 4 65434 65422 8275 35693 8275 3 208 139 94 252 59 23 117 102 139 198 186 46 0 247 234
57528 3307 4616 65534 46 12 1 1 4 65434 65422 8275 35693 8275 139 94 252 59 23 117 102 139 198 186 46 0 247 234 139 216
57531 3307 4619 65534 44436 12 1 1 4 65434 65422 8275 35693 8275 59 23 117 102 139 198 186 46 0 247 234 139 216 138 135 202
57533 3307 4621 65534 44436 12 1 1 4 65434 65422 8275 35693 8275 117 102 139 198 186 46 0 247 234 139 216 138 135 202 18 152
57637 3307 4725 65534 44436 12 1 1 4 65434 65422 8275 35693 8275 139 198 186 46 0 247 234 139 216 138 135 128 19 152 139 86
57639 3307 4727 1 44436 12 1 1 4 65434 65422 8275 35693 8275 186 46 0 247 234 139 216 138 135 128 19 152 139 86 254 3
57642 3307 4730 1 44436 12 46 1 4 65434 65422 8275 35693 8275 247 234 139 216 138 135 128 19 152 139 86 254 3 208 139 94
57644 3307 4732 46 44436 12 0 1 4 65434 65422 8275 35693 8275 139 216 138 135 128 19 152 139 86 254 3 208 139 94 252 59
57646 3307 4734 46 46 12 0 1 4 65434 65422 8275 35693 8275 138 135 128 19 152 139 86 254 3 208 139 94 252 59 23 116
57650 3307 4738 254 46 12 0 1 4 65434 65422 8275 35693 8275 152 139 86 254 3 208 139 94 252 59 23 116 3 233 131 0
57651 3307 4739 65534 46 12 0 1 4 65434 65422 8275 35693 8275 139 86 254 3 208 139 94 252 59 23 116 3 233 131 0 139
57654 3307 4742 65534 46 12 3 1 4 65434 65422 8275 35693 8275 3 208 139 94 252 59 23 116 3 233 131 0 139 198 186 46
57656 3307 4744 65534 46 12 1 1 4 65434 65422 8275 35693 8275 139 94 252 59 23 116 3 233 131 0 139 198 186 46 0 247
57659 3307 4747 65534 44436 12 1 1 4 65434 65422 8275 35693 8275 59 23 116 3 233 131 0 139 198 186 46 0 247 234 139 216
57661 3307 4749 65534 44436 12 1 1 4 65434 65422 8275 35693 8275 116 3 233 131 0 139 198 186 46 0 247 234 139 216 138 135
57663 3307 4751 65534 44436 12 1 1 4 65434 65422 8275 35693 8275 233 131 0 139 198 186 46 0 247 234 139 216 138 135 200 18
57797 3307 4885 65534 44436 12 1 1 4 65434 65422 8275 35693 8275 139 198 186 46 0 247 234 139 216 138 135 132 19 152 139 86
57799 3307 4887 1 44436 12 1 1 4 65434 65422 8275 35693 8275 186 46 0 247 234 139 216 138 135 132 19 152 139 86 254 3
57802 3307 4890 1 44436 12 46 1 4 65434 65422 8275 35693 8275 247 234 139 216 138 135 132 19 152 139 86 254 3 208 139 94
57804 3307 4892 46 44436 12 0 1 4 65434 65422 8275 35693 8275 139 216 138 135 132 19 152 139 86 254 3 208 139 94 252 59
57806 3307 4894 46 46 12 0 1 4 65434 65422 8275 35693 8275 138 135 132 19 152 139 86 254 3 208 139 94 252 59 23 116
57810 3307 4898 254 46 12 0 1 4 65434 65422 8275 35693 8275 152 139 86 254 3 208 139 94 252 59 23 116 3 233 131 0
57811 3307 4899 65534 46 12 0 1 4 65434 65422 8275 35693 8275 139 86 254 3 208 139 94 252 59 23 116 3 233 131 0 139
57814 3307 4902 65534 46 12 3 1 4 65434 65422 8275 35693 8275 3 208 139 94 252 59 23 116 3 233 131 0 139 198 186 46
57816 3307 4904 65534 46 12 1 1 4 65434 65422 8275 35693 8275 139 94 252 59 23 116 3 233 131 0 139 198 186 46 0 247
57819 3307 4907 65534 44436 12 1 1 4 65434 65422 8275 35693 8275 59 23 116 3 233 131 0 139 198 186 46 0 247 234 139 216
57821 3307 4909 65534 44436 12 1 1 4 65434 65422 8275 35693 8275 116 3 233 131 0 139 198 186 46 0 247 234 139 216 138 135
57823 3307 4911 65534 44436 12 1 1 4 65434 65422 8275 35693 8275 233 131 0 139 198 186 46 0 247 234 139 216 138 135 204 18
57957 3307 5045 65534 44436 12 1 1 4 65434 65422 8275 35693 8275 139 198 186 46 0 247 234 139 216 138 135 143 19 152 139 86
57959 3307 5047 1 44436 12 1 1 4 65434 65422 8275 35693 8275 186 46 0 247 234 139 216 138 135 143 19 152 139 86 254 3
57962 3307 5050 1 44436 12 46 1 4 65434 65422 8275 35693 8275 247 234 139 216 138 135 143 19 152 139 86 254 3 208 139 94
57964 3307 5052 46 44436 12 0 1 4 65434 65422 8275 35693 8275 139 216 138 135 143 19 152 139 86 254 3 208 139 94 252 59
57966 3307 5054 46 46 12 0 1 4 65434 65422 8275 35693 8275 138 135 143 19 152 139 86 254 3 208 139 94 252 59 23 117
57970 3307 5058 253 46 12 0 1 4 65434 65422 8275 35693 8275 152 139 86 254 3 208 139 94 252 59 23 117 111 139 198 186
57971 3307 5059 65533 46 12 0 1 4 65434 65422 8275 35693 8275 139 86 254 3 208 139 94 252 59 23 117 111 139 198 186 46
57974 3307 5062 65533 46 12 3 1 4 65434 65422 8275 35693 8275 3 208 139 94 252 59 23 117 111 139 198 186 46 0 247 234
57976 3307 5064 65533 46 12 0 1 4 65434 65422 8275 35693 8275 139 94 252 59 23 117 111 139 198 186 46 0 247 234 139 216
57979 3307 5067 65533 44436 12 0 1 4 65434 65422 8275 35693 8275 59 23 117 111 139 198 186 46 0 247 234 139 216 138 135 215
57981 3307 5069 65533 44436 12 0 1 4 65434 65422 8275 35693 8275 117 111 139 198 186 46 0 247 234 139 216 138 135 215 18 152
58094 3307 5182 65533 44436 12 0 1 4 65434 65422 8275 35693 8275 139 198 186 46 0 247 234 139 216 138 135 141 19 152 139 86
58096 3307 5184 1 44436 12 0 1 4 65434 65422 8275 35693 8275 186 46 0 247 234 139 216 138 135 141 19 152 139 86 254 3
58099 3307 5187 1 44436 12 46 1 4 65434 65422 8275 35693 8275 247 234 139 216 138 135 141 19 152 139 86 254 3 208 139 94
58101 3307 5189 46 44436 12 0 1 4 65434 65422 8275 35693 8275 139 216 138 135 141 19 152 139 86 254 3 208 139 94 252 59
58103 3307 5191 46 46 12 0 1 4 65434 65422 8275 35693 8275 138 135 141 19 152 139 86 254 3 208 139 94 252 59 23 116
58107 3307 5195 253 46 12 0 1 4 65434 65422 8275 35693 8275 152 139 86 254 3 208 139 94 252 59 23 116 3 233 161 0
58108 3307 5196 65533 46 12 0 1 4 65434 65422 8275 35693 8275 139 86 254 3 208 139 94 252 59 23 116 3 233 161 0 139
58111 3307 5199 65533 46 12 3 1 4 65434 65422 8275 35693 8275 3 208 139 94 252 59 23 116 3 233 161 0 139 198 186 46
58113 3307 5201 65533 46 12 0 1 4 65434 65422 8275 35693 8275 139 94 252 59 23 116 3 233 161 0 139 198 186 46 0 247
58116 3307 5204 65533 44436 12 0 1 4 65434 65422 8275 35693 8275 59 23 116 3 233 161 0 139 198 186 46 0 247 234 139 216
58118 3307 5206 65533 44436 12 0 1 4 65434 65422 8275 35693 8275 116 3 233 161 0 139 198 186 46 0 247 234 139 216 138 135
58120 3307 5208 65533 44436 12 0 1 4 65434 65422 8275 35693 8275 233 161 0 139 198 186 46 0 247 234 139 216 138 135 213 18
58284 3307 5372 65533 44436 12 0 1 4 65434 65422 8275 35693 8275 139 198 186 46 0 247 234 139 216 138 135 139 19 152 139 86
58286 3307 5374 1 44436 12 0 1 4 65434 65422 8275 35693 8275 186 46 0 247 234 139 216 138 135 139 19 152 139 86 254 3
58289 3307 5377 1 44436 12 46 1 4 65434 65422 8275 35693 8275 247 234 139 216 138 135 139 19 152 139 86 254 3 208 139 94
58291 3307 5379 46 44436 12 0 1 4 65434 65422 8275 35693 8275 139 216 138 135 139 19 152 139 86 254 3 208 139 94 252 59
58293 3307 5381 46 46 12 0 1 4 65434 65422 8275 35693 8275 138 135 139 19 152 139 86 254 3 208 139 94 252 59 23 116
58297 3307 5385 253 46 12 0 1 4 65434 65422 8275 35693 8275 152 139 86 254 3 208 139 94 252 59 23 116 3 233 131 0
58298 3307 5386 65533 46 12 0 1 4 65434 65422 8275 35693 8275 139 86 254 3 208 139 94 252 59 23 116 3 233 131 0 139
58301 3307 5389 65533 46 12 3 1 4 65434 65422 8275 35693 8275 3 208 139 94 252 59 23 116 3 233 131 0 139 198 186 46
58303 3307 5391 65533 46 12 0 1 4 65434 65422 8275 35693 8275 139 94 252 59 23 116 3 233 131 0 139 198 186 46 0 247
58306 3307 5394 65533 44436 12 0 1 4 65434 65422 8275 35693 8275 59 23 116 3 233 131 0 139 198 186 46 0 247 234 139 216
58308 3307 5396 65533 44436 12 0 1 4 65434 65422 8275 35693 8275 116 3 233 131 0 139 198 186 46 0 247 234 139 216 138 135
58310 3307 5398 65533 44436 12 0 1 4 65434 65422 8275 35693 8275 233 131 0 139 198 186 46 0 247 234 139 216 138 135 211 18
58444 3307 5532 65533 44436 12 0 1 4 65434 65422 8275 35693 8275 139 198 186 46 0 247 234 139 216 138 135 145 19 152 139 86
58446 3307 5534 1 44436 12 0 1 4 65434 65422 8275 35693 8275 186 46 0 247 234 139 216 138 135 145 19 152 139 86 254 3
58449 3307 5537 1 44436 12 46 1 4 65434 65422 8275 35693 8275 247 234 139 216 138 135 145 19 152 139 86 254 3 208 139 94
58451 3307 5539 46 44436 12 0 1 4 65434 65422 8275 35693 8275 139 216 138 135 145 19 152 139 86 254 3 208 139 94 252 59
58453 3307 5541 46 46 12 0 1 4 65434 65422 8275 35693 8275 138 135 145 19 152 139 86 254 3 208 139 94 252 59 23 116
58457 3307 5545 253 46 12 0 1 4 65434 65422 8275 35693 8275 152 139 86 254 3 208 139 94 252 59 23 116 3 233 161 0
58458 3307 5546 65533 46 12 0 1 4 65434 65422 8275 35693 8275 139 86 254 3 208 139 94 252 59 23 116 3 233 161 0 139
58461 3307 5549 65533 46 12 3 1 4 65434 65422 8275 35693 8275 3 208 139 94 252 59 23 116 3 233 161 0 139 198 186 46
58463 3307 5551 65533 46 12 0 1 4 65434 65422 8275 35693 8275 139 94 252 59 23 116 3 233 161 0 139 198 186 46 0 247
58466 3307 5554 65533 44436 12 0 1 4 65434 65422 8275 35693 8275 59 23 116 3 233 161 0 139 198 186 46 0 247 234 139 216
58468 3307 5556 65533 44436 12 0 1 4 65434 65422 8275 35693 8275 116 3 233 161 0 139 198 186 46 0 247 234 139 216 138 135
58470 3307 5558 65533 44436 12 0 1 4 65434 65422 8275 35693 8275 233 161 0 139 198 186 46 0 247 234 139 216 138 135 217 18
58634 3307 5722 65533 44436 12 0 1 4 65434 65422 8275 35693 8275 139 198 186 46 0 247 234 139 216 138 135 147 19 152 139 86
58636 3307 5724 1 44436 12 0 1 4 65434 65422 8275 35693 8275 186 46 0 247 234 139 216 138 135 147 19 152 139 86 254 3
58639 3307 5727 1 44436 12 46 1 4 65434 65422 8275 35693 8275 247 234 139 216 138 135 147 19 152 139 86 254 3 208 139 94
58641 3307 5729 46 44436 12 0 1 4 65434 65422 8275 35693 8275 139 216 138 135 147 19 152 139 86 254 3 208 139 94 252 59
58643 3307 5731 46 46 12 0 1 4 65434 65422 8275 35693 8275 138 135 147 19 152 139 86 254 3 208 139 94 252 59 23 116
58647 3307 5735 253 46 12 0 1 4 65434 65422 8275 35693 8275 152 139 86 254 3 208 139 94 252 59 23 116 3 233 131 0
58648 3307 5736 65533 46 12 0 1 4 65434 65422 8275 35693 8275 139 86 254 3 208 139 94 252 59 23 116 3 233 131 0 139
58651 3307 5739 65533 46 12 3 1 4 65434 65422 8275 35693 8275 3 208 139 94 252 59 23 116 3 233 131 0 139 198 186 46
58653 3307 5741 65533 46 12 0 1 4 65434 65422 8275 35693 8275 139 94 252 59 23 116 3 233 131 0 139 198 186 46 0 247
58656 3307 5744 65533 44436 12 0 1 4 65434 65422 8275 35693 8275 59 23 116 3 233 131 0 139 198 186 46 0 247 234 139 216
58658 3307 5746 65533 44436 12 0 1 4 65434 65422 8275 35693 8275 116 3 233 131 0 139 198 186 46 0 247 234 139 216 138 135
58660 3307 5748 65533 44436 12 0 1 4 65434 65422 8275 35693 8275 233 131 0 139 198 186 46 0 247 234 139 216 138 135 219 18
58794 3307 5882 65533 44436 12 0 1 4 65434 65422 8275 35693 8275 65 160 126 237 180 0 59 193 126 3 233 233 248 95 94 139
58795 3307 5883 65533 44436 13 0 1 4 65434 65422 8275 35693 8275 160 126 237 180 0 59 193 126 3 233 233 248 95 94 139 229
58798 3307 5886 65302 44436 13 0 1 4 65434 65422 8275 35693 8275 180 0 59 193 126 3 233 233 248 95 94 139 229 93 203 85
58800 3307 5888 22 44436 13 0 1 4 65434 65422 8275 35693 8275 59 193 126 3 233 233 248 95 94 139 229 93 203 85 139 236
58802 3307 5890 22 44436 13 0 1 4 65434 65422 8275 35693 8275 126 3 233 233 248 95 94 139 229 93 203 85 139 236 128 62
58804 3307 5892 22 44436 13 0 1 4 65434 65422 8275 35693 8275 233 233 248 95 94 139 229 93 203 85 139 236 128 62 3 233
56992 3307 4080 22 44436 13 0 1 4 65434 65422 8275 35693 8275 139 193 209 224 5 124 173 137 70 252 139 193 209 224 5 208
56994 3307 4082 13 44436 13 0 1 4 65434 65422 8275 35693 8275 209 224 5 124 173 137 70 252 139 193 209 224 5 208 174 137
56996 3307 4084 26 44436 13 0 1 4 65434 65422 8275 35693 8275 5 124 173 137 70 252 139 193 209 224 5 208 174 137 70 250
56999 3307 4087 44438 44436 13 0 1 4 65434 65422 8275 35693 8275 137 70 252 139 193 209 224 5 208 174 137 70 250 139 193 209
57002 3307 4090 44438 44436 13 0 1 4 65434 65422 8275 35693 8275 139 193 209 224 5 208 174 137 70 250 139 193 209 224 5 204
57004 3307 4092 13 44436 13 0 1 4 65434 65422 8275 35693 8275 209 224 5 208 174 137 70 250 139 193 209 224 5 204 178 137
57006 3307 4094 26 44436 13 0 1 4 65434 65422 8275 35693 8275 5 208 174 137 70 250 139 193 209 224 5 204 178 137 70 248
57009 3307 4097 44778 44436 13 0 1 4 65434 65422 8275 35693 8275 137 70 250 139 193 209 224 5 204 178 137 70 248 139 198 186
57012 3307 4100 44778 44436 13 0 1 4 65434 65422 8275 35693 8275 139 193 209 224 5 204 178 137 70 248 139 198 186 46 0 247
57014 3307 4102 13 44436 13 0 1 4 65434 65422 8275 35693 8275 209 224 5 204 178 137 70 248 139 198 186 46 0 247 234 139
57016 3307 4104 26 44436 13 0 1 4 65434 65422 8275 35693 8275 5 204 178 137 70 248 139 198 186 46 0 247 234 139 216 138
57019 3307 4107 45798 44436 13 0 1 4 65434 65422 8275 35693 8275 137 70 248 139 198 186 46 0 247 234 139 216 138 135 118 19
57022 3307 4110 45798 44436 13 0 1 4 65434 65422 8275 35693 8275 139 198 186 46 0 247 234 139 216 138 135 118 19 152 139 86
57024 3307 4112 1 44436 13 0 1 4 65434 65422 8275 35693 8275 186 46 0 247 234 139 216 138 135 118 19 152 139 86 254 3
57027 3307 4115 1 44436 13 46 1 4 65434 65422 8275 35693 8275 247 234 139 216 138 135 118 19 152 139 86 254 3 208 139 94
57029 3307 4117 46 44436 13 0 1 4 65434 65422 8275 35693 8275 139 216 138 135 118 19 152 139 86 254 3 208 139 94 252 59
57031 3307 4119 46 46 13 0 1 4 65434 65422 8275 35693 8275 138 135 118 19 152 139 86 254 3 208 139 94 252 59 23 117
57035 3307 4123 0 46 13 0 1 4 65434 65422 8275 35693 8275 152 139 86 254 3 208 139 94 252 59 23 117 84 139 198 186
57036 3307 4124 0 46 13 0 1 4 65434 65422 8275 35693 8275 139 86 254 3 208 139 94 252 59 23 117 84 139 198 186 46
57039 3307 4127 0 46 13 3 1 4 65434 65422 8275 35693 8275 3 208 139 94 252 59 23 117 84 139 198 186 46 0 247 234
57041 3307 4129 0 46 13 3 1 4 65434 65422 8275 35693 8275 139 94 252 59 23 117 84 139 198 186 46 0 247 234 139 216
57044 3307 4132 0 44438 13 3 1 4 65434 65422 8275 35693 8275 59 23 117 84 139 198 186 46 0 247 234 139 216 138 135 190
57046 3307 4134 0 44438 13 3 1 4 65434 65422 8275 35693 8275 117 84 139 198 186 46 0 247 234 139 216 138 135 190 18 152
57132 3307 4220 0 44438 13 3 1 4 65434 65422 8275 35693 8275 139 198 186 46 0 247 234 139 216 138 135 123 19 152 139 86
57134 3307 4222 1 44438 13 3 1 4 65434 65422 8275 35693 8275 186 46 0 247 234 139 216 138 135 123 19 152 139 86 254 3
57137 3307 4225 1 44438 13 46 1 4 65434 65422 8275 35693 8275 247 234 139 216 138 135 123 19 152 139 86 254 3 208 139 94
57139 3307 4227 46 44438 13 0 1 4 65434 65422 8275 35693 8275 139 216 138 135 123 19 152 139 86 254 3 208 139 94 252 59
57141 3307 4229 46 46 13 0 1 4 65434 65422 8275 35693 8275 138 135 123 19 152 139 86 254 3 208 139 94 252 59 23 117
57145 3307 4233 255 46 13 0 1 4 65434 65422 8275 35693 8275 152 139 86 254 3 208 139 94 252 59 23 117 93 139 198 186
57146 3307 4234 65535 46 13 0 1 4 65434 65422 8275 35693 8275 139 86 254 3 208 139 94 252 59 23 117 93 139 198 186 46
57149 3307 4237 65535 46 13 3 1 4 65434 65422 8275 35693 8275 3 208 139 94 252 59 23 117 93 139 198 186 46 0 247 234
57151 3307 4239 65535 46 13 2 1 4 65434 65422 8275 35693 8275 139 94 252 59 23 117 93 139 198 186 46 0 247 234 139 216
57154 3307 4242 65535 44438 13 2 1 4 65434 65422 8275 35693 8275 59 23 117 93 139 198 186 46 0 247 234 139 216 138 135 195
57156 3307 4244 65535 44438 13 2 1 4 65434 65422 8275 35693 8275 117 93 139 198 186 46 0 247 234 139 216 138 135 195 18 152
57251 3307 4339 65535 44438 13 2 1 4 65434 65422 8275 35693 8275 139 198 186 46 0 247 234 139 216 138 135 121 19 152 139 86
57253 3307 4341 1 44438 13 2 1 4 65434 65422 8275 35693 8275 186 46 0 247 234 139 216 138 135 121 19 152 139 86 254 3
57256 3307 4344 1 44438 13 46 1 4 65434 65422 8275 35693 8275 247 234 139 216 138 135 121 19 152 139 86 254 3 208 139 94
57258 3307 4346 46 44438 13 0 1 4 65434 65422 8275 35693 8275 139 216 138 135 121 19 152 139 86 254 3 208 139 94 252 59
57260 3307 4348 46 46 13 0 1 4 65434 65422 8275 35693 8275 138 135 121 19 152 139 86 254 3 208 139 94 252 59 23 117
57264 3307 4352 255 46 13 0 1 4 65434 65422 8275 35693 8275 152 139 86 254 3 208 139 94 252 59 23 117 103 139 198 186
57265 3307 4353 65535 46 13 0 1 4 65434 65422 8275 35693 8275 139 86 254 3 208 139 94 252 59 23 117 103 139 198 186 46
57268 3307 4356 65535 46 13 3 1 4 65434 65422 8275 35693 8275 3 208 139 94 252 59 23 117 103 139 198 186 46 0 247 234
57270 3307 4358 65535 46 13 2 1 4 65434 65422 8275 35693 8275 139 94 252 59 23 117 103 139 198 186 46 0 247 234 139 216
57273 3307 4361 65535 44438 13 2 1 4 65434 65422 8275 35693 8275 59 23 117 103 139 198 186 46 0 247 234 139 216 138 135 193
57275 3307 4363 65535 44438 13 2 1 4 65434 65422 8275 35693 8275 117 103 139 198 186 46 0 247 234 139 216 138 135 193 18 152
57380 3307 4468 65535 44438 13 2 1 4 65434 65422 8275 35693 8275 139 198 186 46 0 247 234 139 216 138 135 125 19 152 139 86
57382 3307 4470 1 44438 13 2 1 4 65434 65422 8275 35693 8275 186 46 0 247 234 139 216 138 135 125 19 152 139 86 254 3
57385 3307 4473 1 44438 13 46 1 4 65434 65422 8275 35693 8275 247 234 139 216 138 135 125 19 152 139 86 254 3 208 139 94
57387 3307 4475 46 44438 13 0 1 4 65434 65422 8275 35693 8275 139 216 138 135 125 19 152 139 86 254 3 208 139 94 252 59
57389 3307 4477 46 46 13 0 1 4 65434 65422 8275 35693 8275 138 135 125 19 152 139 86 254 3 208 139 94 252 59 23 117
57393 3307 4481 255 46 13 0 1 4 65434 65422 8275 35693 8275 152 139 86 254 3 208 139 94 252 59 23 117 103 139 198 186
57394 3307 4482 65535 46 13 0 1 4 65434 65422 8275 35693 8275 139 86 254 3 208 139 94 252 59 23 117 103 139 198 186 46
57397 3307 4485 65535 46 13 3 1 4 65434 65422 8275 35693 8275 3 208 139 94 252 59 23 117 103 139 198 186 46 0 247 234
57399 3307 4487 65535 46 13 2 1 4 65434 65422 8275 35693 8275 139 94 252 59 23 117 103 139 198 186 46 0 247 234 139 216
57402 3307 4490 65535 44438 13 2 1 4 65434 65422 8275 35693 8275 59 23 117 103 139 198 186 46 0 247 234 139 216 138 135 197
57404 3307 4492 65535 44438 13 2 1 4 65434 65422 8275 35693 8275 117 103 139 198 186 46 0 247 234 139 216 138 135 197 18 152
57509 3307 4597 65535 44438 13 2 1 4 65434 65422 8275 35693 8275 139 198 186 46 0 247 234 139 216 138 135 130 19 152 139 86
57511 3307 4599 1 44438 13 2 1 4 65434 65422 8275 35693 8275 186 46 0 247 234 139 216 138 135 130 19 152 139 86 254 3
57514 3307 4602 1 44438 13 46 1 4 65434 65422 8275 35693 8275 247 234 139 216 138 135 130 19 152 139 86 254 3 208 139 94
57516 3307 4604 46 44438 13 0 1 4 65434 65422 8275 35693 8275 139 216 138 135 130 19 152 139 86 254 3 208 139 94 252 59
57518 3307 4606 46 46 13 0 1 4 65434 65422 8275 35693 8275 138 135 130 19 152 139 86 254 3 208 139 94 252 59 23 117
57522 3307 4610 254 46 13 0 1 4 65434 65422 8275 35693 8275 152 139 86 254 3 208 139 94 252 59 23 117 102 139 198 186
57523 3307 4611 65534 46 13 0 1 4 65434 65422 8275 35693 8275 139 86 254 3 208 139 94 252 59 23 117 102 139 198 186 46
57526 3307 4614 65534 46 13 3 1 4 65434 65422 8275 35693 8275 3 208 139 94 252 59 23 117 102 139 198 186 46 0 247 234
57528 3307 4616 65534 46 13 1 1 4 65434 65422 8275 35693 8275 139 94 252 59 23 117 102 139 198 186 46 0 247 234 139 216
57531 3307 4619 65534 44438 13 1 1 4 65434 65422 8275 35693 8275 59 23 117 102 139 198 186 46 0 247 234 139 216 138 135 202
57533 3307 4621 65534 44438 13 1 1 4 65434 65422 8275 35693 8275 117 102 139 198 186 46 0 247 234 139 216 138 135 202 18 152
57637 3307 4725 65534 44438 13 1 1 4 65434 65422 8275 35693 8275 139 198 186 46 0 247 234 139 216 138 135 128 19 152 139 86
57639 3307 4727 1 44438 13 1 1 4 65434 65422 8275 35693 8275 186 46 0 247 234 139 216 138 135 128 19 152 139 86 254 3
57642 3307 4730 1 44438 13 46 1 4 65434 65422 8275 35693 8275 247 234 139 216 138 135 128 19 152 139 86 254 3 208 139 94
57644 3307 4732 46 44438 13 0 1 4 65434 65422 8275 35693 8275 139 216 138 135 128 19 152 139 86 254 3 208 139 94 252 59
57646 3307 4734 46 46 13 0 1 4 65434 65422 8275 35693 8275 138 135 128 19 152 139 86 254 3 208 139 94 252 59 23 116
57650 3307 4738 254 46 13 0 1 4 65434 65422 8275 35693 8275 152 139 86 254 3 208 139 94 252 59 23 116 3 233 131 0
57651 3307 4739 65534 46 13 0 1 4 65434 65422 8275 35693 8275 139 86 254 3 208 139 94 252 59 23 116 3 233 131 0 139
57654 3307 4742 65534 46 13 3 1 4 65434 65422 8275 35693 8275 3 208 139 94 252 59 23 116 3 233 131 0 139 198 186 46
57656 3307 4744 65534 46 13 1 1 4 65434 65422 8275 35693 8275 139 94 252 59 23 116 3 233 131 0 139 198 186 46 0 247
57659 3307 4747 65534 44438 13 1 1 4 65434 65422 8275 35693 8275 59 23 116 3 233 131 0 139 198 186 46 0 247 234 139 216
57661 3307 4749 65534 44438 13 1 1 4 65434 65422 8275 35693 8275 116 3 233 131 0 139 198 186 46 0 247 234 139 216 138 135
57663 3307 4751 65534 44438 13 1 1 4 65434 65422 8275 35693 8275 233 131 0 139 198 186 46 0 247 234 139 216 138 135 200 18
57797 3307 4885 65534 44438 13 1 1 4 65434 65422 8275 35693 8275 139 198 186 46 0 247 234 139 216 138 135 132 19 152 139 86
57799 3307 4887 1 44438 13 1 1 4 65434 65422 8275 35693 8275 186 46 0 247 234 139 216 138 135 132 19 152 139 86 254 3
57802 3307 4890 1 44438 13 46 1 4 65434 65422 8275 35693 8275 247 234 139 216 138 135 132 19 152 139 86 254 3 208 139 94
57804 3307 4892 46 44438 13 0 1 4 65434 65422 8275 35693 8275 139 216 138 135 132 19 152 139 86 254 3 208 139 94 252 59
57806 3307 4894 46 46 13 0 1 4 65434 65422 8275 35693 8275 138 135 132 19 152 139 86 254 3 208 139 94 252 59 23 116
57810 3307 4898 254 46 13 0 1 4 65434 65422 8275 35693 8275 152 139 86 254 3 208 139 94 252 59 23 116 3 233 131 0
57811 3307 4899 65534 46 13 0 1 4 65434 65422 8275 35693 8275 139 86 254 3 208 139 94 252 59 23 116 3 233 131 0 139
57814 3307 4902 65534 46 13 3 1 4 65434 65422 8275 35693 8275 3 208 139 94 252 59 23 116 3 233 131 0 139 198 186 46
57816 3307 4904 65534 46 13 1 1 4 65434 65422 8275 35693 8275 139 94 252 59 23 116 3 233 131 0 139 198 186 46 0 247
57819 3307 4907 65534 44438 13 1 1 4 65434 65422 8275 35693 8275 59 23 116 3 233 131 0 139 198 186 46 0 247 234 139 216
57821 3307 4909 65534 44438 13 1 1 4 65434 65422 8275 35693 8275 116 3 233 131 0 139 198 186 46 0 247 234 139 216 138 135
57823 3307 4911 65534 44438 13 1 1 4 65434 65422 8275 35693 8275 233 131 0 139 198 186 46 0 247 234 139 216 138 135 204 18
57957 3307 5045 65534 44438 13 1 1 4 65434 65422 8275 35693 8275 139 198 186 46 0 247 234 139 216 138 135 143 19 152 139 86
57959 3307 5047 1 44438 13 1 1 4 65434 65422 8275 35693 8275 186 46 0 247 234 139 216 138 135 143 19 152 139 86 254 3
57962 3307 5050 1 44438 13 46 1 4 65434 65422 8275 35693 8275 247 234 139 216 138 135 143 19 152 139 86 254 3 208 139 94
57964 3307 5052 46 44438 13 0 1 4 65434 65422 8275 35693 8275 139 216 138 135 143 19 152 139 86 254 3 208 139 94 252 59
57966 3307 5054 46 46 13 0 1 4 65434 65422 8275 35693 8275 138 135 143 19 152 139 86 254 3 208 139 94 252 59 23 117
57970 3307 5058 253 46 13 0 1 4 65434 65422 8275 35693 8275 152 139 86 254 3 208 139 94 252 59 23 117 111 139 198 186
57971 3307 5059 65533 46 13 0 1 4 65434 65422 8275 35693 8275 139 86 254 3 208 139 94 252 59 23 117 111 139 198 186 46
57974 3307 5062 65533 46 13 3 1 4 65434 65422 8275 35693 8275 3 208 139 94 252 59 23 117 111 139 198 186 46 0 247 234
57976 3307 5064 65533 46 13 0 1 4 65434 65422 8275 35693 8275 139 94 252 59 23 117 111 139 198 186 46 0 247 234 139 216
57979 3307 5067 65533 44438 13 0 1 4 65434 65422 8275 35693 8275 59 23 117 111 139 198 186 46 0 247 234 139 216 138 135 215
57981 3307 5069 65533 44438 13 0 1 4 65434 65422 8275 35693 8275 117 111 139 198 186 46 0 247 234 139 216 138 135 215 18 152
58094 3307 5182 65533 44438 13 0 1 4 65434 65422 8275 35693 8275 139 198 186 46 0 247 234 139 216 138 135 141 19 152 139 86
58096 3307 5184 1 44438 13 0 1 4 65434 65422 8275 35693 8275 186 46 0 247 234 139 216 138 135 141 19 152 139 86 254 3
58099 3307 5187 1 44438 13 46 1 4 65434 65422 8275 35693 8275 247 234 139 216 138 135 141 19 152 139 86 254 3 208 139 94
58101 3307 5189 46 44438 13 0 1 4 65434 65422 8275 35693 8275 139 216 138 135 141 19 152 139 86 254 3 208 139 94 252 59
58103 3307 5191 46 46 13 0 1 4 65434 65422 8275 35693 8275 138 135 141 19 152 139 86 254 3 208 139 94 252 59 23 116
58107 3307 5195 253 46 13 0 1 4 65434 65422 8275 35693 8275 152 139 86 254 3 208 139 94 252 59 23 116 3 233 161 0
58108 3307 5196 65533 46 13 0 1 4 65434 65422 8275 35693 8275 139 86 254 3 208 139 94 252 59 23 116 3 233 161 0 139
58111 3307 5199 65533 46 13 3 1 4 65434 65422 8275 35693 8275 3 208 139 94 252 59 23 116 3 233 161 0 139 198 186 46
58113 3307 5201 65533 46 13 0 1 4 65434 65422 8275 35693 8275 139 94 252 59 23 116 3 233 161 0 139 198 186 46 0 247
58116 3307 5204 65533 44438 13 0 1 4 65434 65422 8275 35693 8275 59 23 116 3 233 161 0 139 198 186 46 0 247 234 139 216
58118 3307 5206 65533 44438 13 0 1 4 65434 65422 8275 35693 8275 116 3 233 161 0 139 198 186 46 0 247 234 139 216 138 135
58120 3307 5208 65533 44438 13 0 1 4 65434 65422 8275 35693 8275 233 161 0 139 198 186 46 0 247 234 139 216 138 135 213 18
58284 3307 5372 65533 44438 13 0 1 4 65434 65422 8275 35693 8275 139 198 186 46 0 247 234 139 216 138 135 139 19 152 139 86
58286 3307 5374 1 44438 13 0 1 4 65434 65422 8275 35693 8275 186 46 0 247 234 139 216 138 135 139 19 152 139 86 254 3
58289 3307 5377 1 44438 13 46 1 4 65434 65422 8275 35693 8275 247 234 139 216 138 135 139 19 152 139 86 254 3 208 139 94
58291 3307 5379 46 44438 13 0 1 4 65434 65422 8275 35693 8275 139 216 138 135 139 19 152 139 86 254 3 208 139 94 252 59
58293 3307 5381 46 46 13 0 1 4 65434 65422 8275 35693 8275 138 135 139 19 152 139 86 254 3 208 139 94 252 59 23 116
58297 3307 5385 253 46 13 0 1 4 65434 65422 8275 35693 8275 152 139 86 254 3 208 139 94 252 59 23 116 3 233 131 0
58298 3307 5386 65533 46 13 0 1 4 65434 65422 8275 35693 8275 139 86 254 3 208 139 94 252 59 23 116 3 233 131 0 139
58301 3307 5389 65533 46 13 3 1 4 65434 65422 8275 35693 8275 3 208 139 94 252 59 23 116 3 233 131 0 139 198 186 46
58303 3307 5391 65533 46 13 0 1 4 65434 65422 8275 35693 8275 139 94 252 59 23 116 3 233 131 0 139 198 186 46 0 247
58306 3307 5394 65533 44438 13 0 1 4 65434 65422 8275 35693 8275 59 23 116 3 233 131 0 139 198 186 46 0 247 234 139 216
58308 3307 5396 65533 44438 13 0 1 4 65434 65422 8275 35693 8275 116 3 233 131 0 139 198 186 46 0 247 234 139 216 138 135
58310 3307 5398 65533 44438 13 0 1 4 65434 65422 8275 35693 8275 233 131 0 139 198 186 46 0 247 234 139 216 138 135 211 18
58444 3307 5532 65533 44438 13 0 1 4 65434 65422 8275 35693 8275 139 198 186 46 0 247 234 139 216 138 135 145 19 152 139 86
58446 3307 5534 1 44438 13 0 1 4 65434 65422 8275 35693 8275 186 46 0 247 234 139 216 138 135 145 19 152 139 86 254 3
58449 3307 5537 1 44438 13 46 1 4 65434 65422 8275 35693 8275 247 234 139 216 138 135 145 19 152 139 86 254 3 208 139 94
58451 3307 5539 46 44438 13 0 1 4 65434 65422 8275 35693 8275 139 216 138 135 145 19 152 139 86 254 3 208 139 94 252 59
58453 3307 5541 46 46 13 0 1 4 65434 65422 8275 35693 8275 138 135 145 19 152 139 86 254 3 208 139 94 252 59 23 116
58457 3307 5545 253 46 13 0 1 4 65434 65422 8275 35693 8275 152 139 86 254 3 208 139 94 252 59 23 116 3 233 161 0
58458 3307 5546 65533 46 13 0 1 4 65434 65422 8275 35693 8275 139 86 254 3 208 139 94 252 59 23 116 3 233 161 0 139
58461 3307 5549 65533 46 13 3 1 4 65434 65422 8275 35693 8275 3 208 139 94 252 59 23 116 3 233 161 0 139 198 186 46
58463 3307 5551 65533 46 13 0 1 4 65434 65422 8275 35693 8275 139 94 252 59 23 116 3 233 161 0 139 198 186 46 0 247
58466 3307 5554 65533 44438 13 0 1 4 65434 65422 8275 35693 8275 59 23 116 3 233 161 0 139 198 186 46 0 247 234 139 216
58468 3307 5556 65533 44438 13 0 1 4 65434 65422 8275 35693 8275 116 3 233 161 0 139 198 186 46 0 247 234 139 216 138 135
58470 3307 5558 65533 44438 13 0 1 4 65434 65422 8275 35693 8275 233 161 0 139 198 186 46 0 247 234 139 216 138 135 217 18
58634 3307 5722 65533 44438 13 0 1 4 65434 65422 8275 35693 8275 139 198 186 46 0 247 234 139 216 138 135 147 19 152 139 86
58636 3307 5724 1 44438 13 0 1 4 65434 65422 8275 35693 8275 186 46 0 247 234 139 216 138 135 147 19 152 139 86 254 3
58639 3307 5727 1 44438 13 46 1 4 65434 65422 8275 35693 8275 247 234 139 216 138 135 147 19 152 139 86 254 3 208 139 94
58641 3307 5729 46 44438 13 0 1 4 65434 65422 8275 35693 8275 139 216 138 135 147 19 152 139 86 254 3 208 139 94 252 59
58643 3307 5731 46 46 13 0 1 4 65434 65422 8275 35693 8275 138 135 147 19 152 139 86 254 3 208 139 94 252 59 23 116
58647 3307 5735 253 46 13 0 1 4 65434 65422 8275 35693 8275 152 139 86 254 3 208 139 94 252 59 23 116 3 233 131 0
58648 3307 5736 65533 46 13 0 1 4 65434 65422 8275 35693 8275 139 86 254 3 208 139 94 252 59 23 116 3 233 131 0 139
58651 3307 5739 65533 46 13 3 1 4 65434 65422 8275 35693 8275 3 208 139 94 252 59 23 116 3 233 131 0 139 198 186 46
58653 3307 5741 65533 46 13 0 1 4 65434 65422 8275 35693 8275 139 94 252 59 23 116 3 233 131 0 139 198 186 46 0 247
58656 3307 5744 65533 44438 13 0 1 4 65434 65422 8275 35693 8275 59 23 116 3 233 131 0 139 198 186 46 0 247 234 139 216
58658 3307 5746 65533 44438 13 0 1 4 65434 65422 8275 35693 8275 116 3 233 131 0 139 198 186 46 0 247 234 139 216 138 135
58660 3307 5748 65533 44438 13 0 1 4 65434 65422 8275 35693 8275 233 131 0 139 198 186 46 0 247 234 139 216 138 135 219 18
58794 3307 5882 65533 44438 13 0 1 4 65434 65422 8275 35693 8275 65 160 126 237 180 0 59 193 126 3 233 233 248 95 94 139
58795 3307 5883 65533 44438 14 0 1 4 65434 65422 8275 35693 8275 160 126 237 180 0 59 193 126 3 233 233 248 95 94 139 229
58798 3307 5886 65302 44438 14 0 1 4 65434 65422 8275 35693 8275 180 0 59 193 126 3 233 233 248 95 94 139 229 93 203 85
58800 3307 5888 22 44438 14 0 1 4 65434 65422 8275 35693 8275 59 193 126 3 233 233 248 95 94 139 229 93 203 85 139 236
58802 3307 5890 22 44438 14 0 1 4 65434 65422 8275 35693 8275 126 3 233 233 248 95 94 139 229 93 203 85 139 236 128 62
58804 3307 5892 22 44438 14 0 1 4 65434 65422 8275 35693 8275 233 233 248 95 94 139 229 93 203 85 139 236 128 62 3 233
56992 3307 4080 22 44438 14 0 1 4 65434 65422 8275 35693 8275 139 193 209 224 5 124 173 137 70 252 139 193 209 224 5 208
56994 3307 4082 14 44438 14 0 1 4 65434 65422 8275 35693 8275 209 224 5 124 173 137 70 252 139 193 209 224 5 208 174 137
56996 3307 4084 28 44438 14 0 1 4 65434 65422 8275 35693 8275 5 124 173 137 70 252 139 193 209 224 5 208 174 137 70 250
56999 3307 4087 44440 44438 14 0 1 4 65434 65422 8275 35693 8275 137 70 252 139 193 209 224 5 208 174 137 70 250 139 193 209
57002 3307 4090 44440 44438 14 0 1 4 65434 65422 8275 35693 8275 139 193 209 224 5 208 174 137 70 250 139 193 209 224 5 204
57004 3307 4092 14 44438 14 0 1 4 65434 65422 8275 35693 8275 209 224 5 208 174 137 70 250 139 193 209 224 5 204 178 137
57006 3307 4094 28 44438 14 0 1 4 65434 65422 8275 35693 8275 5 208 174 137 70 250 139 193 209 224 5 204 178 137 70 248
57009 3307 4097 44780 44438 14 0 1 4 65434 65422 8275 35693 8275 137 70 250 139 193 209 224 5 204 178 137 70 248 139 198 186
57012 3307 4100 44780 44438 14 0 1 4 65434 65422 8275 35693 8275 139 193 209 224 5 204 178 137 70 248 139 198 186 46 0 247
57014 3307 4102 14 44438 14 0 1 4 65434 65422 8275 35693 8275 209 224 5 204 178 137 70 248 139 198 186 46 0 247 234 139
57016 3307 4104 28 44438 14 0 1 4 65434 65422 8275 35693 8275 5 204 178 137 70 248 139 198 186 46 0 247 234 139 216 138
57019 3307 4107 45800 44438 14 0 1 4 65434 65422 8275 35693 8275 137 70 248 139 198 186 46 0 247 234 139 216 138 135 118 19
57022 3307 4110 45800 44438 14 0 1 4 65434 65422 8275 35693 8275 139 198 186 46 0 247 234 139 216 138 135 118 19 152 139 86
57024 3307 4112 1 44438 14 0 1 4 65434 65422 8275 35693 8275 186 46 0 247 234 139 216 138 135 118 19 152 139 86 254 3
57027 3307 4115 1 44438 14 46 1 4 65434 65422 8275 35693 8275 247 234 139 216 138 135 118 19 152 139 86 254 3 208 139 94
57029 3307 4117 46 44438 14 0 1 4 65434 65422 8275 35693 8275 139 216 138 135 118 19 152 139 86 254 3 208 139 94 252 59
57031 3307 4119 46 46 14 0 1 4 65434 65422 8275 35693 8275 138 135 118 19 152 139 86 254 3 208 139 94 252 59 23 117
57035 3307 4123 0 46 14 0 1 4 65434 65422 8275 35693 8275 152 139 86 254 3 208 139 94 252 59 23 117 84 139 198 186
57036 3307 4124 0 46 14 0 1 4 65434 65422 8275 35693 8275 139 86 254 3 208 139 94 252 59 23 117 84 139 198 186 46
57039 3307 4127 0 46 14 3 1 4 65434 65422 8275 35693 8275 3 208 139 94 252 59 23 117 84 139 198 186 46 0 247 234
57041 3307 4129 0 46 14 3 1 4 65434 65422 8275 35693 8275 139 94 252 59 23 117 84 139 198 186 46 0 247 234 139 216
57044 3307 4132 0 44440 14 3 1 4 65434 65422 8275 35693 8275 59 23 117 84 139 198 186 46 0 247 234 139 216 138 135 190
57046 3307 4134 0 44440 14 3 1 4 65434 65422 8275 35693 8275 117 84 139 198 186 46 0 247 234 139 216 138 135 190 18 152
57132 3307 4220 0 44440 14 3 1 4 65434 65422 8275 35693 8275 139 198 186 46 0 247 234 139 216 138 135 123 19 152 139 86
57134 3307 4222 1 44440 14 3 1 4 65434 65422 8275 35693 8275 186 46 0 247 234 139 216 138 135 123 19 152 139 86 254 3
57137 3307 4225 1 44440 14 46 1 4 65434 65422 8275 35693 8275 247 234 139 216 138 135 123 19 152 139 86 254 3 208 139 94
57139 3307 4227 46 44440 14 0 1 4 65434 65422 8275 35693 8275 139 216 138 135 123 19 152 139 86 254 3 208 139 94 252 59
57141 3307 4229 46 46 14 0 1 4 65434 65422 8275 35693 8275 138 135 123 19 152 139 86 254 3 208 139 94 252 59 23 117
57145 3307 4233 255 46 14 0 1 4 65434 65422 8275 35693 8275 152 139 86 254 3 208 139 94 252 59 23 117 93 139 198 186
57146 3307 4234 65535 46 14 0 1 4 65434 65422 8275 35693 8275 139 86 254 3 208 139 94 252 59 23 117 93 139 198 186 46
57149 3307 4237 65535 46 14 3 1 4 65434 65422 8275 35693 8275 3 208 139 94 252 59 23 117 93 139 198 186 46 0 247 234
57151 3307 4239 65535 46 14 2 1 4 65434 65422 8275 35693 8275 139 94 252 59 23 117 93 139 198 186 46 0 247 234 139 216
57154 3307 4242 65535 44440 14 2 1 4 65434 65422 8275 35693 8275 59 23 117 93 139 198 186 46 0 247 234 139 216 138 135 195
57156 3307 4244 65535 44440 14 2 1 4 65434 65422 8275 35693 8275 117 93 139 198 186 46 0 247 234 139 216 138 135 195 18 152
57251 3307 4339 65535 44440 14 2 1 4 65434 65422 8275 35693 8275 139 198 186 46 0 247 234 139 216 138 135 121 19 152 139 86
57253 3307 4341 1 44440 14 2 1 4 65434 65422 8275 35693 8275 186 46 0 247 234 139 216 138 135 121 19 152 139 86 254 3
57256 3307 4344 1 44440 14 46 1 4 65434 65422 8275 35693 8275 247 234 139 216 138 135 121 19 152 139 86 254 3 208 139 94
57258 3307 4346 46 44440 14 0 1 4 65434 65422 8275 35693 8275 139 216 138 135 121 19 152 139 86 254 3 208 139 94 252 59
57260 3307 4348 46 46 14 0 1 4 65434 65422 8275 35693 8275 138 135 121 19 152 139 86 254 3 208 139 94 252 59 23 117
57264 3307 4352 255 46 14 0 1 4 65434 65422 8275 35693 8275 152 139 86 254 3 208 139 94 252 59 23 117 103 139 198 186
57265 3307 4353 65535 46 14 0 1 4 65434 65422 8275 35693 8275 139 86 254 3 208 139 94 252 59 23 117 103 139 198 186 46
57268 3307 4356 65535 46 14 3 1 4 65434 65422 8275 35693 8275 3 208 139 94 252 59 23 117 103 139 198 186 46 0 247 234
57270 3307 4358 65535 46 14 2 1 4 65434 65422 8275 35693 8275 139 94 252 59 23 117 103 139 198 186 46 0 247 234 139 216
57273 3307 4361 65535 44440 14 2 1 4 65434 65422 8275 35693 8275 59 23 117 103 139 198 186 46 0 247 234 139 216 138 135 193
57275 3307 4363 65535 44440 14 2 1 4 65434 65422 8275 35693 8275 117 103 139 198 186 46 0 247 234 139 216 138 135 193 18 152
57380 3307 4468 65535 44440 14 2 1 4 65434 65422 8275 35693 8275 139 198 186 46 0 247 234 139 216 138 135 125 19 152 139 86
57382 3307 4470 1 44440 14 2 1 4 65434 65422 8275 35693 8275 186 46 0 247 234 139 216 138 135 125 19 152 139 86 254 3
57385 3307 4473 1 44440 14 46 1 4 65434 65422 8275 35693 8275 247 234 139 216 138 135 125 19 152 139 86 254 3 208 139 94
57387 3307 4475 46 44440 14 0 1 4 65434 65422 8275 35693 8275 139 216 138 135 125 19 152 139 86 254 3 208 139 94 252 59
57389 3307 4477 46 46 14 0 1 4 65434 65422 8275 35693 8275 138 135 125 19 152 139 86 254 3 208 139 94 252 59 23 117
57393 3307 4481 255 46 14 0 1 4 65434 65422 8275 35693 8275 152 139 86 254 3 208 139 94 252 59 23 117 103 139 198 186
57394 3307 4482 65535 46 14 0 1 4 65434 65422 8275 35693 8275 139 86 254 3 208 139 94 252 59 23 117 103 139 198 186 46
57397 3307 4485 65535 46 14 3 1 4 65434 65422 8275 35693 8275 3 208 139 94 252 59 23 117 103 139 198 186 46 0 247 234
57399 3307 4487 65535 46 14 2 1 4 65434 65422 8275 35693 8275 139 94 252 59 23 117 103 139 198 186 46 0 247 234 139 216
57402 3307 4490 65535 44440 14 2 1 4 65434 65422 8275 35693 8275 59 23 117 103 139 198 186 46 0 247 234 139 216 138 135 197
57404 3307 4492 65535 44440 14 2 1 4 65434 65422 8275 35693 8275 117 103 139 198 186 46 0 247 234 139 216 138 135 197 18 152
57509 3307 4597 65535 44440 14 2 1 4 65434 65422 8275 35693 8275 139 198 186 46 0 247 234 139 216 138 135 130 19 152 139 86
57511 3307 4599 1 44440 14 2 1 4 65434 65422 8275 35693 8275 186 46 0 247 234 139 216 138 135 130 19 152 139 86 254 3
57514 3307 4602 1 44440 14 46 1 4 65434 65422 8275 35693 8275 247 234 139 216 138 135 130 19 152 139 86 254 3 208 139 94
57516 3307 4604 46 44440 14 0 1 4 65434 65422 8275 35693 8275 139 216 138 135 130 19 152 139 86 254 3 208 139 94 252 59
57518 3307 4606 46 46 14 0 1 4 65434 65422 8275 35693 8275 138 135 130 19 152 139 86 254 3 208 139 94 252 59 23 117
57522 3307 4610 254 46 14 0 1 4 65434 65422 8275 35693 8275 152 139 86 254 3 208 139 94 252 59 23 117 102 139 198 186
57523 3307 4611 65534 46 14 0 1 4 65434 65422 8275 35693 8275 139 86 254 3 208 139 94 252 59 23 117 102 139 198 186 46
57526 3307 4614 65534 46 14 3 1 4 65434 65422 8275 35693 8275 3 208 139 94 252 59 23 117 102 139 198 186 46 0 247 234
57528 3307 4616 65534 46 14 1 1 4 65434 65422 8275 35693 8275 139 94 252 59 23 117 102 139 198 186 46 0 247 234 139 216
57531 3307 4619 65534 44440 14 1 1 4 65434 65422 8275 35693 8275 59 23 117 102 139 198 186 46 0 247 234 139 216 138 135 202
57533 3307 4621 65534 44440 14 1 1 4 65434 65422 8275 35693 8275 117 102 139 198 186 46 0 247 234 139 216 138 135 202 18 152
57637 3307 4725 65534 44440 14 1 1 4 65434 65422 8275 35693 8275 139 198 186 46 0 247 234 139 216 138 135 128 19 152 139 86
57639 3307 4727 1 44440 14 1 1 4 65434 65422 8275 35693 8275 186 46 0 247 234 139 216 138 135 128 19 152 139 86 254 3
57642 3307 4730 1 44440 14 46 1 4 65434 65422 8275 35693 8275 247 234 139 216 138 135 128 19 152 139 86 254 3 208 139 94
57644 3307 4732 46 44440 14 0 1 4 65434 65422 8275 35693 8275 139 216 138 135 128 19 152 139 86 254 3 208 139 94 252 59
57646 3307 4734 46 46 14 0 1 4 65434 65422 8275 35693 8275 138 135 128 19 152 139 86 254 3 208 139 94 252 59 23 116
57650 3307 4738 254 46 14 0 1 4 65434 65422 8275 35693 8275 152 139 86 254 3 208 139 94 252 59 23 116 3 233 131 0
57651 3307 4739 65534 46 14 0 1 4 65434 65422 8275 35693 8275 139 86 254 3 208 139 94 252 59 23 116 3 233 131 0 139
57654 3307 4742 65534 46 14 3 1 4 65434 65422 8275 35693 8275 3 208 139 94 252 59 23 116 3 233 131 0 139 198 186 46
57656 3307 4744 65534 46 14 1 1 4 65434 65422 8275 35693 8275 139 94 252 59 23 116 3 233 131 0 139 198 186 46 0 247
57659 3307 4747 65534 44440 14 1 1 4 65434 65422 8275 35693 8275 59 23 116 3 233 131 0 139 198 186 46 0 247 234 139 216
57661 3307 4749 65534 44440 14 1 1 4 65434 65422 8275 35693 8275 116 3 233 131 0 139 198 186 46 0 247 234 139 216 138 135
57663 3307 4751 65534 44440 14 1 1 4 65434 65422 8275 35693 8275 233 131 0 139 198 186 46 0 247 234 139 216 138 135 200 18
57797 3307 4885 65534 44440 14 1 1 4 65434 65422 8275 35693 8275 139 198 186 46 0 247 234 139 216 138 135 132 19 152 139 86
57799 3307 4887 1 44440 14 1 1 4 65434 65422 8275 35693 8275 186 46 0 247 234 139 216 138 135 132 19 152 139 86 254 3
57802 3307 4890 1 44440 14 46 1 4 65434 65422 8275 35693 8275 247 234 139 216 138 135 132 19 152 139 86 254 3 208 139 94
57804 3307 4892 46 44440 14 0 1 4 65434 65422 8275 35693 8275 139 216 138 135 132 19 152 139 86 254 3 208 139 94 252 59
57806 3307 4894 46 46 14 0 1 4 65434 65422 8275 35693 8275 138 135 132 19 152 139 86 254 3 208 139 94 252 59 23 116
57810 3307 4898 254 46 14 0 1 4 65434 65422 8275 35693 8275 152 139 86 254 3 208 139 94 252 59 23 116 3 233 131 0
57811 3307 4899 65534 46 14 0 1 4 65434 65422 8275 35693 8275 139 86 254 3 208 139 94 252 59 23 116 3 233 131 0 139
57814 3307 4902 65534 46 14 3 1 4 65434 65422 8275 35693 8275 3 208 139 94 252 59 23 116 3 233 131 0 139 198 186 46
57816 3307 4904 65534 46 14 1 1 4 65434 65422 8275 35693 8275 139 94 252 59 23 116 3 233 131 0 139 198 186 46 0 247
57819 3307 4907 65534 44440 14 1 1 4 65434 65422 8275 35693 8275 59 23 116 3 233 131 0 139 198 186 46 0 247 234 139 216
57821 3307 4909 65534 44440 14 1 1 4 65434 65422 8275 35693 8275 116 3 233 131 0 139 198 186 46 0 247 234 139 216 138 135
57823 3307 4911 65534 44440 14 1 1 4 65434 65422 8275 35693 8275 233 131 0 139 198 186 46 0 247 234 139 216 138 135 204 18
57957 3307 5045 65534 44440 14 1 1 4 65434 65422 8275 35693 8275 139 198 186 46 0 247 234 139 216 138 135 143 19 152 139 86
57959 3307 5047 1 44440 14 1 1 4 65434 65422 8275 35693 8275 186 46 0 247 234 139 216 138 135 143 19 152 139 86 254 3
57962 3307 5050 1 44440 14 46 1 4 65434 65422 8275 35693 8275 247 234 139 216 138 135 143 19 152 139 86 254 3 208 139 94
57964 3307 5052 46 44440 14 0 1 4 65434 65422 8275 35693 8275 139 216 138 135 143 19 152 139 86 254 3 208 139 94 252 59
57966 3307 5054 46 46 14 0 1 4 65434 65422 8275 35693 8275 138 135 143 19 152 139 86 254 3 208 139 94 252 59 23 117
57970 3307 5058 253 46 14 0 1 4 65434 65422 8275 35693 8275 152 139 86 254 3 208 139 94 252 59 23 117 111 139 198 186
57971 3307 5059 65533 46 14 0 1 4 65434 65422 8275 35693 8275 139 86 254 3 208 139 94 252 59 23 117 111 139 198 186 46
57974 3307 5062 65533 46 14 3 1 4 65434 65422 8275 35693 8275 3 208 139 94 252 59 23 117 111 139 198 186 46 0 247 234
57976 3307 5064 65533 46 14 0 1 4 65434 65422 8275 35693 8275 139 94 252 59 23 117 111 139 198 186 46 0 247 234 139 216
57979 3307 5067 65533 44440 14 0 1 4 65434 65422 8275 35693 8275 59 23 117 111 139 198 186 46 0 247 234 139 216 138 135 215
57981 3307 5069 65533 44440 14 0 1 4 65434 65422 8275 35693 8275 117 111 139 198 186 46 0 247 234 139 216 138 135 215 18 152
58094 3307 5182 65533 44440 14 0 1 4 65434 65422 8275 35693 8275 139 198 186 46 0 247 234 139 216 138 135 141 19 152 139 86
58096 3307 5184 1 44440 14 0 1 4 65434 65422 8275 35693 8275 186 46 0 247 234 139 216 138 135 141 19 152 139 86 254 3
58099 3307 5187 1 44440 14 46 1 4 65434 65422 8275 35693 8275 247 234 139 216 138 135 141 19 152 139 86 254 3 208 139 94
58101 3307 5189 46 44440 14 0 1 4 65434 65422 8275 35693 8275 139 216 138 135 141 19 152 139 86 254 3 208 139 94 252 59
58103 3307 5191 46 46 14 0 1 4 65434 65422 8275 35693 8275 138 135 141 19 152 139 86 254 3 208 139 94 252 59 23 116
58107 3307 5195 253 46 14 0 1 4 65434 65422 8275 35693 8275 152 139 86 254 3 208 139 94 252 59 23 116 3 233 161 0
58108 3307 5196 65533 46 14 0 1 4 65434 65422 8275 35693 8275 139 86 254 3 208 139 94 252 59 23 116 3 233 161 0 139
58111 3307 5199 65533 46 14 3 1 4 65434 65422 8275 35693 8275 3 208 139 94 252 59 23 116 3 233 161 0 139 198 186 46
58113 3307 5201 65533 46 14 0 1 4 65434 65422 8275 35693 8275 139 94 252 59 23 116 3 233 161 0 139 198 186 46 0 247
58116 3307 5204 65533 44440 14 0 1 4 65434 65422 8275 35693 8275 59 23 116 3 233 161 0 139 198 186 46 0 247 234 139 216
58118 3307 5206 65533 44440 14 0 1 4 65434 65422 8275 35693 8275 116 3 233 161 0 139 198 186 46 0 247 234 139 216 138 135
58120 3307 5208 65533 44440 14 0 1 4 65434 65422 8275 35693 8275 233 161 0 139 198 186 46 0 247 234 139 216 138 135 213 18
58284 3307 5372 65533 44440 14 0 1 4 65434 65422 8275 35693 8275 139 198 186 46 0 247 234 139 216 138 135 139 19 152 139 86
58286 3307 5374 1 44440 14 0 1 4 65434 65422 8275 35693 8275 186 46 0 247 234 139 216 138 135 139 19 152 139 86 254 3
58289 3307 5377 1 44440 14 46 1 4 65434 65422 8275 35693 8275 247 234 139 216 138 135 139 19 152 139 86 254 3 208 139 94
58291 3307 5379 46 44440 14 0 1 4 65434 65422 8275 35693 8275 139 216 138 135 139 19 152 139 86 254 3 208 139 94 252 59
58293 3307 5381 46 46 14 0 1 4 65434 65422 8275 35693 8275 138 135 139 19 152 139 86 254 3 208 139 94 252 59 23 116
58297 3307 5385 253 46 14 0 1 4 65434 65422 8275 35693 8275 152 139 86 254 3 208 139 94 252 59 23 116 3 233 131 0
58298 3307 5386 65533 46 14 0 1 4 65434 65422 8275 35693 8275 139 86 254 3 208 139 94 252 59 23 116 3 233 131 0 139
58301 3307 5389 65533 46 14 3 1 4 65434 65422 8275 35693 8275 3 208 139 94 252 59 23 116 3 233 131 0 139 198 186 46
58303 3307 5391 65533 46 14 0 1 4 65434 65422 8275 35693 8275 139 94 252 59 23 116 3 233 131 0 139 198 186 46 0 247
58306 3307 5394 65533 44440 14 0 1 4 65434 65422 8275 35693 8275 59 23 116 3 233 131 0 139 198 186 46 0 247 234 139 216
58308 3307 5396 65533 44440 14 0 1 4 65434 65422 8275 35693 8275 116 3 233 131 0 139 198 186 46 0 247 234 139 216 138 135
58310 3307 5398 65533 44440 14 0 1 4 65434 65422 8275 35693 8275 233 131 0 139 198 186 46 0 247 234 139 216 138 135 211 18
58444 3307 5532 65533 44440 14 0 1 4 65434 65422 8275 35693 8275 139 198 186 46 0 247 234 139 216 138 135 145 19 152 139 86
58446 3307 5534 1 44440 14 0 1 4 65434 65422 8275 35693 8275 186 46 0 247 234 139 216 138 135 145 19 152 139 86 254 3
58449 3307 5537 1 44440 14 46 1 4 65434 65422 8275 35693 8275 247 234 139 216 138 135 145 19 152 139 86 254 3 208 139 94
58451 3307 5539 46 44440 14 0 1 4 65434 65422 8275 35693 8275 139 216 138 135 145 19 152 139 86 254 3 208 139 94 252 59
58453 3307 5541 46 46 14 0 1 4 65434 65422 8275 35693 8275 138 135 145 19 152 139 86 254 3 208 139 94 252 59 23 116
58457 3307 5545 253 46 14 0 1 4 65434 65422 8275 35693 8275 152 139 86 254 3 208 139 94 252 59 23 116 3 233 161 0
58458 3307 5546 65533 46 14 0 1 4 65434 65422 8275 35693 8275 139 86 254 3 208 139 94 252 59 23 116 3 233 161 0 139
58461 3307 5549 65533 46 14 3 1 4 65434 65422 8275 35693 8275 3 208 139 94 252 59 23 116 3 233 161 0 139 198 186 46
58463 3307 5551 65533 46 14 0 1 4 65434 65422 8275 35693 8275 139 94 252 59 23 116 3 233 161 0 139 198 186 46 0 247
58466 3307 5554 65533 44440 14 0 1 4 65434 65422 8275 35693 8275 59 23 116 3 233 161 0 139 198 186 46 0 247 234 139 216
58468 3307 5556 65533 44440 14 0 1 4 65434 65422 8275 35693 8275 116 3 233 161 0 139 198 186 46 0 247 234 139 216 138 135
58470 3307 5558 65533 44440 14 0 1 4 65434 65422 8275 35693 8275 233 161 0 139 198 186 46 0 247 234 139 216 138 135 217 18
58634 3307 5722 65533 44440 14 0 1 4 65434 65422 8275 35693 8275 139 198 186 46 0 247 234 139 216 138 135 147 19 152 139 86
58636 3307 5724 1 44440 14 0 1 4 65434 65422 8275 35693 8275 186 46 0 247 234 139 216 138 135 147 19 152 139 86 254 3
58639 3307 5727 1 44440 14 46 1 4 65434 65422 8275 35693 8275 247 234 139 216 138 135 147 19 152 139 86 254 3 208 139 94
58641 3307 5729 46 44440 14 0 1 4 65434 65422 8275 35693 8275 139 216 138 135 147 19 152 139 86 254 3 208 139 94 252 59
58643 3307 5731 46 46 14 0 1 4 65434 65422 8275 35693 8275 138 135 147 19 152 139 86 254 3 208 139 94 252 59 23 116
58647 3307 5735 253 46 14 0 1 4 65434 65422 8275 35693 8275 152 139 86 254 3 208 139 94 252 59 23 116 3 233 131 0
58648 3307 5736 65533 46 14 0 1 4 65434 65422 8275 35693 8275 139 86 254 3 208 139 94 252 59 23 116 3 233 131 0 139
58651 3307 5739 65533 46 14 3 1 4 65434 65422 8275 35693 8275 3 208 139 94 252 59 23 116 3 233 131 0 139 198 186 46
58653 3307 5741 65533 46 14 0 1 4 65434 65422 8275 35693 8275 139 94 252 59 23 116 3 233 131 0 139 198 186 46 0 247
58656 3307 5744 65533 44440 14 0 1 4 65434 65422 8275 35693 8275 59 23 116 3 233 131 0 139 198 186 46 0 247 234 139 216
58658 3307 5746 65533 44440 14 0 1 4 65434 65422 8275 35693 8275 116 3 233 131 0 139 198 186 46 0 247 234 139 216 138 135
58660 3307 5748 65533 44440 14 0 1 4 65434 65422 8275 35693 8275 233 131 0 139 198 186 46 0 247 234 139 216 138 135 219 18
58794 3307 5882 65533 44440 14 0 1 4 65434 65422 8275 35693 8275 65 160 126 237 180 0 59 193 126 3 233 233 248 95 94 139
58795 3307 5883 65533 44440 15 0 1 4 65434 65422 8275 35693 8275 160 126 237 180 0 59 193 126 3 233 233 248 95 94 139 229
58798 3307 5886 65302 44440 15 0 1 4 65434 65422 8275 35693 8275 180 0 59 193 126 3 233 233 248 95 94 139 229 93 203 85
58800 3307 5888 22 44440 15 0 1 4 65434 65422 8275 35693 8275 59 193 126 3 233 233 248 95 94 139 229 93 203 85 139 236
58802 3307 5890 22 44440 15 0 1 4 65434 65422 8275 35693 8275 126 3 233 233 248 95 94 139 229 93 203 85 139 236 128 62
58804 3307 5892 22 44440 15 0 1 4 65434 65422 8275 35693 8275 233 233 248 95 94 139 229 93 203 85 139 236 128 62 3 233
56992 3307 4080 22 44440 15 0 1 4 65434 65422 8275 35693 8275 139 193 209 224 5 124 173 137 70 252 139 193 209 224 5 208
56994 3307 4082 15 44440 15 0 1 4 65434 65422 8275 35693 8275 209 224 5 124 173 137 70 252 139 193 209 224 5 208 174 137
56996 3307 4084 30 44440 15 0 1 4 65434 65422 8275 35693 8275 5 124 173 137 70 252 139 193 209 224 5 208 174 137 70 250
56999 3307 4087 44442 44440 15 0 1 4 65434 65422 8275 35693 8275 137 70 252 139 193 209 224 5 208 174 137 70 250 139 193 209
57002 3307 4090 44442 44440 15 0 1 4 65434 65422 8275 35693 8275 139 193 209 224 5 208 174 137 70 250 139 193 209 224 5 204
57004 3307 4092 15 44440 15 0 1 4 65434 65422 8275 35693 8275 209 224 5 208 174 137 70 250 139 193 209 224 5 204 178 137
57006 3307 4094 30 44440 15 0 1 4 65434 65422 8275 35693 8275 5 208 174 137 70 250 139 193 209 224 5 204 178 137 70 248
57009 3307 4097 44782 44440 15 0 1 4 65434 65422 8275 35693 8275 137 70 250 139 193 209 224 5 204 178 137 70 248 139 198 186
57012 3307 4100 44782 44440 15 0 1 4 65434 65422 8275 35693 8275 139 193 209 224 5 204 178 137 70 248 139 198 186 46 0 247
57014 3307 4102 15 44440 15 0 1 4 65434 65422 8275 35693 8275 209 224 5 204 178 137 70 248 139 198 186 46 0 247 234 139
57016 3307 4104 30 44440 15 0 1 4 65434 65422 8275 35693 8275 5 204 178 137 70 248 139 198 186 46 0 247 234 139 216 138
57019 3307 4107 45802 44440 15 0 1 4 65434 65422 8275 35693 8275 137 70 248 139 198 186 46 0 247 234 139 216 138 135 118 19
57022 3307 4110 45802 44440 15 0 1 4 65434 65422 8275 35693 8275 139 198 186 46 0 247 234 139 216 138 135 118 19 152 139 86
57024 3307 4112 1 44440 15 0 1 4 65434 65422 8275 35693 8275 186 46 0 247 234 139 216 138 135 118 19 152 139 86 254 3
57027 3307 4115 1 44440 15 46 1 4 65434 65422 8275 35693 8275 247 234 139 216 138 135 118 19 152 139 86 254 3 208 139 94
57029 3307 4117 46 44440 15 0 1 4 65434 65422 8275 35693 8275 139 216 138 135 118 19 152 139 86 254 3 208 139 94 252 59
57031 3307 4119 46 46 15 0 1 4 65434 65422 8275 35693 8275 138 135 118 19 152 139 86 254 3 208 139 94 252 59 23 117
57035 3307 4123 0 46 15 0 1 4 65434 65422 8275 35693 8275 152 139 86 254 3 208 139 94 252 59 23 117 84 139 198 186
57036 3307 4124 0 46 15 0 1 4 65434 65422 8275 35693 8275 139 86 254 3 208 139 94 252 59 23 117 84 139 198 186 46
57039 3307 4127 0 46 15 3 1 4 65434 65422 8275 35693 8275 3 208 139 94 252 59 23 117 84 139 198 186 46 0 247 234
57041 3307 4129 0 46 15 3 1 4 65434 65422 8275 35693 8275 139 94 252 59 23 117 84 139 198 186 46 0 247 234 139 216
57044 3307 4132 0 44442 15 3 1 4 65434 65422 8275 35693 8275 59 23 117 84 139 198 186 46 0 247 234 139 216 138 135 190
57046 3307 4134 0 44442 15 3 1 4 65434 65422 8275 35693 8275 117 84 139 198 186 46 0 247 234 139 216 138 135 190 18 152
57132 3307 4220 0 44442 15 3 1 4 65434 65422 8275 35693 8275 139 198 186 46 0 247 234 139 216 138 135 123 19 152 139 86
57134 3307 4222 1 44442 15 3 1 4 65434 65422 8275 35693 8275 186 46 0 247 234 139 216 138 135 123 19 152 139 86 254 3
57137 3307 4225 1 44442 15 46 1 4 65434 65422 8275 35693 8275 247 234 139 216 138 135 123 19 152 139 86 254 3 208 139 94
57139 3307 4227 46 44442 15 0 1 4 65434 65422 8275 35693 8275 139 216 138 135 123 19 152 139 86 254 3 208 139 94 252 59
57141 3307 4229 46 46 15 0 1 4 65434 65422 8275 35693 8275 138 135 123 19 152 139 86 254 3 208 139 94 252 59 23 117
57145 3307 4233 255 46 15 0 1 4 65434 65422 8275 35693 8275 152 139 86 254 3 208 139 94 252 59 23 117 93 139 198 186
57146 3307 4234 65535 46 15 0 1 4 65434 65422 8275 35693 8275 139 86 254 3 208 139 94 252 59 23 117 93 139 198 186 46
57149 3307 4237 65535 46 15 3 1 4 65434 65422 8275 35693 8275 3 208 139 94 252 59 23 117 93 139 198 186 46 0 247 234
57151 3307 4239 65535 46 15 2 1 4 65434 65422 8275 35693 8275 139 94 252 59 23 117 93 139 198 186 46 0 247 234 139 216
57154 3307 4242 65535 44442 15 2 1 4 65434 65422 8275 35693 8275 59 23 117 93 139 198 186 46 0 247 234 139 216 138 135 195
57156 3307 4244 65535 44442 15 2 1 4 65434 65422 8275 35693 8275 117 93 139 198 186 46 0 247 234 139 216 138 135 195 18 152
57251 3307 4339 65535 44442 15 2 1 4 65434 65422 8275 35693 8275 139 198 186 46 0 247 234 139 216 138 135 121 19 152 139 86
57253 3307 4341 1 44442 15 2 1 4 65434 65422 8275 35693 8275 186 46 0 247 234 139 216 138 135 121 19 152 139 86 254 3
57256 3307 4344 1 44442 15 46 1 4 65434 65422 8275 35693 8275 247 234 139 216 138 135 121 19 152 139 86 254 3 208 139 94
57258 3307 4346 46 44442 15 0 1 4 65434 65422 8275 35693 8275 139 216 138 135 121 19 152 139 86 254 3 208 139 94 252 59
57260 3307 4348 46 46 15 0 1 4 65434 65422 8275 35693 8275 138 135 121 19 152 139 86 254 3 208 139 94 252 59 23 117
57264 3307 4352 255 46 15 0 1 4 65434 65422 8275 35693 8275 152 139 86 254 3 208 139 94 252 59 23 117 103 139 198 186
57265 3307 4353 65535 46 15 0 1 4 65434 65422 8275 35693 8275 139 86 254 3 208 139 94 252 59 23 117 103 139 198 186 46
57268 3307 4356 65535 46 15 3 1 4 65434 65422 8275 35693 8275 3 208 139 94 252 59 23 117 103 139 198 186 46 0 247 234
57270 3307 4358 65535 46 15 2 1 4 65434 65422 8275 35693 8275 139 94 252 59 23 117 103 139 198 186 46 0 247 234 139 216
57273 3307 4361 65535 44442 15 2 1 4 65434 65422 8275 35693 8275 59 23 117 103 139 198 186 46 0 247 234 139 216 138 135 193
57275 3307 4363 65535 44442 15 2 1 4 65434 65422 8275 35693 8275 117 103 139 198 186 46 0 247 234 139 216 138 135 193 18 152
57380 3307 4468 65535 44442 15 2 1 4 65434 65422 8275 35693 8275 139 198 186 46 0 247 234 139 216 138 135 125 19 152 139 86
57382 3307 4470 1 44442 15 2 1 4 65434 65422 8275 35693 8275 186 46 0 247 234 139 216 138 135 125 19 152 139 86 254 3
57385 3307 4473 1 44442 15 46 1 4 65434 65422 8275 35693 8275 247 234 139 216 138 135 125 19 152 139 86 254 3 208 139 94
57387 3307 4475 46 44442 15 0 1 4 65434 65422 8275 35693 8275 139 216 138 135 125 19 152 139 86 254 3 208 139 94 252 59
57389 3307 4477 46 46 15 0 1 4 65434 65422 8275 35693 8275 138 135 125 19 152 139 86 254 3 208 139 94 252 59 23 117
57393 3307 4481 255 46 15 0 1 4 65434 65422 8275 35693 8275 152 139 86 254 3 208 139 94 252 59 23 117 103 139 198 186
57394 3307 4482 65535 46 15 0 1 4 65434 65422 8275 35693 8275 139 86 254 3 208 139 94 252 59 23 117 103 139 198 186 46
57397 3307 4485 65535 46 15 3 1 4 65434 65422 8275 35693 8275 3 208 139 94 252 59 23 117 103 139 198 186 46 0 247 234
57399 3307 4487 65535 46 15 2 1 4 65434 65422 8275 35693 8275 139 94 252 59 23 117 103 139 198 186 46 0 247 234 139 216
57402 3307 4490 65535 44442 15 2 1 4 65434 65422 8275 35693 8275 59 23 117 103 139 198 186 46 0 247 234 139 216 138 135 197
57404 3307 4492 65535 44442 15 2 1 4 65434 65422 8275 35693 8275 117 103 139 198 186 46 0 247 234 139 216 138 135 197 18 152
57509 3307 4597 65535 44442 15 2 1 4 65434 65422 8275 35693 8275 139 198 186 46 0 247 234 139 216 138 135 130 19 152 139 86
57511 3307 4599 1 44442 15 2 1 4 65434 65422 8275 35693 8275 186 46 0 247 234 139 216 138 135 130 19 152 139 86 254 3
57514 3307 4602 1 44442 15 46 1 4 65434 65422 8275 35693 8275 247 234 139 216 138 135 130 19 152 139 86 254 3 208 139 94
57516 3307 4604 46 44442 15 0 1 4 65434 65422 8275 35693 8275 139 216 138 135 130 19 152 139 86 254 3 208 139 94 252 59
57518 3307 4606 46 46 15 0 1 4 65434 65422 8275 35693 8275 138 135 130 19 152 139 86 254 3 208 139 94 252 59 23 117
57522 3307 4610 254 46 15 0 1 4 65434 65422 8275 35693 8275 152 139 86 254 3 208 139 94 252 59 23 117 102 139 198 186
57523 3307 4611 65534 46 15 0 1 4 65434 65422 8275 35693 8275 139 86 254 3 208 139 94 252 59 23 117 102 139 198 186 46
57526 3307 4614 65534 46 15 3 1 4 65434 65422 8275 35693 8275 3 208 139 94 252 59 23 117 102 139 198 186 46 0 247 234
57528 3307 4616 65534 46 15 1 1 4 65434 65422 8275 35693 8275 139 94 252 59 23 117 102 139 198 186 46 0 247 234 139 216
57531 3307 4619 65534 44442 15 1 1 4 65434 65422 8275 35693 8275 59 23 117 102 139 198 186 46 0 247 234 139 216 138 135 202
57533 3307 4621 65534 44442 15 1 1 4 65434 65422 8275 35693 8275 117 102 139 198 186 46 0 247 234 139 216 138 135 202 18 152
57637 3307 4725 65534 44442 15 1 1 4 65434 65422 8275 35693 8275 139 198 186 46 0 247 234 139 216 138 135 128 19 152 139 86
57639 3307 4727 1 44442 15 1 1 4 65434 65422 8275 35693 8275 186 46 0 247 234 139 216 138 135 128 19 152 139 86 254 3
57642 3307 4730 1 44442 15 46 1 4 65434 65422 8275 35693 8275 247 234 139 216 138 135 128 19 152 139 86 254 3 208 139 94
57644 3307 4732 46 44442 15 0 1 4 65434 65422 8275 35693 8275 139 216 138 135 128 19 152 139 86 254 3 208 139 94 252 59
57646 3307 4734 46 46 15 0 1 4 65434 65422 8275 35693 8275 138 135 128 19 152 139 86 254 3 208 139 94 252 59 23 116
57650 3307 4738 254 46 15 0 1 4 65434 65422 8275 35693 8275 152 139 86 254 3 208 139 94 252 59 23 116 3 233 131 0
57651 3307 4739 65534 46 15 0 1 4 65434 65422 8275 35693 8275 139 86 254 3 208 139 94 252 59 23 116 3 233 131 0 139
57654 3307 4742 65534 46 15 3 1 4 65434 65422 8275 35693 8275 3 208 139 94 252 59 23 116 3 233 131 0 139 198 186 46
57656 3307 4744 65534 46 15 1 1 4 65434 65422 8275 35693 8275 139 94 252 59 23 116 3 233 131 0 139 198 186 46 0 247
57659 3307 4747 65534 44442 15 1 1 4 65434 65422 8275 35693 8275 59 23 116 3 233 131 0 139 198 186 46 0 247 234 139 216
57661 3307 4749 65534 44442 15 1 1 4 65434 65422 8275 35693 8275 116 3 233 131 0 139 198 186 46 0 247 234 139 216 138 135
57663 3307 4751 65534 44442 15 1 1 4 65434 65422 8275 35693 8275 233 131 0 139 198 186 46 0 247 234 139 216 138 135 200 18
57797 3307 4885 65534 44442 15 1 1 4 65434 65422 8275 35693 8275 139 198 186 46 0 247 234 139 216 138 135 132 19 152 139 86
57799 3307 4887 1 44442 15 1 1 4 65434 65422 8275 35693 8275 186 46 0 247 234 139 216 138 135 132 19 152 139 86 254 3
57802 3307 4890 1 44442 15 46 1 4 65434 65422 8275 35693 8275 247 234 139 216 138 135 132 19 152 139 86 254 3 208 139 94
57804 3307 4892 46 44442 15 0 1 4 65434 65422 8275 35693 8275 139 216 138 135 132 19 152 139 86 254 3 208 139 94 252 59
57806 3307 4894 46 46 15 0 1 4 65434 65422 8275 35693 8275 138 135 132 19 152 139 86 254 3 208 139 94 252 59 23 116
57810 3307 4898 254 46 15 0 1 4 65434 65422 8275 35693 8275 152 139 86 254 3 208 139 94 252 59 23 116 3 233 131 0
57811 3307 4899 65534 46 15 0 1 4 65434 65422 8275 35693 8275 139 86 254 3 208 139 94 252 59 23 116 3 233 131 0 139
57814 3307 4902 65534 46 15 3 1 4 65434 65422 8275 35693 8275 3 208 139 94 252 59 23 116 3 233 131 0 139 198 186 46
57816 3307 4904 65534 46 15 1 1 4 65434 65422 8275 35693 8275 139 94 252 59 23 116 3 233 131 0 139 198 186 46 0 247
57819 3307 4907 65534 44442 15 1 1 4 65434 65422 8275 35693 8275 59 23 116 3 233 131 0 139 198 186 46 0 247 234 139 216
57821 3307 4909 65534 44442 15 1 1 4 65434 65422 8275 35693 8275 116 3 233 131 0 139 198 186 46 0 247 234 139 216 138 135
57823 3307 4911 65534 44442 15 1 1 4 65434 65422 8275 35693 8275 233 131 0 139 198 186 46 0 247 234 139 216 138 135 204 18
57957 3307 5045 65534 44442 15 1 1 4 65434 65422 8275 35693 8275 139 198 186 46 0 247 234 139 216 138 135 143 19 152 139 86
57959 3307 5047 1 44442 15 1 1 4 65434 65422 8275 35693 8275 186 46 0 247 234 139 216 138 135 143 19 152 139 86 254 3
57962 3307 5050 1 44442 15 46 1 4 65434 65422 8275 35693 8275 247 234 139 216 138 135 143 19 152 139 86 254 3 208 139 94
57964 3307 5052 46 44442 15 0 1 4 65434 65422 8275 35693 8275 139 216 138 135 143 19 152 139 86 254 3 208 139 94 252 59
57966 3307 5054 46 46 15 0 1 4 65434 65422 8275 35693 8275 138 135 143 19 152 139 86 254 3 208 139 94 252 59 23 117
57970 3307 5058 253 46 15 0 1 4 65434 65422 8275 35693 8275 152 139 86 254 3 208 139 94 252 59 23 117 111 139 198 186
57971 3307 5059 65533 46 15 0 1 4 65434 65422 8275 35693 8275 139 86 254 3 208 139 94 252 59 23 117 111 139 198 186 46
57974 3307 5062 65533 46 15 3 1 4 65434 65422 8275 35693 8275 3 208 139 94 252 59 23 117 111 139 198 186 46 0 247 234
57976 3307 5064 65533 46 15 0 1 4 65434 65422 8275 35693 8275 139 94 252 59 23 117 111 139 198 186 46 0 247 234 139 216
57979 3307 5067 65533 44442 15 0 1 4 65434 65422 8275 35693 8275 59 23 117 111 139 198 186 46 0 247 234 139 216 138 135 215
57981 3307 5069 65533 44442 15 0 1 4 65434 65422 8275 35693 8275 117 111 139 198 186 46 0 247 234 139 216 138 135 215 18 152
58094 3307 5182 65533 44442 15 0 1 4 65434 65422 8275 35693 8275 139 198 186 46 0 247 234 139 216 138 135 141 19 152 139 86
58096 3307 5184 1 44442 15 0 1 4 65434 65422 8275 35693 8275 186 46 0 247 234 139 216 138 135 141 19 152 139 86 254 3
58099 3307 5187 1 44442 15 46 1 4 65434 65422 8275 35693 8275 247 234 139 216 138 135 141 19 152 139 86 254 3 208 139 94
58101 3307 5189 46 44442 15 0 1 4 65434 65422 8275 35693 8275 139 216 138 135 141 19 152 139 86 254 3 208 139 94 252 59
58103 3307 5191 46 46 15 0 1 4 65434 65422 8275 35693 8275 138 135 141 19 152 139 86 254 3 208 139 94 252 59 23 116
58107 3307 5195 253 46 15 0 1 4 65434 65422 8275 35693 8275 152 139 86 254 3 208 139 94 252 59 23 116 3 233 161 0
58108 3307 5196 65533 46 15 0 1 4 65434 65422 8275 35693 8275 139 86 254 3 208 139 94 252 59 23 116 3 233 161 0 139
58111 3307 5199 65533 46 15 3 1 4 65434 65422 8275 35693 8275 3 208 139 94 252 59 23 116 3 233 161 0 139 198 186 46
58113 3307 5201 65533 46 15 0 1 4 65434 65422 8275 35693 8275 139 94 252 59 23 116 3 233 161 0 139 198 186 46 0 247
58116 3307 5204 65533 44442 15 0 1 4 65434 65422 8275 35693 8275 59 23 116 3 233 161 0 139 198 186 46 0 247 234 139 216
58118 3307 5206 65533 44442 15 0 1 4 65434 65422 8275 35693 8275 116 3 233 161 0 139 198 186 46 0 247 234 139 216 138 135
58120 3307 5208 65533 44442 15 0 1 4 65434 65422 8275 35693 8275 233 161 0 139 198 186 46 0 247 234 139 216 138 135 213 18
58284 3307 5372 65533 44442 15 0 1 4 65434 65422 8275 35693 8275 139 198 186 46 0 247 234 139 216 138 135 139 19 152 139 86
58286 3307 5374 1 44442 15 0 1 4 65434 65422 8275 35693 8275 186 46 0 247 234 139 216 138 135 139 19 152 139 86 254 3
58289 3307 5377 1 44442 15 46 1 4 65434 65422 8275 35693 8275 247 234 139 216 138 135 139 19 152 139 86 254 3 208 139 94
58291 3307 5379 46 44442 15 0 1 4 65434 65422 8275 35693 8275 139 216 138 135 139 19 152 139 86 254 3 208 139 94 252 59
58293 3307 5381 46 46 15 0 1 4 65434 65422 8275 35693 8275 138 135 139 19 152 139 86 254 3 208 139 94 252 59 23 116
58297 3307 5385 253 46 15 0 1 4 65434 65422 8275 35693 8275 152 139 86 254 3 208 139 94 252 59 23 116 3 233 131 0
58298 3307 5386 65533 46 15 0 1 4 65434 65422 8275 35693 8275 139 86 254 3 208 139 94 252 59 23 116 3 233 131 0 139
58301 3307 5389 65533 46 15 3 1 4 65434 65422 8275 35693 8275 3 208 139 94 252 59 23 116 3 233 131 0 139 198 186 46
58303 3307 5391 65533 46 15 0 1 4 65434 65422 8275 35693 8275 139 94 252 59 23 116 3 233 131 0 139 198 186 46 0 247
58306 3307 5394 65533 44442 15 0 1 4 65434 65422 8275 35693 8275 59 23 116 3 233 131 0 139 198 186 46 0 247 234 139 216
58308 3307 5396 65533 44442 15 0 1 4 65434 65422 8275 35693 8275 116 3 233 131 0 139 198 186 46 0 247 234 139 216 138 135
58310 3307 5398 65533 44442 15 0 1 4 65434 65422 8275 35693 8275 233 131 0 139 198 186 46 0 247 234 139 216 138 135 211 18
58444 3307 5532 65533 44442 15 0 1 4 65434 65422 8275 35693 8275 139 198 186 46 0 247 234 139 216 138 135 145 19 152 139 86
58446 3307 5534 1 44442 15 0 1 4 65434 65422 8275 35693 8275 186 46 0 247 234 139 216 138 135 145 19 152 139 86 254 3
58449 3307 5537 1 44442 15 46 1 4 65434 65422 8275 35693 8275 247 234 139 216 138 135 145 19 152 139 86 254 3 208 139 94
58451 3307 5539 46 44442 15 0 1 4 65434 65422 8275 35693 8275 139 216 138 135 145 19 152 139 86 254 3 208 139 94 252 59
58453 3307 5541 46 46 15 0 1 4 65434 65422 8275 35693 8275 138 135 145 19 152 139 86 254 3 208 139 94 252 59 23 116
58457 3307 5545 253 46 15 0 1 4 65434 65422 8275 35693 8275 152 139 86 254 3 208 139 94 252 59 23 116 3 233 161 0
58458 3307 5546 65533 46 15 0 1 4 65434 65422 8275 35693 8275 139 86 254 3 208 139 94 252 59 23 116 3 233 161 0 139
58461 3307 5549 65533 46 15 3 1 4 65434 65422 8275 35693 8275 3 208 139 94 252 59 23 116 3 233 161 0 139 198 186 46
58463 3307 5551 65533 46 15 0 1 4 65434 65422 8275 35693 8275 139 94 252 59 23 116 3 233 161 0 139 198 186 46 0 247
58466 3307 5554 65533 44442 15 0 1 4 65434 65422 8275 35693 8275 59 23 116 3 233 161 0 139 198 186 46 0 247 234 139 216
58468 3307 5556 65533 44442 15 0 1 4 65434 65422 8275 35693 8275 116 3 233 161 0 139 198 186 46 0 247 234 139 216 138 135
58470 3307 5558 65533 44442 15 0 1 4 65434 65422 8275 35693 8275 233 161 0 139 198 186 46 0 247 234 139 216 138 135 217 18
58634 3307 5722 65533 44442 15 0 1 4 65434 65422 8275 35693 8275 139 198 186 46 0 247 234 139 216 138 135 147 19 152 139 86
58636 3307 5724 1 44442 15 0 1 4 65434 65422 8275 35693 8275 186 46 0 247 234 139 216 138 135 147 19 152 139 86 254 3
58639 3307 5727 1 44442 15 46 1 4 65434 65422 8275 35693 8275 247 234 139 216 138 135 147 19 152 139 86 254 3 208 139 94
58641 3307 5729 46 44442 15 0 1 4 65434 65422 8275 35693 8275 139 216 138 135 147 19 152 139 86 254 3 208 139 94 252 59
58643 3307 5731 46 46 15 0 1 4 65434 65422 8275 35693 8275 138 135 147 19 152 139 86 254 3 208 139 94 252 59 23 116
58647 3307 5735 253 46 15 0 1 4 65434 65422 8275 35693 8275 152 139 86 254 3 208 139 94 252 59 23 116 3 233 131 0
58648 3307 5736 65533 46 15 0 1 4 65434 65422 8275 35693 8275 139 86 254 3 208 139 94 252 59 23 116 3 233 131 0 139
58651 3307 5739 65533 46 15 3 1 4 65434 65422 8275 35693 8275 3 208 139 94 252 59 23 116 3 233 131 0 139 198 186 46
58653 3307 5741 65533 46 15 0 1 4 65434 65422 8275 35693 8275 139 94 252 59 23 116 3 233 131 0 139 198 186 46 0 247
58656 3307 5744 65533 44442 15 0 1 4 65434 65422 8275 35693 8275 59 23 116 3 233 131 0 139 198 186 46 0 247 234 139 216
58658 3307 5746 65533 44442 15 0 1 4 65434 65422 8275 35693 8275 116 3 233 131 0 139 198 186 46 0 247 234 139 216 138 135
58660 3307 5748 65533 44442 15 0 1 4 65434 65422 8275 35693 8275 233 131 0 139 198 186 46 0 247 234 139 216 138 135 219 18
58794 3307 5882 65533 44442 15 0 1 4 65434 65422 8275 35693 8275 65 160 126 237 180 0 59 193 126 3 233 233 248 95 94 139
58795 3307 5883 65533 44442 16 0 1 4 65434 65422 8275 35693 8275 160 126 237 180 0 59 193 126 3 233 233 248 95 94 139 229
58798 3307 5886 65302 44442 16 0 1 4 65434 65422 8275 35693 8275 180 0 59 193 126 3 233 233 248 95 94 139 229 93 203 85
58800 3307 5888 22 44442 16 0 1 4 65434 65422 8275 35693 8275 59 193 126 3 233 233 248 95 94 139 229 93 203 85 139 236
58802 3307 5890 22 44442 16 0 1 4 65434 65422 8275 35693 8275 126 3 233 233 248 95 94 139 229 93 203 85 139 236 128 62
58804 3307 5892 22 44442 16 0 1 4 65434 65422 8275 35693 8275 233 233 248 95 94 139 229 93 203 85 139 236 128 62 3 233
56992 3307 4080 22 44442 16 0 1 4 65434 65422 8275 35693 8275 139 193 209 224 5 124 173 137 70 252 139 193 209 224 5 208
56994 3307 4082 16 44442 16 0 1 4 65434 65422 8275 35693 8275 209 224 5 124 173 137 70 252 139 193 209 224 5 208 174 137
56996 3307 4084 32 44442 16 0 1 4 65434 65422 8275 35693 8275 5 124 173 137 70 252 139 193 209 224 5 208 174 137 70 250
56999 3307 4087 44444 44442 16 0 1 4 65434 65422 8275 35693 8275 137 70 252 139 193 209 224 5 208 174 137 70 250 139 193 209
57002 3307 4090 44444 44442 16 0 1 4 65434 65422 8275 35693 8275 139 193 209 224 5 208 174 137 70 250 139 193 209 224 5 204
57004 3307 4092 16 44442 16 0 1 4 65434 65422 8275 35693 8275 209 224 5 208 174 137 70 250 139 193 209 224 5 204 178 137
57006 3307 4094 32 44442 16 0 1 4 65434 65422 8275 35693 8275 5 208 174 137 70 250 139 193 209 224 5 204 178 137 70 248
57009 3307 4097 44784 44442 16 0 1 4 65434 65422 8275 35693 8275 137 70 250 139 193 209 224 5 204 178 137 70 248 139 198 186
57012 3307 4100 44784 44442 16 0 1 4 65434 65422 8275 35693 8275 139 193 209 224 5 204 178 137 70 248 139 198 186 46 0 247
57014 3307 4102 16 44442 16 0 1 4 65434 65422 8275 35693 8275 209 224 5 204 178 137 70 248 139 198 186 46 0 247 234 139
57016 3307 4104 32 44442 16 0 1 4 65434 65422 8275 35693 8275 5 204 178 137 70 248 139 198 186 46 0 247 234 139 216 138
57019 3307 4107 45804 44442 16 0 1 4 65434 65422 8275 35693 8275 137 70 248 139 198 186 46 0 247 234 139 216 138 135 118 19
57022 3307 4110 45804 44442 16 0 1 4 65434 65422 8275 35693 8275 139 198 186 46 0 247 234 139 216 138 135 118 19 152 139 86
57024 3307 4112 1 44442 16 0 1 4 65434 65422 8275 35693 8275 186 46 0 247 234 139 216 138 135 118 19 152 139 86 254 3
57027 3307 4115 1 44442 16 46 1 4 65434 65422 8275 35693 8275 247 234 139 216 138 135 118 19 152 139 86 254 3 208 139 94
57029 3307 4117 46 44442 16 0 1 4 65434 65422 8275 35693 8275 139 216 138 135 118 19 152 139 86 254 3 208 139 94 252 59
57031 3307 4119 46 46 16 0 1 4 65434 65422 8275 35693 8275 138 135 118 19 152 139 86 254 3 208 139 94 252 59 23 117
57035 3307 4123 0 46 16 0 1 4 65434 65422 8275 35693 8275 152 139 86 254 3 208 139 94 252 59 23 117 84 139 198 186
57036 3307 4124 0 46 16 0 1 4 65434 65422 8275 35693 8275 139 86 254 3 208 139 94 252 59 23 117 84 139 198 186 46
57039 3307 4127 0 46 16 3 1 4 65434 65422 8275 35693 8275 3 208 139 94 252 59 23 117 84 139 198 186 46 0 247 234
57041 3307 4129 0 46 16 3 1 4 65434 65422 8275 35693 8275 139 94 252 59 23 117 84 139 198 186 46 0 247 234 139 216
57044 3307 4132 0 44444 16 3 1 4 65434 65422 8275 35693 8275 59 23 117 84 139 198 186 46 0 247 234 139 216 138 135 190
57046 3307 4134 0 44444 16 3 1 4 65434 65422 8275 35693 8275 117 84 139 198 186 46 0 247 234 139 216 138 135 190 18 152
57132 3307 4220 0 44444 16 3 1 4 65434 65422 8275 35693 8275 139 198 186 46 0 247 234 139 216 138 135 123 19 152 139 86
57134 3307 4222 1 44444 16 3 1 4 65434 65422 8275 35693 8275 186 46 0 247 234 139 216 138 135 123 19 152 139 86 254 3
57137 3307 4225 1 44444 16 46 1 4 65434 65422 8275 35693 8275 247 234 139 216 138 135 123 19 152 139 86 254 3 208 139 94
57139 3307 4227 46 44444 16 0 1 4 65434 65422 8275 35693 8275 139 216 138 135 123 19 152 139 86 254 3 208 139 94 252 59
57141 3307 4229 46 46 16 0 1 4 65434 65422 8275 35693 8275 138 135 123 19 152 139 86 254 3 208 139 94 252 59 23 117
57145 3307 4233 255 46 16 0 1 4 65434 65422 8275 35693 8275 152 139 86 254 3 208 139 94 252 59 23 117 93 139 198 186
57146 3307 4234 65535 46 16 0 1 4 65434 65422 8275 35693 8275 139 86 254 3 208 139 94 252 59 23 117 93 139 198 186 46
57149 3307 4237 65535 46 16 3 1 4 65434 65422 8275 35693 8275 3 208 139 94 252 59 23 117 93 139 198 186 46 0 247 234
57151 3307 4239 65535 46 16 2 1 4 65434 65422 8275 35693 8275 139 94 252 59 23 117 93 139 198 186 46 0 247 234 139 216
57154 3307 4242 65535 44444 16 2 1 4 65434 65422 8275 35693 8275 59 23 117 93 139 198 186 46 0 247 234 139 216 138 135 195
57156 3307 4244 65535 44444 16 2 1 4 65434 65422 8275 35693 8275 117 93 139 198 186 46 0 247 234 139 216 138 135 195 18 152
57251 3307 4339 65535 44444 16 2 1 4 65434 65422 8275 35693 8275 139 198 186 46 0 247 234 139 216 138 135 121 19 152 139 86
57253 3307 4341 1 44444 16 2 1 4 65434 65422 8275 35693 8275 186 46 0 247 234 139 216 138 135 121 19 152 139 86 254 3
57256 3307 4344 1 44444 16 46 1 4 65434 65422 8275 35693 8275 247 234 139 216 138 135 121 19 152 139 86 254 3 208 139 94
57258 3307 4346 46 44444 16 0 1 4 65434 65422 8275 35693 8275 139 216 138 135 121 19 152 139 86 254 3 208 139 94 252 59
57260 3307 4348 46 46 16 0 1 4 65434 65422 8275 35693 8275 138 135 121 19 152 139 86 254 3 208 139 94 252 59 23 117
57264 3307 4352 255 46 16 0 1 4 65434 65422 8275 35693 8275 152 139 86 254 3 208 139 94 252 59 23 117 103 139 198 186
57265 3307 4353 65535 46 16 0 1 4 65434 65422 8275 35693 8275 139 86 254 3 208 139 94 252 59 23 117 103 139 198 186 46
57268 3307 4356 65535 46 16 3 1 4 65434 65422 8275 35693 8275 3 208 139 94 252 59 23 117 103 139 198 186 46 0 247 234
57270 3307 4358 65535 46 16 2 1 4 65434 65422 8275 35693 8275 139 94 252 59 23 117 103 139 198 186 46 0 247 234 139 216
57273 3307 4361 65535 44444 16 2 1 4 65434 65422 8275 35693 8275 59 23 117 103 139 198 186 46 0 247 234 139 216 138 135 193
57275 3307 4363 65535 44444 16 2 1 4 65434 65422 8275 35693 8275 117 103 139 198 186 46 0 247 234 139 216 138 135 193 18 152
57380 3307 4468 65535 44444 16 2 1 4 65434 65422 8275 35693 8275 139 198 186 46 0 247 234 139 216 138 135 125 19 152 139 86
57382 3307 4470 1 44444 16 2 1 4 65434 65422 8275 35693 8275 186 46 0 247 234 139 216 138 135 125 19 152 139 86 254 3
57385 3307 4473 1 44444 16 46 1 4 65434 65422 8275 35693 8275 247 234 139 216 138 135 125 19 152 139 86 254 3 208 139 94
57387 3307 4475 46 44444 16 0 1 4 65434 65422 8275 35693 8275 139 216 138 135 125 19 152 139 86 254 3 208 139 94 252 59
57389 3307 4477 46 46 16 0 1 4 65434 65422 8275 35693 8275 138 135 125 19 152 139 86 254 3 208 139 94 252 59 23 117
57393 3307 4481 255 46 16 0 1 4 65434 65422 8275 35693 8275 152 139 86 254 3 208 139 94 252 59 23 117 103 139 198 186
57394 3307 4482 65535 46 16 0 1 4 65434 65422 8275 35693 8275 139 86 254 3 208 139 94 252 59 23 117 103 139 198 186 46
57397 3307 4485 65535 46 16 3 1 4 65434 65422 8275 35693 8275 3 208 139 94 252 59 23 117 103 139 198 186 46 0 247 234
57399 3307 4487 65535 46 16 2 1 4 65434 65422 8275 35693 8275 139 94 252 59 23 117 103 139 198 186 46 0 247 234 139 216
57402 3307 4490 65535 44444 16 2 1 4 65434 65422 8275 35693 8275 59 23 117 103 139 198 186 46 0 247 234 139 216 138 135 197
57404 3307 4492 65535 44444 16 2 1 4 65434 65422 8275 35693 8275 117 103 139 198 186 46 0 247 234 139 216 138 135 197 18 152
57509 3307 4597 65535 44444 16 2 1 4 65434 65422 8275 35693 8275 139 198 186 46 0 247 234 139 216 138 135 130 19 152 139 86
57511 3307 4599 1 44444 16 2 1 4 65434 65422 8275 35693 8275 186 46 0 247 234 139 216 138 135 130 19 152 139 86 254 3
57514 3307 4602 1 44444 16 46 1 4 65434 65422 8275 35693 8275 247 234 139 216 138 135 130 19 152 139 86 254 3 208 139 94
57516 3307 4604 46 44444 16 0 1 4 65434 65422 8275 35693 8275 139 216 138 135 130 19 152 139 86 254 3 208 139 94 252 59
57518 3307 4606 46 46 16 0 1 4 65434 65422 8275 35693 8275 138 135 130 19 152 139 86 254 3 208 139 94 252 59 23 117
57522 3307 4610 254 46 16 0 1 4 65434 65422 8275 35693 8275 152 139 86 254 3 208 139 94 252 59 23 117 102 139 198 186
57523 3307 4611 65534 46 16 0 1 4 65434 65422 8275 35693 8275 139 86 254 3 208 139 94 252 59 23 117 102 139 198 186 46
57526 3307 4614 65534 46 16 3 1 4 65434 65422 8275 35693 8275 3 208 139 94 252 59 23 117 102 139 198 186 46 0 247 234
57528 3307 4616 65534 46 16 1 1 4 65434 65422 8275 35693 8275 139 94 252 59 23 117 102 139 198 186 46 0 247 234 139 216
57531 3307 4619 65534 44444 16 1 1 4 65434 65422 8275 35693 8275 59 23 117 102 139 198 186 46 0 247 234 139 216 138 135 202
57533 3307 4621 65534 44444 16 1 1 4 65434 65422 8275 35693 8275 117 102 139 198 186 46 0 247 234 139 216 138 135 202 18 152
57637 3307 4725 65534 44444 16 1 1 4 65434 65422 8275 35693 8275 139 198 186 46 0 247 234 139 216 138 135 128 19 152 139 86
57639 3307 4727 1 44444 16 1 1 4 65434 65422 8275 35693 8275 186 46 0 247 234 139 216 138 135 128 19 152 139 86 254 3
57642 3307 4730 1 44444 16 46 1 4 65434 65422 8275 35693 8275 247 234 139 216 138 135 128 19 152 139 86 254 3 208 139 94
57644 3307 4732 46 44444 16 0 1 4 65434 65422 8275 35693 8275 139 216 138 135 128 19 152 139 86 254 3 208 139 94 252 59
57646 3307 4734 46 46 16 0 1 4 65434 65422 8275 35693 8275 138 135 128 19 152 139 86 254 3 208 139 94 252 59 23 116
57650 3307 4738 254 46 16 0 1 4 65434 65422 8275 35693 8275 152 139 86 254 3 208 139 94 252 59 23 116 3 233 131 0
57651 3307 4739 65534 46 16 0 1 4 65434 65422 8275 35693 8275 139 86 254 3 208 139 94 252 59 23 116 3 233 131 0 139
57654 3307 4742 65534 46 16 3 1 4 65434 65422 8275 35693 8275 3 208 139 94 252 59 23 116 3 233 131 0 139 198 186 46
57656 3307 4744 65534 46 16 1 1 4 65434 65422 8275 35693 8275 139 94 252 59 23 116 3 233 131 0 139 198 186 46 0 247
57659 3307 4747 65534 44444 16 1 1 4 65434 65422 8275 35693 8275 59 23 116 3 233 131 0 139 198 186 46 0 247 234 139 216
57661 3307 4749 65534 44444 16 1 1 4 65434 65422 8275 35693 8275 116 3 233 131 0 139 198 186 46 0 247 234 139 216 138 135
57663 3307 4751 65534 44444 16 1 1 4 65434 65422 8275 35693 8275 233 131 0 139 198 186 46 0 247 234 139 216 138 135 200 18
57797 3307 4885 65534 44444 16 1 1 4 65434 65422 8275 35693 8275 139 198 186 46 0 247 234 139 216 138 135 132 19 152 139 86
57799 3307 4887 1 44444 16 1 1 4 65434 65422 8275 35693 8275 186 46 0 247 234 139 216 138 135 132 19 152 139 86 254 3
57802 3307 4890 1 44444 16 46 1 4 65434 65422 8275 35693 8275 247 234 139 216 138 135 132 19 152 139 86 254 3 208 139 94
57804 3307 4892 46 44444 16 0 1 4 65434 65422 8275 35693 8275 139 216 138 135 132 19 152 139 86 254 3 208 139 94 252 59
57806 3307 4894 46 46 16 0 1 4 65434 65422 8275 35693 8275 138 135 132 19 152 139 86 254 3 208 139 94 252 59 23 116
57810 3307 4898 254 46 16 0 1 4 65434 65422 8275 35693 8275 152 139 86 254 3 208 139 94 252 59 23 116 3 233 131 0
57811 3307 4899 65534 46 16 0 1 4 65434 65422 8275 35693 8275 139 86 254 3 208 139 94 252 59 23 116 3 233 131 0 139
57814 3307 4902 65534 46 16 3 1 4 65434 65422 8275 35693 8275 3 208 139 94 252 59 23 116 3 233 131 0 139 198 186 46
57816 3307 4904 65534 46 16 1 1 4 65434 65422 8275 35693 8275 139 94 252 59 23 116 3 233 131 0 139 198 186 46 0 247
57819 3307 4907 65534 44444 16 1 1 4 65434 65422 8275 35693 8275 59 23 116 3 233 131 0 139 198 186 46 0 247 234 139 216
57821 3307 4909 65534 44444 16 1 1 4 65434 65422 8275 35693 8275 116 3 233 131 0 139 198 186 46 0 247 234 139 216 138 135
57823 3307 4911 65534 44444 16 1 1 4 65434 65422 8275 35693 8275 233 131 0 139 198 186 46 0 247 234 139 216 138 135 204 18
57957 3307 5045 65534 44444 16 1 1 4 65434 65422 8275 35693 8275 139 198 186 46 0 247 234 139 216 138 135 143 19 152 139 86
57959 3307 5047 1 44444 16 1 1 4 65434 65422 8275 35693 8275 186 46 0 247 234 139 216 138 135 143 19 152 139 86 254 3
57962 3307 5050 1 44444 16 46 1 4 65434 65422 8275 35693 8275 247 234 139 216 138 135 143 19 152 139 86 254 3 208 139 94
57964 3307 5052 46 44444 16 0 1 4 65434 65422 8275 35693 8275 139 216 138 135 143 19 152 139 86 254 3 208 139 94 252 59
57966 3307 5054 46 46 16 0 1 4 65434 65422 8275 35693 8275 138 135 143 19 152 139 86 254 3 208 139 94 252 59 23 117
57970 3307 5058 253 46 16 0 1 4 65434 65422 8275 35693 8275 152 139 86 254 3 208 139 94 252 59 23 117 111 139 198 186
57971 3307 5059 65533 46 16 0 1 4 65434 65422 8275 35693 8275 139 86 254 3 208 139 94 252 59 23 117 111 139 198 186 46
57974 3307 5062 65533 46 16 3 1 4 65434 65422 8275 35693 8275 3 208 139 94 252 59 23 117 111 139 198 186 46 0 247 234
57976 3307 5064 65533 46 16 0 1 4 65434 65422 8275 35693 8275 139 94 252 59 23 117 111 139 198 186 46 0 247 234 139 216
57979 3307 5067 65533 44444 16 0 1 4 65434 65422 8275 35693 8275 59 23 117 111 139 198 186 46 0 247 234 139 216 138 135 215
57981 3307 5069 65533 44444 16 0 1 4 65434 65422 8275 35693 8275 117 111 139 198 186 46 0 247 234 139 216 138 135 215 18 152
58094 3307 5182 65533 44444 16 0 1 4 65434 65422 8275 35693 8275 139 198 186 46 0 247 234 139 216 138 135 141 19 152 139 86
58096 3307 5184 1 44444 16 0 1 4 65434 65422 8275 35693 8275 186 46 0 247 234 139 216 138 135 141 19 152 139 86 254 3
58099 3307 5187 1 44444 16 46 1 4 65434 65422 8275 35693 8275 247 234 139 216 138 135 141 19 152 139 86 254 3 208 139 94
58101 3307 5189 46 44444 16 0 1 4 65434 65422 8275 35693 8275 139 216 138 135 141 19 152 139 86 254 3 208 139 94 252 59
58103 3307 5191 46 46 16 0 1 4 65434 65422 8275 35693 8275 138 135 141 19 152 139 86 254 3 208 139 94 252 59 23 116
58107 3307 5195 253 46 16 0 1 4 65434 65422 8275 35693 8275 152 139 86 254 3 208 139 94 252 59 23 116 3 233 161 0
58108 3307 5196 65533 46 16 0 1 4 65434 65422 8275 35693 8275 139 86 254 3 208 139 94 252 59 23 116 3 233 161 0 139
58111 3307 5199 65533 46 16 3 1 4 65434 65422 8275 35693 8275 3 208 139 94 252 59 23 116 3 233 161 0 139 198 186 46
58113 3307 5201 65533 46 16 0 1 4 65434 65422 8275 35693 8275 139 94 252 59 23 116 3 233 161 0 139 198 186 46 0 247
58116 3307 5204 65533 44444 16 0 1 4 65434 65422 8275 35693 8275 59 23 116 3 233 161 0 139 198 186 46 0 247 234 139 216
58118 3307 5206 65533 44444 16 0 1 4 65434 65422 8275 35693 8275 116 3 233 161 0 139 198 186 46 0 247 234 139 216 138 135
58120 3307 5208 65533 44444 16 0 1 4 65434 65422 8275 35693 8275 233 161 0 139 198 186 46 0 247 234 139 216 138 135 213 18
58284 3307 5372 65533 44444 16 0 1 4 65434 65422 8275 35693 8275 139 198 186 46 0 247 234 139 216 138 135 139 19 152 139 86
58286 3307 5374 1 44444 16 0 1 4 65434 65422 8275 35693 8275 186 46 0 247 234 139 216 138 135 139 19 152 139 86 254 3
58289 3307 5377 1 44444 16 46 1 4 65434 65422 8275 35693 8275 247 234 139 216 138 135 139 19 152 139 86 254 3 208 139 94
58291 3307 5379 46 44444 16 0 1 4 65434 65422 8275 35693 8275 139 216 138 135 139 19 152 139 86 254 3 208 139 94 252 59
58293 3307 5381 46 46 16 0 1 4 65434 65422 8275 35693 8275 138 135 139 19 152 139 86 254 3 208 139 94 252 59 23 116
58297 3307 5385 253 46 16 0 1 4 65434 65422 8275 35693 8275 152 139 86 254 3 208 139 94 252 59 23 116 3 233 131 0
58298 3307 5386 65533 46 16 0 1 4 65434 65422 8275 35693 8275 139 86 254 3 208 139 94 252 59 23 116 3 233 131 0 139
58301 3307 5389 65533 46 16 3 1 4 65434 65422 8275 35693 8275 3 208 139 94 252 59 23 116 3 233 131 0 139 198 186 46
58303 3307 5391 65533 46 16 0 1 4 65434 65422 8275 35693 8275 139 94 252 59 23 116 3 233 131 0 139 198 186 46 0 247
58306 3307 5394 65533 44444 16 0 1 4 65434 65422 8275 35693 8275 59 23 116 3 233 131 0 139 198 186 46 0 247 234 139 216
58308 3307 5396 65533 44444 16 0 1 4 65434 65422 8275 35693 8275 116 3 233 131 0 139 198 186 46 0 247 234 139 216 138 135
58310 3307 5398 65533 44444 16 0 1 4 65434 65422 8275 35693 8275 233 131 0 139 198 186 46 0 247 234 139 216 138 135 211 18
58444 3307 5532 65533 44444 16 0 1 4 65434 65422 8275 35693 8275 139 198 186 46 0 247 234 139 216 138 135 145 19 152 139 86
58446 3307 5534 1 44444 16 0 1 4 65434 65422 8275 35693 8275 186 46 0 247 234 139 216 138 135 145 19 152 139 86 254 3
58449 3307 5537 1 44444 16 46 1 4 65434 65422 8275 35693 8275 247 234 139 216 138 135 145 19 152 139 86 254 3 208 139 94
58451 3307 5539 46 44444 16 0 1 4 65434 65422 8275 35693 8275 139 216 138 135 145 19 152 139 86 254 3 208 139 94 252 59
58453 3307 5541 46 46 16 0 1 4 65434 65422 8275 35693 8275 138 135 145 19 152 139 86 254 3 208 139 94 252 59 23 116
58457 3307 5545 253 46 16 0 1 4 65434 65422 8275 35693 8275 152 139 86 254 3 208 139 94 252 59 23 116 3 233 161 0
58458 3307 5546 65533 46 16 0 1 4 65434 65422 8275 35693 8275 139 86 254 3 208 139 94 252 59 23 116 3 233 161 0 139
58461 3307 5549 65533 46 16 3 1 4 65434 65422 8275 35693 8275 3 208 139 94 252 59 23 116 3 233 161 0 139 198 186 46
58463 3307 5551 65533 46 16 0 1 4 65434 65422 8275 35693 8275 139 94 252 59 23 116 3 233 161 0 139 198 186 46 0 247
58466 3307 5554 65533 44444 16 0 1 4 65434 65422 8275 35693 8275 59 23 116 3 233 161 0 139 198 186 46 0 247 234 139 216
58468 3307 5556 65533 44444 16 0 1 4 65434 65422 8275 35693 8275 116 3 233 161 0 139 198 186 46 0 247 234 139 216 138 135
58470 3307 5558 65533 44444 16 0 1 4 65434 65422 8275 35693 8275 233 161 0 139 198 186 46 0 247 234 139 216 138 135 217 18
58634 3307 5722 65533 44444 16 0 1 4 65434 65422 8275 35693 8275 139 198 186 46 0 247 234 139 216 138 135 147 19 152 139 86
58636 3307 5724 1 44444 16 0 1 4 65434 65422 8275 35693 8275 186 46 0 247 234 139 216 138 135 147 19 152 139 86 254 3
58639 3307 5727 1 44444 16 46 1 4 65434 65422 8275 35693 8275 247 234 139 216 138 135 147 19 152 139 86 254 3 208 139 94
58641 3307 5729 46 44444 16 0 1 4 65434 65422 8275 35693 8275 139 216 138 135 147 19 152 139 86 254 3 208 139 94 252 59
58643 3307 5731 46 46 16 0 1 4 65434 65422 8275 35693 8275 138 135 147 19 152 139 86 254 3 208 139 94 252 59 23 116
58647 3307 5735 253 46 16 0 1 4 65434 65422 8275 35693 8275 152 139 86 254 3 208 139 94 252 59 23 116 3 233 131 0
58648 3307 5736 65533 46 16 0 1 4 65434 65422 8275 35693 8275 139 86 254 3 208 139 94 252 59 23 116 3 233 131 0 139
58651 3307 5739 65533 46 16 3 1 4 65434 65422 8275 35693 8275 3 208 139 94 252 59 23 116 3 233 131 0 139 198 186 46
58653 3307 5741 65533 46 16 0 1 4 65434 65422 8275 35693 8275 139 94 252 59 23 116 3 233 131 0 139 198 186 46 0 247
58656 3307 5744 65533 44444 16 0 1 4 65434 65422 8275 35693 8275 59 23 116 3 233 131 0 139 198 186 46 0 247 234 139 216
58658 3307 5746 65533 44444 16 0 1 4 65434 65422 8275 35693 8275 116 3 233 131 0 139 198 186 46 0 247 234 139 216 138 135
58660 3307 5748 65533 44444 16 0 1 4 65434 65422 8275 35693 8275 233 131 0 139 198 186 46 0 247 234 139 216 138 135 219 18
58794 3307 5882 65533 44444 16 0 1 4 65434 65422 8275 35693 8275 65 160 126 237 180 0 59 193 126 3 233 233 248 95 94 139
58795 3307 5883 65533 44444 17 0 1 4 65434 65422 8275 35693 8275 160 126 237 180 0 59 193 126 3 233 233 248 95 94 139 229
58798 3307 5886 65302 44444 17 0 1 4 65434 65422 8275 35693 8275 180 0 59 193 126 3 233 233 248 95 94 139 229 93 203 85
58800 3307 5888 22 44444 17 0 1 4 65434 65422 8275 35693 8275 59 193 126 3 233 233 248 95 94 139 229 93 203 85 139 236
58802 3307 5890 22 44444 17 0 1 4 65434 65422 8275 35693 8275 126 3 233 233 248 95 94 139 229 93 203 85 139 236 128 62
58804 3307 5892 22 44444 17 0 1 4 65434 65422 8275 35693 8275 233 233 248 95 94 139 229 93 203 85 139 236 128 62 3 233
56992 3307 4080 22 44444 17 0 1 4 65434 65422 8275 35693 8275 139 193 209 224 5 124 173 137 70 252 139 193 209 224 5 208
56994 3307 4082 17 44444 17 0 1 4 65434 65422 8275 35693 8275 209 224 5 124 173 137 70 252 139 193 209 224 5 208 174 137
56996 3307 4084 34 44444 17 0 1 4 65434 65422 8275 35693 8275 5 124 173 137 70 252 139 193 209 224 5 208 174 137 70 250
56999 3307 4087 44446 44444 17 0 1 4 65434 65422 8275 35693 8275 137 70 252 139 193 209 224 5 208 174 137 70 250 139 193 209
57002 3307 4090 44446 44444 17 0 1 4 65434 65422 8275 35693 8275 139 193 209 224 5 208 174 137 70 250 139 193 209 224 5 204
57004 3307 4092 17 44444 17 0 1 4 65434 65422 8275 35693 8275 209 224 5 208 174 137 70 250 139 193 209 224 5 204 178 137
57006 3307 4094 34 44444 17 0 1 4 65434 65422 8275 35693 8275 5 208 174 137 70 250 139 193 209 224 5 204 178 137 70 248
57009 3307 4097 44786 44444 17 0 1 4 65434 65422 8275 35693 8275 137 70 250 139 193 209 224 5 204 178 137 70 248 139 198 186
57012 3307 4100 44786 44444 17 0 1 4 65434 65422 8275 35693 8275 139 193 209 224 5 204 178 137 70 248 139 198 186 46 0 247
57014 3307 4102 17 44444 17 0 1 4 65434 65422 8275 35693 8275 209 224 5 204 178 137 70 248 139 198 186 46 0 247 234 139
57016 3307 4104 34 44444 17 0 1 4 65434 65422 8275 35693 8275 5 204 178 137 70 248 139 198 186 46 0 247 234 139 216 138
57019 3307 4107 45806 44444 17 0 1 4 65434 65422 8275 35693 8275 137 70 248 139 198 186 46 0 247 234 139 216 138 135 118 19
57022 3307 4110 45806 44444 17 0 1 4 65434 65422 8275 35693 8275 139 198 186 46 0 247 234 139 216 138 135 118 19 152 139 86
57024 3307 4112 1 44444 17 0 1 4 65434 65422 8275 35693 8275 186 46 0 247 234 139 216 138 135 118 19 152 139 86 254 3
57027 3307 4115 1 44444 17 46 1 4 65434 65422 8275 35693 8275 247 234 139 216 138 135 118 19 152 139 86 254 3 208 139 94
57029 3307 4117 46 44444 17 0 1 4 65434 65422 8275 35693 8275 139 216 138 135 118 19 152 139 86 254 3 208 139 94 252 59
57031 3307 4119 46 46 17 0 1 4 65434 65422 8275 35693 8275 138 135 118 19 152 139 86 254 3 208 139 94 252 59 23 117
57035 3307 4123 0 46 17 0 1 4 65434 65422 8275 35693 8275 152 139 86 254 3 208 139 94 252 59 23 117 84 139 198 186
57036 3307 4124 0 46 17 0 1 4 65434 65422 8275 35693 8275 139 86 254 3 208 139 94 252 59 23 117 84 139 198 186 46
57039 3307 4127 0 46 17 3 1 4 65434 65422 8275 35693 8275 3 208 139 94 252 59 23 117 84 139 198 186 46 0 247 234
57041 3307 4129 0 46 17 3 1 4 65434 65422 8275 35693 8275 139 94 252 59 23 117 84 139 198 186 46 0 247 234 139 216
57044 3307 4132 0 44446 17 3 1 4 65434 65422 8275 35693 8275 59 23 117 84 139 198 186 46 0 247 234 139 216 138 135 190
57046 3307 4134 0 44446 17 3 1 4 65434 65422 8275 35693 8275 117 84 139 198 186 46 0 247 234 139 216 138 135 190 18 152
57132 3307 4220 0 44446 17 3 1 4 65434 65422 8275 35693 8275 139 198 186 46 0 247 234 139 216 138 135 123 19 152 139 86
57134 3307 4222 1 44446 17 3 1 4 65434 65422 8275 35693 8275 186 46 0 247 234 139 216 138 135 123 19 152 139 86 254 3
57137 3307 4225 1 44446 17 46 1 4 65434 65422 8275 35693 8275 247 234 139 216 138 135 123 19 152 139 86 254 3 208 139 94
57139 3307 4227 46 44446 17 0 1 4 65434 65422 8275 35693 8275 139 216 138 135 123 19 152 139 86 254 3 208 139 94 252 59
57141 3307 4229 46 46 17 0 1 4 65434 65422 8275 35693 8275 138 135 123 19 152 139 86 254 3 208 139 94 252 59 23 117
57145 3307 4233 255 46 17 0 1 4 65434 65422 8275 35693 8275 152 139 86 254 3 208 139 94 252 59 23 117 93 139 198 186
57146 3307 4234 65535 46 17 0 1 4 65434 65422 8275 35693 8275 139 86 254 3 208 139 94 252 59 23 117 93 139 198 186 46
57149 3307 4237 65535 46 17 3 1 4 65434 65422 8275 35693 8275 3 208 139 94 252 59 23 117 93 139 198 186 46 0 247 234
57151 3307 4239 65535 46 17 2 1 4 65434 65422 8275 35693 8275 139 94 252 59 23 117 93 139 198 186 46 0 247 234 139 216
57154 3307 4242 65535 44446 17 2 1 4 65434 65422 8275 35693 8275 59 23 117 93 139 198 186 46 0 247 234 139 216 138 135 195
57156 3307 4244 65535 44446 17 2 1 4 65434 65422 8275 35693 8275 117 93 139 198 186 46 0 247 234 139 216 138 135 195 18 152
57251 3307 4339 65535 44446 17 2 1 4 65434 65422 8275 35693 8275 139 198 186 46 0 247 234 139 216 138 135 121 19 152 139 86
57253 3307 4341 1 44446 17 2 1 4 65434 65422 8275 35693 8275 186 46 0 247 234 139 216 138 135 121 19 152 139 86 254 3
57256 3307 4344 1 44446 17 46 1 4 65434 65422 8275 35693 8275 247 234 139 216 138 135 121 19 152 139 86 254 3 208 139 94
57258 3307 4346 46 44446 17 0 1 4 65434 65422 8275 35693 8275 139 216 138 135 121 19 152 139 86 254 3 208 139 94 252 59
57260 3307 4348 46 46 17 0 1 4 65434 65422 8275 35693 8275 138 135 121 19 152 139 86 254 3 208 139 94 252 59 23 117
57264 3307 4352 255 46 17 0 1 4 65434 65422 8275 35693 8275 152 139 86 254 3 208 139 94 252 59 23 117 103 139 198 186
57265 3307 4353 65535 46 17 0 1 4 65434 65422 8275 35693 8275 139 86 254 3 208 139 94 252 59 23 117 103 139 198 186 46
57268 3307 4356 65535 46 17 3 1 4 65434 65422 8275 35693 8275 3 208 139 94 252 59 23 117 103 139 198 186 46 0 247 234
57270 3307 4358 65535 46 17 2 1 4 65434 65422 8275 35693 8275 139 94 252 59 23 117 103 139 198 186 46 0 247 234 139 216
57273 3307 4361 65535 44446 17 2 1 4 65434 65422 8275 35693 8275 59 23 117 103 139 198 186 46 0 247 234 139 216 138 135 193
57275 3307 4363 65535 44446 17 2 1 4 65434 65422 8275 35693 8275 117 103 139 198 186 46 0 247 234 139 216 138 135 193 18 152
57380 3307 4468 65535 44446 17 2 1 4 65434 65422 8275 35693 8275 139 198 186 46 0 247 234 139 216 138 135 125 19 152 139 86
57382 3307 4470 1 44446 17 2 1 4 65434 65422 8275 35693 8275 186 46 0 247 234 139 216 138 135 125 19 152 139 86 254 3
57385 3307 4473 1 44446 17 46 1 4 65434 65422 8275 35693 8275 247 234 139 216 138 135 125 19 152 139 86 254 3 208 139 94
57387 3307 4475 46 44446 17 0 1 4 65434 65422 8275 35693 8275 139 216 138 135 125 19 152 139 86 254 3 208 139 94 252 59
57389 3307 4477 46 46 17 0 1 4 65434 65422 8275 35693 8275 138 135 125 19 152 139 86 254 3 208 139 94 252 59 23 117
57393 3307 4481 255 46 17 0 1 4 65434 65422 8275 35693 8275 152 139 86 254 3 208 139 94 252 59 23 117 103 139 198 186
57394 3307 4482 65535 46 17 0 1 4 65434 65422 8275 35693 8275 139 86 254 3 208 139 94 252 59 23 117 103 139 198 186 46
57397 3307 4485 65535 46 17 3 1 4 65434 65422 8275 35693 8275 3 208 139 94 252 59 23 117 103 139 198 186 46 0 247 234
57399 3307 4487 65535 46 17 2 1 4 65434 65422 8275 35693 8275 139 94 252 59 23 117 103 139 198 186 46 0 247 234 139 216
57402 3307 4490 65535 44446 17 2 1 4 65434 65422 8275 35693 8275 59 23 117 103 139 198 186 46 0 247 234 139 216 138 135 197
57404 3307 4492 65535 44446 17 2 1 4 65434 65422 8275 35693 8275 117 103 139 198 186 46 0 247 234 139 216 138 135 197 18 152
57509 3307 4597 65535 44446 17 2 1 4 65434 65422 8275 35693 8275 139 198 186 46 0 247 234 139 216 138 135 130 19 152 139 86
57511 3307 4599 1 44446 17 2 1 4 65434 65422 8275 35693 8275 186 46 0 247 234 139 216 138 135 130 19 152 139 86 254 3
57514 3307 4602 1 44446 17 46 1 4 65434 65422 8275 35693 8275 247 234 139 216 138 135 130 19 152 139 86 254 3 208 139 94
57516 3307 4604 46 44446 17 0 1 4 65434 65422 8275 35693 8275 139 216 138 135 130 19 152 139 86 254 3 208 139 94 252 59
57518 3307 4606 46 46 17 0 1 4 65434 65422 8275 35693 8275 138 135 130 19 152 139 86 254 3 208 139 94 252 59 23 117
57522 3307 4610 254 46 17 0 1 4 65434 65422 8275 35693 8275 152 139 86 254 3 208 139 94 252 59 23 117 102 139 198 186
57523 3307 4611 65534 46 17 0 1 4 65434 65422 8275 35693 8275 139 86 254 3 208 139 94 252 59 23 117 102 139 198 186 46
57526 3307 4614 65534 46 17 3 1 4 65434 65422 8275 35693 8275 3 208 139 94 252 59 23 117 102 139 198 186 46 0 247 234
57528 3307 4616 65534 46 17 1 1 4 65434 65422 8275 35693 8275 139 94 252 59 23 117 102 139 198 186 46 0 247 234 139 216
57531 3307 4619 65534 44446 17 1 1 4 65434 65422 8275 35693 8275 59 23 117 102 139 198 186 46 0 247 234 139 216 138 135 202
57533 3307 4621 65534 44446 17 1 1 4 65434 65422 8275 35693 8275 117 102 139 198 186 46 0 247 234 139 216 138 135 202 18 152
57637 3307 4725 65534 44446 17 1 1 4 65434 65422 8275 35693 8275 139 198 186 46 0 247 234 139 216 138 135 128 19 152 139 86
57639 3307 4727 1 44446 17 1 1 4 65434 65422 8275 35693 8275 186 46 0 247 234 139 216 138 135 128 19 152 139 86 254 3
57642 3307 4730 1 44446 17 46 1 4 65434 65422 8275 35693 8275 247 234 139 216 138 135 128 19 152 139 86 254 3 208 139 94
57644 3307 4732 46 44446 17 0 1 4 65434 65422 8275 35693 8275 139 216 138 135 128 19 152 139 86 254 3 208 139 94 252 59
57646 3307 4734 46 46 17 0 1 4 65434 65422 8275 35693 8275 138 135 128 19 152 139 86 254 3 208 139 94 252 59 23 116
57650 3307 4738 254 46 17 0 1 4 65434 65422 8275 35693 8275 152 139 86 254 3 208 139 94 252 59 23 116 3 233 131 0
57651 3307 4739 65534 46 17 0 1 4 65434 65422 8275 35693 8275 139 86 254 3 208 139 94 252 59 23 116 3 233 131 0 139
57654 3307 4742 65534 46 17 3 1 4 65434 65422 8275 35693 8275 3 208 139 94 252 59 23 116 3 233 131 0 139 198 186 46
57656 3307 4744 65534 46 17 1 1 4 65434 65422 8275 35693 8275 139 94 252 59 23 116 3 233 131 0 139 198 186 46 0 247
57659 3307 4747 65534 44446 17 1 1 4 65434 65422 8275 35693 8275 59 23 116 3 233 131 0 139 198 186 46 0 247 234 139 216
57661 3307 4749 65534 44446 17 1 1 4 65434 65422 8275 35693 8275 116 3 233 131 0 139 198 186 46 0 247 234 139 216 138 135
57663 3307 4751 65534 44446 17 1 1 4 65434 65422 8275 35693 8275 233 131 0 139 198 186 46 0 247 234 139 216 138 135 200 18
57797 3307 4885 65534 44446 17 1 1 4 65434 65422 8275 35693 8275 139 198 186 46 0 247 234 139 216 138 135 132 19 152 139 86
57799 3307 4887 1 44446 17 1 1 4 65434 65422 8275 35693 8275 186 46 0 247 234 139 216 138 135 132 19 152 139 86 254 3
57802 3307 4890 1 44446 17 46 1 4 65434 65422 8275 35693 8275 247 234 139 216 138 135 132 19 152 139 86 254 3 208 139 94
57804 3307 4892 46 44446 17 0 1 4 65434 65422 8275 35693 8275 139 216 138 135 132 19 152 139 86 254 3 208 139 94 252 59
57806 3307 4894 46 46 17 0 1 4 65434 65422 8275 35693 8275 138 135 132 19 152 139 86 254 3 208 139 94 252 59 23 116
57810 3307 4898 254 46 17 0 1 4 65434 65422 8275 35693 8275 152 139 86 254 3 208 139 94 252 59 23 116 3 233 131 0
57811 3307 4899 65534 46 17 0 1 4 65434 65422 8275 35693 8275 139 86 254 3 208 139 94 252 59 23 116 3 233 131 0 139
57814 3307 4902 65534 46 17 3 1 4 65434 65422 8275 35693 8275 3 208 139 94 252 59 23 116 3 233 131 0 139 198 186 46
57816 3307 4904 65534 46 17 1 1 4 65434 65422 8275 35693 8275 139 94 252 59 23 116 3 233 131 0 139 198 186 46 0 247
57819 3307 4907 65534 44446 17 1 1 4 65434 65422 8275 35693 8275 59 23 116 3 233 131 0 139 198 186 46 0 247 234 139 216
57821 3307 4909 65534 44446 17 1 1 4 65434 65422 8275 35693 8275 116 3 233 131 0 139 198 186 46 0 247 234 139 216 138 135
57823 3307 4911 65534 44446 17 1 1 4 65434 65422 8275 35693 8275 233 131 0 139 198 186 46 0 247 234 139 216 138 135 204 18
57957 3307 5045 65534 44446 17 1 1 4 65434 65422 8275 35693 8275 139 198 186 46 0 247 234 139 216 138 135 143 19 152 139 86
57959 3307 5047 1 44446 17 1 1 4 65434 65422 8275 35693 8275 186 46 0 247 234 139 216 138 135 143 19 152 139 86 254 3
57962 3307 5050 1 44446 17 46 1 4 65434 65422 8275 35693 8275 247 234 139 216 138 135 143 19 152 139 86 254 3 208 139 94
57964 3307 5052 46 44446 17 0 1 4 65434 65422 8275 35693 8275 139 216 138 135 143 19 152 139 86 254 3 208 139 94 252 59
57966 3307 5054 46 46 17 0 1 4 65434 65422 8275 35693 8275 138 135 143 19 152 139 86 254 3 208 139 94 252 59 23 117
57970 3307 5058 253 46 17 0 1 4 65434 65422 8275 35693 8275 152 139 86 254 3 208 139 94 252 59 23 117 111 139 198 186
57971 3307 5059 65533 46 17 0 1 4 65434 65422 8275 35693 8275 139 86 254 3 208 139 94 252 59 23 117 111 139 198 186 46
57974 3307 5062 65533 46 17 3 1 4 65434 65422 8275 35693 8275 3 208 139 94 252 59 23 117 111 139 198 186 46 0 247 234
57976 3307 5064 65533 46 17 0 1 4 65434 65422 8275 35693 8275 139 94 252 59 23 117 111 139 198 186 46 0 247 234 139 216
57979 3307 5067 65533 44446 17 0 1 4 65434 65422 8275 35693 8275 59 23 117 111 139 198 186 46 0 247 234 139 216 138 135 215
57981 3307 5069 65533 44446 17 0 1 4 65434 65422 8275 35693 8275 117 111 139 198 186 46 0 247 234 139 216 138 135 215 18 152
58094 3307 5182 65533 44446 17 0 1 4 65434 65422 8275 35693 8275 139 198 186 46 0 247 234 139 216 138 135 141 19 152 139 86
58096 3307 5184 1 44446 17 0 1 4 65434 65422 8275 35693 8275 186 46 0 247 234 139 216 138 135 141 19 152 139 86 254 3
58099 3307 5187 1 44446 17 46 1 4 65434 65422 8275 35693 8275 247 234 139 216 138 135 141 19 152 139 86 254 3 208 139 94
58101 3307 5189 46 44446 17 0 1 4 65434 65422 8275 35693 8275 139 216 138 135 141 19 152 139 86 254 3 208 139 94 252 59
58103 3307 5191 46 46 17 0 1 4 65434 65422 8275 35693 8275 138 135 141 19 152 139 86 254 3 208 139 94 252 59 23 116
58107 3307 5195 253 46 17 0 1 4 65434 65422 8275 35693 8275 152 139 86 254 3 208 139 94 252 59 23 116 3 233 161 0
58108 3307 5196 65533 46 17 0 1 4 65434 65422 8275 35693 8275 139 86 254 3 208 139 94 252 59 23 116 3 233 161 0 139
58111 3307 5199 65533 46 17 3 1 4 65434 65422 8275 35693 8275 3 208 139 94 252 59 23 116 3 233 161 0 139 198 186 46
58113 3307 5201 65533 46 17 0 1 4 65434 65422 8275 35693 8275 139 94 252 59 23 116 3 233 161 0 139 198 186 46 0 247
58116 3307 5204 65533 44446 17 0 1 4 65434 65422 8275 35693 8275 59 23 116 3 233 161 0 139 198 186 46 0 247 234 139 216
58118 3307 5206 65533 44446 17 0 1 4 65434 65422 8275 35693 8275 116 3 233 161 0 139 198 186 46 0 247 234 139 216 138 135
58120 3307 5208 65533 44446 17 0 1 4 65434 65422 8275 35693 8275 233 161 0 139 198 186 46 0 247 234 139 216 138 135 213 18
58284 3307 5372 65533 44446 17 0 1 4 65434 65422 8275 35693 8275 139 198 186 46 0 247 234 139 216 138 135 139 19 152 139 86
58286 3307 5374 1 44446 17 0 1 4 65434 65422 8275 35693 8275 186 46 0 247 234 139 216 138 135 139 19 152 139 86 254 3
58289 3307 5377 1 44446 17 46 1 4 65434 65422 8275 35693 8275 247 234 139 216 138 135 139 19 152 139 86 254 3 208 139 94
58291 3307 5379 46 44446 17 0 1 4 65434 65422 8275 35693 8275 139 216 138 135 139 19 152 139 86 254 3 208 139 94 252 59
58293 3307 5381 46 46 17 0 1 4 65434 65422 8275 35693 8275 138 135 139 19 152 139 86 254 3 208 139 94 252 59 23 116
58297 3307 5385 253 46 17 0 1 4 65434 65422 8275 35693 8275 152 139 86 254 3 208 139 94 252 59 23 116 3 233 131 0
58298 3307 5386 65533 46 17 0 1 4 65434 65422 8275 35693 8275 139 86 254 3 208 139 94 252 59 23 116 3 233 131 0 139
58301 3307 5389 65533 46 17 3 1 4 65434 65422 8275 35693 8275 3 208 139 94 252 59 23 116 3 233 131 0 139 198 186 46
58303 3307 5391 65533 46 17 0 1 4 65434 65422 8275 35693 8275 139 94 252 59 23 116 3 233 131 0 139 198 186 46 0 247
58306 3307 5394 65533 44446 17 0 1 4 65434 65422 8275 35693 8275 59 23 116 3 233 131 0 139 198 186 46 0 247 234 139 216
58308 3307 5396 65533 44446 17 0 1 4 65434 65422 8275 35693 8275 116 3 233 131 0 139 198 186 46 0 247 234 139 216 138 135
58310 3307 5398 65533 44446 17 0 1 4 65434 65422 8275 35693 8275 233 131 0 139 198 186 46 0 247 234 139 216 138 135 211 18
58444 3307 5532 65533 44446 17 0 1 4 65434 65422 8275 35693 8275 139 198 186 46 0 247 234 139 216 138 135 145 19 152 139 86
58446 3307 5534 1 44446 17 0 1 4 65434 65422 8275 35693 8275 186 46 0 247 234 139 216 138 135 145 19 152 139 86 254 3
58449 3307 5537 1 44446 17 46 1 4 65434 65422 8275 35693 8275 247 234 139 216 138 135 145 19 152 139 86 254 3 208 139 94
58451 3307 5539 46 44446 17 0 1 4 65434 65422 8275 35693 8275 139 216 138 135 145 19 152 139 86 254 3 208 139 94 252 59
58453 3307 5541 46 46 17 0 1 4 65434 65422 8275 35693 8275 138 135 145 19 152 139 86 254 3 208 139 94 252 59 23 116
58457 3307 5545 253 46 17 0 1 4 65434 65422 8275 35693 8275 152 139 86 254 3 208 139 94 252 59 23 116 3 233 161 0
58458 3307 5546 65533 46 17 0 1 4 65434 65422 8275 35693 8275 139 86 254 3 208 139 94 252 59 23 116 3 233 161 0 139
58461 3307 5549 65533 46 17 3 1 4 65434 65422 8275 35693 8275 3 208 139 94 252 59 23 116 3 233 161 0 139 198 186 46
58463 3307 5551 65533 46 17 0 1 4 65434 65422 8275 35693 8275 139 94 252 59 23 116 3 233 161 0 139 198 186 46 0 247
58466 3307 5554 65533 44446 17 0 1 4 65434 65422 8275 35693 8275 59 23 116 3 233 161 0 139 198 186 46 0 247 234 139 216
58468 3307 5556 65533 44446 17 0 1 4 65434 65422 8275 35693 8275 116 3 233 161 0 139 198 186 46 0 247 234 139 216 138 135
58470 3307 5558 65533 44446 17 0 1 4 65434 65422 8275 35693 8275 233 161 0 139 198 186 46 0 247 234 139 216 138 135 217 18
58634 3307 5722 65533 44446 17 0 1 4 65434 65422 8275 35693 8275 139 198 186 46 0 247 234 139 216 138 135 147 19 152 139 86
58636 3307 5724 1 44446 17 0 1 4 65434 65422 8275 35693 8275 186 46 0 247 234 139 216 138 135 147 19 152 139 86 254 3
58639 3307 5727 1 44446 17 46 1 4 65434 65422 8275 35693 8275 247 234 139 216 138 135 147 19 152 139 86 254 3 208 139 94
58641 3307 5729 46 44446 17 0 1 4 65434 65422 8275 35693 8275 139 216 138 135 147 19 152 139 86 254 3 208 139 94 252 59
58643 3307 5731 46 46 17 0 1 4 65434 65422 8275 35693 8275 138 135 147 19 152 139 86 254 3 208 139 94 252 59 23 116
58647 3307 5735 253 46 17 0 1 4 65434 65422 8275 35693 8275 152 139 86 254 3 208 139 94 252 59 23 116 3 233 131 0
58648 3307 5736 65533 46 17 0 1 4 65434 65422 8275 35693 8275 139 86 254 3 208 139 94 252 59 23 116 3 233 131 0 139
58651 3307 5739 65533 46 17 3 1 4 65434 65422 8275 35693 8275 3 208 139 94 252 59 23 116 3 233 131 0 139 198 186 46
58653 3307 5741 65533 46 17 0 1 4 65434 65422 8275 35693 8275 139 94 252 59 23 116 3 233 131 0 139 198 186 46 0 247
58656 3307 5744 65533 44446 17 0 1 4 65434 65422 8275 35693 8275 59 23 116 3 233 131 0 139 198 186 46 0 247 234 139 216
58658 3307 5746 65533 44446 17 0 1 4 65434 65422 8275 35693 8275 116 3 233 131 0 139 198 186 46 0 247 234 139 216 138 135
58660 3307 5748 65533 44446 17 0 1 4 65434 65422 8275 35693 8275 233 131 0 139 198 186 46 0 247 234 139 216 138 135 219 18
58794 3307 5882 65533 44446 17 0 1 4 65434 65422 8275 35693 8275 65 160 126 237 180 0 59 193 126 3 233 233 248 95 94 139
58795 3307 5883 65533 44446 18 0 1 4 65434 65422 8275 35693 8275 160 126 237 180 0 59 193 126 3 233 233 248 95 94 139 229
58798 3307 5886 65302 44446 18 0 1 4 65434 65422 8275 35693 8275 180 0 59 193 126 3 233 233 248 95 94 139 229 93 203 85
58800 3307 5888 22 44446 18 0 1 4 65434 65422 8275 35693 8275 59 193 126 3 233 233 248 95 94 139 229 93 203 85 139 236
58802 3307 5890 22 44446 18 0 1 4 65434 65422 8275 35693 8275 126 3 233 233 248 95 94 139 229 93 203 85 139 236 128 62
58804 3307 5892 22 44446 18 0 1 4 65434 65422 8275 35693 8275 233 233 248 95 94 139 229 93 203 85 139 236 128 62 3 233
56992 3307 4080 22 44446 18 0 1 4 65434 65422 8275 35693 8275 139 193 209 224 5 124 173 137 70 252 139 193 209 224 5 208
56994 3307 4082 18 44446 18 0 1 4 65434 65422 8275 35693 8275 209 224 5 124 173 137 70 252 139 193 209 224 5 208 174 137
56996 3307 4084 36 44446 18 0 1 4 65434 65422 8275 35693 8275 5 124 173 137 70 252 139 193 209 224 5 208 174 137 70 250
56999 3307 4087 44448 44446 18 0 1 4 65434 65422 8275 35693 8275 137 70 252 139 193 209 224 5 208 174 137 70 250 139 193 209
57002 3307 4090 44448 44446 18 0 1 4 65434 65422 8275 35693 8275 139 193 209 224 5 208 174 137 70 250 139 193 209 224 5 204
57004 3307 4092 18 44446 18 0 1 4 65434 65422 8275 35693 8275 209 224 5 208 174 137 70 250 139 193 209 224 5 204 178 137
57006 3307 4094 36 44446 18 0 1 4 65434 65422 8275 35693 8275 5 208 174 137 70 250 139 193 209 224 5 204 178 137 70 248
57009 3307 4097 44788 44446 18 0 1 4 65434 65422 8275 35693 8275 137 70 250 139 193 209 224 5 204 178 137 70 248 139 198 186
57012 3307 4100 44788 44446 18 0 1 4 65434 65422 8275 35693 8275 139 193 209 224 5 204 178 137 70 248 139 198 186 46 0 247
57014 3307 4102 18 44446 18 0 1 4 65434 65422 8275 35693 8275 209 224 5 204 178 137 70 248 139 198 186 46 0 247 234 139
57016 3307 4104 36 44446 18 0 1 4 65434 65422 8275 35693 8275 5 204 178 137 70 248 139 198 186 46 0 247 234 139 216 138
57019 3307 4107 45808 44446 18 0 1 4 65434 65422 8275 35693 8275 137 70 248 139 198 186 46 0 247 234 139 216 138 135 118 19
57022 3307 4110 45808 44446 18 0 1 4 65434 65422 8275 35693 8275 139 198 186 46 0 247 234 139 216 138 135 118 19 152 139 86
57024 3307 4112 1 44446 18 0 1 4 65434 65422 8275 35693 8275 186 46 0 247 234 139 216 138 135 118 19 152 139 86 254 3
57027 3307 4115 1 44446 18 46 1 4 65434 65422 8275 35693 8275 247 234 139 216 138 135 118 19 152 139 86 254 3 208 139 94
57029 3307 4117 46 44446 18 0 1 4 65434 65422 8275 35693 8275 139 216 138 135 118 19 152 139 86 254 3 208 139 94 252 59
57031 3307 4119 46 46 18 0 1 4 65434 65422 8275 35693 8275 138 135 118 19 152 139 86 254 3 208 139 94 252 59 23 117
57035 3307 4123 0 46 18 0 1 4 65434 65422 8275 35693 8275 152 139 86 254 3 208 139 94 252 59 23 117 84 139 198 186
57036 3307 4124 0 46 18 0 1 4 65434 65422 8275 35693 8275 139 86 254 3 208 139 94 252 59 23 117 84 139 198 186 46
57039 3307 4127 0 46 18 3 1 4 65434 65422 8275 35693 8275 3 208 139 94 252 59 23 117 84 139 198 186 46 0 247 234
57041 3307 4129 0 46 18 3 1 4 65434 65422 8275 35693 8275 139 94 252 59 23 117 84 139 198 186 46 0 247 234 139 216
57044 3307 4132 0 44448 18 3 1 4 65434 65422 8275 35693 8275 59 23 117 84 139 198 186 46 0 247 234 139 216 138 135 190
57046 3307 4134 0 44448 18 3 1 4 65434 65422 8275 35693 8275 117 84 139 198 186 46 0 247 234 139 216 138 135 190 18 152
57132 3307 4220 0 44448 18 3 1 4 65434 65422 8275 35693 8275 139 198 186 46 0 247 234 139 216 138 135 123 19 152 139 86
57134 3307 4222 1 44448 18 3 1 4 65434 65422 8275 35693 8275 186 46 0 247 234 139 216 138 135 123 19 152 139 86 254 3
57137 3307 4225 1 44448 18 46 1 4 65434 65422 8275 35693 8275 247 234 139 216 138 135 123 19 152 139 86 254 3 208 139 94
57139 3307 4227 46 44448 18 0 1 4 65434 65422 8275 35693 8275 139 216 138 135 123 19 152 139 86 254 3 208 139 94 252 59
57141 3307 4229 46 46 18 0 1 4 65434 65422 8275 35693 8275 138 135 123 19 152 139 86 254 3 208 139 94 252 59 23 117
57145 3307 4233 255 46 18 0 1 4 65434 65422 8275 35693 8275 152 139 86 254 3 208 139 94 252 59 23 117 93 139 198 186
57146 3307 4234 65535 46 18 0 1 4 65434 65422 8275 35693 8275 139 86 254 3 208 139 94 252 59 23 117 93 139 198 186 46
57149 3307 4237 65535 46 18 3 1 4 65434 65422 8275 35693 8275 3 208 139 94 252 59 23 117 93 139 198 186 46 0 247 234
57151 3307 4239 65535 46 18 2 1 4 65434 65422 8275 35693 8275 139 94 252 59 23 117 93 139 198 186 46 0 247 234 139 216
57154 3307 4242 65535 44448 18 2 1 4 65434 65422 8275 35693 8275 59 23 117 93 139 198 186 46 0 247 234 139 216 138 135 195
57156 3307 4244 65535 44448 18 2 1 4 65434 65422 8275 35693 8275 117 93 139 198 186 46 0 247 234 139 216 138 135 195 18 152
57251 3307 4339 65535 44448 18 2 1 4 65434 65422 8275 35693 8275 139 198 186 46 0 247 234 139 216 138 135 121 19 152 139 86
57253 3307 4341 1 44448 18 2 1 4 65434 65422 8275 35693 8275 186 46 0 247 234 139 216 138 135 121 19 152 139 86 254 3
57256 3307 4344 1 44448 18 46 1 4 65434 65422 8275 35693 8275 247 234 139 216 138 135 121 19 152 139 86 254 3 208 139 94
57258 3307 4346 46 44448 18 0 1 4 65434 65422 8275 35693 8275 139 216 138 135 121 19 152 139 86 254 3 208 139 94 252 59
57260 3307 4348 46 46 18 0 1 4 65434 65422 8275 35693 8275 138 135 121 19 152 139 86 254 3 208 139 94 252 59 23 117
57264 3307 4352 255 46 18 0 1 4 65434 65422 8275 35693 8275 152 139 86 254 3 208 139 94 252 59 23 117 103 139 198 186
57265 3307 4353 65535 46 18 0 1 4 65434 65422 8275 35693 8275 139 86 254 3 208 139 94 252 59 23 117 103 139 198 186 46
57268 3307 4356 65535 46 18 3 1 4 65434 65422 8275 35693 8275 3 208 139 94 252 59 23 117 103 139 198 186 46 0 247 234
57270 3307 4358 65535 46 18 2 1 4 65434 65422 8275 35693 8275 139 94 252 59 23 117 103 139 198 186 46 0 247 234 139 216
57273 3307 4361 65535 44448 18 2 1 4 65434 65422 8275 35693 8275 59 23 117 103 139 198 186 46 0 247 234 139 216 138 135 193
57275 3307 4363 65535 44448 18 2 1 4 65434 65422 8275 35693 8275 117 103 139 198 186 46 0 247 234 139 216 138 135 193 18 152
57380 3307 4468 65535 44448 18 2 1 4 65434 65422 8275 35693 8275 139 198 186 46 0 247 234 139 216 138 135 125 19 152 139 86
57382 3307 4470 1 44448 18 2 1 4 65434 65422 8275 35693 8275 186 46 0 247 234 139 216 138 135 125 19 152 139 86 254 3
57385 3307 4473 1 44448 18 46 1 4 65434 65422 8275 35693 8275 247 234 139 216 138 135 125 19 152 139 86 254 3 208 139 94
57387 3307 4475 46 44448 18 0 1 4 65434 65422 8275 35693 8275 139 216 138 135 125 19 152 139 86 254 3 208 139 94 252 59
57389 3307 4477 46 46 18 0 1 4 65434 65422 8275 35693 8275 138 135 125 19 152 139 86 254 3 208 139 94 252 59 23 117
57393 3307 4481 255 46 18 0 1 4 65434 65422 8275 35693 8275 152 139 86 254 3 208 139 94 252 59 23 117 103 139 198 186
57394 3307 4482 65535 46 18 0 1 4 65434 65422 8275 35693 8275 139 86 254 3 208 139 94 252 59 23 117 103 139 198 186 46
57397 3307 4485 65535 46 18 3 1 4 65434 65422 8275 35693 8275 3 208 139 94 252 59 23 117 103 139 198 186 46 0 247 234
57399 3307 4487 65535 46 18 2 1 4 65434 65422 8275 35693 8275 139 94 252 59 23 117 103 139 198 186 46 0 247 234 139 216
57402 3307 4490 65535 44448 18 2 1 4 65434 65422 8275 35693 8275 59 23 117 103 139 198 186 46 0 247 234 139 216 138 135 197
57404 3307 4492 65535 44448 18 2 1 4 65434 65422 8275 35693 8275 117 103 139 198 186 46 0 247 234 139 216 138 135 197 18 152
57509 3307 4597 65535 44448 18 2 1 4 65434 65422 8275 35693 8275 139 198 186 46 0 247 234 139 216 138 135 130 19 152 139 86
57511 3307 4599 1 44448 18 2 1 4 65434 65422 8275 35693 8275 186 46 0 247 234 139 216 138 135 130 19 152 139 86 254 3
57514 3307 4602 1 44448 18 46 1 4 65434 65422 8275 35693 8275 247 234 139 216 138 135 130 19 152 139 86 254 3 208 139 94
57516 3307 4604 46 44448 18 0 1 4 65434 65422 8275 35693 8275 139 216 138 135 130 19 152 139 86 254 3 208 139 94 252 59
57518 3307 4606 46 46 18 0 1 4 65434 65422 8275 35693 8275 138 135 130 19 152 139 86 254 3 208 139 94 252 59 23 117
57522 3307 4610 254 46 18 0 1 4 65434 65422 8275 35693 8275 152 139 86 254 3 208 139 94 252 59 23 117 102 139 198 186
57523 3307 4611 65534 46 18 0 1 4 65434 65422 8275 35693 8275 139 86 254 3 208 139 94 252 59 23 117 102 139 198 186 46
57526 3307 4614 65534 46 18 3 1 4 65434 65422 8275 35693 8275 3 208 139 94 252 59 23 117 102 139 198 186 46 0 247 234
57528 3307 4616 65534 46 18 1 1 4 65434 65422 8275 35693 8275 139 94 252 59 23 117 102 139 198 186 46 0 247 234 139 216
57531 3307 4619 65534 44448 18 1 1 4 65434 65422 8275 35693 8275 59 23 117 102 139 198 186 46 0 247 234 139 216 138 135 202
57533 3307 4621 65534 44448 18 1 1 4 65434 65422 8275 35693 8275 117 102 139 198 186 46 0 247 234 139 216 138 135 202 18 152
57637 3307 4725 65534 44448 18 1 1 4 65434 65422 8275 35693 8275 139 198 186 46 0 247 234 139 216 138 135 128 19 152 139 86
57639 3307 4727 1 44448 18 1 1 4 65434 65422 8275 35693 8275 186 46 0 247 234 139 216 138 135 128 19 152 139 86 254 3
57642 3307 4730 1 44448 18 46 1 4 65434 65422 8275 35693 8275 247 234 139 216 138 135 128 19 152 139 86 254 3 208 139 94
57644 3307 4732 46 44448 18 0 1 4 65434 65422 8275 35693 8275 139 216 138 135 128 19 152 139 86 254 3 208 139 94 252 59
57646 3307 4734 46 46 18 0 1 4 65434 65422 8275 35693 8275 138 135 128 19 152 139 86 254 3 208 139 94 252 59 23 116
57650 3307 4738 254 46 18 0 1 4 65434 65422 8275 35693 8275 152 139 86 254 3 208 139 94 252 59 23 116 3 233 131 0
57651 3307 4739 65534 46 18 0 1 4 65434 65422 8275 35693 8275 139 86 254 3 208 139 94 252 59 23 116 3 233 131 0 139
57654 3307 4742 65534 46 18 3 1 4 65434 65422 8275 35693 8275 3 208 139 94 252 59 23 116 3 233 131 0 139 198 186 46
57656 3307 4744 65534 46 18 1 1 4 65434 65422 8275 35693 8275 139 94 252 59 23 116 3 233 131 0 139 198 186 46 0 247
57659 3307 4747 65534 44448 18 1 1 4 65434 65422 8275 35693 8275 59 23 116 3 233 131 0 139 198 186 46 0 247 234 139 216
57661 3307 4749 65534 44448 18 1 1 4 65434 65422 8275 35693 8275 116 3 233 131 0 139 198 186 46 0 247 234 139 216 138 135
57663 3307 4751 65534 44448 18 1 1 4 65434 65422 8275 35693 8275 233 131 0 139 198 186 46 0 247 234 139 216 138 135 200 18
57797 3307 4885 65534 44448 18 1 1 4 65434 65422 8275 35693 8275 139 198 186 46 0 247 234 139 216 138 135 132 19 152 139 86
57799 3307 4887 1 44448 18 1 1 4 65434 65422 8275 35693 8275 186 46 0 247 234 139 216 138 135 132 19 152 139 86 254 3
57802 3307 4890 1 44448 18 46 1 4 65434 65422 8275 35693 8275 247 234 139 216 138 135 132 19 152 139 86 254 3 208 139 94
57804 3307 4892 46 44448 18 0 1 4 65434 65422 8275 35693 8275 139 216 138 135 132 19 152 139 86 254 3 208 139 94 252 59
57806 3307 4894 46 46 18 0 1 4 65434 65422 8275 35693 8275 138 135 132 19 152 139 86 254 3 208 139 94 252 59 23 116
57810 3307 4898 254 46 18 0 1 4 65434 65422 8275 35693 8275 152 139 86 254 3 208 139 94 252 59 23 116 3 233 131 0
57811 3307 4899 65534 46 18 0 1 4 65434 65422 8275 35693 8275 139 86 254 3 208 139 94 252 59 23 116 3 233 131 0 139
57814 3307 4902 65534 46 18 3 1 4 65434 65422 8275 35693 8275 3 208 139 94 252 59 23 116 3 233 131 0 139 198 186 46
57816 3307 4904 65534 46 18 1 1 4 65434 65422 8275 35693 8275 139 94 252 59 23 116 3 233 131 0 139 198 186 46 0 247
57819 3307 4907 65534 44448 18 1 1 4 65434 65422 8275 35693 8275 59 23 116 3 233 131 0 139 198 186 46 0 247 234 139 216
57821 3307 4909 65534 44448 18 1 1 4 65434 65422 8275 35693 8275 116 3 233 131 0 139 198 186 46 0 247 234 139 216 138 135
57823 3307 4911 65534 44448 18 1 1 4 65434 65422 8275 35693 8275 233 131 0 139 198 186 46 0 247 234 139 216 138 135 204 18
57957 3307 5045 65534 44448 18 1 1 4 65434 65422 8275 35693 8275 139 198 186 46 0 247 234 139 216 138 135 143 19 152 139 86
57959 3307 5047 1 44448 18 1 1 4 65434 65422 8275 35693 8275 186 46 0 247 234 139 216 138 135 143 19 152 139 86 254 3
57962 3307 5050 1 44448 18 46 1 4 65434 65422 8275 35693 8275 247 234 139 216 138 135 143 19 152 139 86 254 3 208 139 94
57964 3307 5052 46 44448 18 0 1 4 65434 65422 8275 35693 8275 139 216 138 135 143 19 152 139 86 254 3 208 139 94 252 59
57966 3307 5054 46 46 18 0 1 4 65434 65422 8275 35693 8275 138 135 143 19 152 139 86 254 3 208 139 94 252 59 23 117
57970 3307 5058 253 46 18 0 1 4 65434 65422 8275 35693 8275 152 139 86 254 3 208 139 94 252 59 23 117 111 139 198 186
57971 3307 5059 65533 46 18 0 1 4 65434 65422 8275 35693 8275 139 86 254 3 208 139 94 252 59 23 117 111 139 198 186 46
57974 3307 5062 65533 46 18 3 1 4 65434 65422 8275 35693 8275 3 208 139 94 252 59 23 117 111 139 198 186 46 0 247 234
57976 3307 5064 65533 46 18 0 1 4 65434 65422 8275 35693 8275 139 94 252 59 23 117 111 139 198 186 46 0 247 234 139 216
57979 3307 5067 65533 44448 18 0 1 4 65434 65422 8275 35693 8275 59 23 117 111 139 198 186 46 0 247 234 139 216 138 135 215
57981 3307 5069 65533 44448 18 0 1 4 65434 65422 8275 35693 8275 117 111 139 198 186 46 0 247 234 139 216 138 135 215 18 152
58094 3307 5182 65533 44448 18 0 1 4 65434 65422 8275 35693 8275 139 198 186 46 0 247 234 139 216 138 135 141 19 152 139 86
58096 3307 5184 1 44448 18 0 1 4 65434 65422 8275 35693 8275 186 46 0 247 234 139 216 138 135 141 19 152 139 86 254 3
58099 3307 5187 1 44448 18 46 1 4 65434 65422 8275 35693 8275 247 234 139 216 138 135 141 19 152 139 86 254 3 208 139 94
58101 3307 5189 46 44448 18 0 1 4 65434 65422 8275 35693 8275 139 216 138 135 141 19 152 139 86 254 3 208 139 94 252 59
58103 3307 5191 46 46 18 0 1 4 65434 65422 8275 35693 8275 138 135 141 19 152 139 86 254 3 208 139 94 252 59 23 116
58107 3307 5195 253 46 18 0 1 4 65434 65422 8275 35693 8275 152 139 86 254 3 208 139 94 252 59 23 116 3 233 161 0
58108 3307 5196 65533 46 18 0 1 4 65434 65422 8275 35693 8275 139 86 254 3 208 139 94 252 59 23 116 3 233 161 0 139
58111 3307 5199 65533 46 18 3 1 4 65434 65422 8275 35693 8275 3 208 139 94 252 59 23 116 3 233 161 0 139 198 186 46
58113 3307 5201 65533 46 18 0 1 4 65434 65422 8275 35693 8275 139 94 252 59 23 116 3 233 161 0 139 198 186 46 0 247
58116 3307 5204 65533 44448 18 0 1 4 65434 65422 8275 35693 8275 59 23 116 3 233 161 0 139 198 186 46 0 247 234 139 216
58118 3307 5206 65533 44448 18 0 1 4 65434 65422 8275 35693 8275 116 3 233 161 0 139 198 186 46 0 247 234 139 216 138 135
58120 3307 5208 65533 44448 18 0 1 4 65434 65422 8275 35693 8275 233 161 0 139 198 186 46 0 247 234 139 216 138 135 213 18
58284 3307 5372 65533 44448 18 0 1 4 65434 65422 8275 35693 8275 139 198 186 46 0 247 234 139 216 138 135 139 19 152 139 86
58286 3307 5374 1 44448 18 0 1 4 65434 65422 8275 35693 8275 186 46 0 247 234 139 216 138 135 139 19 152 139 86 254 3
58289 3307 5377 1 44448 18 46 1 4 65434 65422 8275 35693 8275 247 234 139 216 138 135 139 19 152 139 86 254 3 208 139 94
58291 3307 5379 46 44448 18 0 1 4 65434 65422 8275 35693 8275 139 216 138 135 139 19 152 139 86 254 3 208 139 94 252 59
58293 3307 5381 46 46 18 0 1 4 65434 65422 8275 35693 8275 138 135 139 19 152 139 86 254 3 208 139 94 252 59 23 116
58297 3307 5385 253 46 18 0 1 4 65434 65422 8275 35693 8275 152 139 86 254 3 208 139 94 252 59 23 116 3 233 131 0
58298 3307 5386 65533 46 18 0 1 4 65434 65422 8275 35693 8275 139 86 254 3 208 139 94 252 59 23 116 3 233 131 0 139
58301 3307 5389 65533 46 18 3 1 4 65434 65422 8275 35693 8275 3 208 139 94 252 59 23 116 3 233 131 0 139 198 186 46
58303 3307 5391 65533 46 18 0 1 4 65434 65422 8275 35693 8275 139 94 252 59 23 116 3 233 131 0 139 198 186 46 0 247
58306 3307 5394 65533 44448 18 0 1 4 65434 65422 8275 35693 8275 59 23 116 3 233 131 0 139 198 186 46 0 247 234 139 216
58308 3307 5396 65533 44448 18 0 1 4 65434 65422 8275 35693 8275 116 3 233 131 0 139 198 186 46 0 247 234 139 216 138 135
58310 3307 5398 65533 44448 18 0 1 4 65434 65422 8275 35693 8275 233 131 0 139 198 186 46 0 247 234 139 216 138 135 211 18
58444 3307 5532 65533 44448 18 0 1 4 65434 65422 8275 35693 8275 139 198 186 46 0 247 234 139 216 138 135 145 19 152 139 86
58446 3307 5534 1 44448 18 0 1 4 65434 65422 8275 35693 8275 186 46 0 247 234 139 216 138 135 145 19 152 139 86 254 3
58449 3307 5537 1 44448 18 46 1 4 65434 65422 8275 35693 8275 247 234 139 216 138 135 145 19 152 139 86 254 3 208 139 94
58451 3307 5539 46 44448 18 0 1 4 65434 65422 8275 35693 8275 139 216 138 135 145 19 152 139 86 254 3 208 139 94 252 59
58453 3307 5541 46 46 18 0 1 4 65434 65422 8275 35693 8275 138 135 145 19 152 139 86 254 3 208 139 94 252 59 23 116
58457 3307 5545 253 46 18 0 1 4 65434 65422 8275 35693 8275 152 139 86 254 3 208 139 94 252 59 23 116 3 233 161 0
58458 3307 5546 65533 46 18 0 1 4 65434 65422 8275 35693 8275 139 86 254 3 208 139 94 252 59 23 116 3 233 161 0 139
58461 3307 5549 65533 46 18 3 1 4 65434 65422 8275 35693 8275 3 208 139 94 252 59 23 116 3 233 161 0 139 198 186 46
58463 3307 5551 65533 46 18 0 1 4 65434 65422 8275 35693 8275 139 94 252 59 23 116 3 233 161 0 139 198 186 46 0 247
58466 3307 5554 65533 44448 18 0 1 4 65434 65422 8275 35693 8275 59 23 116 3 233 161 0 139 198 186 46 0 247 234 139 216
58468 3307 5556 65533 44448 18 0 1 4 65434 65422 8275 35693 8275 116 3 233 161 0 139 198 186 46 0 247 234 139 216 138 135
58470 3307 5558 65533 44448 18 0 1 4 65434 65422 8275 35693 8275 233 161 0 139 198 186 46 0 247 234 139 216 138 135 217 18
58634 3307 5722 65533 44448 18 0 1 4 65434 65422 8275 35693 8275 139 198 186 46 0 247 234 139 216 138 135 147 19 152 139 86
58636 3307 5724 1 44448 18 0 1 4 65434 65422 8275 35693 8275 186 46 0 247 234 139 216 138 135 147 19 152 139 86 254 3
58639 3307 5727 1 44448 18 46 1 4 65434 65422 8275 35693 8275 247 234 139 216 138 135 147 19 152 139 86 254 3 208 139 94
58641 3307 5729 46 44448 18 0 1 4 65434 65422 8275 35693 8275 139 216 138 135 147 19 152 139 86 254 3 208 139 94 252 59
58643 3307 5731 46 46 18 0 1 4 65434 65422 8275 35693 8275 138 135 147 19 152 139 86 254 3 208 139 94 252 59 23 116
58647 3307 5735 253 46 18 0 1 4 65434 65422 8275 35693 8275 152 139 86 254 3 208 139 94 252 59 23 116 3 233 131 0
58648 3307 5736 65533 46 18 0 1 4 65434 65422 8275 35693 8275 139 86 254 3 208 139 94 252 59 23 116 3 233 131 0 139
58651 3307 5739 65533 46 18 3 1 4 65434 65422 8275 35693 8275 3 208 139 94 252 59 23 116 3 233 131 0 139 198 186 46
58653 3307 5741 65533 46 18 0 1 4 65434 65422 8275 35693 8275 139 94 252 59 23 116 3 233 131 0 139 198 186 46 0 247
58656 3307 5744 65533 44448 18 0 1 4 65434 65422 8275 35693 8275 59 23 116 3 233 131 0 139 198 186 46 0 247 234 139 216
58658 3307 5746 65533 44448 18 0 1 4 65434 65422 8275 35693 8275 116 3 233 131 0 139 198 186 46 0 247 234 139 216 138 135
58660 3307 5748 65533 44448 18 0 1 4 65434 65422 8275 35693 8275 233 131 0 139 198 186 46 0 247 234 139 216 138 135 219 18
58794 3307 5882 65533 44448 18 0 1 4 65434 65422 8275 35693 8275 65 160 126 237 180 0 59 193 126 3 233 233 248 95 94 139
58795 3307 5883 65533 44448 19 0 1 4 65434 65422 8275 35693 8275 160 126 237 180 0 59 193 126 3 233 233 248 95 94 139 229
58798 3307 5886 65302 44448 19 0 1 4 65434 65422 8275 35693 8275 180 0 59 193 126 3 233 233 248 95 94 139 229 93 203 85
58800 3307 5888 22 44448 19 0 1 4 65434 65422 8275 35693 8275 59 193 126 3 233 233 248 95 94 139 229 93 203 85 139 236
58802 3307 5890 22 44448 19 0 1 4 65434 65422 8275 35693 8275 126 3 233 233 248 95 94 139 229 93 203 85 139 236 128 62
58804 3307 5892 22 44448 19 0 1 4 65434 65422 8275 35693 8275 233 233 248 95 94 139 229 93 203 85 139 236 128 62 3 233
56992 3307 4080 22 44448 19 0 1 4 65434 65422 8275 35693 8275 139 193 209 224 5 124 173 137 70 252 139 193 209 224 5 208
56994 3307 4082 19 44448 19 0 1 4 65434 65422 8275 35693 8275 209 224 5 124 173 137 70 252 139 193 209 224 5 208 174 137
56996 3307 4084 38 44448 19 0 1 4 65434 65422 8275 35693 8275 5 124 173 137 70 252 139 193 209 224 5 208 174 137 70 250
56999 3307 4087 44450 44448 19 0 1 4 65434 65422 8275 35693 8275 137 70 252 139 193 209 224 5 208 174 137 70 250 139 193 209
57002 3307 4090 44450 44448 19 0 1 4 65434 65422 8275 35693 8275 139 193 209 224 5 208 174 137 70 250 139 193 209 224 5 204
57004 3307 4092 19 44448 19 0 1 4 65434 65422 8275 35693 8275 209 224 5 208 174 137 70 250 139 193 209 224 5 204 178 137
57006 3307 4094 38 44448 19 0 1 4 65434 65422 8275 35693 8275 5 208 174 137 70 250 139 193 209 224 5 204 178 137 70 248
57009 3307 4097 44790 44448 19 0 1 4 65434 65422 8275 35693 8275 137 70 250 139 193 209 224 5 204 178 137 70 248 139 198 186
57012 3307 4100 44790 44448 19 0 1 4 65434 65422 8275 35693 8275 139 193 209 224 5 204 178 137 70 248 139 198 186 46 0 247
57014 3307 4102 19 44448 19 0 1 4 65434 65422 8275 35693 8275 209 224 5 204 178 137 70 248 139 198 186 46 0 247 234 139
57016 3307 4104 38 44448 19 0 1 4 65434 65422 8275 35693 8275 5 204 178 137 70 248 139 198 186 46 0 247 234 139 216 138
57019 3307 4107 45810 44448 19 0 1 4 65434 65422 8275 35693 8275 137 70 248 139 198 186 46 0 247 234 139 216 138 135 118 19
57022 3307 4110 45810 44448 19 0 1 4 65434 65422 8275 35693 8275 139 198 186 46 0 247 234 139 216 138 135 118 19 152 139 86
57024 3307 4112 1 44448 19 0 1 4 65434 65422 8275 35693 8275 186 46 0 247 234 139 216 138 135 118 19 152 139 86 254 3
57027 3307 4115 1 44448 19 46 1 4 65434 65422 8275 35693 8275 247 234 139 216 138 135 118 19 152 139 86 254 3 208 139 94
57029 3307 4117 46 44448 19 0 1 4 65434 65422 8275 35693 8275 139 216 138 135 118 19 152 139 86 254 3 208 139 94 252 59
57031 3307 4119 46 46 19 0 1 4 65434 65422 8275 35693 8275 138 135 118 19 152 139 86 254 3 208 139 94 252 59 23 117
57035 3307 4123 0 46 19 0 1 4 65434 65422 8275 35693 8275 152 139 86 254 3 208 139 94 252 59 23 117 84 139 198 186
57036 3307 4124 0 46 19 0 1 4 65434 65422 8275 35693 8275 139 86 254 3 208 139 94 252 59 23 117 84 139 198 186 46
57039 3307 4127 0 46 19 3 1 4 65434 65422 8275 35693 8275 3 208 139 94 252 59 23 117 84 139 198 186 46 0 247 234
57041 3307 4129 0 46 19 3 1 4 65434 65422 8275 35693 8275 139 94 252 59 23 117 84 139 198 186 46 0 247 234 139 216
57044 3307 4132 0 44450 19 3 1 4 65434 65422 8275 35693 8275 59 23 117 84 139 198 186 46 0 247 234 139 216 138 135 190
57046 3307 4134 0 44450 19 3 1 4 65434 65422 8275 35693 8275 117 84 139 198 186 46 0 247 234 139 216 138 135 190 18 152
57132 3307 4220 0 44450 19 3 1 4 65434 65422 8275 35693 8275 139 198 186 46 0 247 234 139 216 138 135 123 19 152 139 86
57134 3307 4222 1 44450 19 3 1 4 65434 65422 8275 35693 8275 186 46 0 247 234 139 216 138 135 123 19 152 139 86 254 3
57137 3307 4225 1 44450 19 46 1 4 65434 65422 8275 35693 8275 247 234 139 216 138 135 123 19 152 139 86 254 3 208 139 94
57139 3307 4227 46 44450 19 0 1 4 65434 65422 8275 35693 8275 139 216 138 135 123 19 152 139 86 254 3 208 139 94 252 59
57141 3307 4229 46 46 19 0 1 4 65434 65422 8275 35693 8275 138 135 123 19 152 139 86 254 3 208 139 94 252 59 23 117
57145 3307 4233 255 46 19 0 1 4 65434 65422 8275 35693 8275 152 139 86 254 3 208 139 94 252 59 23 117 93 139 198 186
57146 3307 4234 65535 46 19 0 1 4 65434 65422 8275 35693 8275 139 86 254 3 208 139 94 252 59 23 117 93 139 198 186 46
57149 3307 4237 65535 46 19 3 1 4 65434 65422 8275 35693 8275 3 208 139 94 252 59 23 117 93 139 198 186 46 0 247 234
57151 3307 4239 65535 46 19 2 1 4 65434 65422 8275 35693 8275 139 94 252 59 23 117 93 139 198 186 46 0 247 234 139 216
57154 3307 4242 65535 44450 19 2 1 4 65434 65422 8275 35693 8275 59 23 117 93 139 198 186 46 0 247 234 139 216 138 135 195
57156 3307 4244 65535 44450 19 2 1 4 65434 65422 8275 35693 8275 117 93 139 198 186 46 0 247 234 139 216 138 135 195 18 152
57251 3307 4339 65535 44450 19 2 1 4 65434 65422 8275 35693 8275 139 198 186 46 0 247 234 139 216 138 135 121 19 152 139 86
57253 3307 4341 1 44450 19 2 1 4 65434 65422 8275 35693 8275 186 46 0 247 234 139 216 138 135 121 19 152 139 86 254 3
57256 3307 4344 1 44450 19 46 1 4 65434 65422 8275 35693 8275 247 234 139 216 138 135 121 19 152 139 86 254 3 208 139 94
57258 3307 4346 46 44450 19 0 1 4 65434 65422 8275 35693 8275 139 216 138 135 121 19 152 139 86 254 3 208 139 94 252 59
57260 3307 4348 46 46 19 0 1 4 65434 65422 8275 35693 8275 138 135 121 19 152 139 86 254 3 208 139 94 252 59 23 117
57264 3307 4352 255 46 19 0 1 4 65434 65422 8275 35693 8275 152 139 86 254 3 208 139 94 252 59 23 117 103 139 198 186
57265 3307 4353 65535 46 19 0 1 4 65434 65422 8275 35693 8275 139 86 254 3 208 139 94 252 59 23 117 103 139 198 186 46
57268 3307 4356 65535 46 19 3 1 4 65434 65422 8275 35693 8275 3 208 139 94 252 59 23 117 103 139 198 186 46 0 247 234
57270 3307 4358 65535 46 19 2 1 4 65434 65422 8275 35693 8275 139 94 252 59 23 117 103 139 198 186 46 0 247 234 139 216
57273 3307 4361 65535 44450 19 2 1 4 65434 65422 8275 35693 8275 59 23 117 103 139 198 186 46 0 247 234 139 216 138 135 193
57275 3307 4363 65535 44450 19 2 1 4 65434 65422 8275 35693 8275 117 103 139 198 186 46 0 247 234 139 216 138 135 193 18 152
57380 3307 4468 65535 44450 19 2 1 4 65434 65422 8275 35693 8275 139 198 186 46 0 247 234 139 216 138 135 125 19 152 139 86
57382 3307 4470 1 44450 19 2 1 4 65434 65422 8275 35693 8275 186 46 0 247 234 139 216 138 135 125 19 152 139 86 254 3
57385 3307 4473 1 44450 19 46 1 4 65434 65422 8275 35693 8275 247 234 139 216 138 135 125 19 152 139 86 254 3 208 139 94
57387 3307 4475 46 44450 19 0 1 4 65434 65422 8275 35693 8275 139 216 138 135 125 19 152 139 86 254 3 208 139 94 252 59
57389 3307 4477 46 46 19 0 1 4 65434 65422 8275 35693 8275 138 135 125 19 152 139 86 254 3 208 139 94 252 59 23 117
57393 3307 4481 255 46 19 0 1 4 65434 65422 8275 35693 8275 152 139 86 254 3 208 139 94 252 59 23 117 103 139 198 186
57394 3307 4482 65535 46 19 0 1 4 65434 65422 8275 35693 8275 139 86 254 3 208 139 94 252 59 23 117 103 139 198 186 46
57397 3307 4485 65535 46 19 3 1 4 65434 65422 8275 35693 8275 3 208 139 94 252 59 23 117 103 139 198 186 46 0 247 234
57399 3307 4487 65535 46 19 2 1 4 65434 65422 8275 35693 8275 139 94 252 59 23 117 103 139 198 186 46 0 247 234 139 216
57402 3307 4490 65535 44450 19 2 1 4 65434 65422 8275 35693 8275 59 23 117 103 139 198 186 46 0 247 234 139 216 138 135 197
57404 3307 4492 65535 44450 19 2 1 4 65434 65422 8275 35693 8275 117 103 139 198 186 46 0 247 234 139 216 138 135 197 18 152
57509 3307 4597 65535 44450 19 2 1 4 65434 65422 8275 35693 8275 139 198 186 46 0 247 234 139 216 138 135 130 19 152 139 86
57511 3307 4599 1 44450 19 2 1 4 65434 65422 8275 35693 8275 186 46 0 247 234 139 216 138 135 130 19 152 139 86 254 3
57514 3307 4602 1 44450 19 46 1 4 65434 65422 8275 35693 8275 247 234 139 216 138 135 130 19 152 139 86 254 3 208 139 94
57516 3307 4604 46 44450 19 0 1 4 65434 65422 8275 35693 8275 139 216 138 135 130 19 152 139 86 254 3 208 139 94 252 59
57518 3307 4606 46 46 19 0 1 4 65434 65422 8275 35693 8275 138 135 130 19 152 139 86 254 3 208 139 94 252 59 23 117
57522 3307 4610 254 46 19 0 1 4 65434 65422 8275 35693 8275 152 139 86 254 3 208 139 94 252 59 23 117 102 139 198 186
57523 3307 4611 65534 46 19 0 1 4 65434 65422 8275 35693 8275 139 86 254 3 208 139 94 252 59 23 117 102 139 198 186 46
57526 3307 4614 65534 46 19 3 1 4 65434 65422 8275 35693 8275 3 208 139 94 252 59 23 117 102 139 198 186 46 0 247 234
57528 3307 4616 65534 46 19 1 1 4 65434 65422 8275 35693 8275 139 94 252 59 23 117 102 139 198 186 46 0 247 234 139 216
57531 3307 4619 65534 44450 19 1 1 4 65434 65422 8275 35693 8275 59 23 117 102 139 198 186 46 0 247 234 139 216 138 135 202
57533 3307 4621 65534 44450 19 1 1 4 65434 65422 8275 35693 8275 117 102 139 198 186 46 0 247 234 139 216 138 135 202 18 152
57637 3307 4725 65534 44450 19 1 1 4 65434 65422 8275 35693 8275 139 198 186 46 0 247 234 139 216 138 135 128 19 152 139 86
57639 3307 4727 1 44450 19 1 1 4 65434 65422 8275 35693 8275 186 46 0 247 234 139 216 138 135 128 19 152 139 86 254 3
57642 3307 4730 1 44450 19 46 1 4 65434 65422 8275 35693 8275 247 234 139 216 138 135 128 19 152 139 86 254 3 208 139 94
57644 3307 4732 46 44450 19 0 1 4 65434 65422 8275 35693 8275 139 216 138 135 128 19 152 139 86 254 3 208 139 94 252 59
57646 3307 4734 46 46 19 0 1 4 65434 65422 8275 35693 8275 138 135 128 19 152 139 86 254 3 208 139 94 252 59 23 116
57650 3307 4738 254 46 19 0 1 4 65434 65422 8275 35693 8275 152 139 86 254 3 208 139 94 252 59 23 116 3 233 131 0
57651 3307 4739 65534 46 19 0 1 4 65434 65422 8275 35693 8275 139 86 254 3 208 139 94 252 59 23 116 3 233 131 0 139
57654 3307 4742 65534 46 19 3 1 4 65434 65422 8275 35693 8275 3 208 139 94 252 59 23 116 3 233 131 0 139 198 186 46
57656 3307 4744 65534 46 19 1 1 4 65434 65422 8275 35693 8275 139 94 252 59 23 116 3 233 131 0 139 198 186 46 0 247
57659 3307 4747 65534 44450 19 1 1 4 65434 65422 8275 35693 8275 59 23 116 3 233 131 0 139 198 186 46 0 247 234 139 216
57661 3307 4749 65534 44450 19 1 1 4 65434 65422 8275 35693 8275 116 3 233 131 0 139 198 186 46 0 247 234 139 216 138 135
57663 3307 4751 65534 44450 19 1 1 4 65434 65422 8275 35693 8275 233 131 0 139 198 186 46 0 247 234 139 216 138 135 200 18
57797 3307 4885 65534 44450 19 1 1 4 65434 65422 8275 35693 8275 139 198 186 46 0 247 234 139 216 138 135 132 19 152 139 86
57799 3307 4887 1 44450 19 1 1 4 65434 65422 8275 35693 8275 186 46 0 247 234 139 216 138 135 132 19 152 139 86 254 3
57802 3307 4890 1 44450 19 46 1 4 65434 65422 8275 35693 8275 247 234 139 216 138 135 132 19 152 139 86 254 3 208 139 94
57804 3307 4892 46 44450 19 0 1 4 65434 65422 8275 35693 8275 139 216 138 135 132 19 152 139 86 254 3 208 139 94 252 59
57806 3307 4894 46 46 19 0 1 4 65434 65422 8275 35693 8275 138 135 132 19 152 139 86 254 3 208 139 94 252 59 23 116
57810 3307 4898 254 46 19 0 1 4 65434 65422 8275 35693 8275 152 139 86 254 3 208 139 94 252 59 23 116 3 233 131 0
57811 3307 4899 65534 46 19 0 1 4 65434 65422 8275 35693 8275 139 86 254 3 208 139 94 252 59 23 116 3 233 131 0 139
57814 3307 4902 65534 46 19 3 1 4 65434 65422 8275 35693 8275 3 208 139 94 252 59 23 116 3 233 131 0 139 198 186 46
57816 3307 4904 65534 46 19 1 1 4 65434 65422 8275 35693 8275 139 94 252 59 23 116 3 233 131 0 139 198 186 46 0 247
57819 3307 4907 65534 44450 19 1 1 4 65434 65422 8275 35693 8275 59 23 116 3 233 131 0 139 198 186 46 0 247 234 139 216
57821 3307 4909 65534 44450 19 1 1 4 65434 65422 8275 35693 8275 116 3 233 131 0 139 198 186 46 0 247 234 139 216 138 135
57823 3307 4911 65534 44450 19 1 1 4 65434 65422 8275 35693 8275 233 131 0 139 198 186 46 0 247 234 139 216 138 135 204 18
57957 3307 5045 65534 44450 19 1 1 4 65434 65422 8275 35693 8275 139 198 186 46 0 247 234 139 216 138 135 143 19 152 139 86
57959 3307 5047 1 44450 19 1 1 4 65434 65422 8275 35693 8275 186 46 0 247 234 139 216 138 135 143 19 152 139 86 254 3
57962 3307 5050 1 44450 19 46 1 4 65434 65422 8275 35693 8275 247 234 139 216 138 135 143 19 152 139 86 254 3 208 139 94
57964 3307 5052 46 44450 19 0 1 4 65434 65422 8275 35693 8275 139 216 138 135 143 19 152 139 86 254 3 208 139 94 252 59
57966 3307 5054 46 46 19 0 1 4 65434 65422 8275 35693 8275 138 135 143 19 152 139 86 254 3 208 139 94 252 59 23 117
57970 3307 5058 253 46 19 0 1 4 65434 65422 8275 35693 8275 152 139 86 254 3 208 139 94 252 59 23 117 111 139 198 186
57971 3307 5059 65533 46 19 0 1 4 65434 65422 8275 35693 8275 139 86 254 3 208 139 94 252 59 23 117 111 139 198 186 46
57974 3307 5062 65533 46 19 3 1 4 65434 65422 8275 35693 8275 3 208 139 94 252 59 23 117 111 139 198 186 46 0 247 234
57976 3307 5064 65533 46 19 0 1 4 65434 65422 8275 35693 8275 139 94 252 59 23 117 111 139 198 186 46 0 247 234 139 216
57979 3307 5067 65533 44450 19 0 1 4 65434 65422 8275 35693 8275 59 23 117 111 139 198 186 46 0 247 234 139 216 138 135 215
57981 3307 5069 65533 44450 19 0 1 4 65434 65422 8275 35693 8275 117 111 139 198 186 46 0 247 234 139 216 138 135 215 18 152
58094 3307 5182 65533 44450 19 0 1 4 65434 65422 8275 35693 8275 139 198 186 46 0 247 234 139 216 138 135 141 19 152 139 86
58096 3307 5184 1 44450 19 0 1 4 65434 65422 8275 35693 8275 186 46 0 247 234 139 216 138 135 141 19 152 139 86 254 3
58099 3307 5187 1 44450 19 46 1 4 65434 65422 8275 35693 8275 247 234 139 216 138 135 141 19 152 139 86 254 3 208 139 94
58101 3307 5189 46 44450 19 0 1 4 65434 65422 8275 35693 8275 139 216 138 135 141 19 152 139 86 254 3 208 139 94 252 59
58103 3307 5191 46 46 19 0 1 4 65434 65422 8275 35693 8275 138 135 141 19 152 139 86 254 3 208 139 94 252 59 23 116
58107 3307 5195 253 46 19 0 1 4 65434 65422 8275 35693 8275 152 139 86 254 3 208 139 94 252 59 23 116 3 233 161 0
58108 3307 5196 65533 46 19 0 1 4 65434 65422 8275 35693 8275 139 86 254 3 208 139 94 252 59 23 116 3 233 161 0 139
58111 3307 5199 65533 46 19 3 1 4 65434 65422 8275 35693 8275 3 208 139 94 252 59 23 116 3 233 161 0 139 198 186 46
58113 3307 5201 65533 46 19 0 1 4 65434 65422 8275 35693 8275 139 94 252 59 23 116 3 233 161 0 139 198 186 46 0 247
58116 3307 5204 65533 44450 19 0 1 4 65434 65422 8275 35693 8275 59 23 116 3 233 161 0 139 198 186 46 0 247 234 139 216
58118 3307 5206 65533 44450 19 0 1 4 65434 65422 8275 35693 8275 116 3 233 161 0 139 198 186 46 0 247 234 139 216 138 135
58120 3307 5208 65533 44450 19 0 1 4 65434 65422 8275 35693 8275 233 161 0 139 198 186 46 0 247 234 139 216 138 135 213 18
58284 3307 5372 65533 44450 19 0 1 4 65434 65422 8275 35693 8275 139 198 186 46 0 247 234 139 216 138 135 139 19 152 139 86
58286 3307 5374 1 44450 19 0 1 4 65434 65422 8275 35693 8275 186 46 0 247 234 139 216 138 135 139 19 152 139 86 254 3
58289 3307 5377 1 44450 19 46 1 4 65434 65422 8275 35693 8275 247 234 139 216 138 135 139 19 152 139 86 254 3 208 139 94
58291 3307 5379 46 44450 19 0 1 4 65434 65422 8275 35693 8275 139 216 138 135 139 19 152 139 86 254 3 208 139 94 252 59
58293 3307 5381 46 46 19 0 1 4 65434 65422 8275 35693 8275 138 135 139 19 152 139 86 254 3 208 139 94 252 59 23 116
58297 3307 5385 253 46 19 0 1 4 65434 65422 8275 35693 8275 152 139 86 254 3 208 139 94 252 59 23 116 3 233 131 0
58298 3307 5386 65533 46 19 0 1 4 65434 65422 8275 35693 8275 139 86 254 3 208 139 94 252 59 23 116 3 233 131 0 139
58301 3307 5389 65533 46 19 3 1 4 65434 65422 8275 35693 8275 3 208 139 94 252 59 23 116 3 233 131 0 139 198 186 46
58303 3307 5391 65533 46 19 0 1 4 65434 65422 8275 35693 8275 139 94 252 59 23 116 3 233 131 0 139 198 186 46 0 247
58306 3307 5394 65533 44450 19 0 1 4 65434 65422 8275 35693 8275 59 23 116 3 233 131 0 139 198 186 46 0 247 234 139 216
58308 3307 5396 65533 44450 19 0 1 4 65434 65422 8275 35693 8275 116 3 233 131 0 139 198 186 46 0 247 234 139 216 138 135
58310 3307 5398 65533 44450 19 0 1 4 65434 65422 8275 35693 8275 233 131 0 139 198 186 46 0 247 234 139 216 138 135 211 18
58444 3307 5532 65533 44450 19 0 1 4 65434 65422 8275 35693 8275 139 198 186 46 0 247 234 139 216 138 135 145 19 152 139 86
58446 3307 5534 1 44450 19 0 1 4 65434 65422 8275 35693 8275 186 46 0 247 234 139 216 138 135 145 19 152 139 86 254 3
58449 3307 5537 1 44450 19 46 1 4 65434 65422 8275 35693 8275 247 234 139 216 138 135 145 19 152 139 86 254 3 208 139 94
58451 3307 5539 46 44450 19 0 1 4 65434 65422 8275 35693 8275 139 216 138 135 145 19 152 139 86 254 3 208 139 94 252 59
58453 3307 5541 46 46 19 0 1 4 65434 65422 8275 35693 8275 138 135 145 19 152 139 86 254 3 208 139 94 252 59 23 116
58457 3307 5545 253 46 19 0 1 4 65434 65422 8275 35693 8275 152 139 86 254 3 208 139 94 252 59 23 116 3 233 161 0
58458 3307 5546 65533 46 19 0 1 4 65434 65422 8275 35693 8275 139 86 254 3 208 139 94 252 59 23 116 3 233 161 0 139
58461 3307 5549 65533 46 19 3 1 4 65434 65422 8275 35693 8275 3 208 139 94 252 59 23 116 3 233 161 0 139 198 186 46
58463 3307 5551 65533 46 19 0 1 4 65434 65422 8275 35693 8275 139 94 252 59 23 116 3 233 161 0 139 198 186 46 0 247
58466 3307 5554 65533 44450 19 0 1 4 65434 65422 8275 35693 8275 59 23 116 3 233 161 0 139 198 186 46 0 247 234 139 216
58468 3307 5556 65533 44450 19 0 1 4 65434 65422 8275 35693 8275 116 3 233 161 0 139 198 186 46 0 247 234 139 216 138 135
58470 3307 5558 65533 44450 19 0 1 4 65434 65422 8275 35693 8275 233 161 0 139 198 186 46 0 247 234 139 216 138 135 217 18
58634 3307 5722 65533 44450 19 0 1 4 65434 65422 8275 35693 8275 139 198 186 46 0 247 234 139 216 138 135 147 19 152 139 86
58636 3307 5724 1 44450 19 0 1 4 65434 65422 8275 35693 8275 186 46 0 247 234 139 216 138 135 147 19 152 139 86 254 3
58639 3307 5727 1 44450 19 46 1 4 65434 65422 8275 35693 8275 247 234 139 216 138 135 147 19 152 139 86 254 3 208 139 94
58641 3307 5729 46 44450 19 0 1 4 65434 65422 8275 35693 8275 139 216 138 135 147 19 152 139 86 254 3 208 139 94 252 59
58643 3307 5731 46 46 19 0 1 4 65434 65422 8275 35693 8275 138 135 147 19 152 139 86 254 3 208 139 94 252 59 23 116
58647 3307 5735 253 46 19 0 1 4 65434 65422 8275 35693 8275 152 139 86 254 3 208 139 94 252 59 23 116 3 233 131 0
58648 3307 5736 65533 46 19 0 1 4 65434 65422 8275 35693 8275 139 86 254 3 208 139 94 252 59 23 116 3 233 131 0 139
58651 3307 5739 65533 46 19 3 1 4 65434 65422 8275 35693 8275 3 208 139 94 252 59 23 116 3 233 131 0 139 198 186 46
58653 3307 5741 65533 46 19 0 1 4 65434 65422 8275 35693 8275 139 94 252 59 23 116 3 233 131 0 139 198 186 46 0 247
58656 3307 5744 65533 44450 19 0 1 4 65434 65422 8275 35693 8275 59 23 116 3 233 131 0 139 198 186 46 0 247 234 139 216
58658 3307 5746 65533 44450 19 0 1 4 65434 65422 8275 35693 8275 116 3 233 131 0 139 198 186 46 0 247 234 139 216 138 135
58660 3307 5748 65533 44450 19 0 1 4 65434 65422 8275 35693 8275 233 131 0 139 198 186 46 0 247 234 139 216 138 135 219 18
58794 3307 5882 65533 44450 19 0 1 4 65434 65422 8275 35693 8275 65 160 126 237 180 0 59 193 126 3 233 233 248 95 94 139
58795 3307 5883 65533 44450 20 0 1 4 65434 65422 8275 35693 8275 160 126 237 180 0 59 193 126 3 233 233 248 95 94 139 229
58798 3307 5886 65302 44450 20 0 1 4 65434 65422 8275 35693 8275 180 0 59 193 126 3 233 233 248 95 94 139 229 93 203 85
58800 3307 5888 22 44450 20 0 1 4 65434 65422 8275 35693 8275 59 193 126 3 233 233 248 95 94 139 229 93 203 85 139 236
58802 3307 5890 22 44450 20 0 1 4 65434 65422 8275 35693 8275 126 3 233 233 248 95 94 139 229 93 203 85 139 236 128 62
58804 3307 5892 22 44450 20 0 1 4 65434 65422 8275 35693 8275 233 233 248 95 94 139 229 93 203 85 139 236 128 62 3 233
56992 3307 4080 22 44450 20 0 1 4 65434 65422 8275 35693 8275 139 193 209 224 5 124 173 137 70 252 139 193 209 224 5 208
56994 3307 4082 20 44450 20 0 1 4 65434 65422 8275 35693 8275 209 224 5 124 173 137 70 252 139 193 209 224 5 208 174 137
56996 3307 4084 40 44450 20 0 1 4 65434 65422 8275 35693 8275 5 124 173 137 70 252 139 193 209 224 5 208 174 137 70 250
56999 3307 4087 44452 44450 20 0 1 4 65434 65422 8275 35693 8275 137 70 252 139 193 209 224 5 208 174 137 70 250 139 193 209
57002 3307 4090 44452 44450 20 0 1 4 65434 65422 8275 35693 8275 139 193 209 224 5 208 174 137 70 250 139 193 209 224 5 204
57004 3307 4092 20 44450 20 0 1 4 65434 65422 8275 35693 8275 209 224 5 208 174 137 70 250 139 193 209 224 5 204 178 137
57006 3307 4094 40 44450 20 0 1 4 65434 65422 8275 35693 8275 5 208 174 137 70 250 139 193 209 224 5 204 178 137 70 248
57009 3307 4097 44792 44450 20 0 1 4 65434 65422 8275 35693 8275 137 70 250 139 193 209 224 5 204 178 137 70 248 139 198 186
57012 3307 4100 44792 44450 20 0 1 4 65434 65422 8275 35693 8275 139 193 209 224 5 204 178 137 70 248 139 198 186 46 0 247
57014 3307 4102 20 44450 20 0 1 4 65434 65422 8275 35693 8275 209 224 5 204 178 137 70 248 139 198 186 46 0 247 234 139
57016 3307 4104 40 44450 20 0 1 4 65434 65422 8275 35693 8275 5 204 178 137 70 248 139 198 186 46 0 247 234 139 216 138
57019 3307 4107 45812 44450 20 0 1 4 65434 65422 8275 35693 8275 137 70 248 139 198 186 46 0 247 234 139 216 138 135 118 19
57022 3307 4110 45812 44450 20 0 1 4 65434 65422 8275 35693 8275 139 198 186 46 0 247 234 139 216 138 135 118 19 152 139 86
57024 3307 4112 1 44450 20 0 1 4 65434 65422 8275 35693 8275 186 46 0 247 234 139 216 138 135 118 19 152 139 86 254 3
57027 3307 4115 1 44450 20 46 1 4 65434 65422 8275 35693 8275 247 234 139 216 138 135 118 19 152 139 86 254 3 208 139 94
57029 3307 4117 46 44450 20 0 1 4 65434 65422 8275 35693 8275 139 216 138 135 118 19 152 139 86 254 3 208 139 94 252 59
57031 3307 4119 46 46 20 0 1 4 65434 65422 8275 35693 8275 138 135 118 19 152 139 86 254 3 208 139 94 252 59 23 117
57035 3307 4123 0 46 20 0 1 4 65434 65422 8275 35693 8275 152 139 86 254 3 208 139 94 252 59 23 117 84 139 198 186
57036 3307 4124 0 46 20 0 1 4 65434 65422 8275 35693 8275 139 86 254 3 208 139 94 252 59 23 117 84 139 198 186 46
57039 3307 4127 0 46 20 3 1 4 65434 65422 8275 35693 8275 3 208 139 94 252 59 23 117 84 139 198 186 46 0 247 234
57041 3307 4129 0 46 20 3 1 4 65434 65422 8275 35693 8275 139 94 252 59 23 117 84 139 198 186 46 0 247 234 139 216
57044 3307 4132 0 44452 20 3 1 4 65434 65422 8275 35693 8275 59 23 117 84 139 198 186 46 0 247 234 139 216 138 135 190
57046 3307 4134 0 44452 20 3 1 4 65434 65422 8275 35693 8275 117 84 139 198 186 46 0 247 234 139 216 138 135 190 18 152
57132 3307 4220 0 44452 20 3 1 4 65434 65422 8275 35693 8275 139 198 186 46 0 247 234 139 216 138 135 123 19 152 139 86
57134 3307 4222 1 44452 20 3 1 4 65434 65422 8275 35693 8275 186 46 0 247 234 139 216 138 135 123 19 152 139 86 254 3
57137 3307 4225 1 44452 20 46 1 4 65434 65422 8275 35693 8275 247 234 139 216 138 135 123 19 152 139 86 254 3 208 139 94
57139 3307 4227 46 44452 20 0 1 4 65434 65422 8275 35693 8275 139 216 138 135 123 19 152 139 86 254 3 208 139 94 252 59
57141 3307 4229 46 46 20 0 1 4 65434 65422 8275 35693 8275 138 135 123 19 152 139 86 254 3 208 139 94 252 59 23 117
57145 3307 4233 255 46 20 0 1 4 65434 65422 8275 35693 8275 152 139 86 254 3 208 139 94 252 59 23 117 93 139 198 186
57146 3307 4234 65535 46 20 0 1 4 65434 65422 8275 35693 8275 139 86 254 3 208 139 94 252 59 23 117 93 139 198 186 46
57149 3307 4237 65535 46 20 3 1 4 65434 65422 8275 35693 8275 3 208 139 94 252 59 23 117 93 139 198 186 46 0 247 234
57151 3307 4239 65535 46 20 2 1 4 65434 65422 8275 35693 8275 139 94 252 59 23 117 93 139 198 186 46 0 247 234 139 216
57154 3307 4242 65535 44452 20 2 1 4 65434 65422 8275 35693 8275 59 23 117 93 139 198 186 46 0 247 234 139 216 138 135 195
57156 3307 4244 65535 44452 20 2 1 4 65434 65422 8275 35693 8275 117 93 139 198 186 46 0 247 234 139 216 138 135 195 18 152
57251 3307 4339 65535 44452 20 2 1 4 65434 65422 8275 35693 8275 139 198 186 46 0 247 234 139 216 138 135 121 19 152 139 86
57253 3307 4341 1 44452 20 2 1 4 65434 65422 8275 35693 8275 186 46 0 247 234 139 216 138 135 121 19 152 139 86 254 3
57256 3307 4344 1 44452 20 46 1 4 65434 65422 8275 35693 8275 247 234 139 216 138 135 121 19 152 139 86 254 3 208 139 94
57258 3307 4346 46 44452 20 0 1 4 65434 65422 8275 35693 8275 139 216 138 135 121 19 152 139 86 254 3 208 139 94 252 59
57260 3307 4348 46 46 20 0 1 4 65434 65422 8275 35693 8275 138 135 121 19 152 139 86 254 3 208 139 94 252 59 23 117
57264 3307 4352 255 46 20 0 1 4 65434 65422 8275 35693 8275 152 139 86 254 3 208 139 94 252 59 23 117 103 139 198 186
57265 3307 4353 65535 46 20 0 1 4 65434 65422 8275 35693 8275 139 86 254 3 208 139 94 252 59 23 117 103 139 198 186 46
57268 3307 4356 65535 46 20 3 1 4 65434 65422 8275 35693 8275 3 208 139 94 252 59 23 117 103 139 198 186 46 0 247 234
57270 3307 4358 65535 46 20 2 1 4 65434 65422 8275 35693 8275 139 94 252 59 23 117 103 139 198 186 46 0 247 234 139 216
57273 3307 4361 65535 44452 20 2 1 4 65434 65422 8275 35693 8275 59 23 117 103 139 198 186 46 0 247 234 139 216 138 135 193
57275 3307 4363 65535 44452 20 2 1 4 65434 65422 8275 35693 8275 117 103 139 198 186 46 0 247 234 139 216 138 135 193 18 152
57380 3307 4468 65535 44452 20 2 1 4 65434 65422 8275 35693 8275 139 198 186 46 0 247 234 139 216 138 135 125 19 152 139 86
57382 3307 4470 1 44452 20 2 1 4 65434 65422 8275 35693 8275 186 46 0 247 234 139 216 138 135 125 19 152 139 86 254 3
57385 3307 4473 1 44452 20 46 1 4 65434 65422 8275 35693 8275 247 234 139 216 138 135 125 19 152 139 86 254 3 208 139 94
57387 3307 4475 46 44452 20 0 1 4 65434 65422 8275 35693 8275 139 216 138 135 125 19 152 139 86 254 3 208 139 94 252 59
57389 3307 4477 46 46 20 0 1 4 65434 65422 8275 35693 8275 138 135 125 19 152 139 86 254 3 208 139 94 252 59 23 117
57393 3307 4481 255 46 20 0 1 4 65434 65422 8275 35693 8275 152 139 86 254 3 208 139 94 252 59 23 117 103 139 198 186
57394 3307 4482 65535 46 20 0 1 4 65434 65422 8275 35693 8275 139 86 254 3 208 139 94 252 59 23 117 103 139 198 186 46
57397 3307 4485 65535 46 20 3 1 4 65434 65422 8275 35693 8275 3 208 139 94 252 59 23 117 103 139 198 186 46 0 247 234
57399 3307 4487 65535 46 20 2 1 4 65434 65422 8275 35693 8275 139 94 252 59 23 117 103 139 198 186 46 0 247 234 139 216
57402 3307 4490 65535 44452 20 2 1 4 65434 65422 8275 35693 8275 59 23 117 103 139 198 186 46 0 247 234 139 216 138 135 197
57404 3307 4492 65535 44452 20 2 1 4 65434 65422 8275 35693 8275 117 103 139 198 186 46 0 247 234 139 216 138 135 197 18 152
57509 3307 4597 65535 44452 20 2 1 4 65434 65422 8275 35693 8275 139 198 186 46 0 247 234 139 216 138 135 130 19 152 139 86
57511 3307 4599 1 44452 20 2 1 4 65434 65422 8275 35693 8275 186 46 0 247 234 139 216 138 135 130 19 152 139 86 254 3
57514 3307 4602 1 44452 20 46 1 4 65434 65422 8275 35693 8275 247 234 139 216 138 135 130 19 152 139 86 254 3 208 139 94
57516 3307 4604 46 44452 20 0 1 4 65434 65422 8275 35693 8275 139 216 138 135 130 19 152 139 86 254 3 208 139 94 252 59
57518 3307 4606 46 46 20 0 1 4 65434 65422 8275 35693 8275 138 135 130 19 152 139 86 254 3 208 139 94 252 59 23 117
57522 3307 4610 254 46 20 0 1 4 65434 65422 8275 35693 8275 152 139 86 254 3 208 139 94 252 59 23 117 102 139 198 186
57523 3307 4611 65534 46 20 0 1 4 65434 65422 8275 35693 8275 139 86 254 3 208 139 94 252 59 23 117 102 139 198 186 46
57526 3307 4614 65534 46 20 3 1 4 65434 65422 8275 35693 8275 3 208 139 94 252 59 23 117 102 139 198 186 46 0 247 234
57528 3307 4616 65534 46 20 1 1 4 65434 65422 8275 35693 8275 139 94 252 59 23 117 102 139 198 186 46 0 247 234 139 216
57531 3307 4619 65534 44452 20 1 1 4 65434 65422 8275 35693 8275 59 23 117 102 139 198 186 46 0 247 234 139 216 138 135 202
57533 3307 4621 65534 44452 20 1 1 4 65434 65422 8275 35693 8275 117 102 139 198 186 46 0 247 234 139 216 138 135 202 18 152
57637 3307 4725 65534 44452 20 1 1 4 65434 65422 8275 35693 8275 139 198 186 46 0 247 234 139 216 138 135 128 19 152 139 86
57639 3307 4727 1 44452 20 1 1 4 65434 65422 8275 35693 8275 186 46 0 247 234 139 216 138 135 128 19 152 139 86 254 3
57642 3307 4730 1 44452 20 46 1 4 65434 65422 8275 35693 8275 247 234 139 216 138 135 128 19 152 139 86 254 3 208 139 94
57644 3307 4732 46 44452 20 0 1 4 65434 65422 8275 35693 8275 139 216 138 135 128 19 152 139 86 254 3 208 139 94 252 59
57646 3307 4734 46 46 20 0 1 4 65434 65422 8275 35693 8275 138 135 128 19 152 139 86 254 3 208 139 94 252 59 23 116
57650 3307 4738 254 46 20 0 1 4 65434 65422 8275 35693 8275 152 139 86 254 3 208 139 94 252 59 23 116 3 233 131 0
57651 3307 4739 65534 46 20 0 1 4 65434 65422 8275 35693 8275 139 86 254 3 208 139 94 252 59 23 116 3 233 131 0 139
57654 3307 4742 65534 46 20 3 1 4 65434 65422 8275 35693 8275 3 208 139 94 252 59 23 116 3 233 131 0 139 198 186 46
57656 3307 4744 65534 46 20 1 1 4 65434 65422 8275 35693 8275 139 94 252 59 23 116 3 233 131 0 139 198 186 46 0 247
57659 3307 4747 65534 44452 20 1 1 4 65434 65422 8275 35693 8275 59 23 116 3 233 131 0 139 198 186 46 0 247 234 139 216
57661 3307 4749 65534 44452 20 1 1 4 65434 65422 8275 35693 8275 116 3 233 131 0 139 198 186 46 0 247 234 139 216 138 135
57663 3307 4751 65534 44452 20 1 1 4 65434 65422 8275 35693 8275 233 131 0 139 198 186 46 0 247 234 139 216 138 135 200 18
57797 3307 4885 65534 44452 20 1 1 4 65434 65422 8275 35693 8275 139 198 186 46 0 247 234 139 216 138 135 132 19 152 139 86
57799 3307 4887 1 44452 20 1 1 4 65434 65422 8275 35693 8275 186 46 0 247 234 139 216 138 135 132 19 152 139 86 254 3
57802 3307 4890 1 44452 20 46 1 4 65434 65422 8275 35693 8275 247 234 139 216 138 135 132 19 152 139 86 254 3 208 139 94
57804 3307 4892 46 44452 20 0 1 4 65434 65422 8275 35693 8275 139 216 138 135 132 19 152 139 86 254 3 208 139 94 252 59
57806 3307 4894 46 46 20 0 1 4 65434 65422 8275 35693 8275 138 135 132 19 152 139 86 254 3 208 139 94 252 59 23 116
57810 3307 4898 254 46 20 0 1 4 65434 65422 8275 35693 8275 152 139 86 254 3 208 139 94 252 59 23 116 3 233 131 0
57811 3307 4899 65534 46 20 0 1 4 65434 65422 8275 35693 8275 139 86 254 3 208 139 94 252 59 23 116 3 233 131 0 139
57814 3307 4902 65534 46 20 3 1 4 65434 65422 8275 35693 8275 3 208 139 94 252 59 23 116 3 233 131 0 139 198 186 46
57816 3307 4904 65534 46 20 1 1 4 65434 65422 8275 35693 8275 139 94 252 59 23 116 3 233 131 0 139 198 186 46 0 247
57819 3307 4907 65534 44452 20 1 1 4 65434 65422 8275 35693 8275 59 23 116 3 233 131 0 139 198 186 46 0 247 234 139 216
57821 3307 4909 65534 44452 20 1 1 4 65434 65422 8275 35693 8275 116 3 233 131 0 139 198 186 46 0 247 234 139 216 138 135
57823 3307 4911 65534 44452 20 1 1 4 65434 65422 8275 35693 8275 233 131 0 139 198 186 46 0 247 234 139 216 138 135 204 18
57957 3307 5045 65534 44452 20 1 1 4 65434 65422 8275 35693 8275 139 198 186 46 0 247 234 139 216 138 135 143 19 152 139 86
57959 3307 5047 1 44452 20 1 1 4 65434 65422 8275 35693 8275 186 46 0 247 234 139 216 138 135 143 19 152 139 86 254 3
57962 3307 5050 1 44452 20 46 1 4 65434 65422 8275 35693 8275 247 234 139 216 138 135 143 19 152 139 86 254 3 208 139 94
57964 3307 5052 46 44452 20 0 1 4 65434 65422 8275 35693 8275 139 216 138 135 143 19 152 139 86 254 3 208 139 94 252 59
57966 3307 5054 46 46 20 0 1 4 65434 65422 8275 35693 8275 138 135 143 19 152 139 86 254 3 208 139 94 252 59 23 117
57970 3307 5058 253 46 20 0 1 4 65434 65422 8275 35693 8275 152 139 86 254 3 208 139 94 252 59 23 117 111 139 198 186
57971 3307 5059 65533 46 20 0 1 4 65434 65422 8275 35693 8275 139 86 254 3 208 139 94 252 59 23 117 111 139 198 186 46
57974 3307 5062 65533 46 20 3 1 4 65434 65422 8275 35693 8275 3 208 139 94 252 59 23 117 111 139 198 186 46 0 247 234
57976 3307 5064 65533 46 20 0 1 4 65434 65422 8275 35693 8275 139 94 252 59 23 117 111 139 198 186 46 0 247 234 139 216
57979 3307 5067 65533 44452 20 0 1 4 65434 65422 8275 35693 8275 59 23 117 111 139 198 186 46 0 247 234 139 216 138 135 215
57981 3307 5069 65533 44452 20 0 1 4 65434 65422 8275 35693 8275 117 111 139 198 186 46 0 247 234 139 216 138 135 215 18 152
58094 3307 5182 65533 44452 20 0 1 4 65434 65422 8275 35693 8275 139 198 186 46 0 247 234 139 216 138 135 141 19 152 139 86
58096 3307 5184 1 44452 20 0 1 4 65434 65422 8275 35693 8275 186 46 0 247 234 139 216 138 135 141 19 152 139 86 254 3
58099 3307 5187 1 44452 20 46 1 4 65434 65422 8275 35693 8275 247 234 139 216 138 135 141 19 152 139 86 254 3 208 139 94
58101 3307 5189 46 44452 20 0 1 4 65434 65422 8275 35693 8275 139 216 138 135 141 19 152 139 86 254 3 208 139 94 252 59
58103 3307 5191 46 46 20 0 1 4 65434 65422 8275 35693 8275 138 135 141 19 152 139 86 254 3 208 139 94 252 59 23 116
58107 3307 5195 253 46 20 0 1 4 65434 65422 8275 35693 8275 152 139 86 254 3 208 139 94 252 59 23 116 3 233 161 0
58108 3307 5196 65533 46 20 0 1 4 65434 65422 8275 35693 8275 139 86 254 3 208 139 94 252 59 23 116 3 233 161 0 139
58111 3307 5199 65533 46 20 3 1 4 65434 65422 8275 35693 8275 3 208 139 94 252 59 23 116 3 233 161 0 139 198 186 46
58113 3307 5201 65533 46 20 0 1 4 65434 65422 8275 35693 8275 139 94 252 59 23 116 3 233 161 0 139 198 186 46 0 247
58116 3307 5204 65533 44452 20 0 1 4 65434 65422 8275 35693 8275 59 23 116 3 233 161 0 139 198 186 46 0 247 234 139 216
58118 3307 5206 65533 44452 20 0 1 4 65434 65422 8275 35693 8275 116 3 233 161 0 139 198 186 46 0 247 234 139 216 138 135
58120 3307 5208 65533 44452 20 0 1 4 65434 65422 8275 35693 8275 233 161 0 139 198 186 46 0 247 234 139 216 138 135 213 18
58284 3307 5372 65533 44452 20 0 1 4 65434 65422 8275 35693 8275 139 198 186 46 0 247 234 139 216 138 135 139 19 152 139 86
58286 3307 5374 1 44452 20 0 1 4 65434 65422 8275 35693 8275 186 46 0 247 234 139 216 138 135 139 19 152 139 86 254 3
58289 3307 5377 1 44452 20 46 1 4 65434 65422 8275 35693 8275 247 234 139 216 138 135 139 19 152 139 86 254 3 208 139 94
58291 3307 5379 46 44452 20 0 1 4 65434 65422 8275 35693 8275 139 216 138 135 139 19 152 139 86 254 3 208 139 94 252 59
58293 3307 5381 46 46 20 0 1 4 65434 65422 8275 35693 8275 138 135 139 19 152 139 86 254 3 208 139 94 252 59 23 116
58297 3307 5385 253 46 20 0 1 4 65434 65422 8275 35693 8275 152 139 86 254 3 208 139 94 252 59 23 116 3 233 131 0
58298 3307 5386 65533 46 20 0 1 4 65434 65422 8275 35693 8275 139 86 254 3 208 139 94 252 59 23 116 3 233 131 0 139
58301 3307 5389 65533 46 20 3 1 4 65434 65422 8275 35693 8275 3 208 139 94 252 59 23 116 3 233 131 0 139 198 186 46
58303 3307 5391 65533 46 20 0 1 4 65434 65422 8275 35693 8275 139 94 252 59 23 116 3 233 131 0 139 198 186 46 0 247
58306 3307 5394 65533 44452 20 0 1 4 65434 65422 8275 35693 8275 59 23 116 3 233 131 0 139 198 186 46 0 247 234 139 216
58308 3307 5396 65533 44452 20 0 1 4 65434 65422 8275 35693 8275 116 3 233 131 0 139 198 186 46 0 247 234 139 216 138 135
58310 3307 5398 65533 44452 20 0 1 4 65434 65422 8275 35693 8275 233 131 0 139 198 186 46 0 247 234 139 216 138 135 211 18
58444 3307 5532 65533 44452 20 0 1 4 65434 65422 8275 35693 8275 139 198 186 46 0 247 234 139 216 138 135 145 19 152 139 86
58446 3307 5534 1 44452 20 0 1 4 65434 65422 8275 35693 8275 186 46 0 247 234 139 216 138 135 145 19 152 139 86 254 3
58449 3307 5537 1 44452 20 46 1 4 65434 65422 8275 35693 8275 247 234 139 216 138 135 145 19 152 139 86 254 3 208 139 94
58451 3307 5539 46 44452 20 0 1 4 65434 65422 8275 35693 8275 139 216 138 135 145 19 152 139 86 254 3 208 139 94 252 59
58453 3307 5541 46 46 20 0 1 4 65434 65422 8275 35693 8275 138 135 145 19 152 139 86 254 3 208 139 94 252 59 23 116
58457 3307 5545 253 46 20 0 1 4 65434 65422 8275 35693 8275 152 139 86 254 3 208 139 94 252 59 23 116 3 233 161 0
58458 3307 5546 65533 46 20 0 1 4 65434 65422 8275 35693 8275 139 86 254 3 208 139 94 252 59 23 116 3 233 161 0 139
58461 3307 5549 65533 46 20 3 1 4 65434 65422 8275 35693 8275 3 208 139 94 252 59 23 116 3 233 161 0 139 198 186 46
58463 3307 5551 65533 46 20 0 1 4 65434 65422 8275 35693 8275 139 94 252 59 23 116 3 233 161 0 139 198 186 46 0 247
58466 3307 5554 65533 44452 20 0 1 4 65434 65422 8275 35693 8275 59 23 116 3 233 161 0 139 198 186 46 0 247 234 139 216
58468 3307 5556 65533 44452 20 0 1 4 65434 65422 8275 35693 8275 116 3 233 161 0 139 198 186 46 0 247 234 139 216 138 135
58470 3307 5558 65533 44452 20 0 1 4 65434 65422 8275 35693 8275 233 161 0 139 198 186 46 0 247 234 139 216 138 135 217 18
58634 3307 5722 65533 44452 20 0 1 4 65434 65422 8275 35693 8275 139 198 186 46 0 247 234 139 216 138 135 147 19 152 139 86
58636 3307 5724 1 44452 20 0 1 4 65434 65422 8275 35693 8275 186 46 0 247 234 139 216 138 135 147 19 152 139 86 254 3
58639 3307 5727 1 44452 20 46 1 4 65434 65422 8275 35693 8275 247 234 139 216 138 135 147 19 152 139 86 254 3 208 139 94
58641 3307 5729 46 44452 20 0 1 4 65434 65422 8275 35693 8275 139 216 138 135 147 19 152 139 86 254 3 208 139 94 252 59
58643 3307 5731 46 46 20 0 1 4 65434 65422 8275 35693 8275 138 135 147 19 152 139 86 254 3 208 139 94 252 59 23 116
58647 3307 5735 253 46 20 0 1 4 65434 65422 8275 35693 8275 152 139 86 254 3 208 139 94 252 59 23 116 3 233 131 0
58648 3307 5736 65533 46 20 0 1 4 65434 65422 8275 35693 8275 139 86 254 3 208 139 94 252 59 23 116 3 233 131 0 139
58651 3307 5739 65533 46 20 3 1 4 65434 65422 8275 35693 8275 3 208 139 94 252 59 23 116 3 233 131 0 139 198 186 46
58653 3307 5741 65533 46 20 0 1 4 65434 65422 8275 35693 8275 139 94 252 59 23 116 3 233 131 0 139 198 186 46 0 247
58656 3307 5744 65533 44452 20 0 1 4 65434 65422 8275 35693 8275 59 23 116 3 233 131 0 139 198 186 46 0 247 234 139 216
58658 3307 5746 65533 44452 20 0 1 4 65434 65422 8275 35693 8275 116 3 233 131 0 139 198 186 46 0 247 234 139 216 138 135
58660 3307 5748 65533 44452 20 0 1 4 65434 65422 8275 35693 8275 233 131 0 139 198 186 46 0 247 234 139 216 138 135 219 18
58794 3307 5882 65533 44452 20 0 1 4 65434 65422 8275 35693 8275 65 160 126 237 180 0 59 193 126 3 233 233 248 95 94 139
58795 3307 5883 65533 44452 21 0 1 4 65434 65422 8275 35693 8275 160 126 237 180 0 59 193 126 3 233 233 248 95 94 139 229
58798 3307 5886 65302 44452 21 0 1 4 65434 65422 8275 35693 8275 180 0 59 193 126 3 233 233 248 95 94 139 229 93 203 85
58800 3307 5888 22 44452 21 0 1 4 65434 65422 8275 35693 8275 59 193 126 3 233 233 248 95 94 139 229 93 203 85 139 236
58802 3307 5890 22 44452 21 0 1 4 65434 65422 8275 35693 8275 126 3 233 233 248 95 94 139 229 93 203 85 139 236 128 62
58804 3307 5892 22 44452 21 0 1 4 65434 65422 8275 35693 8275 233 233 248 95 94 139 229 93 203 85 139 236 128 62 3 233
56992 3307 4080 22 44452 21 0 1 4 65434 65422 8275 35693 8275 139 193 209 224 5 124 173 137 70 252 139 193 209 224 5 208
56994 3307 4082 21 44452 21 0 1 4 65434 65422 8275 35693 8275 209 224 5 124 173 137 70 252 139 193 209 224 5 208 174 137
56996 3307 4084 42 44452 21 0 1 4 65434 65422 8275 35693 8275 5 124 173 137 70 252 139 193 209 224 5 208 174 137 70 250
56999 3307 4087 44454 44452 21 0 1 4 65434 65422 8275 35693 8275 137 70 252 139 193 209 224 5 208 174 137 70 250 139 193 209
57002 3307 4090 44454 44452 21 0 1 4 65434 65422 8275 35693 8275 139 193 209 224 5 208 174 137 70 250 139 193 209 224 5 204
57004 3307 4092 21 44452 21 0 1 4 65434 65422 8275 35693 8275 209 224 5 208 174 137 70 250 139 193 209 224 5 204 178 137
57006 3307 4094 42 44452 21 0 1 4 65434 65422 8275 35693 8275 5 208 174 137 70 250 139 193 209 224 5 204 178 137 70 248
57009 3307 4097 44794 44452 21 0 1 4 65434 65422 8275 35693 8275 137 70 250 139 193 209 224 5 204 178 137 70 248 139 198 186
57012 3307 4100 44794 44452 21 0 1 4 65434 65422 8275 35693 8275 139 193 209 224 5 204 178 137 70 248 139 198 186 46 0 247
57014 3307 4102 21 44452 21 0 1 4 65434 65422 8275 35693 8275 209 224 5 204 178 137 70 248 139 198 186 46 0 247 234 139
57016 3307 4104 42 44452 21 0 1 4 65434 65422 8275 35693 8275 5 204 178 137 70 248 139 198 186 46 0 247 234 139 216 138
57019 3307 4107 45814 44452 21 0 1 4 65434 65422 8275 35693 8275 137 70 248 139 198 186 46 0 247 234 139 216 138 135 118 19
57022 3307 4110 45814 44452 21 0 1 4 65434 65422 8275 35693 8275 139 198 186 46 0 247 234 139 216 138 135 118 19 152 139 86
57024 3307 4112 1 44452 21 0 1 4 65434 65422 8275 35693 8275 186 46 0 247 234 139 216 138 135 118 19 152 139 86 254 3
57027 3307 4115 1 44452 21 46 1 4 65434 65422 8275 35693 8275 247 234 139 216 138 135 118 19 152 139 86 254 3 208 139 94
57029 3307 4117 46 44452 21 0 1 4 65434 65422 8275 35693 8275 139 216 138 135 118 19 152 139 86 254 3 208 139 94 252 59
57031 3307 4119 46 46 21 0 1 4 65434 65422 8275 35693 8275 138 135 118 19 152 139 86 254 3 208 139 94 252 59 23 117
57035 3307 4123 0 46 21 0 1 4 65434 65422 8275 35693 8275 152 139 86 254 3 208 139 94 252 59 23 117 84 139 198 186
57036 3307 4124 0 46 21 0 1 4 65434 65422 8275 35693 8275 139 86 254 3 208 139 94 252 59 23 117 84 139 198 186 46
57039 3307 4127 0 46 21 3 1 4 65434 65422 8275 35693 8275 3 208 139 94 252 59 23 117 84 139 198 186 46 0 247 234
57041 3307 4129 0 46 21 3 1 4 65434 65422 8275 35693 8275 139 94 252 59 23 117 84 139 198 186 46 0 247 234 139 216
57044 3307 4132 0 44454 21 3 1 4 65434 65422 8275 35693 8275 59 23 117 84 139 198 186 46 0 247 234 139 216 138 135 190
57046 3307 4134 0 44454 21 3 1 4 65434 65422 8275 35693 8275 117 84 139 198 186 46 0 247 234 139 216 138 135 190 18 152
57132 3307 4220 0 44454 21 3 1 4 65434 65422 8275 35693 8275 139 198 186 46 0 247 234 139 216 138 135 123 19 152 139 86
57134 3307 4222 1 44454 21 3 1 4 65434 65422 8275 35693 8275 186 46 0 247 234 139 216 138 135 123 19 152 139 86 254 3
57137 3307 4225 1 44454 21 46 1 4 65434 65422 8275 35693 8275 247 234 139 216 138 135 123 19 152 139 86 254 3 208 139 94
57139 3307 4227 46 44454 21 0 1 4 65434 65422 8275 35693 8275 139 216 138 135 123 19 152 139 86 254 3 208 139 94 252 59
57141 3307 4229 46 46 21 0 1 4 65434 65422 8275 35693 8275 138 135 123 19 152 139 86 254 3 208 139 94 252 59 23 117
57145 3307 4233 255 46 21 0 1 4 65434 65422 8275 35693 8275 152 139 86 254 3 208 139 94 252 59 23 117 93 139 198 186
57146 3307 4234 65535 46 21 0 1 4 65434 65422 8275 35693 8275 139 86 254 3 208 139 94 252 59 23 117 93 139 198 186 46
57149 3307 4237 65535 46 21 3 1 4 65434 65422 8275 35693 8275 3 208 139 94 252 59 23 117 93 139 198 186 46 0 247 234
57151 3307 4239 65535 46 21 2 1 4 65434 65422 8275 35693 8275 139 94 252 59 23 117 93 139 198 186 46 0 247 234 139 216
57154 3307 4242 65535 44454 21 2 1 4 65434 65422 8275 35693 8275 59 23 117 93 139 198 186 46 0 247 234 139 216 138 135 195
57156 3307 4244 65535 44454 21 2 1 4 65434 65422 8275 35693 8275 117 93 139 198 186 46 0 247 234 139 216 138 135 195 18 152
57251 3307 4339 65535 44454 21 2 1 4 65434 65422 8275 35693 8275 139 198 186 46 0 247 234 139 216 138 135 121 19 152 139 86
57253 3307 4341 1 44454 21 2 1 4 65434 65422 8275 35693 8275 186 46 0 247 234 139 216 138 135 121 19 152 139 86 254 3
57256 3307 4344 1 44454 21 46 1 4 65434 65422 8275 35693 8275 247 234 139 216 138 135 121 19 152 139 86 254 3 208 139 94
57258 3307 4346 46 44454 21 0 1 4 65434 65422 8275 35693 8275 139 216 138 135 121 19 152 139 86 254 3 208 139 94 252 59
57260 3307 4348 46 46 21 0 1 4 65434 65422 8275 35693 8275 138 135 121 19 152 139 86 254 3 208 139 94 252 59 23 117
57264 3307 4352 255 46 21 0 1 4 65434 65422 8275 35693 8275 152 139 86 254 3 208 139 94 252 59 23 117 103 139 198 186
57265 3307 4353 65535 46 21 0 1 4 65434 65422 8275 35693 8275 139 86 254 3 208 139 94 252 59 23 117 103 139 198 186 46
57268 3307 4356 65535 46 21 3 1 4 65434 65422 8275 35693 8275 3 208 139 94 252 59 23 117 103 139 198 186 46 0 247 234
57270 3307 4358 65535 46 21 2 1 4 65434 65422 8275 35693 8275 139 94 252 59 23 117 103 139 198 186 46 0 247 234 139 216
57273 3307 4361 65535 44454 21 2 1 4 65434 65422 8275 35693 8275 59 23 117 103 139 198 186 46 0 247 234 139 216 138 135 193
57275 3307 4363 65535 44454 21 2 1 4 65434 65422 8275 35693 8275 117 103 139 198 186 46 0 247 234 139 216 138 135 193 18 152
57380 3307 4468 65535 44454 21 2 1 4 65434 65422 8275 35693 8275 139 198 186 46 0 247 234 139 216 138 135 125 19 152 139 86
57382 3307 4470 1 44454 21 2 1 4 65434 65422 8275 35693 8275 186 46 0 247 234 139 216 138 135 125 19 152 139 86 254 3
57385 3307 4473 1 44454 21 46 1 4 65434 65422 8275 35693 8275 247 234 139 216 138 135 125 19 152 139 86 254 3 208 139 94
57387 3307 4475 46 44454 21 0 1 4 65434 65422 8275 35693 8275 139 216 138 135 125 19 152 139 86 254 3 208 139 94 252 59
57389 3307 4477 46 46 21 0 1 4 65434 65422 8275 35693 8275 138 135 125 19 152 139 86 254 3 208 139 94 252 59 23 117
57393 3307 4481 255 46 21 0 1 4 65434 65422 8275 35693 8275 152 139 86 254 3 208 139 94 252 59 23 117 103 139 198 186
57394 3307 4482 65535 46 21 0 1 4 65434 65422 8275 35693 8275 139 86 254 3 208 139 94 252 59 23 117 103 139 198 186 46
57397 3307 4485 65535 46 21 3 1 4 65434 65422 8275 35693 8275 3 208 139 94 252 59 23 117 103 139 198 186 46 0 247 234
57399 3307 4487 65535 46 21 2 1 4 65434 65422 8275 35693 8275 139 94 252 59 23 117 103 139 198 186 46 0 247 234 139 216
57402 3307 4490 65535 44454 21 2 1 4 65434 65422 8275 35693 8275 59 23 117 103 139 198 186 46 0 247 234 139 216 138 135 197
57404 3307 4492 65535 44454 21 2 1 4 65434 65422 8275 35693 8275 117 103 139 198 186 46 0 247 234 139 216 138 135 197 18 152
57509 3307 4597 65535 44454 21 2 1 4 65434 65422 8275 35693 8275 139 198 186 46 0 247 234 139 216 138 135 130 19 152 139 86
57511 3307 4599 1 44454 21 2 1 4 65434 65422 8275 35693 8275 186 46 0 247 234 139 216 138 135 130 19 152 139 86 254 3
57514 3307 4602 1 44454 21 46 1 4 65434 65422 8275 35693 8275 247 234 139 216 138 135 130 19 152 139 86 254 3 208 139 94
57516 3307 4604 46 44454 21 0 1 4 65434 65422 8275 35693 8275 139 216 138 135 130 19 152 139 86 254 3 208 139 94 252 59
57518 3307 4606 46 46 21 0 1 4 65434 65422 8275 35693 8275 138 135 130 19 152 139 86 254 3 208 139 94 252 59 23 117
57522 3307 4610 254 46 21 0 1 4 65434 65422 8275 35693 8275 152 139 86 254 3 208 139 94 252 59 23 117 102 139 198 186
57523 3307 4611 65534 46 21 0 1 4 65434 65422 8275 35693 8275 139 86 254 3 208 139 94 252 59 23 117 102 139 198 186 46
57526 3307 4614 65534 46 21 3 1 4 65434 65422 8275 35693 8275 3 208 139 94 252 59 23 117 102 139 198 186 46 0 247 234
57528 3307 4616 65534 46 21 1 1 4 65434 65422 8275 35693 8275 139 94 252 59 23 117 102 139 198 186 46 0 247 234 139 216
57531 3307 4619 65534 44454 21 1 1 4 65434 65422 8275 35693 8275 59 23 117 102 139 198 186 46 0 247 234 139 216 138 135 202
57533 3307 4621 65534 44454 21 1 1 4 65434 65422 8275 35693 8275 117 102 139 198 186 46 0 247 234 139 216 138 135 202 18 152
57637 3307 4725 65534 44454 21 1 1 4 65434 65422 8275 35693 8275 139 198 186 46 0 247 234 139 216 138 135 128 19 152 139 86
57639 3307 4727 1 44454 21 1 1 4 65434 65422 8275 35693 8275 186 46 0 247 234 139 216 138 135 128 19 152 139 86 254 3
57642 3307 4730 1 44454 21 46 1 4 65434 65422 8275 35693 8275 247 234 139 216 138 135 128 19 152 139 86 254 3 208 139 94
57644 3307 4732 46 44454 21 0 1 4 65434 65422 8275 35693 8275 139 216 138 135 128 19 152 139 86 254 3 208 139 94 252 59
57646 3307 4734 46 46 21 0 1 4 65434 65422 8275 35693 8275 138 135 128 19 152 139 86 254 3 208 139 94 252 59 23 116
57650 3307 4738 254 46 21 0 1 4 65434 65422 8275 35693 8275 152 139 86 254 3 208 139 94 252 59 23 116 3 233 131 0
57651 3307 4739 65534 46 21 0 1 4 65434 65422 8275 35693 8275 139 86 254 3 208 139 94 252 59 23 116 3 233 131 0 139
57654 3307 4742 65534 46 21 3 1 4 65434 65422 8275 35693 8275 3 208 139 94 252 59 23 116 3 233 131 0 139 198 186 46
57656 3307 4744 65534 46 21 1 1 4 65434 65422 8275 35693 8275 139 94 252 59 23 116 3 233 131 0 139 198 186 46 0 247
57659 3307 4747 65534 44454 21 1 1 4 65434 65422 8275 35693 8275 59 23 116 3 233 131 0 139 198 186 46 0 247 234 139 216
57661 3307 4749 65534 44454 21 1 1 4 65434 65422 8275 35693 8275 116 3 233 131 0 139 198 186 46 0 247 234 139 216 138 135
57663 3307 4751 65534 44454 21 1 1 4 65434 65422 8275 35693 8275 233 131 0 139 198 186 46 0 247 234 139 216 138 135 200 18
57797 3307 4885 65534 44454 21 1 1 4 65434 65422 8275 35693 8275 139 198 186 46 0 247 234 139 216 138 135 132 19 152 139 86
57799 3307 4887 1 44454 21 1 1 4 65434 65422 8275 35693 8275 186 46 0 247 234 139 216 138 135 132 19 152 139 86 254 3
57802 3307 4890 1 44454 21 46 1 4 65434 65422 8275 35693 8275 247 234 139 216 138 135 132 19 152 139 86 254 3 208 139 94
57804 3307 4892 46 44454 21 0 1 4 65434 65422 8275 35693 8275 139 216 138 135 132 19 152 139 86 254 3 208 139 94 252 59
57806 3307 4894 46 46 21 0 1 4 65434 65422 8275 35693 8275 138 135 132 19 152 139 86 254 3 208 139 94 252 59 23 116
57810 3307 4898 254 46 21 0 1 4 65434 65422 8275 35693 8275 152 139 86 254 3 208 139 94 252 59 23 116 3 233 131 0
57811 3307 4899 65534 46 21 0 1 4 65434 65422 8275 35693 8275 139 86 254 3 208 139 94 252 59 23 116 3 233 131 0 139
57814 3307 4902 65534 46 21 3 1 4 65434 65422 8275 35693 8275 3 208 139 94 252 59 23 116 3 233 131 0 139 198 186 46
57816 3307 4904 65534 46 21 1 1 4 65434 65422 8275 35693 8275 139 94 252 59 23 116 3 233 131 0 139 198 186 46 0 247
57819 3307 4907 65534 44454 21 1 1 4 65434 65422 8275 35693 8275 59 23 116 3 233 131 0 139 198 186 46 0 247 234 139 216
57821 3307 4909 65534 44454 21 1 1 4 65434 65422 8275 35693 8275 116 3 233 131 0 139 198 186 46 0 247 234 139 216 138 135
57823 3307 4911 65534 44454 21 1 1 4 65434 65422 8275 35693 8275 233 131 0 139 198 186 46 0 247 234 139 216 138 135 204 18
57957 3307 5045 65534 44454 21 1 1 4 65434 65422 8275 35693 8275 139 198 186 46 0 247 234 139 216 138 135 143 19 152 139 86
57959 3307 5047 1 44454 21 1 1 4 65434 65422 8275 35693 8275 186 46 0 247 234 139 216 138 135 143 19 152 139 86 254 3
57962 3307 5050 1 44454 21 46 1 4 65434 65422 8275 35693 8275 247 234 139 216 138 135 143 19 152 139 86 254 3 208 139 94
57964 3307 5052 46 44454 21 0 1 4 65434 65422 8275 35693 8275 139 216 138 135 143 19 152 139 86 254 3 208 139 94 252 59
57966 3307 5054 46 46 21 0 1 4 65434 65422 8275 35693 8275 138 135 143 19 152 139 86 254 3 208 139 94 252 59 23 117
57970 3307 5058 253 46 21 0 1 4 65434 65422 8275 35693 8275 152 139 86 254 3 208 139 94 252 59 23 117 111 139 198 186
57971 3307 5059 65533 46 21 0 1 4 65434 65422 8275 35693 8275 139 86 254 3 208 139 94 252 59 23 117 111 139 198 186 46
57974 3307 5062 65533 46 21 3 1 4 65434 65422 8275 35693 8275 3 208 139 94 252 59 23 117 111 139 198 186 46 0 247 234
57976 3307 5064 65533 46 21 0 1 4 65434 65422 8275 35693 8275 139 94 252 59 23 117 111 139 198 186 46 0 247 234 139 216
57979 3307 5067 65533 44454 21 0 1 4 65434 65422 8275 35693 8275 59 23 117 111 139 198 186 46 0 247 234 139 216 138 135 215
57981 3307 5069 65533 44454 21 0 1 4 65434 65422 8275 35693 8275 117 111 139 198 186 46 0 247 234 139 216 138 135 215 18 152
58094 3307 5182 65533 44454 21 0 1 4 65434 65422 8275 35693 8275 139 198 186 46 0 247 234 139 216 138 135 141 19 152 139 86
58096 3307 5184 1 44454 21 0 1 4 65434 65422 8275 35693 8275 186 46 0 247 234 139 216 138 135 141 19 152 139 86 254 3
58099 3307 5187 1 44454 21 46 1 4 65434 65422 8275 35693 8275 247 234 139 216 138 135 141 19 152 139 86 254 3 208 139 94
58101 3307 5189 46 44454 21 0 1 4 65434 65422 8275 35693 8275 139 216 138 135 141 19 152 139 86 254 3 208 139 94 252 59
58103 3307 5191 46 46 21 0 1 4 65434 65422 8275 35693 8275 138 135 141 19 152 139 86 254 3 208 139 94 252 59 23 116
58107 3307 5195 253 46 21 0 1 4 65434 65422 8275 35693 8275 152 139 86 254 3 208 139 94 252 59 23 116 3 233 161 0
58108 3307 5196 65533 46 21 0 1 4 65434 65422 8275 35693 8275 139 86 254 3 208 139 94 252 59 23 116 3 233 161 0 139
58111 3307 5199 65533 46 21 3 1 4 65434 65422 8275 35693 8275 3 208 139 94 252 59 23 116 3 233 161 0 139 198 186 46
58113 3307 5201 65533 46 21 0 1 4 65434 65422 8275 35693 8275 139 94 252 59 23 116 3 233 161 0 139 198 186 46 0 247
58116 3307 5204 65533 44454 21 0 1 4 65434 65422 8275 35693 8275 59 23 116 3 233 161 0 139 198 186 46 0 247 234 139 216
58118 3307 5206 65533 44454 21 0 1 4 65434 65422 8275 35693 8275 116 3 233 161 0 139 198 186 46 0 247 234 139 216 138 135
58120 3307 5208 65533 44454 21 0 1 4 65434 65422 8275 35693 8275 233 161 0 139 198 186 46 0 247 234 139 216 138 135 213 18
58284 3307 5372 65533 44454 21 0 1 4 65434 65422 8275 35693 8275 139 198 186 46 0 247 234 139 216 138 135 139 19 152 139 86
58286 3307 5374 1 44454 21 0 1 4 65434 65422 8275 35693 8275 186 46 0 247 234 139 216 138 135 139 19 152 139 86 254 3
58289 3307 5377 1 44454 21 46 1 4 65434 65422 8275 35693 8275 247 234 139 216 138 135 139 19 152 139 86 254 3 208 139 94
58291 3307 5379 46 44454 21 0 1 4 65434 65422 8275 35693 8275 139 216 138 135 139 19 152 139 86 254 3 208 139 94 252 59
58293 3307 5381 46 46 21 0 1 4 65434 65422 8275 35693 8275 138 135 139 19 152 139 86 254 3 208 139 94 252 59 23 116
58297 3307 5385 253 46 21 0 1 4 65434 65422 8275 35693 8275 152 139 86 254 3 208 139 94 252 59 23 116 3 233 131 0
58298 3307 5386 65533 46 21 0 1 4 65434 65422 8275 35693 8275 139 86 254 3 208 139 94 252 59 23 116 3 233 131 0 139
58301 3307 5389 65533 46 21 3 1 4 65434 65422 8275 35693 8275 3 208 139 94 252 59 23 116 3 233 131 0 139 198 186 46
58303 3307 5391 65533 46 21 0 1 4 65434 65422 8275 35693 8275 139 94 252 59 23 116 3 233 131 0 139 198 186 46 0 247
58306 3307 5394 65533 44454 21 0 1 4 65434 65422 8275 35693 8275 59 23 116 3 233 131 0 139 198 186 46 0 247 234 139 216
58308 3307 5396 65533 44454 21 0 1 4 65434 65422 8275 35693 8275 116 3 233 131 0 139 198 186 46 0 247 234 139 216 138 135
58310 3307 5398 65533 44454 21 0 1 4 65434 65422 8275 35693 8275 233 131 0 139 198 186 46 0 247 234 139 216 138 135 211 18
58444 3307 5532 65533 44454 21 0 1 4 65434 65422 8275 35693 8275 139 198 186 46 0 247 234 139 216 138 135 145 19 152 139 86
58446 3307 5534 1 44454 21 0 1 4 65434 65422 8275 35693 8275 186 46 0 247 234 139 216 138 135 145 19 152 139 86 254 3
58449 3307 5537 1 44454 21 46 1 4 65434 65422 8275 35693 8275 247 234 139 216 138 135 145 19 152 139 86 254 3 208 139 94
58451 3307 5539 46 44454 21 0 1 4 65434 65422 8275 35693 8275 139 216 138 135 145 19 152 139 86 254 3 208 139 94 252 59
58453 3307 5541 46 46 21 0 1 4 65434 65422 8275 35693 8275 138 135 145 19 152 139 86 254 3 208 139 94 252 59 23 116
58457 3307 5545 253 46 21 0 1 4 65434 65422 8275 35693 8275 152 139 86 254 3 208 139 94 252 59 23 116 3 233 161 0
58458 3307 5546 65533 46 21 0 1 4 65434 65422 8275 35693 8275 139 86 254 3 208 139 94 252 59 23 116 3 233 161 0 139
58461 3307 5549 65533 46 21 3 1 4 65434 65422 8275 35693 8275 3 208 139 94 252 59 23 116 3 233 161 0 139 198 186 46
58463 3307 5551 65533 46 21 0 1 4 65434 65422 8275 35693 8275 139 94 252 59 23 116 3 233 161 0 139 198 186 46 0 247
58466 3307 5554 65533 44454 21 0 1 4 65434 65422 8275 35693 8275 59 23 116 3 233 161 0 139 198 186 46 0 247 234 139 216
58468 3307 5556 65533 44454 21 0 1 4 65434 65422 8275 35693 8275 116 3 233 161 0 139 198 186 46 0 247 234 139 216 138 135
58470 3307 5558 65533 44454 21 0 1 4 65434 65422 8275 35693 8275 233 161 0 139 198 186 46 0 247 234 139 216 138 135 217 18
58634 3307 5722 65533 44454 21 0 1 4 65434 65422 8275 35693 8275 139 198 186 46 0 247 234 139 216 138 135 147 19 152 139 86
58636 3307 5724 1 44454 21 0 1 4 65434 65422 8275 35693 8275 186 46 0 247 234 139 216 138 135 147 19 152 139 86 254 3
58639 3307 5727 1 44454 21 46 1 4 65434 65422 8275 35693 8275 247 234 139 216 138 135 147 19 152 139 86 254 3 208 139 94
58641 3307 5729 46 44454 21 0 1 4 65434 65422 8275 35693 8275 139 216 138 135 147 19 152 139 86 254 3 208 139 94 252 59
58643 3307 5731 46 46 21 0 1 4 65434 65422 8275 35693 8275 138 135 147 19 152 139 86 254 3 208 139 94 252 59 23 116
58647 3307 5735 253 46 21 0 1 4 65434 65422 8275 35693 8275 152 139 86 254 3 208 139 94 252 59 23 116 3 233 131 0
58648 3307 5736 65533 46 21 0 1 4 65434 65422 8275 35693 8275 139 86 254 3 208 139 94 252 59 23 116 3 233 131 0 139
58651 3307 5739 65533 46 21 3 1 4 65434 65422 8275 35693 8275 3 208 139 94 252 59 23 116 3 233 131 0 139 198 186 46
58653 3307 5741 65533 46 21 0 1 4 65434 65422 8275 35693 8275 139 94 252 59 23 116 3 233 131 0 139 198 186 46 0 247
58656 3307 5744 65533 44454 21 0 1 4 65434 65422 8275 35693 8275 59 23 116 3 233 131 0 139 198 186 46 0 247 234 139 216
58658 3307 5746 65533 44454 21 0 1 4 65434 65422 8275 35693 8275 116 3 233 131 0 139 198 186 46 0 247 234 139 216 138 135
58660 3307 5748 65533 44454 21 0 1 4 65434 65422 8275 35693 8275 233 131 0 139 198 186 46 0 247 234 139 216 138 135 219 18
58794 3307 5882 65533 44454 21 0 1 4 65434 65422 8275 35693 8275 65 160 126 237 180 0 59 193 126 3 233 233 248 95 94 139
58795 3307 5883 65533 44454 22 0 1 4 65434 65422 8275 35693 8275 160 126 237 180 0 59 193 126 3 233 233 248 95 94 139 229
58798 3307 5886 65302 44454 22 0 1 4 65434 65422 8275 35693 8275 180 0 59 193 126 3 233 233 248 95 94 139 229 93 203 85
58800 3307 5888 22 44454 22 0 1 4 65434 65422 8275 35693 8275 59 193 126 3 233 233 248 95 94 139 229 93 203 85 139 236
58802 3307 5890 22 44454 22 0 1 4 65434 65422 8275 35693 8275 126 3 233 233 248 95 94 139 229 93 203 85 139 236 128 62
58807 3307 5895 22 44454 22 0 1 4 65434 65422 8275 35693 8275 95 94 139 229 93 203 85 139 236 128 62 3 233 6 114 35
58808 3307 5896 22 44454 22 0 1 1 65434 65424 8275 35693 8275 94 139 229 93 203 85 139 236 128 62 3 233 6 114 35 128
58809 3307 5897 22 44454 22 0 44 1 65434 65426 8275 35693 8275 139 229 93 203 85 139 236 128 62 3 233 6 114 35 128 62
58811 3307 5899 22 44454 22 0 44 1 65434 65434 8275 35693 8275 93 203 85 139 236 128 62 3 233 6 114 35 128 62 3 233
58812 3307 5900 22 44454 22 0 44 1 65448 65436 8275 35693 8275 203 85 139 236 128 62 3 233 6 114 35 128 62 3 233 23
87534 4920 8814 22 44454 22 0 44 1 65448 65440 8275 35693 8275 95 94 139 229 93 203 13 34 13 34 13 34 13 34 13 34
87535 4920 8815 22 44454 22 0 44 0 65448 65442 8275 35693 8275 94 139 229 93 203 13 34 13 34 13 34 13 34 13 34 13
87536 4920 8816 22 44454 22 0 1 0 65448 65444 8275 35693 8275 139 229 93 203 13 34 13 34 13 34 13 34 13 34 13 34
87538 4920 8818 22 44454 22 0 1 0 65448 65448 8275 35693 8275 93 203 13 34 13 34 13 34 13 34 13 34 13 34 19 34
87539 4920 8819 22 44454 22 0 1 0 65454 65450 8275 35693 8275 203 13 34 13 34 13 34 13 34 13 34 13 34 19 34 160
78750 4920 30 22 44454 22 0 1 0 65454 65454 8275 35693 8275 154 6 0 18 22 198 6 218 172 1 128 62 174 196 0 117
90406 5650 6 22 44454 22 0 1 0 65454 65450 8275 35693 8275 85 139 236 131 236 4 86 87 199 70 254 0 0 235 16 139
90407 5650 7 22 44454 22 0 1 0 65454 65448 8275 35693 8275 139 236 131 236 4 86 87 199 70 254 0 0 235 16 139 94
90409 5650 9 22 44454 22 0 1 0 65448 65448 8275 35693 8275 131 236 4 86 87 199 70 254 0 0 235 16 139 94 254 138
90412 5650 12 22 44454 22 0 1 0 65448 65444 8275 35693 8275 86 87 199 70 254 0 0 235 16 139 94 254 138 135 199 185
90413 5650 13 22 44454 22 0 1 0 65448 65442 8275 35693 8275 87 199 70 254 0 0 235 16 139 94 254 138 135 199 185 4
90414 5650 14 22 44454 22 0 1 0 65448 65440 8275 35693 8275 199 70 254 0 0 235 16 139 94 254 138 135 199 185 4 255
90419 5650 19 22 44454 22 0 1 0 65448 65440 8275 35693 8275 235 16 139 94 254 138 135 199 185 4 255 136 135 94 171 255
90437 5650 37 22 44454 22 0 1 0 65448 65440 8275 35693 8275 131 126 254 8 124 234 160 33 1 254 192 162 33 1 180 0
90441 5650 41 22 44454 22 0 1 0 65448 65440 8275 35693 8275 124 234 160 33 1 254 192 162 33 1 180 0 187 18 0 153
90421 5650 21 22 44454 22 0 1 0 65448 65440 8275 35693 8275 139 94 254 138 135 199 185 4 255 136 135 94 171 255 70 254
90424 5650 24 22 0 22 0 1 0 65448 65440 8275 35693 8275 138 135 199 185 4 255 136 135 94 171 255 70 254 131 126 254
90428 5650 28 0 0 22 0 1 0 65448 65440 8275 35693 8275 4 255 136 135 94 171 255 70 254 131 126 254 8 124 234 160
90430 5650 30 255 0 22 0 1 0 65448 65440 8275 35693 8275 136 135 94 171 255 70 254 131 126 254 8 124 234 160 33 1
90434 5650 34 255 0 22 0 1 0 65448 65440 8275 35693 8275 255 70 254 131 126 254 8 124 234 160 33 1 254 192 162 33
90437 5650 37 255 0 22 0 1 0 65448 65440 8275 35693 8275 131 126 254 8 124 234 160 33 1 254 192 162 33 1 180 0
90441 5650 41 255 0 22 0 1 0 65448 65440 8275 35693 8275 124 234 160 33 1 254 192 162 33 1 180 0 187 18 0 153
90421 5650 21 255 0 22 0 1 0 65448 65440 8275 35693 8275 139 94 254 138 135 199 185 4 255 136 135 94 171 255 70 254
90424 5650 24 255 1 22 0 1 0 65448 65440 8275 35693 8275 138 135 199 185 4 255 136 135 94 171 255 70 254 131 126 254
90428 5650 28 0 1 22 0 1 0 65448 65440 8275 35693 8275 4 255 136 135 94 171 255 70 254 131 126 254 8 124 234 160
90430 5650 30 255 1 22 0 1 0 65448 65440 8275 35693 8275 136 135 94 171 255 70 254 131 126 254 8 124 234 160 33 1
90434 5650 34 255 1 22 0 1 0 65448 65440 8275 35693 8275 255 70 254 131 126 254 8 124 234 160 33 1 254 192 162 33
90437 5650 37 255 1 22 0 1 0 65448 65440 8275 35693 8275 131 126 254 8 124 234 160 33 1 254 192 162 33 1 180 0
90441 5650 41 255 1 22 0 1 0 65448 65440 8275 35693 8275 124 234 160 33 1 254 192 162 33 1 180 0 187 18 0 153
90421 5650 21 255 1 22 0 1 0 65448 65440 8275 35693 8275 139 94 254 138 135 199 185 4 255 136 135 94 171 255 70 254
90424 5650 24 255 2 22 0 1 0 65448 65440 8275 35693 8275 138 135 199 185 4 255 136 135 94 171 255 70 254 131 126 254
90428 5650 28 0 2 22 0 1 0 65448 65440 8275 35693 8275 4 255 136 135 94 171 255 70 254 131 126 254 8 124 234 160
90430 5650 30 255 2 22 0 1 0 65448 65440 8275 35693 8275 136 135 94 171 255 70 254 131 126 254 8 124 234 160 33 1
90434 5650 34 255 2 22 0 1 0 65448 65440 8275 35693 8275 255 70 254 131 126 254 8 124 234 160 33 1 254 192 162 33
90437 5650 37 255 2 22 0 1 0 65448 65440 8275 35693 8275 131 126 254 8 124 234 160 33 1 254 192 162 33 1 180 0
90441 5650 41 255 2 22 0 1 0 65448 65440 8275 35693 8275 124 234 160 33 1 254 192 162 33 1 180 0 187 18 0 153
90421 5650 21 255 2 22 0 1 0 65448 65440 8275 35693 8275 139 94 254 138 135 199 185 4 255 136 135 94 171 255 70 254
90424 5650 24 255 3 22 0 1 0 65448 65440 8275 35693 8275 138 135 199 185 4 255 136 135 94 171 255 70 254 131 126 254
90428 5650 28 0 3 22 0 1 0 65448 65440 8275 35693 8275 4 255 136 135 94 171 255 70 254 131 126 254 8 124 234 160
90430 5650 30 255 3 22 0 1 0 65448 65440 8275 35693 8275 136 135 94 171 255 70 254 131 126 254 8 124 234 160 33 1
90434 5650 34 255 3 22 0 1 0 65448 65440 8275 35693 8275 255 70 254 131 126 254 8 124 234 160 33 1 254 192 162 33
90437 5650 37 255 3 22 0 1 0 65448 65440 8275 35693 8275 131 126 254 8 124 234 160 33 1 254 192 162 33 1 180 0
90441 5650 41 255 3 22 0 1 0 65448 65440 8275 35693 8275 124 234 160 33 1 254 192 162 33 1 180 0 187 18 0 153
90421 5650 21 255 3 22 0 1 0 65448 65440 8275 35693 8275 139 94 254 138 135 199 185 4 255 136 135 94 171 255 70 254
90424 5650 24 255 4 22 0 1 0 65448 65440 8275 35693 8275 138 135 199 185 4 255 136 135 94 171 255 70 254 131 126 254
90428 5650 28 0 4 22 0 1 0 65448 65440 8275 35693 8275 4 255 136 135 94 171 255 70 254 131 126 254 8 124 234 160
90430 5650 30 255 4 22 0 1 0 65448 65440 8275 35693 8275 136 135 94 171 255 70 254 131 126 254 8 124 234 160 33 1
90434 5650 34 255 4 22 0 1 0 65448 65440 8275 35693 8275 255 70 254 131 126 254 8 124 234 160 33 1 254 192 162 33
90437 5650 37 255 4 22 0 1 0 65448 65440 8275 35693 8275 131 126 254 8 124 234 160 33 1 254 192 162 33 1 180 0
90441 5650 41 255 4 22 0 1 0 65448 65440 8275 35693 8275 124 234 160 33 1 254 192 162 33 1 180 0 187 18 0 153
90421 5650 21 255 4 22 0 1 0 65448 65440 8275 35693 8275 139 94 254 138 135 199 185 4 255 136 135 94 171 255 70 254
90424 5650 24 255 5 22 0 1 0 65448 65440 8275 35693 8275 138 135 199 185 4 255 136 135 94 171 255 70 254 131 126 254
90428 5650 28 0 5 22 0 1 0 65448 65440 8275 35693 8275 4 255 136 135 94 171 255 70 254 131 126 254 8 124 234 160
90430 5650 30 255 5 22 0 1 0 65448 65440 8275 35693 8275 136 135 94 171 255 70 254 131 126 254 8 124 234 160 33 1
90434 5650 34 255 5 22 0 1 0 65448 65440 8275 35693 8275 255 70 254 131 126 254 8 124 234 160 33 1 254 192 162 33
90437 5650 37 255 5 22 0 1 0 65448 65440 8275 35693 8275 131 126 254 8 124 234 160 33 1 254 192 162 33 1 180 0
90441 5650 41 255 5 22 0 1 0 65448 65440 8275 35693 8275 124 234 160 33 1 254 192 162 33 1 180 0 187 18 0 153
90421 5650 21 255 5 22 0 1 0 65448 65440 8275 35693 8275 139 94 254 138 135 199 185 4 255 136 135 94 171 255 70 254
90424 5650 24 255 6 22 0 1 0 65448 65440 8275 35693 8275 138 135 199 185 4 255 136 135 94 171 255 70 254 131 126 254
90428 5650 28 0 6 22 0 1 0 65448 65440 8275 35693 8275 4 255 136 135 94 171 255 70 254 131 126 254 8 124 234 160
90430 5650 30 255 6 22 0 1 0 65448 65440 8275 35693 8275 136 135 94 171 255 70 254 131 126 254 8 124 234 160 33 1
90434 5650 34 255 6 22 0 1 0 65448 65440 8275 35693 8275 255 70 254 131 126 254 8 124 234 160 33 1 254 192 162 33
90437 5650 37 255 6 22 0 1 0 65448 65440 8275 35693 8275 131 126 254 8 124 234 160 33 1 254 192 162 33 1 180 0
90441 5650 41 255 6 22 0 1 0 65448 65440 8275 35693 8275 124 234 160 33 1 254 192 162 33 1 180 0 187 18 0 153
90421 5650 21 255 6 22 0 1 0 65448 65440 8275 35693 8275 139 94 254 138 135 199 185 4 255 136 135 94 171 255 70 254
90424 5650 24 255 7 22 0 1 0 65448 65440 8275 35693 8275 138 135 199 185 4 255 136 135 94 171 255 70 254 131 126 254
90428 5650 28 0 7 22 0 1 0 65448 65440 8275 35693 8275 4 255 136 135 94 171 255 70 254 131 126 254 8 124 234 160
90430 5650 30 255 7 22 0 1 0 65448 65440 8275 35693 8275 136 135 94 171 255 70 254 131 126 254 8 124 234 160 33 1
90434 5650 34 255 7 22 0 1 0 65448 65440 8275 35693 8275 255 70 254 131 126 254 8 124 234 160 33 1 254 192 162 33
90437 5650 37 255 7 22 0 1 0 65448 65440 8275 35693 8275 131 126 254 8 124 234 160 33 1 254 192 162 33 1 180 0
90441 5650 41 255 7 22 0 1 0 65448 65440 8275 35693 8275 124 234 160 33 1 254 192 162 33 1 180 0 187 18 0 153
90443 5650 43 255 7 22 0 1 0 65448 65440 8275 35693 8275 160 33 1 254 192 162 33 1 180 0 187 18 0 153 247 251
90446 5650 46 1 7 22 0 1 0 65448 65440 8275 35693 8275 254 192 162 33 1 180 0 187 18 0 153 247 251 136 22 33
90448 5650 48 2 7 22 0 1 0 65448 65440 8275 35693 8275 162 33 1 180 0 187 18 0 153 247 251 136 22 33 1 160
90451 5650 51 2 7 22 0 1 0 65448 65440 8275 35693 8275 180 0 187 18 0 153 247 251 136 22 33 1 160 34 1 254
