ExecutionTrace 1
4995
643017 39715 7577 66 60 104 8 66 0 10251 65412 24947 35693 8275 139 52 232 12 0 89 91 94 70 70 139 52 11 246 116 115
643016 39715 7576 66 60 104 8 66 0 10251 65414 24947 35693 8275 81 139 52 232 12 0 89 91 94 70 70 139 52 11 246 116
643015 39715 7575 66 60 104 8 66 0 10251 65416 24947 35693 8275 83 81 139 52 232 12 0 89 91 94 70 70 139 52 11 246
643014 39715 7574 66 60 104 8 66 0 10251 65418 24947 35693 8275 86 83 81 139 52 232 12 0 89 91 94 70 70 139 52 11
643004 39715 7564 66 60 104 8 66 0 10251 65418 24947 35693 8275 116 8 233 141 0 144 233 101 9 144 86 83 81 139 52 232
643000 39715 7560 66 60 104 8 66 0 10251 65418 24947 35693 8275 247 199 1 0 116 8 233 141 0 144 233 101 9 144 86 83
642994 39715 7554 66 60 104 8 66 0 10251 65418 24947 35693 8275 116 4 233 81 1 144 247 199 1 0 116 8 233 141 0 144
642990 39715 7550 66 60 104 8 66 0 10251 65418 24947 35693 8275 247 199 0 3 116 4 233 81 1 144 247 199 1 0 116 8
642985 39715 7545 66 60 104 8 66 0 10251 65418 24947 35693 8275 116 3 233 214 3 247 199 0 3 116 4 233 81 1 144 247
642981 39715 7541 66 60 104 8 66 0 10251 65418 24947 35693 8275 247 199 2 0 116 3 233 214 3 247 199 0 3 116 4 233
642977 39715 7537 66 60 104 8 66 0 10251 65418 24947 35693 8275 129 231 3 3 247 199 2 0 116 3 233 214 3 247 199 0
642975 39715 7535 66 60 104 8 66 0 10251 65418 24947 35693 8275 120 33 129 231 3 3 247 199 2 0 116 3 233 214 3 247
642973 39715 7533 66 60 104 8 66 0 10251 65418 24947 35693 8275 11 255 120 33 129 231 3 3 247 199 2 0 116 3 233 214
642972 39715 7532 66 60 104 8 66 0 10251 65418 24947 35693 8275 252 11 255 120 33 129 231 3 3 247 199 2 0 116 3 233
642609 39715 7169 66 60 104 8 66 0 10251 65420 24947 35693 8275 232 104 1 46 131 6 48 11 8 235 168 85 30 6 86 87
642604 39715 7164 66 60 104 8 66 0 10251 65420 8275 35693 8275 46 142 30 248 9 232 104 1 46 131 6 48 11 8 235 168
642599 39715 7159 66 60 104 8 66 0 10251 65420 8275 35693 8275 46 142 6 246 9 46 142 30 248 9 232 104 1 46 131 6
642597 39715 7157 66 60 104 8 54942 0 10251 65420 8275 35693 8275 139 240 46 142 6 246 9 46 142 30 248 9 232 104 1 46
642595 39715 7155 33 60 104 8 54942 0 10251 65420 8275 35693 8275 209 224 139 240 46 142 6 246 9 46 142 30 248 9 232 104
642594 39715 7154 32 60 104 8 54942 0 10251 65420 8275 35693 8275 64 209 224 139 240 46 142 6 246 9 46 142 30 248 9 232
642592 39715 7152 16 60 104 8 54942 0 10251 65420 8275 35693 8275 209 224 64 209 224 139 240 46 142 6 246 9 46 142 30 248
642591 39715 7151 0 60 104 8 54940 0 10251 65420 8275 35693 8275 173 209 224 64 209 224 139 240 46 142 6 246 9 46 142 30
642589 39715 7149 0 60 104 8 54940 44064 10251 65420 8275 35693 8275 139 248 173 209 224 64 209 224 139 240 46 142 6 246 9 46
642588 39715 7148 2 60 104 8 54938 44064 10251 65420 8275 35693 8275 173 139 248 173 209 224 64 209 224 139 240 46 142 6 246 9
642576 39715 7136 2 60 104 8 54938 44064 10251 65420 8275 35693 8275 117 10 46 3 14 20 10 46 3 30 24 10 173 139 248 173
642574 39715 7134 2 60 104 8 54938 44064 10251 65420 8275 35693 8275 11 192 117 10 46 3 14 20 10 46 3 30 24 10 173 139
642569 39715 7129 2 60 104 8 54938 44064 10251 65420 8275 35693 8275 46 10 6 101 14 11 192 117 10 46 3 14 20 10 46 3
642565 39715 7125 60 60 104 8 54938 44064 10251 65420 8275 35693 8275 46 161 99 14 46 10 6 101 14 11 192 117 10 46 3 14
642563 39715 7123 60 67 104 8 54938 44064 10251 65420 8275 35693 8275 139 216 46 161 99 14 46 10 6 101 14 11 192 117 10 46
642562 39715 7122 105 67 104 8 54936 44064 10251 65420 8275 35693 8275 173 139 216 46 161 99 14 46 10 6 101 14 11 192 117 10
642541 39715 7101 105 67 104 8 54936 44064 10251 65420 8275 35693 8275 117 19 173 173 11 192 116 12 46 163 248 9 46 131 6 48
642540 39715 7100 104 67 104 8 54936 44064 10251 65420 8275 35693 8275 64 117 19 173 173 11 192 116 12 46 163 248 9 46 131 6
642538 39715 7098 104 67 8 8 54936 44064 10251 65420 8275 35693 8275 139 200 64 117 19 173 173 11 192 116 12 46 163 248 9 46
642537 39715 7097 46260 67 8 8 54934 44064 10251 65420 8275 35693 8275 173 139 200 64 117 19 173 173 11 192 116 12 46 163 248 9
642532 39715 7092 46260 67 8 8 0 44064 10251 65420 24947 35693 8275 46 197 54 48 11 173 139 200 64 117 19 173 173 11 192 116
642618 39715 7178 46260 67 8 8 0 44064 10251 65420 24947 35693 8275 235 168 85 30 6 86 87 232 28 249 232 149 0 46 198 6
642612 39715 7172 46260 67 8 8 0 44064 10251 65420 24947 35693 8275 46 131 6 48 11 8 235 168 85 30 6 86 87 232 28 249
643148 39715 7708 46260 67 8 8 0 44064 10251 65418 24947 35693 8275 195 144 86 83 81 139 52 232 12 0 89 91 94 70 70 139
643031 39715 7591 46260 67 8 8 0 44064 10251 65418 24947 35693 8275 116 115 144 173 3 200 139 209 70 70 173 3 216 209 227 173
643029 39715 7589 46260 67 8 8 0 44064 10251 65418 24947 35693 8275 11 246 116 115 144 173 3 200 139 209 70 70 173 3 216 209
643027 39715 7587 46260 67 8 8 120 44064 10251 65418 24947 35693 8275 139 52 11 246 116 115 144 173 3 200 139 209 70 70 173 3
643026 39715 7586 46260 67 8 8 119 44064 10251 65418 24947 35693 8275 70 139 52 11 246 116 115 144 173 3 200 139 209 70 70 173
643025 39715 7585 46260 67 8 8 118 44064 10251 65418 24947 35693 8275 70 70 139 52 11 246 116 115 144 173 3 200 139 209 70 70
643024 39715 7584 46260 67 8 8 10251 44064 10251 65416 24947 35693 8275 94 70 70 139 52 11 246 116 115 144 173 3 200 139 209 70
643023 39715 7583 46260 276 8 8 10251 44064 10251 65414 24947 35693 8275 91 94 70 70 139 52 11 246 116 115 144 173 3 200 139 209
643022 39715 7582 46260 276 0 8 10251 44064 10251 65412 24947 35693 8275 89 91 94 70 70 139 52 11 246 116 115 144 173 3 200 139
643148 39715 7708 46260 276 0 8 10251 44064 10251 65410 24947 35693 8275 195 144 86 83 81 139 52 232 12 0 89 91 94 70 70 139
643147 39715 7707 46260 276 0 8 10251 44064 10251 65410 24947 35693 8275 144 195 144 86 83 81 139 52 232 12 0 89 91 94 70 70
643145 39715 7705 46260 276 0 8 10251 44064 10251 65410 24947 35693 8275 117 163 144 195 144 86 83 81 139 52 232 12 0 89 91 94
643140 39715 7700 46260 276 0 8 10251 44064 10251 65410 24947 35693 8275 46 255 14 100 11 117 163 144 195 144 86 83 81 139 52 232
643139 39715 7699 46260 275 0 8 10251 44064 10251 65410 24947 35693 8275 67 46 255 14 100 11 117 163 144 195 144 86 83 81 139 52
643138 39715 7698 46260 274 0 8 10251 44064 10251 65410 24947 35693 8275 67 67 46 255 14 100 11 117 163 144 195 144 86 83 81 139
643082 39715 7642 46260 274 0 8 10251 44064 10251 65410 24947 35693 8275 116 54 172 168 128 117 13 138 200 65 209 233 243 165 209 209
643080 39715 7640 46260 274 0 8 10251 44064 10251 65410 24947 35693 8275 59 245 116 54 172 168 128 117 13 138 200 65 209 233 243 165
643133 39715 7693 46260 274 0 8 10251 44064 10251 65410 24947 35693 8275 235 201 144 3 240 67 67 46 255 14 100 11 117 163 144 195
643131 39715 7691 46260 274 0 8 10251 44064 10251 65410 24947 35693 8275 243 170 235 201 144 3 240 67 67 46 255 14 100 11 117 163
643129 39715 7689 46260 274 0 8 10251 44064 10251 65410 24947 35693 8275 209 209 243 170 235 201 144 3 240 67 67 46 255 14 100 11
643127 39715 7687 46260 274 9 8 10251 44046 10251 65410 24947 35693 8275 243 171 209 209 243 170 235 201 144 3 240 67 67 46 255 14
643125 39715 7685 46260 274 18 8 10251 44046 10251 65410 24947 35693 8275 209 233 243 171 209 209 243 170 235 201 144 3 240 67 67 46
643123 39715 7683 46260 274 18 8 10251 44046 10251 65410 24947 35693 8275 138 224 209 233 243 171 209 209 243 170 235 201 144 3 240 67
643122 39715 7682 46287 274 18 8 10250 44046 10251 65410 24947 35693 8275 172 138 224 209 233 243 171 209 209 243 170 235 201 144 3 240
643119 39715 7679 46287 274 15 8 10250 44046 10251 65410 24947 35693 8275 128 193 3 172 138 224 209 233 243 171 209 209 243 170 235 201
643116 39715 7676 46287 274 207 8 10250 44046 10251 65410 24947 35693 8275 128 225 63 128 193 3 172 138 224 209 233 243 171 209 209 243
643114 39715 7674 46287 274 0 8 10250 44046 10251 65410 24947 35693 8275 138 200 128 225 63 128 193 3 172 138 224 209 233 243 171 209
643104 39715 7664 46287 274 0 8 10250 44046 10251 65410 24947 35693 8275 117 8 37 63 0 64 3 248 235 222 138 200 128 225 63 128
643102 39715 7662 46287 274 0 8 10250 44046 10251 65410 24947 35693 8275 168 64 117 8 37 63 0 64 3 248 235 222 138 200 128 225
643087 39715 7647 46287 274 0 8 10250 44046 10251 65410 24947 35693 8275 117 13 138 200 65 209 233 243 165 209 209 243 164 235 234 168
643085 39715 7645 46287 274 0 8 10250 44046 10251 65410 24947 35693 8275 168 128 117 13 138 200 65 209 233 243 165 209 209 243 164 235
643084 39715 7644 46260 274 0 8 10249 44046 10251 65410 24947 35693 8275 172 168 128 117 13 138 200 65 209 233 243 165 209 209 243 164
643082 39715 7642 46260 274 0 8 10249 44046 10251 65410 24947 35693 8275 116 54 172 168 128 117 13 138 200 65 209 233 243 165 209 209
643080 39715 7640 46260 274 0 8 10249 44046 10251 65410 24947 35693 8275 59 245 116 54 172 168 128 117 13 138 200 65 209 233 243 165
643133 39715 7693 46260 274 0 8 10249 44046 10251 65410 24947 35693 8275 235 201 144 3 240 67 67 46 255 14 100 11 117 163 144 195
643131 39715 7691 46260 274 0 8 10249 44046 10251 65410 24947 35693 8275 243 170 235 201 144 3 240 67 67 46 255 14 100 11 117 163
643129 39715 7689 46260 274 0 8 10249 44046 10251 65410 24947 35693 8275 209 209 243 170 235 201 144 3 240 67 67 46 255 14 100 11
643127 39715 7687 46260 274 33 8 10249 43980 10251 65410 24947 35693 8275 243 171 209 209 243 170 235 201 144 3 240 67 67 46 255 14
643125 39715 7685 46260 274 66 8 10249 43980 10251 65410 24947 35693 8275 209 233 243 171 209 209 243 170 235 201 144 3 240 67 67 46
643123 39715 7683 46260 274 66 8 10249 43980 10251 65410 24947 35693 8275 138 224 209 233 243 171 209 209 243 170 235 201 144 3 240 67
643122 39715 7682 46335 274 66 8 10248 43980 10251 65410 24947 35693 8275 172 138 224 209 233 243 171 209 209 243 170 235 201 144 3 240
643119 39715 7679 46335 274 63 8 10248 43980 10251 65410 24947 35693 8275 128 193 3 172 138 224 209 233 243 171 209 209 243 170 235 201
643116 39715 7676 46335 274 255 8 10248 43980 10251 65410 24947 35693 8275 128 225 63 128 193 3 172 138 224 209 233 243 171 209 209 243
643114 39715 7674 46335 274 0 8 10248 43980 10251 65410 24947 35693 8275 138 200 128 225 63 128 193 3 172 138 224 209 233 243 171 209
643104 39715 7664 46335 274 0 8 10248 43980 10251 65410 24947 35693 8275 117 8 37 63 0 64 3 248 235 222 138 200 128 225 63 128
643102 39715 7662 46335 274 0 8 10248 43980 10251 65410 24947 35693 8275 168 64 117 8 37 63 0 64 3 248 235 222 138 200 128 225
643087 39715 7647 46335 274 0 8 10248 43980 10251 65410 24947 35693 8275 117 13 138 200 65 209 233 243 165 209 209 243 164 235 234 168
643085 39715 7645 46335 274 0 8 10248 43980 10251 65410 24947 35693 8275 168 128 117 13 138 200 65 209 233 243 165 209 209 243 164 235
643084 39715 7644 46260 274 0 8 10247 43980 10251 65410 24947 35693 8275 172 168 128 117 13 138 200 65 209 233 243 165 209 209 243 164
643082 39715 7642 46260 274 0 8 10247 43980 10251 65410 24947 35693 8275 116 54 172 168 128 117 13 138 200 65 209 233 243 165 209 209
643080 39715 7640 46260 274 0 8 10247 43980 10251 65410 24947 35693 8275 59 245 116 54 172 168 128 117 13 138 200 65 209 233 243 165
643133 39715 7693 46260 274 0 8 10247 43980 10251 65410 24947 35693 8275 235 201 144 3 240 67 67 46 255 14 100 11 117 163 144 195
643131 39715 7691 46260 274 0 8 10247 43980 10251 65410 24947 35693 8275 243 170 235 201 144 3 240 67 67 46 255 14 100 11 117 163
643129 39715 7689 46260 274 0 8 10247 43980 10251 65410 24947 35693 8275 209 209 243 170 235 201 144 3 240 67 67 46 255 14 100 11
643127 39715 7687 46260 274 33 8 10247 43914 10251 65410 24947 35693 8275 243 171 209 209 243 170 235 201 144 3 240 67 67 46 255 14
643125 39715 7685 46260 274 66 8 10247 43914 10251 65410 24947 35693 8275 209 233 243 171 209 209 243 170 235 201 144 3 240 67 67 46
643123 39715 7683 46260 274 66 8 10247 43914 10251 65410 24947 35693 8275 138 224 209 233 243 171 209 209 243 170 235 201 144 3 240 67
643122 39715 7682 46335 274 66 8 10246 43914 10251 65410 24947 35693 8275 172 138 224 209 233 243 171 209 209 243 170 235 201 144 3 240
643119 39715 7679 46335 274 63 8 10246 43914 10251 65410 24947 35693 8275 128 193 3 172 138 224 209 233 243 171 209 209 243 170 235 201
643116 39715 7676 46335 274 255 8 10246 43914 10251 65410 24947 35693 8275 128 225 63 128 193 3 172 138 224 209 233 243 171 209 209 243
643114 39715 7674 46335 274 0 8 10246 43914 10251 65410 24947 35693 8275 138 200 128 225 63 128 193 3 172 138 224 209 233 243 171 209
643104 39715 7664 46335 274 0 8 10246 43914 10251 65410 24947 35693 8275 117 8 37 63 0 64 3 248 235 222 138 200 128 225 63 128
643102 39715 7662 46335 274 0 8 10246 43914 10251 65410 24947 35693 8275 168 64 117 8 37 63 0 64 3 248 235 222 138 200 128 225
643087 39715 7647 46335 274 0 8 10246 43914 10251 65410 24947 35693 8275 117 13 138 200 65 209 233 243 165 209 209 243 164 235 234 168
643085 39715 7645 46335 274 0 8 10246 43914 10251 65410 24947 35693 8275 168 128 117 13 138 200 65 209 233 243 165 209 209 243 164 235
643084 39715 7644 46260 274 0 8 10245 43914 10251 65410 24947 35693 8275 172 168 128 117 13 138 200 65 209 233 243 165 209 209 243 164
643082 39715 7642 46260 274 0 8 10245 43914 10251 65410 24947 35693 8275 116 54 172 168 128 117 13 138 200 65 209 233 243 165 209 209
643080 39715 7640 46260 274 0 8 10245 43914 10251 65410 24947 35693 8275 59 245 116 54 172 168 128 117 13 138 200 65 209 233 243 165
643133 39715 7693 46260 274 0 8 10245 43914 10251 65410 24947 35693 8275 235 201 144 3 240 67 67 46 255 14 100 11 117 163 144 195
643131 39715 7691 46260 274 0 8 10245 43914 10251 65410 24947 35693 8275 243 170 235 201 144 3 240 67 67 46 255 14 100 11 117 163
643129 39715 7689 46260 274 0 8 10245 43914 10251 65410 24947 35693 8275 209 209 243 170 235 201 144 3 240 67 67 46 255 14 100 11
643127 39715 7687 46260 274 33 8 10245 43848 10251 65410 24947 35693 8275 243 171 209 209 243 170 235 201 144 3 240 67 67 46 255 14
643125 39715 7685 46260 274 66 8 10245 43848 10251 65410 24947 35693 8275 209 233 243 171 209 209 243 170 235 201 144 3 240 67 67 46
643123 39715 7683 180 274 66 8 10245 43848 10251 65410 24947 35693 8275 138 224 209 233 243 171 209 209 243 170 235 201 144 3 240 67
643122 39715 7682 255 274 66 8 10244 43848 10251 65410 24947 35693 8275 172 138 224 209 233 243 171 209 209 243 170 235 201 144 3 240
643119 39715 7679 255 274 63 8 10244 43848 10251 65410 24947 35693 8275 128 193 3 172 138 224 209 233 243 171 209 209 243 170 235 201
643116 39715 7676 255 274 255 8 10244 43848 10251 65410 24947 35693 8275 128 225 63 128 193 3 172 138 224 209 233 243 171 209 209 243
643114 39715 7674 255 274 0 8 10244 43848 10251 65410 24947 35693 8275 138 200 128 225 63 128 193 3 172 138 224 209 233 243 171 209
643104 39715 7664 255 274 0 8 10244 43848 10251 65410 24947 35693 8275 117 8 37 63 0 64 3 248 235 222 138 200 128 225 63 128
643102 39715 7662 255 274 0 8 10244 43848 10251 65410 24947 35693 8275 168 64 117 8 37 63 0 64 3 248 235 222 138 200 128 225
643087 39715 7647 255 274 0 8 10244 43848 10251 65410 24947 35693 8275 117 13 138 200 65 209 233 243 165 209 209 243 164 235 234 168
643085 39715 7645 255 274 0 8 10244 43848 10251 65410 24947 35693 8275 168 128 117 13 138 200 65 209 233 243 165 209 209 243 164 235
643084 39715 7644 0 274 0 8 10243 43848 10251 65410 24947 35693 8275 172 168 128 117 13 138 200 65 209 233 243 165 209 209 243 164
643082 39715 7642 0 274 0 8 10243 43848 10251 65410 24947 35693 8275 116 54 172 168 128 117 13 138 200 65 209 233 243 165 209 209
643080 39715 7640 0 274 0 8 10243 43848 10251 65410 24947 35693 8275 59 245 116 54 172 168 128 117 13 138 200 65 209 233 243 165
643079 39715 7639 0 274 0 8 10243 43848 10251 65410 24947 35693 8275 144 59 245 116 54 172 168 128 117 13 138 200 65 209 233 243
643077 39715 7637 0 274 0 8 10243 43848 10251 65410 24947 35693 8275 3 248 144 59 245 116 54 172 168 128 117 13 138 200 65 209
643076 39715 7636 10 274 0 8 10241 43848 10251 65410 24947 35693 8275 173 3 248 144 59 245 116 54 172 168 128 117 13 138 200 65
643074 39715 7634 10 274 0 8 10241 43840 10251 65410 24947 35693 8275 3 250 173 3 248 144 59 245 116 54 172 168 128 117 13 138
643069 39715 7629 10 274 0 8 10241 43744 10251 65410 24947 35693 8275 46 139 191 156 6 3 250 173 3 248 144 59 245 116 54 172
643067 39715 7627 10 274 0 8 10241 43744 10241 65410 24947 35693 8275 3 232 46 139 191 156 6 3 250 173 3 248 144 59 245 116
643065 39715 7625 10 274 0 8 10241 43744 10239 65410 24947 35693 8275 139 238 3 232 46 139 191 156 6 3 250 173 3 248 144 59
643063 39715 7623 10 274 0 8 10241 43744 10239 65410 24947 35693 8275 115 71 139 238 3 232 46 139 191 156 6 3 250 173 3 248
643059 39715 7619 10 274 0 8 10241 43744 10239 65410 24947 35693 8275 129 251 144 1 115 71 139 238 3 232 46 139 191 156 6 3
643057 39715 7617 10 274 0 8 10241 43744 10239 65410 24947 35693 8275 116 79 129 251 144 1 115 71 139 238 3 232 46 139 191 156
643055 39715 7615 10 274 0 8 10241 43744 10239 65410 24947 35693 8275 11 192 116 79 129 251 144 1 115 71 139 238 3 232 46 139
643054 39715 7614 46260 274 0 8 10239 43744 10239 65410 24947 35693 8275 173 11 192 116 79 129 251 144 1 115 71 139 238 3 232 46
643145 39715 7705 46260 274 0 8 10239 43744 10239 65410 24947 35693 8275 117 163 144 195 144 86 83 81 139 52 232 12 0 89 91 94
643140 39715 7700 46260 274 0 8 10239 43744 10239 65410 24947 35693 8275 46 255 14 100 11 117 163 144 195 144 86 83 81 139 52 232
643139 39715 7699 46260 273 0 8 10239 43744 10239 65410 24947 35693 8275 67 46 255 14 100 11 117 163 144 195 144 86 83 81 139 52
643138 39715 7698 46260 272 0 8 10239 43744 10239 65410 24947 35693 8275 67 67 46 255 14 100 11 117 163 144 195 144 86 83 81 139
643082 39715 7642 46260 272 0 8 10239 43744 10239 65410 24947 35693 8275 116 54 172 168 128 117 13 138 200 65 209 233 243 165 209 209
643080 39715 7640 46260 272 0 8 10239 43744 10239 65410 24947 35693 8275 59 245 116 54 172 168 128 117 13 138 200 65 209 233 243 165
643133 39715 7693 46260 272 0 8 10239 43744 10239 65410 24947 35693 8275 235 201 144 3 240 67 67 46 255 14 100 11 117 163 144 195
643131 39715 7691 46260 272 1 8 10239 43743 10239 65410 24947 35693 8275 243 170 235 201 144 3 240 67 67 46 255 14 100 11 117 163
643129 39715 7689 46260 272 0 8 10239 43743 10239 65410 24947 35693 8275 209 209 243 170 235 201 144 3 240 67 67 46 255 14 100 11
643127 39715 7687 46260 272 16 8 10239 43711 10239 65410 24947 35693 8275 243 171 209 209 243 170 235 201 144 3 240 67 67 46 255 14
643125 39715 7685 46260 272 33 8 10239 43711 10239 65410 24947 35693 8275 209 233 243 171 209 209 243 170 235 201 144 3 240 67 67 46
643123 39715 7683 46260 272 33 8 10239 43711 10239 65410 24947 35693 8275 138 224 209 233 243 171 209 209 243 170 235 201 144 3 240 67
643122 39715 7682 46302 272 33 8 10238 43711 10239 65410 24947 35693 8275 172 138 224 209 233 243 171 209 209 243 170 235 201 144 3 240
643119 39715 7679 46302 272 30 8 10238 43711 10239 65410 24947 35693 8275 128 193 3 172 138 224 209 233 243 171 209 209 243 170 235 201
643116 39715 7676 46302 272 222 8 10238 43711 10239 65410 24947 35693 8275 128 225 63 128 193 3 172 138 224 209 233 243 171 209 209 243
643114 39715 7674 46302 272 0 8 10238 43711 10239 65410 24947 35693 8275 138 200 128 225 63 128 193 3 172 138 224 209 233 243 171 209
643104 39715 7664 46302 272 0 8 10238 43711 10239 65410 24947 35693 8275 117 8 37 63 0 64 3 248 235 222 138 200 128 225 63 128
643102 39715 7662 46302 272 0 8 10238 43711 10239 65410 24947 35693 8275 168 64 117 8 37 63 0 64 3 248 235 222 138 200 128 225
643087 39715 7647 46302 272 0 8 10238 43711 10239 65410 24947 35693 8275 117 13 138 200 65 209 233 243 165 209 209 243 164 235 234 168
643085 39715 7645 46302 272 0 8 10238 43711 10239 65410 24947 35693 8275 168 128 117 13 138 200 65 209 233 243 165 209 209 243 164 235
643084 39715 7644 46081 272 0 8 10237 43711 10239 65410 24947 35693 8275 172 168 128 117 13 138 200 65 209 233 243 165 209 209 243 164
643082 39715 7642 46081 272 0 8 10237 43711 10239 65410 24947 35693 8275 116 54 172 168 128 117 13 138 200 65 209 233 243 165 209 209
643080 39715 7640 46081 272 0 8 10237 43711 10239 65410 24947 35693 8275 59 245 116 54 172 168 128 117 13 138 200 65 209 233 243 165
643100 39715 7660 46081 272 0 8 10237 43711 10239 65410 24947 35693 8275 235 234 168 64 117 8 37 63 0 64 3 248 235 222 138 200
643098 39715 7658 46081 272 0 8 10237 43711 10239 65410 24947 35693 8275 243 164 235 234 168 64 117 8 37 63 0 64 3 248 235 222
643096 39715 7656 46081 272 0 8 10237 43711 10239 65410 24947 35693 8275 209 209 243 164 235 234 168 64 117 8 37 63 0 64 3 248
643094 39715 7654 46081 272 1 8 10235 43709 10239 65410 24947 35693 8275 243 165 209 209 243 164 235 234 168 64 117 8 37 63 0 64
643092 39715 7652 46081 272 2 8 10235 43709 10239 65410 24947 35693 8275 209 233 243 165 209 209 243 164 235 234 168 64 117 8 37 63
643091 39715 7651 46081 272 1 8 10235 43709 10239 65410 24947 35693 8275 65 209 233 243 165 209 209 243 164 235 234 168 64 117 8 37
643089 39715 7649 46081 272 0 8 10235 43709 10239 65410 24947 35693 8275 138 200 65 209 233 243 165 209 209 243 164 235 234 168 64 117
643087 39715 7647 46081 272 0 8 10235 43709 10239 65410 24947 35693 8275 117 13 138 200 65 209 233 243 165 209 209 243 164 235 234 168
643085 39715 7645 46081 272 0 8 10235 43709 10239 65410 24947 35693 8275 168 128 117 13 138 200 65 209 233 243 165 209 209 243 164 235
643084 39715 7644 46260 272 0 8 10234 43709 10239 65410 24947 35693 8275 172 168 128 117 13 138 200 65 209 233 243 165 209 209 243 164
643082 39715 7642 46260 272 0 8 10234 43709 10239 65410 24947 35693 8275 116 54 172 168 128 117 13 138 200 65 209 233 243 165 209 209
643080 39715 7640 46260 272 0 8 10234 43709 10239 65410 24947 35693 8275 59 245 116 54 172 168 128 117 13 138 200 65 209 233 243 165
643133 39715 7693 46260 272 0 8 10234 43709 10239 65410 24947 35693 8275 235 201 144 3 240 67 67 46 255 14 100 11 117 163 144 195
643131 39715 7691 46260 272 0 8 10234 43709 10239 65410 24947 35693 8275 243 170 235 201 144 3 240 67 67 46 255 14 100 11 117 163
643129 39715 7689 46260 272 0 8 10234 43709 10239 65410 24947 35693 8275 209 209 243 170 235 201 144 3 240 67 67 46 255 14 100 11
643127 39715 7687 46260 272 25 8 10234 43659 10239 65410 24947 35693 8275 243 171 209 209 243 170 235 201 144 3 240 67 67 46 255 14
643125 39715 7685 46260 272 50 8 10234 43659 10239 65410 24947 35693 8275 209 233 243 171 209 209 243 170 235 201 144 3 240 67 67 46
643123 39715 7683 46260 272 50 8 10234 43659 10239 65410 24947 35693 8275 138 224 209 233 243 171 209 209 243 170 235 201 144 3 240 67
643122 39715 7682 46319 272 50 8 10233 43659 10239 65410 24947 35693 8275 172 138 224 209 233 243 171 209 209 243 170 235 201 144 3 240
643119 39715 7679 46319 272 47 8 10233 43659 10239 65410 24947 35693 8275 128 193 3 172 138 224 209 233 243 171 209 209 243 170 235 201
643116 39715 7676 46319 272 239 8 10233 43659 10239 65410 24947 35693 8275 128 225 63 128 193 3 172 138 224 209 233 243 171 209 209 243
643114 39715 7674 46319 272 0 8 10233 43659 10239 65410 24947 35693 8275 138 200 128 225 63 128 193 3 172 138 224 209 233 243 171 209
643104 39715 7664 46319 272 0 8 10233 43659 10239 65410 24947 35693 8275 117 8 37 63 0 64 3 248 235 222 138 200 128 225 63 128
643102 39715 7662 46319 272 0 8 10233 43659 10239 65410 24947 35693 8275 168 64 117 8 37 63 0 64 3 248 235 222 138 200 128 225
643087 39715 7647 46319 272 0 8 10233 43659 10239 65410 24947 35693 8275 117 13 138 200 65 209 233 243 165 209 209 243 164 235 234 168
643085 39715 7645 46319 272 0 8 10233 43659 10239 65410 24947 35693 8275 168 128 117 13 138 200 65 209 233 243 165 209 209 243 164 235
643084 39715 7644 46080 272 0 8 10232 43659 10239 65410 24947 35693 8275 172 168 128 117 13 138 200 65 209 233 243 165 209 209 243 164
643082 39715 7642 46080 272 0 8 10232 43659 10239 65410 24947 35693 8275 116 54 172 168 128 117 13 138 200 65 209 233 243 165 209 209
643080 39715 7640 46080 272 0 8 10232 43659 10239 65410 24947 35693 8275 59 245 116 54 172 168 128 117 13 138 200 65 209 233 243 165
643100 39715 7660 46080 272 0 8 10232 43659 10239 65410 24947 35693 8275 235 234 168 64 117 8 37 63 0 64 3 248 235 222 138 200
643098 39715 7658 46080 272 1 8 10231 43658 10239 65410 24947 35693 8275 243 164 235 234 168 64 117 8 37 63 0 64 3 248 235 222
643096 39715 7656 46080 272 0 8 10231 43658 10239 65410 24947 35693 8275 209 209 243 164 235 234 168 64 117 8 37 63 0 64 3 248
643094 39715 7654 46080 272 0 8 10231 43658 10239 65410 24947 35693 8275 243 165 209 209 243 164 235 234 168 64 117 8 37 63 0 64
643092 39715 7652 46080 272 1 8 10231 43658 10239 65410 24947 35693 8275 209 233 243 165 209 209 243 164 235 234 168 64 117 8 37 63
643091 39715 7651 46080 272 0 8 10231 43658 10239 65410 24947 35693 8275 65 209 233 243 165 209 209 243 164 235 234 168 64 117 8 37
643089 39715 7649 46080 272 0 8 10231 43658 10239 65410 24947 35693 8275 138 200 65 209 233 243 165 209 209 243 164 235 234 168 64 117
643087 39715 7647 46080 272 0 8 10231 43658 10239 65410 24947 35693 8275 117 13 138 200 65 209 233 243 165 209 209 243 164 235 234 168
643085 39715 7645 46080 272 0 8 10231 43658 10239 65410 24947 35693 8275 168 128 117 13 138 200 65 209 233 243 165 209 209 243 164 235
643084 39715 7644 46260 272 0 8 10230 43658 10239 65410 24947 35693 8275 172 168 128 117 13 138 200 65 209 233 243 165 209 209 243 164
643082 39715 7642 46260 272 0 8 10230 43658 10239 65410 24947 35693 8275 116 54 172 168 128 117 13 138 200 65 209 233 243 165 209 209
643080 39715 7640 46260 272 0 8 10230 43658 10239 65410 24947 35693 8275 59 245 116 54 172 168 128 117 13 138 200 65 209 233 243 165
643133 39715 7693 46260 272 0 8 10230 43658 10239 65410 24947 35693 8275 235 201 144 3 240 67 67 46 255 14 100 11 117 163 144 195
643131 39715 7691 46260 272 0 8 10230 43658 10239 65410 24947 35693 8275 243 170 235 201 144 3 240 67 67 46 255 14 100 11 117 163
643129 39715 7689 46260 272 0 8 10230 43658 10239 65410 24947 35693 8275 209 209 243 170 235 201 144 3 240 67 67 46 255 14 100 11
643127 39715 7687 46260 272 11 8 10230 43636 10239 65410 24947 35693 8275 243 171 209 209 243 170 235 201 144 3 240 67 67 46 255 14
643125 39715 7685 46260 272 22 8 10230 43636 10239 65410 24947 35693 8275 209 233 243 171 209 209 243 170 235 201 144 3 240 67 67 46
643123 39715 7683 46260 272 22 8 10230 43636 10239 65410 24947 35693 8275 138 224 209 233 243 171 209 209 243 170 235 201 144 3 240 67
643122 39715 7682 46291 272 22 8 10229 43636 10239 65410 24947 35693 8275 172 138 224 209 233 243 171 209 209 243 170 235 201 144 3 240
643119 39715 7679 46291 272 19 8 10229 43636 10239 65410 24947 35693 8275 128 193 3 172 138 224 209 233 243 171 209 209 243 170 235 201
643116 39715 7676 46291 272 211 8 10229 43636 10239 65410 24947 35693 8275 128 225 63 128 193 3 172 138 224 209 233 243 171 209 209 243
643114 39715 7674 46291 272 0 8 10229 43636 10239 65410 24947 35693 8275 138 200 128 225 63 128 193 3 172 138 224 209 233 243 171 209
643104 39715 7664 46291 272 0 8 10229 43636 10239 65410 24947 35693 8275 117 8 37 63 0 64 3 248 235 222 138 200 128 225 63 128
643102 39715 7662 46291 272 0 8 10229 43636 10239 65410 24947 35693 8275 168 64 117 8 37 63 0 64 3 248 235 222 138 200 128 225
643087 39715 7647 46291 272 0 8 10229 43636 10239 65410 24947 35693 8275 117 13 138 200 65 209 233 243 165 209 209 243 164 235 234 168
643085 39715 7645 46291 272 0 8 10229 43636 10239 65410 24947 35693 8275 168 128 117 13 138 200 65 209 233 243 165 209 209 243 164 235
643084 39715 7644 46081 272 0 8 10228 43636 10239 65410 24947 35693 8275 172 168 128 117 13 138 200 65 209 233 243 165 209 209 243 164
643082 39715 7642 46081 272 0 8 10228 43636 10239 65410 24947 35693 8275 116 54 172 168 128 117 13 138 200 65 209 233 243 165 209 209
643080 39715 7640 46081 272 0 8 10228 43636 10239 65410 24947 35693 8275 59 245 116 54 172 168 128 117 13 138 200 65 209 233 243 165
643100 39715 7660 46081 272 0 8 10228 43636 10239 65410 24947 35693 8275 235 234 168 64 117 8 37 63 0 64 3 248 235 222 138 200
643098 39715 7658 46081 272 0 8 10228 43636 10239 65410 24947 35693 8275 243 164 235 234 168 64 117 8 37 63 0 64 3 248 235 222
643096 39715 7656 46081 272 0 8 10228 43636 10239 65410 24947 35693 8275 209 209 243 164 235 234 168 64 117 8 37 63 0 64 3 248
643094 39715 7654 46081 272 1 8 10226 43634 10239 65410 24947 35693 8275 243 165 209 209 243 164 235 234 168 64 117 8 37 63 0 64
643092 39715 7652 46081 272 2 8 10226 43634 10239 65410 24947 35693 8275 209 233 243 165 209 209 243 164 235 234 168 64 117 8 37 63
643091 39715 7651 46081 272 1 8 10226 43634 10239 65410 24947 35693 8275 65 209 233 243 165 209 209 243 164 235 234 168 64 117 8 37
643089 39715 7649 46081 272 0 8 10226 43634 10239 65410 24947 35693 8275 138 200 65 209 233 243 165 209 209 243 164 235 234 168 64 117
643087 39715 7647 46081 272 0 8 10226 43634 10239 65410 24947 35693 8275 117 13 138 200 65 209 233 243 165 209 209 243 164 235 234 168
643085 39715 7645 46081 272 0 8 10226 43634 10239 65410 24947 35693 8275 168 128 117 13 138 200 65 209 233 243 165 209 209 243 164 235
643084 39715 7644 46260 272 0 8 10225 43634 10239 65410 24947 35693 8275 172 168 128 117 13 138 200 65 209 233 243 165 209 209 243 164
643082 39715 7642 46260 272 0 8 10225 43634 10239 65410 24947 35693 8275 116 54 172 168 128 117 13 138 200 65 209 233 243 165 209 209
643080 39715 7640 46260 272 0 8 10225 43634 10239 65410 24947 35693 8275 59 245 116 54 172 168 128 117 13 138 200 65 209 233 243 165
643133 39715 7693 46260 272 0 8 10225 43634 10239 65410 24947 35693 8275 235 201 144 3 240 67 67 46 255 14 100 11 117 163 144 195
643131 39715 7691 46260 272 0 8 10225 43634 10239 65410 24947 35693 8275 243 170 235 201 144 3 240 67 67 46 255 14 100 11 117 163
643129 39715 7689 46260 272 0 8 10225 43634 10239 65410 24947 35693 8275 209 209 243 170 235 201 144 3 240 67 67 46 255 14 100 11
643127 39715 7687 46260 272 22 8 10225 43590 10239 65410 24947 35693 8275 243 171 209 209 243 170 235 201 144 3 240 67 67 46 255 14
643125 39715 7685 46260 272 44 8 10225 43590 10239 65410 24947 35693 8275 209 233 243 171 209 209 243 170 235 201 144 3 240 67 67 46
643123 39715 7683 46260 272 44 8 10225 43590 10239 65410 24947 35693 8275 138 224 209 233 243 171 209 209 243 170 235 201 144 3 240 67
643122 39715 7682 46313 272 44 8 10224 43590 10239 65410 24947 35693 8275 172 138 224 209 233 243 171 209 209 243 170 235 201 144 3 240
643119 39715 7679 46313 272 41 8 10224 43590 10239 65410 24947 35693 8275 128 193 3 172 138 224 209 233 243 171 209 209 243 170 235 201
643116 39715 7676 46313 272 233 8 10224 43590 10239 65410 24947 35693 8275 128 225 63 128 193 3 172 138 224 209 233 243 171 209 209 243
643114 39715 7674 46313 272 0 8 10224 43590 10239 65410 24947 35693 8275 138 200 128 225 63 128 193 3 172 138 224 209 233 243 171 209
643104 39715 7664 46313 272 0 8 10224 43590 10239 65410 24947 35693 8275 117 8 37 63 0 64 3 248 235 222 138 200 128 225 63 128
643102 39715 7662 46313 272 0 8 10224 43590 10239 65410 24947 35693 8275 168 64 117 8 37 63 0 64 3 248 235 222 138 200 128 225
643087 39715 7647 46313 272 0 8 10224 43590 10239 65410 24947 35693 8275 117 13 138 200 65 209 233 243 165 209 209 243 164 235 234 168
643085 39715 7645 46313 272 0 8 10224 43590 10239 65410 24947 35693 8275 168 128 117 13 138 200 65 209 233 243 165 209 209 243 164 235
643084 39715 7644 46082 272 0 8 10223 43590 10239 65410 24947 35693 8275 172 168 128 117 13 138 200 65 209 233 243 165 209 209 243 164
643082 39715 7642 46082 272 0 8 10223 43590 10239 65410 24947 35693 8275 116 54 172 168 128 117 13 138 200 65 209 233 243 165 209 209
643080 39715 7640 46082 272 0 8 10223 43590 10239 65410 24947 35693 8275 59 245 116 54 172 168 128 117 13 138 200 65 209 233 243 165
643100 39715 7660 46082 272 0 8 10223 43590 10239 65410 24947 35693 8275 235 234 168 64 117 8 37 63 0 64 3 248 235 222 138 200
643098 39715 7658 46082 272 1 8 10222 43589 10239 65410 24947 35693 8275 243 164 235 234 168 64 117 8 37 63 0 64 3 248 235 222
643096 39715 7656 46082 272 0 8 10222 43589 10239 65410 24947 35693 8275 209 209 243 164 235 234 168 64 117 8 37 63 0 64 3 248
643094 39715 7654 46082 272 1 8 10220 43587 10239 65410 24947 35693 8275 243 165 209 209 243 164 235 234 168 64 117 8 37 63 0 64
643092 39715 7652 46082 272 3 8 10220 43587 10239 65410 24947 35693 8275 209 233 243 165 209 209 243 164 235 234 168 64 117 8 37 63
643091 39715 7651 46082 272 2 8 10220 43587 10239 65410 24947 35693 8275 65 209 233 243 165 209 209 243 164 235 234 168 64 117 8 37
643089 39715 7649 46082 272 0 8 10220 43587 10239 65410 24947 35693 8275 138 200 65 209 233 243 165 209 209 243 164 235 234 168 64 117
643087 39715 7647 46082 272 0 8 10220 43587 10239 65410 24947 35693 8275 117 13 138 200 65 209 233 243 165 209 209 243 164 235 234 168
643085 39715 7645 46082 272 0 8 10220 43587 10239 65410 24947 35693 8275 168 128 117 13 138 200 65 209 233 243 165 209 209 243 164 235
643084 39715 7644 46260 272 0 8 10219 43587 10239 65410 24947 35693 8275 172 168 128 117 13 138 200 65 209 233 243 165 209 209 243 164
643082 39715 7642 46260 272 0 8 10219 43587 10239 65410 24947 35693 8275 116 54 172 168 128 117 13 138 200 65 209 233 243 165 209 209
643080 39715 7640 46260 272 0 8 10219 43587 10239 65410 24947 35693 8275 59 245 116 54 172 168 128 117 13 138 200 65 209 233 243 165
643133 39715 7693 46260 272 0 8 10219 43587 10239 65410 24947 35693 8275 235 201 144 3 240 67 67 46 255 14 100 11 117 163 144 195
643131 39715 7691 46260 272 0 8 10219 43587 10239 65410 24947 35693 8275 243 170 235 201 144 3 240 67 67 46 255 14 100 11 117 163
643129 39715 7689 46260 272 0 8 10219 43587 10239 65410 24947 35693 8275 209 209 243 170 235 201 144 3 240 67 67 46 255 14 100 11
643127 39715 7687 46260 272 12 8 10219 43563 10239 65410 24947 35693 8275 243 171 209 209 243 170 235 201 144 3 240 67 67 46 255 14
643125 39715 7685 46260 272 24 8 10219 43563 10239 65410 24947 35693 8275 209 233 243 171 209 209 243 170 235 201 144 3 240 67 67 46
643123 39715 7683 46260 272 24 8 10219 43563 10239 65410 24947 35693 8275 138 224 209 233 243 171 209 209 243 170 235 201 144 3 240 67
643122 39715 7682 46293 272 24 8 10218 43563 10239 65410 24947 35693 8275 172 138 224 209 233 243 171 209 209 243 170 235 201 144 3 240
643119 39715 7679 46293 272 21 8 10218 43563 10239 65410 24947 35693 8275 128 193 3 172 138 224 209 233 243 171 209 209 243 170 235 201
643116 39715 7676 46293 272 213 8 10218 43563 10239 65410 24947 35693 8275 128 225 63 128 193 3 172 138 224 209 233 243 171 209 209 243
643114 39715 7674 46293 272 0 8 10218 43563 10239 65410 24947 35693 8275 138 200 128 225 63 128 193 3 172 138 224 209 233 243 171 209
643104 39715 7664 46293 272 0 8 10218 43563 10239 65410 24947 35693 8275 117 8 37 63 0 64 3 248 235 222 138 200 128 225 63 128
643102 39715 7662 46293 272 0 8 10218 43563 10239 65410 24947 35693 8275 168 64 117 8 37 63 0 64 3 248 235 222 138 200 128 225
643087 39715 7647 46293 272 0 8 10218 43563 10239 65410 24947 35693 8275 117 13 138 200 65 209 233 243 165 209 209 243 164 235 234 168
643085 39715 7645 46293 272 0 8 10218 43563 10239 65410 24947 35693 8275 168 128 117 13 138 200 65 209 233 243 165 209 209 243 164 235
643084 39715 7644 46080 272 0 8 10217 43563 10239 65410 24947 35693 8275 172 168 128 117 13 138 200 65 209 233 243 165 209 209 243 164
643082 39715 7642 46080 272 0 8 10217 43563 10239 65410 24947 35693 8275 116 54 172 168 128 117 13 138 200 65 209 233 243 165 209 209
643080 39715 7640 46080 272 0 8 10217 43563 10239 65410 24947 35693 8275 59 245 116 54 172 168 128 117 13 138 200 65 209 233 243 165
643100 39715 7660 46080 272 0 8 10217 43563 10239 65410 24947 35693 8275 235 234 168 64 117 8 37 63 0 64 3 248 235 222 138 200
643098 39715 7658 46080 272 1 8 10216 43562 10239 65410 24947 35693 8275 243 164 235 234 168 64 117 8 37 63 0 64 3 248 235 222
643096 39715 7656 46080 272 0 8 10216 43562 10239 65410 24947 35693 8275 209 209 243 164 235 234 168 64 117 8 37 63 0 64 3 248
643094 39715 7654 46080 272 0 8 10216 43562 10239 65410 24947 35693 8275 243 165 209 209 243 164 235 234 168 64 117 8 37 63 0 64
643092 39715 7652 46080 272 1 8 10216 43562 10239 65410 24947 35693 8275 209 233 243 165 209 209 243 164 235 234 168 64 117 8 37 63
643091 39715 7651 46080 272 0 8 10216 43562 10239 65410 24947 35693 8275 65 209 233 243 165 209 209 243 164 235 234 168 64 117 8 37
643089 39715 7649 46080 272 0 8 10216 43562 10239 65410 24947 35693 8275 138 200 65 209 233 243 165 209 209 243 164 235 234 168 64 117
643087 39715 7647 46080 272 0 8 10216 43562 10239 65410 24947 35693 8275 117 13 138 200 65 209 233 243 165 209 209 243 164 235 234 168
643085 39715 7645 46080 272 0 8 10216 43562 10239 65410 24947 35693 8275 168 128 117 13 138 200 65 209 233 243 165 209 209 243 164 235
643084 39715 7644 46260 272 0 8 10215 43562 10239 65410 24947 35693 8275 172 168 128 117 13 138 200 65 209 233 243 165 209 209 243 164
643082 39715 7642 46260 272 0 8 10215 43562 10239 65410 24947 35693 8275 116 54 172 168 128 117 13 138 200 65 209 233 243 165 209 209
643080 39715 7640 46260 272 0 8 10215 43562 10239 65410 24947 35693 8275 59 245 116 54 172 168 128 117 13 138 200 65 209 233 243 165
643133 39715 7693 46260 272 0 8 10215 43562 10239 65410 24947 35693 8275 235 201 144 3 240 67 67 46 255 14 100 11 117 163 144 195
643131 39715 7691 46260 272 0 8 10215 43562 10239 65410 24947 35693 8275 243 170 235 201 144 3 240 67 67 46 255 14 100 11 117 163
643129 39715 7689 46260 272 0 8 10215 43562 10239 65410 24947 35693 8275 209 209 243 170 235 201 144 3 240 67 67 46 255 14 100 11
643127 39715 7687 46260 272 6 8 10215 43550 10239 65410 24947 35693 8275 243 171 209 209 243 170 235 201 144 3 240 67 67 46 255 14
643125 39715 7685 46260 272 12 8 10215 43550 10239 65410 24947 35693 8275 209 233 243 171 209 209 243 170 235 201 144 3 240 67 67 46
643123 39715 7683 46004 272 12 8 10215 43550 10239 65410 24947 35693 8275 138 224 209 233 243 171 209 209 243 170 235 201 144 3 240 67
643122 39715 7682 46025 272 12 8 10214 43550 10239 65410 24947 35693 8275 172 138 224 209 233 243 171 209 209 243 170 235 201 144 3 240
643119 39715 7679 46025 272 9 8 10214 43550 10239 65410 24947 35693 8275 128 193 3 172 138 224 209 233 243 171 209 209 243 170 235 201
643116 39715 7676 46025 272 201 8 10214 43550 10239 65410 24947 35693 8275 128 225 63 128 193 3 172 138 224 209 233 243 171 209 209 243
643114 39715 7674 46025 272 0 8 10214 43550 10239 65410 24947 35693 8275 138 200 128 225 63 128 193 3 172 138 224 209 233 243 171 209
643104 39715 7664 46025 272 0 8 10214 43550 10239 65410 24947 35693 8275 117 8 37 63 0 64 3 248 235 222 138 200 128 225 63 128
643102 39715 7662 46025 272 0 8 10214 43550 10239 65410 24947 35693 8275 168 64 117 8 37 63 0 64 3 248 235 222 138 200 128 225
643087 39715 7647 46025 272 0 8 10214 43550 10239 65410 24947 35693 8275 117 13 138 200 65 209 233 243 165 209 209 243 164 235 234 168
643085 39715 7645 46025 272 0 8 10214 43550 10239 65410 24947 35693 8275 168 128 117 13 138 200 65 209 233 243 165 209 209 243 164 235
643084 39715 7644 46003 272 0 8 10213 43550 10239 65410 24947 35693 8275 172 168 128 117 13 138 200 65 209 233 243 165 209 209 243 164
643082 39715 7642 46003 272 0 8 10213 43550 10239 65410 24947 35693 8275 116 54 172 168 128 117 13 138 200 65 209 233 243 165 209 209
643080 39715 7640 46003 272 0 8 10213 43550 10239 65410 24947 35693 8275 59 245 116 54 172 168 128 117 13 138 200 65 209 233 243 165
643133 39715 7693 46003 272 0 8 10213 43550 10239 65410 24947 35693 8275 235 201 144 3 240 67 67 46 255 14 100 11 117 163 144 195
643131 39715 7691 46003 272 1 8 10213 43549 10239 65410 24947 35693 8275 243 170 235 201 144 3 240 67 67 46 255 14 100 11 117 163
643129 39715 7689 46003 272 0 8 10213 43549 10239 65410 24947 35693 8275 209 209 243 170 235 201 144 3 240 67 67 46 255 14 100 11
643127 39715 7687 46003 272 1 8 10213 43547 10239 65410 24947 35693 8275 243 171 209 209 243 170 235 201 144 3 240 67 67 46 255 14
643125 39715 7685 46003 272 3 8 10213 43547 10239 65410 24947 35693 8275 209 233 243 171 209 209 243 170 235 201 144 3 240 67 67 46
643123 39715 7683 46259 272 3 8 10213 43547 10239 65410 24947 35693 8275 138 224 209 233 243 171 209 209 243 170 235 201 144 3 240 67
643122 39715 7682 46272 272 3 8 10212 43547 10239 65410 24947 35693 8275 172 138 224 209 233 243 171 209 209 243 170 235 201 144 3 240
643119 39715 7679 46272 272 0 8 10212 43547 10239 65410 24947 35693 8275 128 193 3 172 138 224 209 233 243 171 209 209 243 170 235 201
643116 39715 7676 46272 272 192 8 10212 43547 10239 65410 24947 35693 8275 128 225 63 128 193 3 172 138 224 209 233 243 171 209 209 243
643114 39715 7674 46272 272 0 8 10212 43547 10239 65410 24947 35693 8275 138 200 128 225 63 128 193 3 172 138 224 209 233 243 171 209
643104 39715 7664 46272 272 0 8 10212 43547 10239 65410 24947 35693 8275 117 8 37 63 0 64 3 248 235 222 138 200 128 225 63 128
643102 39715 7662 46272 272 0 8 10212 43547 10239 65410 24947 35693 8275 168 64 117 8 37 63 0 64 3 248 235 222 138 200 128 225
643087 39715 7647 46272 272 0 8 10212 43547 10239 65410 24947 35693 8275 117 13 138 200 65 209 233 243 165 209 209 243 164 235 234 168
643085 39715 7645 46272 272 0 8 10212 43547 10239 65410 24947 35693 8275 168 128 117 13 138 200 65 209 233 243 165 209 209 243 164 235
643084 39715 7644 46260 272 0 8 10211 43547 10239 65410 24947 35693 8275 172 168 128 117 13 138 200 65 209 233 243 165 209 209 243 164
643082 39715 7642 46260 272 0 8 10211 43547 10239 65410 24947 35693 8275 116 54 172 168 128 117 13 138 200 65 209 233 243 165 209 209
643080 39715 7640 46260 272 0 8 10211 43547 10239 65410 24947 35693 8275 59 245 116 54 172 168 128 117 13 138 200 65 209 233 243 165
643133 39715 7693 46260 272 0 8 10211 43547 10239 65410 24947 35693 8275 235 201 144 3 240 67 67 46 255 14 100 11 117 163 144 195
643131 39715 7691 46260 272 1 8 10211 43546 10239 65410 24947 35693 8275 243 170 235 201 144 3 240 67 67 46 255 14 100 11 117 163
643129 39715 7689 46260 272 0 8 10211 43546 10239 65410 24947 35693 8275 209 209 243 170 235 201 144 3 240 67 67 46 255 14 100 11
643127 39715 7687 46260 272 2 8 10211 43542 10239 65410 24947 35693 8275 243 171 209 209 243 170 235 201 144 3 240 67 67 46 255 14
643125 39715 7685 46260 272 5 8 10211 43542 10239 65410 24947 35693 8275 209 233 243 171 209 209 243 170 235 201 144 3 240 67 67 46
643123 39715 7683 46004 272 5 8 10211 43542 10239 65410 24947 35693 8275 138 224 209 233 243 171 209 209 243 170 235 201 144 3 240 67
643122 39715 7682 46018 272 5 8 10210 43542 10239 65410 24947 35693 8275 172 138 224 209 233 243 171 209 209 243 170 235 201 144 3 240
643119 39715 7679 46018 272 2 8 10210 43542 10239 65410 24947 35693 8275 128 193 3 172 138 224 209 233 243 171 209 209 243 170 235 201
643116 39715 7676 46018 272 194 8 10210 43542 10239 65410 24947 35693 8275 128 225 63 128 193 3 172 138 224 209 233 243 171 209 209 243
643114 39715 7674 46018 272 0 8 10210 43542 10239 65410 24947 35693 8275 138 200 128 225 63 128 193 3 172 138 224 209 233 243 171 209
643104 39715 7664 46018 272 0 8 10210 43542 10239 65410 24947 35693 8275 117 8 37 63 0 64 3 248 235 222 138 200 128 225 63 128
643102 39715 7662 46018 272 0 8 10210 43542 10239 65410 24947 35693 8275 168 64 117 8 37 63 0 64 3 248 235 222 138 200 128 225
643087 39715 7647 46018 272 0 8 10210 43542 10239 65410 24947 35693 8275 117 13 138 200 65 209 233 243 165 209 209 243 164 235 234 168
643085 39715 7645 46018 272 0 8 10210 43542 10239 65410 24947 35693 8275 168 128 117 13 138 200 65 209 233 243 165 209 209 243 164 235
643084 39715 7644 46003 272 0 8 10209 43542 10239 65410 24947 35693 8275 172 168 128 117 13 138 200 65 209 233 243 165 209 209 243 164
643082 39715 7642 46003 272 0 8 10209 43542 10239 65410 24947 35693 8275 116 54 172 168 128 117 13 138 200 65 209 233 243 165 209 209
643080 39715 7640 46003 272 0 8 10209 43542 10239 65410 24947 35693 8275 59 245 116 54 172 168 128 117 13 138 200 65 209 233 243 165
643133 39715 7693 46003 272 0 8 10209 43542 10239 65410 24947 35693 8275 235 201 144 3 240 67 67 46 255 14 100 11 117 163 144 195
643131 39715 7691 46003 272 1 8 10209 43541 10239 65410 24947 35693 8275 243 170 235 201 144 3 240 67 67 46 255 14 100 11 117 163
643129 39715 7689 46003 272 0 8 10209 43541 10239 65410 24947 35693 8275 209 209 243 170 235 201 144 3 240 67 67 46 255 14 100 11
643127 39715 7687 46003 272 1 8 10209 43539 10239 65410 24947 35693 8275 243 171 209 209 243 170 235 201 144 3 240 67 67 46 255 14
643125 39715 7685 46003 272 3 8 10209 43539 10239 65410 24947 35693 8275 209 233 243 171 209 209 243 170 235 201 144 3 240 67 67 46
643123 39715 7683 46259 272 3 8 10209 43539 10239 65410 24947 35693 8275 138 224 209 233 243 171 209 209 243 170 235 201 144 3 240 67
643122 39715 7682 46272 272 3 8 10208 43539 10239 65410 24947 35693 8275 172 138 224 209 233 243 171 209 209 243 170 235 201 144 3 240
643119 39715 7679 46272 272 0 8 10208 43539 10239 65410 24947 35693 8275 128 193 3 172 138 224 209 233 243 171 209 209 243 170 235 201
643116 39715 7676 46272 272 192 8 10208 43539 10239 65410 24947 35693 8275 128 225 63 128 193 3 172 138 224 209 233 243 171 209 209 243
643114 39715 7674 46272 272 0 8 10208 43539 10239 65410 24947 35693 8275 138 200 128 225 63 128 193 3 172 138 224 209 233 243 171 209
643104 39715 7664 46272 272 0 8 10208 43539 10239 65410 24947 35693 8275 117 8 37 63 0 64 3 248 235 222 138 200 128 225 63 128
643102 39715 7662 46272 272 0 8 10208 43539 10239 65410 24947 35693 8275 168 64 117 8 37 63 0 64 3 248 235 222 138 200 128 225
643087 39715 7647 46272 272 0 8 10208 43539 10239 65410 24947 35693 8275 117 13 138 200 65 209 233 243 165 209 209 243 164 235 234 168
643085 39715 7645 46272 272 0 8 10208 43539 10239 65410 24947 35693 8275 168 128 117 13 138 200 65 209 233 243 165 209 209 243 164 235
643084 39715 7644 46260 272 0 8 10207 43539 10239 65410 24947 35693 8275 172 168 128 117 13 138 200 65 209 233 243 165 209 209 243 164
643082 39715 7642 46260 272 0 8 10207 43539 10239 65410 24947 35693 8275 116 54 172 168 128 117 13 138 200 65 209 233 243 165 209 209
643080 39715 7640 46260 272 0 8 10207 43539 10239 65410 24947 35693 8275 59 245 116 54 172 168 128 117 13 138 200 65 209 233 243 165
643133 39715 7693 46260 272 0 8 10207 43539 10239 65410 24947 35693 8275 235 201 144 3 240 67 67 46 255 14 100 11 117 163 144 195
643131 39715 7691 46260 272 1 8 10207 43538 10239 65410 24947 35693 8275 243 170 235 201 144 3 240 67 67 46 255 14 100 11 117 163
643129 39715 7689 46260 272 0 8 10207 43538 10239 65410 24947 35693 8275 209 209 243 170 235 201 144 3 240 67 67 46 255 14 100 11
643127 39715 7687 46260 272 5 8 10207 43528 10239 65410 24947 35693 8275 243 171 209 209 243 170 235 201 144 3 240 67 67 46 255 14
643125 39715 7685 46260 272 11 8 10207 43528 10239 65410 24947 35693 8275 209 233 243 171 209 209 243 170 235 201 144 3 240 67 67 46
643123 39715 7683 180 272 11 8 10207 43528 10239 65410 24947 35693 8275 138 224 209 233 243 171 209 209 243 170 235 201 144 3 240 67
643122 39715 7682 200 272 11 8 10206 43528 10239 65410 24947 35693 8275 172 138 224 209 233 243 171 209 209 243 170 235 201 144 3 240
643119 39715 7679 200 272 8 8 10206 43528 10239 65410 24947 35693 8275 128 193 3 172 138 224 209 233 243 171 209 209 243 170 235 201
643116 39715 7676 200 272 200 8 10206 43528 10239 65410 24947 35693 8275 128 225 63 128 193 3 172 138 224 209 233 243 171 209 209 243
643114 39715 7674 200 272 0 8 10206 43528 10239 65410 24947 35693 8275 138 200 128 225 63 128 193 3 172 138 224 209 233 243 171 209
643104 39715 7664 200 272 0 8 10206 43528 10239 65410 24947 35693 8275 117 8 37 63 0 64 3 248 235 222 138 200 128 225 63 128
643102 39715 7662 200 272 0 8 10206 43528 10239 65410 24947 35693 8275 168 64 117 8 37 63 0 64 3 248 235 222 138 200 128 225
643087 39715 7647 200 272 0 8 10206 43528 10239 65410 24947 35693 8275 117 13 138 200 65 209 233 243 165 209 209 243 164 235 234 168
643085 39715 7645 200 272 0 8 10206 43528 10239 65410 24947 35693 8275 168 128 117 13 138 200 65 209 233 243 165 209 209 243 164 235
643084 39715 7644 0 272 0 8 10205 43528 10239 65410 24947 35693 8275 172 168 128 117 13 138 200 65 209 233 243 165 209 209 243 164
643082 39715 7642 0 272 0 8 10205 43528 10239 65410 24947 35693 8275 116 54 172 168 128 117 13 138 200 65 209 233 243 165 209 209
643080 39715 7640 0 272 0 8 10205 43528 10239 65410 24947 35693 8275 59 245 116 54 172 168 128 117 13 138 200 65 209 233 243 165
643079 39715 7639 0 272 0 8 10205 43528 10239 65410 24947 35693 8275 144 59 245 116 54 172 168 128 117 13 138 200 65 209 233 243
643077 39715 7637 0 272 0 8 10205 43528 10239 65410 24947 35693 8275 3 248 144 59 245 116 54 172 168 128 117 13 138 200 65 209
643076 39715 7636 36 272 0 8 10203 43528 10239 65410 24947 35693 8275 173 3 248 144 59 245 116 54 172 168 128 117 13 138 200 65
643074 39715 7634 36 272 0 8 10203 43520 10239 65410 24947 35693 8275 3 250 173 3 248 144 59 245 116 54 172 168 128 117 13 138
643069 39715 7629 36 272 0 8 10203 43424 10239 65410 24947 35693 8275 46 139 191 156 6 3 250 173 3 248 144 59 245 116 54 172
643067 39715 7627 36 272 0 8 10203 43424 10203 65410 24947 35693 8275 3 232 46 139 191 156 6 3 250 173 3 248 144 59 245 116
643065 39715 7625 36 272 0 8 10203 43424 10201 65410 24947 35693 8275 139 238 3 232 46 139 191 156 6 3 250 173 3 248 144 59
643063 39715 7623 36 272 0 8 10203 43424 10201 65410 24947 35693 8275 115 71 139 238 3 232 46 139 191 156 6 3 250 173 3 248
643059 39715 7619 36 272 0 8 10203 43424 10201 65410 24947 35693 8275 129 251 144 1 115 71 139 238 3 232 46 139 191 156 6 3
643057 39715 7617 36 272 0 8 10203 43424 10201 65410 24947 35693 8275 116 79 129 251 144 1 115 71 139 238 3 232 46 139 191 156
643055 39715 7615 36 272 0 8 10203 43424 10201 65410 24947 35693 8275 11 192 116 79 129 251 144 1 115 71 139 238 3 232 46 139
643054 39715 7614 46260 272 0 8 10201 43424 10201 65410 24947 35693 8275 173 11 192 116 79 129 251 144 1 115 71 139 238 3 232 46
643145 39715 7705 46260 272 0 8 10201 43424 10201 65410 24947 35693 8275 117 163 144 195 144 86 83 81 139 52 232 12 0 89 91 94
643140 39715 7700 46260 272 0 8 10201 43424 10201 65410 24947 35693 8275 46 255 14 100 11 117 163 144 195 144 86 83 81 139 52 232
643139 39715 7699 46260 271 0 8 10201 43424 10201 65410 24947 35693 8275 67 46 255 14 100 11 117 163 144 195 144 86 83 81 139 52
643138 39715 7698 46260 270 0 8 10201 43424 10201 65410 24947 35693 8275 67 67 46 255 14 100 11 117 163 144 195 144 86 83 81 139
643082 39715 7642 46260 270 0 8 10201 43424 10201 65410 24947 35693 8275 116 54 172 168 128 117 13 138 200 65 209 233 243 165 209 209
643080 39715 7640 46260 270 0 8 10201 43424 10201 65410 24947 35693 8275 59 245 116 54 172 168 128 117 13 138 200 65 209 233 243 165
643133 39715 7693 46260 270 0 8 10201 43424 10201 65410 24947 35693 8275 235 201 144 3 240 67 67 46 255 14 100 11 117 163 144 195
643131 39715 7691 46260 270 0 8 10201 43424 10201 65410 24947 35693 8275 243 170 235 201 144 3 240 67 67 46 255 14 100 11 117 163
643129 39715 7689 46260 270 0 8 10201 43424 10201 65410 24947 35693 8275 209 209 243 170 235 201 144 3 240 67 67 46 255 14 100 11
643127 39715 7687 46260 270 17 8 10201 43390 10201 65410 24947 35693 8275 243 171 209 209 243 170 235 201 144 3 240 67 67 46 255 14
643125 39715 7685 46260 270 34 8 10201 43390 10201 65410 24947 35693 8275 209 233 243 171 209 209 243 170 235 201 144 3 240 67 67 46
643123 39715 7683 46260 270 34 8 10201 43390 10201 65410 24947 35693 8275 138 224 209 233 243 171 209 209 243 170 235 201 144 3 240 67
643122 39715 7682 46303 270 34 8 10200 43390 10201 65410 24947 35693 8275 172 138 224 209 233 243 171 209 209 243 170 235 201 144 3 240
643119 39715 7679 46303 270 31 8 10200 43390 10201 65410 24947 35693 8275 128 193 3 172 138 224 209 233 243 171 209 209 243 170 235 201
643116 39715 7676 46303 270 223 8 10200 43390 10201 65410 24947 35693 8275 128 225 63 128 193 3 172 138 224 209 233 243 171 209 209 243
643114 39715 7674 46303 270 0 8 10200 43390 10201 65410 24947 35693 8275 138 200 128 225 63 128 193 3 172 138 224 209 233 243 171 209
643104 39715 7664 46303 270 0 8 10200 43390 10201 65410 24947 35693 8275 117 8 37 63 0 64 3 248 235 222 138 200 128 225 63 128
643102 39715 7662 46303 270 0 8 10200 43390 10201 65410 24947 35693 8275 168 64 117 8 37 63 0 64 3 248 235 222 138 200 128 225
643087 39715 7647 46303 270 0 8 10200 43390 10201 65410 24947 35693 8275 117 13 138 200 65 209 233 243 165 209 209 243 164 235 234 168
643085 39715 7645 46303 270 0 8 10200 43390 10201 65410 24947 35693 8275 168 128 117 13 138 200 65 209 233 243 165 209 209 243 164 235
643084 39715 7644 46081 270 0 8 10199 43390 10201 65410 24947 35693 8275 172 168 128 117 13 138 200 65 209 233 243 165 209 209 243 164
643082 39715 7642 46081 270 0 8 10199 43390 10201 65410 24947 35693 8275 116 54 172 168 128 117 13 138 200 65 209 233 243 165 209 209
643080 39715 7640 46081 270 0 8 10199 43390 10201 65410 24947 35693 8275 59 245 116 54 172 168 128 117 13 138 200 65 209 233 243 165
643100 39715 7660 46081 270 0 8 10199 43390 10201 65410 24947 35693 8275 235 234 168 64 117 8 37 63 0 64 3 248 235 222 138 200
643098 39715 7658 46081 270 0 8 10199 43390 10201 65410 24947 35693 8275 243 164 235 234 168 64 117 8 37 63 0 64 3 248 235 222
643096 39715 7656 46081 270 0 8 10199 43390 10201 65410 24947 35693 8275 209 209 243 164 235 234 168 64 117 8 37 63 0 64 3 248
643094 39715 7654 46081 270 1 8 10197 43388 10201 65410 24947 35693 8275 243 165 209 209 243 164 235 234 168 64 117 8 37 63 0 64
643092 39715 7652 46081 270 2 8 10197 43388 10201 65410 24947 35693 8275 209 233 243 165 209 209 243 164 235 234 168 64 117 8 37 63
643091 39715 7651 46081 270 1 8 10197 43388 10201 65410 24947 35693 8275 65 209 233 243 165 209 209 243 164 235 234 168 64 117 8 37
643089 39715 7649 46081 270 0 8 10197 43388 10201 65410 24947 35693 8275 138 200 65 209 233 243 165 209 209 243 164 235 234 168 64 117
643087 39715 7647 46081 270 0 8 10197 43388 10201 65410 24947 35693 8275 117 13 138 200 65 209 233 243 165 209 209 243 164 235 234 168
643085 39715 7645 46081 270 0 8 10197 43388 10201 65410 24947 35693 8275 168 128 117 13 138 200 65 209 233 243 165 209 209 243 164 235
643084 39715 7644 46260 270 0 8 10196 43388 10201 65410 24947 35693 8275 172 168 128 117 13 138 200 65 209 233 243 165 209 209 243 164
643082 39715 7642 46260 270 0 8 10196 43388 10201 65410 24947 35693 8275 116 54 172 168 128 117 13 138 200 65 209 233 243 165 209 209
643080 39715 7640 46260 270 0 8 10196 43388 10201 65410 24947 35693 8275 59 245 116 54 172 168 128 117 13 138 200 65 209 233 243 165
643133 39715 7693 46260 270 0 8 10196 43388 10201 65410 24947 35693 8275 235 201 144 3 240 67 67 46 255 14 100 11 117 163 144 195
643131 39715 7691 46260 270 1 8 10196 43387 10201 65410 24947 35693 8275 243 170 235 201 144 3 240 67 67 46 255 14 100 11 117 163
643129 39715 7689 46260 270 0 8 10196 43387 10201 65410 24947 35693 8275 209 209 243 170 235 201 144 3 240 67 67 46 255 14 100 11
643127 39715 7687 46260 270 24 8 10196 43339 10201 65410 24947 35693 8275 243 171 209 209 243 170 235 201 144 3 240 67 67 46 255 14
643125 39715 7685 46260 270 49 8 10196 43339 10201 65410 24947 35693 8275 209 233 243 171 209 209 243 170 235 201 144 3 240 67 67 46
643123 39715 7683 46260 270 49 8 10196 43339 10201 65410 24947 35693 8275 138 224 209 233 243 171 209 209 243 170 235 201 144 3 240 67
643122 39715 7682 46318 270 49 8 10195 43339 10201 65410 24947 35693 8275 172 138 224 209 233 243 171 209 209 243 170 235 201 144 3 240
643119 39715 7679 46318 270 46 8 10195 43339 10201 65410 24947 35693 8275 128 193 3 172 138 224 209 233 243 171 209 209 243 170 235 201
643116 39715 7676 46318 270 238 8 10195 43339 10201 65410 24947 35693 8275 128 225 63 128 193 3 172 138 224 209 233 243 171 209 209 243
643114 39715 7674 46318 270 0 8 10195 43339 10201 65410 24947 35693 8275 138 200 128 225 63 128 193 3 172 138 224 209 233 243 171 209
643104 39715 7664 46318 270 0 8 10195 43339 10201 65410 24947 35693 8275 117 8 37 63 0 64 3 248 235 222 138 200 128 225 63 128
643102 39715 7662 46318 270 0 8 10195 43339 10201 65410 24947 35693 8275 168 64 117 8 37 63 0 64 3 248 235 222 138 200 128 225
643087 39715 7647 46318 270 0 8 10195 43339 10201 65410 24947 35693 8275 117 13 138 200 65 209 233 243 165 209 209 243 164 235 234 168
643085 39715 7645 46318 270 0 8 10195 43339 10201 65410 24947 35693 8275 168 128 117 13 138 200 65 209 233 243 165 209 209 243 164 235
643084 39715 7644 46080 270 0 8 10194 43339 10201 65410 24947 35693 8275 172 168 128 117 13 138 200 65 209 233 243 165 209 209 243 164
643082 39715 7642 46080 270 0 8 10194 43339 10201 65410 24947 35693 8275 116 54 172 168 128 117 13 138 200 65 209 233 243 165 209 209
643080 39715 7640 46080 270 0 8 10194 43339 10201 65410 24947 35693 8275 59 245 116 54 172 168 128 117 13 138 200 65 209 233 243 165
643100 39715 7660 46080 270 0 8 10194 43339 10201 65410 24947 35693 8275 235 234 168 64 117 8 37 63 0 64 3 248 235 222 138 200
643098 39715 7658 46080 270 1 8 10193 43338 10201 65410 24947 35693 8275 243 164 235 234 168 64 117 8 37 63 0 64 3 248 235 222
643096 39715 7656 46080 270 0 8 10193 43338 10201 65410 24947 35693 8275 209 209 243 164 235 234 168 64 117 8 37 63 0 64 3 248
643094 39715 7654 46080 270 0 8 10193 43338 10201 65410 24947 35693 8275 243 165 209 209 243 164 235 234 168 64 117 8 37 63 0 64
643092 39715 7652 46080 270 1 8 10193 43338 10201 65410 24947 35693 8275 209 233 243 165 209 209 243 164 235 234 168 64 117 8 37 63
643091 39715 7651 46080 270 0 8 10193 43338 10201 65410 24947 35693 8275 65 209 233 243 165 209 209 243 164 235 234 168 64 117 8 37
643089 39715 7649 46080 270 0 8 10193 43338 10201 65410 24947 35693 8275 138 200 65 209 233 243 165 209 209 243 164 235 234 168 64 117
643087 39715 7647 46080 270 0 8 10193 43338 10201 65410 24947 35693 8275 117 13 138 200 65 209 233 243 165 209 209 243 164 235 234 168
643085 39715 7645 46080 270 0 8 10193 43338 10201 65410 24947 35693 8275 168 128 117 13 138 200 65 209 233 243 165 209 209 243 164 235
643084 39715 7644 46260 270 0 8 10192 43338 10201 65410 24947 35693 8275 172 168 128 117 13 138 200 65 209 233 243 165 209 209 243 164
643082 39715 7642 46260 270 0 8 10192 43338 10201 65410 24947 35693 8275 116 54 172 168 128 117 13 138 200 65 209 233 243 165 209 209
643080 39715 7640 46260 270 0 8 10192 43338 10201 65410 24947 35693 8275 59 245 116 54 172 168 128 117 13 138 200 65 209 233 243 165
643133 39715 7693 46260 270 0 8 10192 43338 10201 65410 24947 35693 8275 235 201 144 3 240 67 67 46 255 14 100 11 117 163 144 195
643131 39715 7691 46260 270 0 8 10192 43338 10201 65410 24947 35693 8275 243 170 235 201 144 3 240 67 67 46 255 14 100 11 117 163
643129 39715 7689 46260 270 0 8 10192 43338 10201 65410 24947 35693 8275 209 209 243 170 235 201 144 3 240 67 67 46 255 14 100 11
643127 39715 7687 46260 270 11 8 10192 43316 10201 65410 24947 35693 8275 243 171 209 209 243 170 235 201 144 3 240 67 67 46 255 14
643125 39715 7685 46260 270 22 8 10192 43316 10201 65410 24947 35693 8275 209 233 243 171 209 209 243 170 235 201 144 3 240 67 67 46
643123 39715 7683 46260 270 22 8 10192 43316 10201 65410 24947 35693 8275 138 224 209 233 243 171 209 209 243 170 235 201 144 3 240 67
643122 39715 7682 46291 270 22 8 10191 43316 10201 65410 24947 35693 8275 172 138 224 209 233 243 171 209 209 243 170 235 201 144 3 240
643119 39715 7679 46291 270 19 8 10191 43316 10201 65410 24947 35693 8275 128 193 3 172 138 224 209 233 243 171 209 209 243 170 235 201
643116 39715 7676 46291 270 211 8 10191 43316 10201 65410 24947 35693 8275 128 225 63 128 193 3 172 138 224 209 233 243 171 209 209 243
643114 39715 7674 46291 270 0 8 10191 43316 10201 65410 24947 35693 8275 138 200 128 225 63 128 193 3 172 138 224 209 233 243 171 209
643104 39715 7664 46291 270 0 8 10191 43316 10201 65410 24947 35693 8275 117 8 37 63 0 64 3 248 235 222 138 200 128 225 63 128
643102 39715 7662 46291 270 0 8 10191 43316 10201 65410 24947 35693 8275 168 64 117 8 37 63 0 64 3 248 235 222 138 200 128 225
643087 39715 7647 46291 270 0 8 10191 43316 10201 65410 24947 35693 8275 117 13 138 200 65 209 233 243 165 209 209 243 164 235 234 168
643085 39715 7645 46291 270 0 8 10191 43316 10201 65410 24947 35693 8275 168 128 117 13 138 200 65 209 233 243 165 209 209 243 164 235
643084 39715 7644 46081 270 0 8 10190 43316 10201 65410 24947 35693 8275 172 168 128 117 13 138 200 65 209 233 243 165 209 209 243 164
643082 39715 7642 46081 270 0 8 10190 43316 10201 65410 24947 35693 8275 116 54 172 168 128 117 13 138 200 65 209 233 243 165 209 209
643080 39715 7640 46081 270 0 8 10190 43316 10201 65410 24947 35693 8275 59 245 116 54 172 168 128 117 13 138 200 65 209 233 243 165
643100 39715 7660 46081 270 0 8 10190 43316 10201 65410 24947 35693 8275 235 234 168 64 117 8 37 63 0 64 3 248 235 222 138 200
643098 39715 7658 46081 270 0 8 10190 43316 10201 65410 24947 35693 8275 243 164 235 234 168 64 117 8 37 63 0 64 3 248 235 222
643096 39715 7656 46081 270 0 8 10190 43316 10201 65410 24947 35693 8275 209 209 243 164 235 234 168 64 117 8 37 63 0 64 3 248
643094 39715 7654 46081 270 1 8 10188 43314 10201 65410 24947 35693 8275 243 165 209 209 243 164 235 234 168 64 117 8 37 63 0 64
643092 39715 7652 46081 270 2 8 10188 43314 10201 65410 24947 35693 8275 209 233 243 165 209 209 243 164 235 234 168 64 117 8 37 63
643091 39715 7651 46081 270 1 8 10188 43314 10201 65410 24947 35693 8275 65 209 233 243 165 209 209 243 164 235 234 168 64 117 8 37
643089 39715 7649 46081 270 0 8 10188 43314 10201 65410 24947 35693 8275 138 200 65 209 233 243 165 209 209 243 164 235 234 168 64 117
643087 39715 7647 46081 270 0 8 10188 43314 10201 65410 24947 35693 8275 117 13 138 200 65 209 233 243 165 209 209 243 164 235 234 168
643085 39715 7645 46081 270 0 8 10188 43314 10201 65410 24947 35693 8275 168 128 117 13 138 200 65 209 233 243 165 209 209 243 164 235
643084 39715 7644 46260 270 0 8 10187 43314 10201 65410 24947 35693 8275 172 168 128 117 13 138 200 65 209 233 243 165 209 209 243 164
643082 39715 7642 46260 270 0 8 10187 43314 10201 65410 24947 35693 8275 116 54 172 168 128 117 13 138 200 65 209 233 243 165 209 209
643080 39715 7640 46260 270 0 8 10187 43314 10201 65410 24947 35693 8275 59 245 116 54 172 168 128 117 13 138 200 65 209 233 243 165
643133 39715 7693 46260 270 0 8 10187 43314 10201 65410 24947 35693 8275 235 201 144 3 240 67 67 46 255 14 100 11 117 163 144 195
643131 39715 7691 46260 270 0 8 10187 43314 10201 65410 24947 35693 8275 243 170 235 201 144 3 240 67 67 46 255 14 100 11 117 163
643129 39715 7689 46260 270 0 8 10187 43314 10201 65410 24947 35693 8275 209 209 243 170 235 201 144 3 240 67 67 46 255 14 100 11
643127 39715 7687 46260 270 22 8 10187 43270 10201 65410 24947 35693 8275 243 171 209 209 243 170 235 201 144 3 240 67 67 46 255 14
643125 39715 7685 46260 270 44 8 10187 43270 10201 65410 24947 35693 8275 209 233 243 171 209 209 243 170 235 201 144 3 240 67 67 46
643123 39715 7683 46260 270 44 8 10187 43270 10201 65410 24947 35693 8275 138 224 209 233 243 171 209 209 243 170 235 201 144 3 240 67
643122 39715 7682 46313 270 44 8 10186 43270 10201 65410 24947 35693 8275 172 138 224 209 233 243 171 209 209 243 170 235 201 144 3 240
643119 39715 7679 46313 270 41 8 10186 43270 10201 65410 24947 35693 8275 128 193 3 172 138 224 209 233 243 171 209 209 243 170 235 201
643116 39715 7676 46313 270 233 8 10186 43270 10201 65410 24947 35693 8275 128 225 63 128 193 3 172 138 224 209 233 243 171 209 209 243
643114 39715 7674 46313 270 0 8 10186 43270 10201 65410 24947 35693 8275 138 200 128 225 63 128 193 3 172 138 224 209 233 243 171 209
643104 39715 7664 46313 270 0 8 10186 43270 10201 65410 24947 35693 8275 117 8 37 63 0 64 3 248 235 222 138 200 128 225 63 128
643102 39715 7662 46313 270 0 8 10186 43270 10201 65410 24947 35693 8275 168 64 117 8 37 63 0 64 3 248 235 222 138 200 128 225
643087 39715 7647 46313 270 0 8 10186 43270 10201 65410 24947 35693 8275 117 13 138 200 65 209 233 243 165 209 209 243 164 235 234 168
643085 39715 7645 46313 270 0 8 10186 43270 10201 65410 24947 35693 8275 168 128 117 13 138 200 65 209 233 243 165 209 209 243 164 235
643084 39715 7644 46082 270 0 8 10185 43270 10201 65410 24947 35693 8275 172 168 128 117 13 138 200 65 209 233 243 165 209 209 243 164
643082 39715 7642 46082 270 0 8 10185 43270 10201 65410 24947 35693 8275 116 54 172 168 128 117 13 138 200 65 209 233 243 165 209 209
643080 39715 7640 46082 270 0 8 10185 43270 10201 65410 24947 35693 8275 59 245 116 54 172 168 128 117 13 138 200 65 209 233 243 165
643100 39715 7660 46082 270 0 8 10185 43270 10201 65410 24947 35693 8275 235 234 168 64 117 8 37 63 0 64 3 248 235 222 138 200
643098 39715 7658 46082 270 1 8 10184 43269 10201 65410 24947 35693 8275 243 164 235 234 168 64 117 8 37 63 0 64 3 248 235 222
643096 39715 7656 46082 270 0 8 10184 43269 10201 65410 24947 35693 8275 209 209 243 164 235 234 168 64 117 8 37 63 0 64 3 248
643094 39715 7654 46082 270 1 8 10182 43267 10201 65410 24947 35693 8275 243 165 209 209 243 164 235 234 168 64 117 8 37 63 0 64
643092 39715 7652 46082 270 3 8 10182 43267 10201 65410 24947 35693 8275 209 233 243 165 209 209 243 164 235 234 168 64 117 8 37 63
643091 39715 7651 46082 270 2 8 10182 43267 10201 65410 24947 35693 8275 65 209 233 243 165 209 209 243 164 235 234 168 64 117 8 37
643089 39715 7649 46082 270 0 8 10182 43267 10201 65410 24947 35693 8275 138 200 65 209 233 243 165 209 209 243 164 235 234 168 64 117
643087 39715 7647 46082 270 0 8 10182 43267 10201 65410 24947 35693 8275 117 13 138 200 65 209 233 243 165 209 209 243 164 235 234 168
643085 39715 7645 46082 270 0 8 10182 43267 10201 65410 24947 35693 8275 168 128 117 13 138 200 65 209 233 243 165 209 209 243 164 235
643084 39715 7644 46260 270 0 8 10181 43267 10201 65410 24947 35693 8275 172 168 128 117 13 138 200 65 209 233 243 165 209 209 243 164
643082 39715 7642 46260 270 0 8 10181 43267 10201 65410 24947 35693 8275 116 54 172 168 128 117 13 138 200 65 209 233 243 165 209 209
643080 39715 7640 46260 270 0 8 10181 43267 10201 65410 24947 35693 8275 59 245 116 54 172 168 128 117 13 138 200 65 209 233 243 165
643133 39715 7693 46260 270 0 8 10181 43267 10201 65410 24947 35693 8275 235 201 144 3 240 67 67 46 255 14 100 11 117 163 144 195
643131 39715 7691 46260 270 1 8 10181 43266 10201 65410 24947 35693 8275 243 170 235 201 144 3 240 67 67 46 255 14 100 11 117 163
643129 39715 7689 46260 270 0 8 10181 43266 10201 65410 24947 35693 8275 209 209 243 170 235 201 144 3 240 67 67 46 255 14 100 11
643127 39715 7687 46260 270 11 8 10181 43244 10201 65410 24947 35693 8275 243 171 209 209 243 170 235 201 144 3 240 67 67 46 255 14
643125 39715 7685 46260 270 23 8 10181 43244 10201 65410 24947 35693 8275 209 233 243 171 209 209 243 170 235 201 144 3 240 67 67 46
643123 39715 7683 46260 270 23 8 10181 43244 10201 65410 24947 35693 8275 138 224 209 233 243 171 209 209 243 170 235 201 144 3 240 67
643122 39715 7682 46292 270 23 8 10180 43244 10201 65410 24947 35693 8275 172 138 224 209 233 243 171 209 209 243 170 235 201 144 3 240
643119 39715 7679 46292 270 20 8 10180 43244 10201 65410 24947 35693 8275 128 193 3 172 138 224 209 233 243 171 209 209 243 170 235 201
643116 39715 7676 46292 270 212 8 10180 43244 10201 65410 24947 35693 8275 128 225 63 128 193 3 172 138 224 209 233 243 171 209 209 243
643114 39715 7674 46292 270 0 8 10180 43244 10201 65410 24947 35693 8275 138 200 128 225 63 128 193 3 172 138 224 209 233 243 171 209
643104 39715 7664 46292 270 0 8 10180 43244 10201 65410 24947 35693 8275 117 8 37 63 0 64 3 248 235 222 138 200 128 225 63 128
643102 39715 7662 46292 270 0 8 10180 43244 10201 65410 24947 35693 8275 168 64 117 8 37 63 0 64 3 248 235 222 138 200 128 225
643087 39715 7647 46292 270 0 8 10180 43244 10201 65410 24947 35693 8275 117 13 138 200 65 209 233 243 165 209 209 243 164 235 234 168
643085 39715 7645 46292 270 0 8 10180 43244 10201 65410 24947 35693 8275 168 128 117 13 138 200 65 209 233 243 165 209 209 243 164 235
643084 39715 7644 46080 270 0 8 10179 43244 10201 65410 24947 35693 8275 172 168 128 117 13 138 200 65 209 233 243 165 209 209 243 164
643082 39715 7642 46080 270 0 8 10179 43244 10201 65410 24947 35693 8275 116 54 172 168 128 117 13 138 200 65 209 233 243 165 209 209
643080 39715 7640 46080 270 0 8 10179 43244 10201 65410 24947 35693 8275 59 245 116 54 172 168 128 117 13 138 200 65 209 233 243 165
643100 39715 7660 46080 270 0 8 10179 43244 10201 65410 24947 35693 8275 235 234 168 64 117 8 37 63 0 64 3 248 235 222 138 200
643098 39715 7658 46080 270 1 8 10178 43243 10201 65410 24947 35693 8275 243 164 235 234 168 64 117 8 37 63 0 64 3 248 235 222
643096 39715 7656 46080 270 0 8 10178 43243 10201 65410 24947 35693 8275 209 209 243 164 235 234 168 64 117 8 37 63 0 64 3 248
643094 39715 7654 46080 270 0 8 10178 43243 10201 65410 24947 35693 8275 243 165 209 209 243 164 235 234 168 64 117 8 37 63 0 64
643092 39715 7652 46080 270 1 8 10178 43243 10201 65410 24947 35693 8275 209 233 243 165 209 209 243 164 235 234 168 64 117 8 37 63
643091 39715 7651 46080 270 0 8 10178 43243 10201 65410 24947 35693 8275 65 209 233 243 165 209 209 243 164 235 234 168 64 117 8 37
643089 39715 7649 46080 270 0 8 10178 43243 10201 65410 24947 35693 8275 138 200 65 209 233 243 165 209 209 243 164 235 234 168 64 117
643087 39715 7647 46080 270 0 8 10178 43243 10201 65410 24947 35693 8275 117 13 138 200 65 209 233 243 165 209 209 243 164 235 234 168
643085 39715 7645 46080 270 0 8 10178 43243 10201 65410 24947 35693 8275 168 128 117 13 138 200 65 209 233 243 165 209 209 243 164 235
643084 39715 7644 46260 270 0 8 10177 43243 10201 65410 24947 35693 8275 172 168 128 117 13 138 200 65 209 233 243 165 209 209 243 164
643082 39715 7642 46260 270 0 8 10177 43243 10201 65410 24947 35693 8275 116 54 172 168 128 117 13 138 200 65 209 233 243 165 209 209
643080 39715 7640 46260 270 0 8 10177 43243 10201 65410 24947 35693 8275 59 245 116 54 172 168 128 117 13 138 200 65 209 233 243 165
643133 39715 7693 46260 270 0 8 10177 43243 10201 65410 24947 35693 8275 235 201 144 3 240 67 67 46 255 14 100 11 117 163 144 195
643131 39715 7691 46260 270 0 8 10177 43243 10201 65410 24947 35693 8275 243 170 235 201 144 3 240 67 67 46 255 14 100 11 117 163
643129 39715 7689 46260 270 0 8 10177 43243 10201 65410 24947 35693 8275 209 209 243 170 235 201 144 3 240 67 67 46 255 14 100 11
643127 39715 7687 46260 270 6 8 10177 43231 10201 65410 24947 35693 8275 243 171 209 209 243 170 235 201 144 3 240 67 67 46 255 14
643125 39715 7685 46260 270 12 8 10177 43231 10201 65410 24947 35693 8275 209 233 243 171 209 209 243 170 235 201 144 3 240 67 67 46
643123 39715 7683 46004 270 12 8 10177 43231 10201 65410 24947 35693 8275 138 224 209 233 243 171 209 209 243 170 235 201 144 3 240 67
643122 39715 7682 46025 270 12 8 10176 43231 10201 65410 24947 35693 8275 172 138 224 209 233 243 171 209 209 243 170 235 201 144 3 240
643119 39715 7679 46025 270 9 8 10176 43231 10201 65410 24947 35693 8275 128 193 3 172 138 224 209 233 243 171 209 209 243 170 235 201
643116 39715 7676 46025 270 201 8 10176 43231 10201 65410 24947 35693 8275 128 225 63 128 193 3 172 138 224 209 233 243 171 209 209 243
643114 39715 7674 46025 270 0 8 10176 43231 10201 65410 24947 35693 8275 138 200 128 225 63 128 193 3 172 138 224 209 233 243 171 209
643104 39715 7664 46025 270 0 8 10176 43231 10201 65410 24947 35693 8275 117 8 37 63 0 64 3 248 235 222 138 200 128 225 63 128
643102 39715 7662 46025 270 0 8 10176 43231 10201 65410 24947 35693 8275 168 64 117 8 37 63 0 64 3 248 235 222 138 200 128 225
643087 39715 7647 46025 270 0 8 10176 43231 10201 65410 24947 35693 8275 117 13 138 200 65 209 233 243 165 209 209 243 164 235 234 168
643085 39715 7645 46025 270 0 8 10176 43231 10201 65410 24947 35693 8275 168 128 117 13 138 200 65 209 233 243 165 209 209 243 164 235
643084 39715 7644 46003 270 0 8 10175 43231 10201 65410 24947 35693 8275 172 168 128 117 13 138 200 65 209 233 243 165 209 209 243 164
643082 39715 7642 46003 270 0 8 10175 43231 10201 65410 24947 35693 8275 116 54 172 168 128 117 13 138 200 65 209 233 243 165 209 209
643080 39715 7640 46003 270 0 8 10175 43231 10201 65410 24947 35693 8275 59 245 116 54 172 168 128 117 13 138 200 65 209 233 243 165
643133 39715 7693 46003 270 0 8 10175 43231 10201 65410 24947 35693 8275 235 201 144 3 240 67 67 46 255 14 100 11 117 163 144 195
643131 39715 7691 46003 270 1 8 10175 43230 10201 65410 24947 35693 8275 243 170 235 201 144 3 240 67 67 46 255 14 100 11 117 163
643129 39715 7689 46003 270 0 8 10175 43230 10201 65410 24947 35693 8275 209 209 243 170 235 201 144 3 240 67 67 46 255 14 100 11
643127 39715 7687 46003 270 1 8 10175 43228 10201 65410 24947 35693 8275 243 171 209 209 243 170 235 201 144 3 240 67 67 46 255 14
643125 39715 7685 46003 270 3 8 10175 43228 10201 65410 24947 35693 8275 209 233 243 171 209 209 243 170 235 201 144 3 240 67 67 46
643123 39715 7683 46259 270 3 8 10175 43228 10201 65410 24947 35693 8275 138 224 209 233 243 171 209 209 243 170 235 201 144 3 240 67
643122 39715 7682 46272 270 3 8 10174 43228 10201 65410 24947 35693 8275 172 138 224 209 233 243 171 209 209 243 170 235 201 144 3 240
643119 39715 7679 46272 270 0 8 10174 43228 10201 65410 24947 35693 8275 128 193 3 172 138 224 209 233 243 171 209 209 243 170 235 201
643116 39715 7676 46272 270 192 8 10174 43228 10201 65410 24947 35693 8275 128 225 63 128 193 3 172 138 224 209 233 243 171 209 209 243
643114 39715 7674 46272 270 0 8 10174 43228 10201 65410 24947 35693 8275 138 200 128 225 63 128 193 3 172 138 224 209 233 243 171 209
643104 39715 7664 46272 270 0 8 10174 43228 10201 65410 24947 35693 8275 117 8 37 63 0 64 3 248 235 222 138 200 128 225 63 128
643102 39715 7662 46272 270 0 8 10174 43228 10201 65410 24947 35693 8275 168 64 117 8 37 63 0 64 3 248 235 222 138 200 128 225
643087 39715 7647 46272 270 0 8 10174 43228 10201 65410 24947 35693 8275 117 13 138 200 65 209 233 243 165 209 209 243 164 235 234 168
643085 39715 7645 46272 270 0 8 10174 43228 10201 65410 24947 35693 8275 168 128 117 13 138 200 65 209 233 243 165 209 209 243 164 235
643084 39715 7644 46260 270 0 8 10173 43228 10201 65410 24947 35693 8275 172 168 128 117 13 138 200 65 209 233 243 165 209 209 243 164
643082 39715 7642 46260 270 0 8 10173 43228 10201 65410 24947 35693 8275 116 54 172 168 128 117 13 138 200 65 209 233 243 165 209 209
643080 39715 7640 46260 270 0 8 10173 43228 10201 65410 24947 35693 8275 59 245 116 54 172 168 128 117 13 138 200 65 209 233 243 165
643133 39715 7693 46260 270 0 8 10173 43228 10201 65410 24947 35693 8275 235 201 144 3 240 67 67 46 255 14 100 11 117 163 144 195
643131 39715 7691 46260 270 1 8 10173 43227 10201 65410 24947 35693 8275 243 170 235 201 144 3 240 67 67 46 255 14 100 11 117 163
643129 39715 7689 46260 270 0 8 10173 43227 10201 65410 24947 35693 8275 209 209 243 170 235 201 144 3 240 67 67 46 255 14 100 11
643127 39715 7687 46260 270 2 8 10173 43223 10201 65410 24947 35693 8275 243 171 209 209 243 170 235 201 144 3 240 67 67 46 255 14
643125 39715 7685 46260 270 5 8 10173 43223 10201 65410 24947 35693 8275 209 233 243 171 209 209 243 170 235 201 144 3 240 67 67 46
643123 39715 7683 46004 270 5 8 10173 43223 10201 65410 24947 35693 8275 138 224 209 233 243 171 209 209 243 170 235 201 144 3 240 67
643122 39715 7682 46018 270 5 8 10172 43223 10201 65410 24947 35693 8275 172 138 224 209 233 243 171 209 209 243 170 235 201 144 3 240
643119 39715 7679 46018 270 2 8 10172 43223 10201 65410 24947 35693 8275 128 193 3 172 138 224 209 233 243 171 209 209 243 170 235 201
643116 39715 7676 46018 270 194 8 10172 43223 10201 65410 24947 35693 8275 128 225 63 128 193 3 172 138 224 209 233 243 171 209 209 243
643114 39715 7674 46018 270 0 8 10172 43223 10201 65410 24947 35693 8275 138 200 128 225 63 128 193 3 172 138 224 209 233 243 171 209
643104 39715 7664 46018 270 0 8 10172 43223 10201 65410 24947 35693 8275 117 8 37 63 0 64 3 248 235 222 138 200 128 225 63 128
643102 39715 7662 46018 270 0 8 10172 43223 10201 65410 24947 35693 8275 168 64 117 8 37 63 0 64 3 248 235 222 138 200 128 225
643087 39715 7647 46018 270 0 8 10172 43223 10201 65410 24947 35693 8275 117 13 138 200 65 209 233 243 165 209 209 243 164 235 234 168
643085 39715 7645 46018 270 0 8 10172 43223 10201 65410 24947 35693 8275 168 128 117 13 138 200 65 209 233 243 165 209 209 243 164 235
643084 39715 7644 46003 270 0 8 10171 43223 10201 65410 24947 35693 8275 172 168 128 117 13 138 200 65 209 233 243 165 209 209 243 164
643082 39715 7642 46003 270 0 8 10171 43223 10201 65410 24947 35693 8275 116 54 172 168 128 117 13 138 200 65 209 233 243 165 209 209
643080 39715 7640 46003 270 0 8 10171 43223 10201 65410 24947 35693 8275 59 245 116 54 172 168 128 117 13 138 200 65 209 233 243 165
643133 39715 7693 46003 270 0 8 10171 43223 10201 65410 24947 35693 8275 235 201 144 3 240 67 67 46 255 14 100 11 117 163 144 195
643131 39715 7691 46003 270 1 8 10171 43222 10201 65410 24947 35693 8275 243 170 235 201 144 3 240 67 67 46 255 14 100 11 117 163
643129 39715 7689 46003 270 0 8 10171 43222 10201 65410 24947 35693 8275 209 209 243 170 235 201 144 3 240 67 67 46 255 14 100 11
643127 39715 7687 46003 270 1 8 10171 43220 10201 65410 24947 35693 8275 243 171 209 209 243 170 235 201 144 3 240 67 67 46 255 14
643125 39715 7685 46003 270 3 8 10171 43220 10201 65410 24947 35693 8275 209 233 243 171 209 209 243 170 235 201 144 3 240 67 67 46
643123 39715 7683 46259 270 3 8 10171 43220 10201 65410 24947 35693 8275 138 224 209 233 243 171 209 209 243 170 235 201 144 3 240 67
643122 39715 7682 46272 270 3 8 10170 43220 10201 65410 24947 35693 8275 172 138 224 209 233 243 171 209 209 243 170 235 201 144 3 240
643119 39715 7679 46272 270 0 8 10170 43220 10201 65410 24947 35693 8275 128 193 3 172 138 224 209 233 243 171 209 209 243 170 235 201
643116 39715 7676 46272 270 192 8 10170 43220 10201 65410 24947 35693 8275 128 225 63 128 193 3 172 138 224 209 233 243 171 209 209 243
643114 39715 7674 46272 270 0 8 10170 43220 10201 65410 24947 35693 8275 138 200 128 225 63 128 193 3 172 138 224 209 233 243 171 209
643104 39715 7664 46272 270 0 8 10170 43220 10201 65410 24947 35693 8275 117 8 37 63 0 64 3 248 235 222 138 200 128 225 63 128
643102 39715 7662 46272 270 0 8 10170 43220 10201 65410 24947 35693 8275 168 64 117 8 37 63 0 64 3 248 235 222 138 200 128 225
643087 39715 7647 46272 270 0 8 10170 43220 10201 65410 24947 35693 8275 117 13 138 200 65 209 233 243 165 209 209 243 164 235 234 168
643085 39715 7645 46272 270 0 8 10170 43220 10201 65410 24947 35693 8275 168 128 117 13 138 200 65 209 233 243 165 209 209 243 164 235
643084 39715 7644 46260 270 0 8 10169 43220 10201 65410 24947 35693 8275 172 168 128 117 13 138 200 65 209 233 243 165 209 209 243 164
643082 39715 7642 46260 270 0 8 10169 43220 10201 65410 24947 35693 8275 116 54 172 168 128 117 13 138 200 65 209 233 243 165 209 209
643080 39715 7640 46260 270 0 8 10169 43220 10201 65410 24947 35693 8275 59 245 116 54 172 168 128 117 13 138 200 65 209 233 243 165
643133 39715 7693 46260 270 0 8 10169 43220 10201 65410 24947 35693 8275 235 201 144 3 240 67 67 46 255 14 100 11 117 163 144 195
643131 39715 7691 46260 270 1 8 10169 43219 10201 65410 24947 35693 8275 243 170 235 201 144 3 240 67 67 46 255 14 100 11 117 163
643129 39715 7689 46260 270 0 8 10169 43219 10201 65410 24947 35693 8275 209 209 243 170 235 201 144 3 240 67 67 46 255 14 100 11
643127 39715 7687 46260 270 4 8 10169 43211 10201 65410 24947 35693 8275 243 171 209 209 243 170 235 201 144 3 240 67 67 46 255 14
643125 39715 7685 46260 270 9 8 10169 43211 10201 65410 24947 35693 8275 209 233 243 171 209 209 243 170 235 201 144 3 240 67 67 46
643123 39715 7683 180 270 9 8 10169 43211 10201 65410 24947 35693 8275 138 224 209 233 243 171 209 209 243 170 235 201 144 3 240 67
643122 39715 7682 198 270 9 8 10168 43211 10201 65410 24947 35693 8275 172 138 224 209 233 243 171 209 209 243 170 235 201 144 3 240
643119 39715 7679 198 270 6 8 10168 43211 10201 65410 24947 35693 8275 128 193 3 172 138 224 209 233 243 171 209 209 243 170 235 201
643116 39715 7676 198 270 198 8 10168 43211 10201 65410 24947 35693 8275 128 225 63 128 193 3 172 138 224 209 233 243 171 209 209 243
643114 39715 7674 198 270 0 8 10168 43211 10201 65410 24947 35693 8275 138 200 128 225 63 128 193 3 172 138 224 209 233 243 171 209
643104 39715 7664 198 270 0 8 10168 43211 10201 65410 24947 35693 8275 117 8 37 63 0 64 3 248 235 222 138 200 128 225 63 128
643102 39715 7662 198 270 0 8 10168 43211 10201 65410 24947 35693 8275 168 64 117 8 37 63 0 64 3 248 235 222 138 200 128 225
643087 39715 7647 198 270 0 8 10168 43211 10201 65410 24947 35693 8275 117 13 138 200 65 209 233 243 165 209 209 243 164 235 234 168
643085 39715 7645 198 270 0 8 10168 43211 10201 65410 24947 35693 8275 168 128 117 13 138 200 65 209 233 243 165 209 209 243 164 235
643084 39715 7644 2 270 0 8 10167 43211 10201 65410 24947 35693 8275 172 168 128 117 13 138 200 65 209 233 243 165 209 209 243 164
643082 39715 7642 2 270 0 8 10167 43211 10201 65410 24947 35693 8275 116 54 172 168 128 117 13 138 200 65 209 233 243 165 209 209
643080 39715 7640 2 270 0 8 10167 43211 10201 65410 24947 35693 8275 59 245 116 54 172 168 128 117 13 138 200 65 209 233 243 165
643100 39715 7660 2 270 0 8 10167 43211 10201 65410 24947 35693 8275 235 234 168 64 117 8 37 63 0 64 3 248 235 222 138 200
643098 39715 7658 2 270 1 8 10166 43210 10201 65410 24947 35693 8275 243 164 235 234 168 64 117 8 37 63 0 64 3 248 235 222
643096 39715 7656 2 270 0 8 10166 43210 10201 65410 24947 35693 8275 209 209 243 164 235 234 168 64 117 8 37 63 0 64 3 248
643094 39715 7654 2 270 1 8 10164 43208 10201 65410 24947 35693 8275 243 165 209 209 243 164 235 234 168 64 117 8 37 63 0 64
643092 39715 7652 2 270 3 8 10164 43208 10201 65410 24947 35693 8275 209 233 243 165 209 209 243 164 235 234 168 64 117 8 37 63
643091 39715 7651 2 270 2 8 10164 43208 10201 65410 24947 35693 8275 65 209 233 243 165 209 209 243 164 235 234 168 64 117 8 37
643089 39715 7649 2 270 0 8 10164 43208 10201 65410 24947 35693 8275 138 200 65 209 233 243 165 209 209 243 164 235 234 168 64 117
643087 39715 7647 2 270 0 8 10164 43208 10201 65410 24947 35693 8275 117 13 138 200 65 209 233 243 165 209 209 243 164 235 234 168
643085 39715 7645 2 270 0 8 10164 43208 10201 65410 24947 35693 8275 168 128 117 13 138 200 65 209 233 243 165 209 209 243 164 235
643084 39715 7644 0 270 0 8 10163 43208 10201 65410 24947 35693 8275 172 168 128 117 13 138 200 65 209 233 243 165 209 209 243 164
643082 39715 7642 0 270 0 8 10163 43208 10201 65410 24947 35693 8275 116 54 172 168 128 117 13 138 200 65 209 233 243 165 209 209
643080 39715 7640 0 270 0 8 10163 43208 10201 65410 24947 35693 8275 59 245 116 54 172 168 128 117 13 138 200 65 209 233 243 165
643079 39715 7639 0 270 0 8 10163 43208 10201 65410 24947 35693 8275 144 59 245 116 54 172 168 128 117 13 138 200 65 209 233 243
643077 39715 7637 0 270 0 8 10163 43208 10201 65410 24947 35693 8275 3 248 144 59 245 116 54 172 168 128 117 13 138 200 65 209
643076 39715 7636 40 270 0 8 10161 43208 10201 65410 24947 35693 8275 173 3 248 144 59 245 116 54 172 168 128 117 13 138 200 65
643074 39715 7634 40 270 0 8 10161 43200 10201 65410 24947 35693 8275 3 250 173 3 248 144 59 245 116 54 172 168 128 117 13 138
643069 39715 7629 40 270 0 8 10161 43104 10201 65410 24947 35693 8275 46 139 191 156 6 3 250 173 3 248 144 59 245 116 54 172
643067 39715 7627 40 270 0 8 10161 43104 10161 65410 24947 35693 8275 3 232 46 139 191 156 6 3 250 173 3 248 144 59 245 116
643065 39715 7625 40 270 0 8 10161 43104 10159 65410 24947 35693 8275 139 238 3 232 46 139 191 156 6 3 250 173 3 248 144 59
643063 39715 7623 40 270 0 8 10161 43104 10159 65410 24947 35693 8275 115 71 139 238 3 232 46 139 191 156 6 3 250 173 3 248
643059 39715 7619 40 270 0 8 10161 43104 10159 65410 24947 35693 8275 129 251 144 1 115 71 139 238 3 232 46 139 191 156 6 3
643057 39715 7617 40 270 0 8 10161 43104 10159 65410 24947 35693 8275 116 79 129 251 144 1 115 71 139 238 3 232 46 139 191 156
643055 39715 7615 40 270 0 8 10161 43104 10159 65410 24947 35693 8275 11 192 116 79 129 251 144 1 115 71 139 238 3 232 46 139
643054 39715 7614 46260 270 0 8 10159 43104 10159 65410 24947 35693 8275 173 11 192 116 79 129 251 144 1 115 71 139 238 3 232 46
643145 39715 7705 46260 270 0 8 10159 43104 10159 65410 24947 35693 8275 117 163 144 195 144 86 83 81 139 52 232 12 0 89 91 94
643140 39715 7700 46260 270 0 8 10159 43104 10159 65410 24947 35693 8275 46 255 14 100 11 117 163 144 195 144 86 83 81 139 52 232
643139 39715 7699 46260 269 0 8 10159 43104 10159 65410 24947 35693 8275 67 46 255 14 100 11 117 163 144 195 144 86 83 81 139 52
643138 39715 7698 46260 268 0 8 10159 43104 10159 65410 24947 35693 8275 67 67 46 255 14 100 11 117 163 144 195 144 86 83 81 139
643082 39715 7642 46260 268 0 8 10159 43104 10159 65410 24947 35693 8275 116 54 172 168 128 117 13 138 200 65 209 233 243 165 209 209
643080 39715 7640 46260 268 0 8 10159 43104 10159 65410 24947 35693 8275 59 245 116 54 172 168 128 117 13 138 200 65 209 233 243 165
643133 39715 7693 46260 268 0 8 10159 43104 10159 65410 24947 35693 8275 235 201 144 3 240 67 67 46 255 14 100 11 117 163 144 195
643131 39715 7691 46260 268 1 8 10159 43103 10159 65410 24947 35693 8275 243 170 235 201 144 3 240 67 67 46 255 14 100 11 117 163
643129 39715 7689 46260 268 0 8 10159 43103 10159 65410 24947 35693 8275 209 209 243 170 235 201 144 3 240 67 67 46 255 14 100 11
643127 39715 7687 46260 268 17 8 10159 43069 10159 65410 24947 35693 8275 243 171 209 209 243 170 235 201 144 3 240 67 67 46 255 14
643125 39715 7685 46260 268 35 8 10159 43069 10159 65410 24947 35693 8275 209 233 243 171 209 209 243 170 235 201 144 3 240 67 67 46
643123 39715 7683 47028 268 35 8 10159 43069 10159 65410 24947 35693 8275 138 224 209 233 243 171 209 209 243 170 235 201 144 3 240 67
643122 39715 7682 47072 268 35 8 10158 43069 10159 65410 24947 35693 8275 172 138 224 209 233 243 171 209 209 243 170 235 201 144 3 240
643119 39715 7679 47072 268 32 8 10158 43069 10159 65410 24947 35693 8275 128 193 3 172 138 224 209 233 243 171 209 209 243 170 235 201
643116 39715 7676 47072 268 224 8 10158 43069 10159 65410 24947 35693 8275 128 225 63 128 193 3 172 138 224 209 233 243 171 209 209 243
643114 39715 7674 47072 268 0 8 10158 43069 10159 65410 24947 35693 8275 138 200 128 225 63 128 193 3 172 138 224 209 233 243 171 209
643104 39715 7664 47072 268 0 8 10158 43069 10159 65410 24947 35693 8275 117 8 37 63 0 64 3 248 235 222 138 200 128 225 63 128
643102 39715 7662 47072 268 0 8 10158 43069 10159 65410 24947 35693 8275 168 64 117 8 37 63 0 64 3 248 235 222 138 200 128 225
643087 39715 7647 47072 268 0 8 10158 43069 10159 65410 24947 35693 8275 117 13 138 200 65 209 233 243 165 209 209 243 164 235 234 168
643085 39715 7645 47072 268 0 8 10158 43069 10159 65410 24947 35693 8275 168 128 117 13 138 200 65 209 233 243 165 209 209 243 164 235
643084 39715 7644 46848 268 0 8 10157 43069 10159 65410 24947 35693 8275 172 168 128 117 13 138 200 65 209 233 243 165 209 209 243 164
643082 39715 7642 46848 268 0 8 10157 43069 10159 65410 24947 35693 8275 116 54 172 168 128 117 13 138 200 65 209 233 243 165 209 209
643080 39715 7640 46848 268 0 8 10157 43069 10159 65410 24947 35693 8275 59 245 116 54 172 168 128 117 13 138 200 65 209 233 243 165
643100 39715 7660 46848 268 0 8 10157 43069 10159 65410 24947 35693 8275 235 234 168 64 117 8 37 63 0 64 3 248 235 222 138 200
643098 39715 7658 46848 268 1 8 10156 43068 10159 65410 24947 35693 8275 243 164 235 234 168 64 117 8 37 63 0 64 3 248 235 222
643096 39715 7656 46848 268 0 8 10156 43068 10159 65410 24947 35693 8275 209 209 243 164 235 234 168 64 117 8 37 63 0 64 3 248
643094 39715 7654 46848 268 0 8 10156 43068 10159 65410 24947 35693 8275 243 165 209 209 243 164 235 234 168 64 117 8 37 63 0 64
643092 39715 7652 46848 268 1 8 10156 43068 10159 65410 24947 35693 8275 209 233 243 165 209 209 243 164 235 234 168 64 117 8 37 63
643091 39715 7651 46848 268 0 8 10156 43068 10159 65410 24947 35693 8275 65 209 233 243 165 209 209 243 164 235 234 168 64 117 8 37
643089 39715 7649 46848 268 0 8 10156 43068 10159 65410 24947 35693 8275 138 200 65 209 233 243 165 209 209 243 164 235 234 168 64 117
643087 39715 7647 46848 268 0 8 10156 43068 10159 65410 24947 35693 8275 117 13 138 200 65 209 233 243 165 209 209 243 164 235 234 168
643085 39715 7645 46848 268 0 8 10156 43068 10159 65410 24947 35693 8275 168 128 117 13 138 200 65 209 233 243 165 209 209 243 164 235
643084 39715 7644 47031 268 0 8 10155 43068 10159 65410 24947 35693 8275 172 168 128 117 13 138 200 65 209 233 243 165 209 209 243 164
643082 39715 7642 47031 268 0 8 10155 43068 10159 65410 24947 35693 8275 116 54 172 168 128 117 13 138 200 65 209 233 243 165 209 209
643080 39715 7640 47031 268 0 8 10155 43068 10159 65410 24947 35693 8275 59 245 116 54 172 168 128 117 13 138 200 65 209 233 243 165
643133 39715 7693 47031 268 0 8 10155 43068 10159 65410 24947 35693 8275 235 201 144 3 240 67 67 46 255 14 100 11 117 163 144 195
643131 39715 7691 47031 268 1 8 10155 43067 10159 65410 24947 35693 8275 243 170 235 201 144 3 240 67 67 46 255 14 100 11 117 163
643129 39715 7689 47031 268 0 8 10155 43067 10159 65410 24947 35693 8275 209 209 243 170 235 201 144 3 240 67 67 46 255 14 100 11
643127 39715 7687 47031 268 25 8 10155 43017 10159 65410 24947 35693 8275 243 171 209 209 243 170 235 201 144 3 240 67 67 46 255 14
643125 39715 7685 47031 268 51 8 10155 43017 10159 65410 24947 35693 8275 209 233 243 171 209 209 243 170 235 201 144 3 240 67 67 46
643123 39715 7683 46263 268 51 8 10155 43017 10159 65410 24947 35693 8275 138 224 209 233 243 171 209 209 243 170 235 201 144 3 240 67
643122 39715 7682 46320 268 51 8 10154 43017 10159 65410 24947 35693 8275 172 138 224 209 233 243 171 209 209 243 170 235 201 144 3 240
643119 39715 7679 46320 268 48 8 10154 43017 10159 65410 24947 35693 8275 128 193 3 172 138 224 209 233 243 171 209 209 243 170 235 201
643116 39715 7676 46320 268 240 8 10154 43017 10159 65410 24947 35693 8275 128 225 63 128 193 3 172 138 224 209 233 243 171 209 209 243
643114 39715 7674 46320 268 0 8 10154 43017 10159 65410 24947 35693 8275 138 200 128 225 63 128 193 3 172 138 224 209 233 243 171 209
643104 39715 7664 46320 268 0 8 10154 43017 10159 65410 24947 35693 8275 117 8 37 63 0 64 3 248 235 222 138 200 128 225 63 128
643102 39715 7662 46320 268 0 8 10154 43017 10159 65410 24947 35693 8275 168 64 117 8 37 63 0 64 3 248 235 222 138 200 128 225
643087 39715 7647 46320 268 0 8 10154 43017 10159 65410 24947 35693 8275 117 13 138 200 65 209 233 243 165 209 209 243 164 235 234 168
643085 39715 7645 46320 268 0 8 10154 43017 10159 65410 24947 35693 8275 168 128 117 13 138 200 65 209 233 243 165 209 209 243 164 235
643084 39715 7644 46260 268 0 8 10153 43017 10159 65410 24947 35693 8275 172 168 128 117 13 138 200 65 209 233 243 165 209 209 243 164
643082 39715 7642 46260 268 0 8 10153 43017 10159 65410 24947 35693 8275 116 54 172 168 128 117 13 138 200 65 209 233 243 165 209 209
643080 39715 7640 46260 268 0 8 10153 43017 10159 65410 24947 35693 8275 59 245 116 54 172 168 128 117 13 138 200 65 209 233 243 165
643133 39715 7693 46260 268 0 8 10153 43017 10159 65410 24947 35693 8275 235 201 144 3 240 67 67 46 255 14 100 11 117 163 144 195
643131 39715 7691 46260 268 1 8 10153 43016 10159 65410 24947 35693 8275 243 170 235 201 144 3 240 67 67 46 255 14 100 11 117 163
643129 39715 7689 46260 268 0 8 10153 43016 10159 65410 24947 35693 8275 209 209 243 170 235 201 144 3 240 67 67 46 255 14 100 11
643127 39715 7687 46260 268 10 8 10153 42996 10159 65410 24947 35693 8275 243 171 209 209 243 170 235 201 144 3 240 67 67 46 255 14
643125 39715 7685 46260 268 21 8 10153 42996 10159 65410 24947 35693 8275 209 233 243 171 209 209 243 170 235 201 144 3 240 67 67 46
643123 39715 7683 46260 268 21 8 10153 42996 10159 65410 24947 35693 8275 138 224 209 233 243 171 209 209 243 170 235 201 144 3 240 67
643122 39715 7682 46290 268 21 8 10152 42996 10159 65410 24947 35693 8275 172 138 224 209 233 243 171 209 209 243 170 235 201 144 3 240
643119 39715 7679 46290 268 18 8 10152 42996 10159 65410 24947 35693 8275 128 193 3 172 138 224 209 233 243 171 209 209 243 170 235 201
643116 39715 7676 46290 268 210 8 10152 42996 10159 65410 24947 35693 8275 128 225 63 128 193 3 172 138 224 209 233 243 171 209 209 243
643114 39715 7674 46290 268 0 8 10152 42996 10159 65410 24947 35693 8275 138 200 128 225 63 128 193 3 172 138 224 209 233 243 171 209
643104 39715 7664 46290 268 0 8 10152 42996 10159 65410 24947 35693 8275 117 8 37 63 0 64 3 248 235 222 138 200 128 225 63 128
643102 39715 7662 46290 268 0 8 10152 42996 10159 65410 24947 35693 8275 168 64 117 8 37 63 0 64 3 248 235 222 138 200 128 225
643087 39715 7647 46290 268 0 8 10152 42996 10159 65410 24947 35693 8275 117 13 138 200 65 209 233 243 165 209 209 243 164 235 234 168
643085 39715 7645 46290 268 0 8 10152 42996 10159 65410 24947 35693 8275 168 128 117 13 138 200 65 209 233 243 165 209 209 243 164 235
643084 39715 7644 46081 268 0 8 10151 42996 10159 65410 24947 35693 8275 172 168 128 117 13 138 200 65 209 233 243 165 209 209 243 164
643082 39715 7642 46081 268 0 8 10151 42996 10159 65410 24947 35693 8275 116 54 172 168 128 117 13 138 200 65 209 233 243 165 209 209
643080 39715 7640 46081 268 0 8 10151 42996 10159 65410 24947 35693 8275 59 245 116 54 172 168 128 117 13 138 200 65 209 233 243 165
643100 39715 7660 46081 268 0 8 10151 42996 10159 65410 24947 35693 8275 235 234 168 64 117 8 37 63 0 64 3 248 235 222 138 200
643098 39715 7658 46081 268 0 8 10151 42996 10159 65410 24947 35693 8275 243 164 235 234 168 64 117 8 37 63 0 64 3 248 235 222
643096 39715 7656 46081 268 0 8 10151 42996 10159 65410 24947 35693 8275 209 209 243 164 235 234 168 64 117 8 37 63 0 64 3 248
643094 39715 7654 46081 268 1 8 10149 42994 10159 65410 24947 35693 8275 243 165 209 209 243 164 235 234 168 64 117 8 37 63 0 64
643092 39715 7652 46081 268 2 8 10149 42994 10159 65410 24947 35693 8275 209 233 243 165 209 209 243 164 235 234 168 64 117 8 37 63
643091 39715 7651 46081 268 1 8 10149 42994 10159 65410 24947 35693 8275 65 209 233 243 165 209 209 243 164 235 234 168 64 117 8 37
643089 39715 7649 46081 268 0 8 10149 42994 10159 65410 24947 35693 8275 138 200 65 209 233 243 165 209 209 243 164 235 234 168 64 117
643087 39715 7647 46081 268 0 8 10149 42994 10159 65410 24947 35693 8275 117 13 138 200 65 209 233 243 165 209 209 243 164 235 234 168
643085 39715 7645 46081 268 0 8 10149 42994 10159 65410 24947 35693 8275 168 128 117 13 138 200 65 209 233 243 165 209 209 243 164 235
643084 39715 7644 46260 268 0 8 10148 42994 10159 65410 24947 35693 8275 172 168 128 117 13 138 200 65 209 233 243 165 209 209 243 164
643082 39715 7642 46260 268 0 8 10148 42994 10159 65410 24947 35693 8275 116 54 172 168 128 117 13 138 200 65 209 233 243 165 209 209
643080 39715 7640 46260 268 0 8 10148 42994 10159 65410 24947 35693 8275 59 245 116 54 172 168 128 117 13 138 200 65 209 233 243 165
643133 39715 7693 46260 268 0 8 10148 42994 10159 65410 24947 35693 8275 235 201 144 3 240 67 67 46 255 14 100 11 117 163 144 195
643131 39715 7691 46260 268 1 8 10148 42993 10159 65410 24947 35693 8275 243 170 235 201 144 3 240 67 67 46 255 14 100 11 117 163
643129 39715 7689 46260 268 0 8 10148 42993 10159 65410 24947 35693 8275 209 209 243 170 235 201 144 3 240 67 67 46 255 14 100 11
643127 39715 7687 46260 268 21 8 10148 42951 10159 65410 24947 35693 8275 243 171 209 209 243 170 235 201 144 3 240 67 67 46 255 14
643125 39715 7685 46260 268 43 8 10148 42951 10159 65410 24947 35693 8275 209 233 243 171 209 209 243 170 235 201 144 3 240 67 67 46
643123 39715 7683 46260 268 43 8 10148 42951 10159 65410 24947 35693 8275 138 224 209 233 243 171 209 209 243 170 235 201 144 3 240 67
643122 39715 7682 46312 268 43 8 10147 42951 10159 65410 24947 35693 8275 172 138 224 209 233 243 171 209 209 243 170 235 201 144 3 240
643119 39715 7679 46312 268 40 8 10147 42951 10159 65410 24947 35693 8275 128 193 3 172 138 224 209 233 243 171 209 209 243 170 235 201
643116 39715 7676 46312 268 232 8 10147 42951 10159 65410 24947 35693 8275 128 225 63 128 193 3 172 138 224 209 233 243 171 209 209 243
643114 39715 7674 46312 268 0 8 10147 42951 10159 65410 24947 35693 8275 138 200 128 225 63 128 193 3 172 138 224 209 233 243 171 209
643104 39715 7664 46312 268 0 8 10147 42951 10159 65410 24947 35693 8275 117 8 37 63 0 64 3 248 235 222 138 200 128 225 63 128
643102 39715 7662 46312 268 0 8 10147 42951 10159 65410 24947 35693 8275 168 64 117 8 37 63 0 64 3 248 235 222 138 200 128 225
643087 39715 7647 46312 268 0 8 10147 42951 10159 65410 24947 35693 8275 117 13 138 200 65 209 233 243 165 209 209 243 164 235 234 168
643085 39715 7645 46312 268 0 8 10147 42951 10159 65410 24947 35693 8275 168 128 117 13 138 200 65 209 233 243 165 209 209 243 164 235
643084 39715 7644 46082 268 0 8 10146 42951 10159 65410 24947 35693 8275 172 168 128 117 13 138 200 65 209 233 243 165 209 209 243 164
643082 39715 7642 46082 268 0 8 10146 42951 10159 65410 24947 35693 8275 116 54 172 168 128 117 13 138 200 65 209 233 243 165 209 209
643080 39715 7640 46082 268 0 8 10146 42951 10159 65410 24947 35693 8275 59 245 116 54 172 168 128 117 13 138 200 65 209 233 243 165
643100 39715 7660 46082 268 0 8 10146 42951 10159 65410 24947 35693 8275 235 234 168 64 117 8 37 63 0 64 3 248 235 222 138 200
643098 39715 7658 46082 268 1 8 10145 42950 10159 65410 24947 35693 8275 243 164 235 234 168 64 117 8 37 63 0 64 3 248 235 222
643096 39715 7656 46082 268 0 8 10145 42950 10159 65410 24947 35693 8275 209 209 243 164 235 234 168 64 117 8 37 63 0 64 3 248
643094 39715 7654 46082 268 1 8 10143 42948 10159 65410 24947 35693 8275 243 165 209 209 243 164 235 234 168 64 117 8 37 63 0 64
643092 39715 7652 46082 268 3 8 10143 42948 10159 65410 24947 35693 8275 209 233 243 165 209 209 243 164 235 234 168 64 117 8 37 63
643091 39715 7651 46082 268 2 8 10143 42948 10159 65410 24947 35693 8275 65 209 233 243 165 209 209 243 164 235 234 168 64 117 8 37
643089 39715 7649 46082 268 0 8 10143 42948 10159 65410 24947 35693 8275 138 200 65 209 233 243 165 209 209 243 164 235 234 168 64 117
643087 39715 7647 46082 268 0 8 10143 42948 10159 65410 24947 35693 8275 117 13 138 200 65 209 233 243 165 209 209 243 164 235 234 168
643085 39715 7645 46082 268 0 8 10143 42948 10159 65410 24947 35693 8275 168 128 117 13 138 200 65 209 233 243 165 209 209 243 164 235
643084 39715 7644 46260 268 0 8 10142 42948 10159 65410 24947 35693 8275 172 168 128 117 13 138 200 65 209 233 243 165 209 209 243 164
643082 39715 7642 46260 268 0 8 10142 42948 10159 65410 24947 35693 8275 116 54 172 168 128 117 13 138 200 65 209 233 243 165 209 209
643080 39715 7640 46260 268 0 8 10142 42948 10159 65410 24947 35693 8275 59 245 116 54 172 168 128 117 13 138 200 65 209 233 243 165
643133 39715 7693 46260 268 0 8 10142 42948 10159 65410 24947 35693 8275 235 201 144 3 240 67 67 46 255 14 100 11 117 163 144 195
643131 39715 7691 46260 268 1 8 10142 42947 10159 65410 24947 35693 8275 243 170 235 201 144 3 240 67 67 46 255 14 100 11 117 163
643129 39715 7689 46260 268 0 8 10142 42947 10159 65410 24947 35693 8275 209 209 243 170 235 201 144 3 240 67 67 46 255 14 100 11
643127 39715 7687 46260 268 11 8 10142 42925 10159 65410 24947 35693 8275 243 171 209 209 243 170 235 201 144 3 240 67 67 46 255 14
643125 39715 7685 46260 268 23 8 10142 42925 10159 65410 24947 35693 8275 209 233 243 171 209 209 243 170 235 201 144 3 240 67 67 46
643123 39715 7683 46260 268 23 8 10142 42925 10159 65410 24947 35693 8275 138 224 209 233 243 171 209 209 243 170 235 201 144 3 240 67
643122 39715 7682 46292 268 23 8 10141 42925 10159 65410 24947 35693 8275 172 138 224 209 233 243 171 209 209 243 170 235 201 144 3 240
643119 39715 7679 46292 268 20 8 10141 42925 10159 65410 24947 35693 8275 128 193 3 172 138 224 209 233 243 171 209 209 243 170 235 201
643116 39715 7676 46292 268 212 8 10141 42925 10159 65410 24947 35693 8275 128 225 63 128 193 3 172 138 224 209 233 243 171 209 209 243
643114 39715 7674 46292 268 0 8 10141 42925 10159 65410 24947 35693 8275 138 200 128 225 63 128 193 3 172 138 224 209 233 243 171 209
643104 39715 7664 46292 268 0 8 10141 42925 10159 65410 24947 35693 8275 117 8 37 63 0 64 3 248 235 222 138 200 128 225 63 128
643102 39715 7662 46292 268 0 8 10141 42925 10159 65410 24947 35693 8275 168 64 117 8 37 63 0 64 3 248 235 222 138 200 128 225
643087 39715 7647 46292 268 0 8 10141 42925 10159 65410 24947 35693 8275 117 13 138 200 65 209 233 243 165 209 209 243 164 235 234 168
643085 39715 7645 46292 268 0 8 10141 42925 10159 65410 24947 35693 8275 168 128 117 13 138 200 65 209 233 243 165 209 209 243 164 235
643084 39715 7644 46082 268 0 8 10140 42925 10159 65410 24947 35693 8275 172 168 128 117 13 138 200 65 209 233 243 165 209 209 243 164
643082 39715 7642 46082 268 0 8 10140 42925 10159 65410 24947 35693 8275 116 54 172 168 128 117 13 138 200 65 209 233 243 165 209 209
643080 39715 7640 46082 268 0 8 10140 42925 10159 65410 24947 35693 8275 59 245 116 54 172 168 128 117 13 138 200 65 209 233 243 165
643100 39715 7660 46082 268 0 8 10140 42925 10159 65410 24947 35693 8275 235 234 168 64 117 8 37 63 0 64 3 248 235 222 138 200
643098 39715 7658 46082 268 1 8 10139 42924 10159 65410 24947 35693 8275 243 164 235 234 168 64 117 8 37 63 0 64 3 248 235 222
643096 39715 7656 46082 268 0 8 10139 42924 10159 65410 24947 35693 8275 209 209 243 164 235 234 168 64 117 8 37 63 0 64 3 248
643094 39715 7654 46082 268 1 8 10137 42922 10159 65410 24947 35693 8275 243 165 209 209 243 164 235 234 168 64 117 8 37 63 0 64
643092 39715 7652 46082 268 3 8 10137 42922 10159 65410 24947 35693 8275 209 233 243 165 209 209 243 164 235 234 168 64 117 8 37 63
643091 39715 7651 46082 268 2 8 10137 42922 10159 65410 24947 35693 8275 65 209 233 243 165 209 209 243 164 235 234 168 64 117 8 37
643089 39715 7649 46082 268 0 8 10137 42922 10159 65410 24947 35693 8275 138 200 65 209 233 243 165 209 209 243 164 235 234 168 64 117
643087 39715 7647 46082 268 0 8 10137 42922 10159 65410 24947 35693 8275 117 13 138 200 65 209 233 243 165 209 209 243 164 235 234 168
643085 39715 7645 46082 268 0 8 10137 42922 10159 65410 24947 35693 8275 168 128 117 13 138 200 65 209 233 243 165 209 209 243 164 235
643084 39715 7644 46260 268 0 8 10136 42922 10159 65410 24947 35693 8275 172 168 128 117 13 138 200 65 209 233 243 165 209 209 243 164
643082 39715 7642 46260 268 0 8 10136 42922 10159 65410 24947 35693 8275 116 54 172 168 128 117 13 138 200 65 209 233 243 165 209 209
643080 39715 7640 46260 268 0 8 10136 42922 10159 65410 24947 35693 8275 59 245 116 54 172 168 128 117 13 138 200 65 209 233 243 165
643133 39715 7693 46260 268 0 8 10136 42922 10159 65410 24947 35693 8275 235 201 144 3 240 67 67 46 255 14 100 11 117 163 144 195
643131 39715 7691 46260 268 0 8 10136 42922 10159 65410 24947 35693 8275 243 170 235 201 144 3 240 67 67 46 255 14 100 11 117 163
643129 39715 7689 46260 268 0 8 10136 42922 10159 65410 24947 35693 8275 209 209 243 170 235 201 144 3 240 67 67 46 255 14 100 11
643127 39715 7687 46260 268 5 8 10136 42912 10159 65410 24947 35693 8275 243 171 209 209 243 170 235 201 144 3 240 67 67 46 255 14
643125 39715 7685 46260 268 10 8 10136 42912 10159 65410 24947 35693 8275 209 233 243 171 209 209 243 170 235 201 144 3 240 67 67 46
643123 39715 7683 46004 268 10 8 10136 42912 10159 65410 24947 35693 8275 138 224 209 233 243 171 209 209 243 170 235 201 144 3 240 67
643122 39715 7682 46023 268 10 8 10135 42912 10159 65410 24947 35693 8275 172 138 224 209 233 243 171 209 209 243 170 235 201 144 3 240
643119 39715 7679 46023 268 7 8 10135 42912 10159 65410 24947 35693 8275 128 193 3 172 138 224 209 233 243 171 209 209 243 170 235 201
643116 39715 7676 46023 268 199 8 10135 42912 10159 65410 24947 35693 8275 128 225 63 128 193 3 172 138 224 209 233 243 171 209 209 243
643114 39715 7674 46023 268 0 8 10135 42912 10159 65410 24947 35693 8275 138 200 128 225 63 128 193 3 172 138 224 209 233 243 171 209
643104 39715 7664 46023 268 0 8 10135 42912 10159 65410 24947 35693 8275 117 8 37 63 0 64 3 248 235 222 138 200 128 225 63 128
643102 39715 7662 46023 268 0 8 10135 42912 10159 65410 24947 35693 8275 168 64 117 8 37 63 0 64 3 248 235 222 138 200 128 225
643087 39715 7647 46023 268 0 8 10135 42912 10159 65410 24947 35693 8275 117 13 138 200 65 209 233 243 165 209 209 243 164 235 234 168
643085 39715 7645 46023 268 0 8 10135 42912 10159 65410 24947 35693 8275 168 128 117 13 138 200 65 209 233 243 165 209 209 243 164 235
643084 39715 7644 46003 268 0 8 10134 42912 10159 65410 24947 35693 8275 172 168 128 117 13 138 200 65 209 233 243 165 209 209 243 164
643082 39715 7642 46003 268 0 8 10134 42912 10159 65410 24947 35693 8275 116 54 172 168 128 117 13 138 200 65 209 233 243 165 209 209
643080 39715 7640 46003 268 0 8 10134 42912 10159 65410 24947 35693 8275 59 245 116 54 172 168 128 117 13 138 200 65 209 233 243 165
643133 39715 7693 46003 268 0 8 10134 42912 10159 65410 24947 35693 8275 235 201 144 3 240 67 67 46 255 14 100 11 117 163 144 195
643131 39715 7691 46003 268 1 8 10134 42911 10159 65410 24947 35693 8275 243 170 235 201 144 3 240 67 67 46 255 14 100 11 117 163
643129 39715 7689 46003 268 0 8 10134 42911 10159 65410 24947 35693 8275 209 209 243 170 235 201 144 3 240 67 67 46 255 14 100 11
643127 39715 7687 46003 268 1 8 10134 42909 10159 65410 24947 35693 8275 243 171 209 209 243 170 235 201 144 3 240 67 67 46 255 14
643125 39715 7685 46003 268 3 8 10134 42909 10159 65410 24947 35693 8275 209 233 243 171 209 209 243 170 235 201 144 3 240 67 67 46
643123 39715 7683 46259 268 3 8 10134 42909 10159 65410 24947 35693 8275 138 224 209 233 243 171 209 209 243 170 235 201 144 3 240 67
643122 39715 7682 46272 268 3 8 10133 42909 10159 65410 24947 35693 8275 172 138 224 209 233 243 171 209 209 243 170 235 201 144 3 240
643119 39715 7679 46272 268 0 8 10133 42909 10159 65410 24947 35693 8275 128 193 3 172 138 224 209 233 243 171 209 209 243 170 235 201
643116 39715 7676 46272 268 192 8 10133 42909 10159 65410 24947 35693 8275 128 225 63 128 193 3 172 138 224 209 233 243 171 209 209 243
643114 39715 7674 46272 268 0 8 10133 42909 10159 65410 24947 35693 8275 138 200 128 225 63 128 193 3 172 138 224 209 233 243 171 209
643104 39715 7664 46272 268 0 8 10133 42909 10159 65410 24947 35693 8275 117 8 37 63 0 64 3 248 235 222 138 200 128 225 63 128
643102 39715 7662 46272 268 0 8 10133 42909 10159 65410 24947 35693 8275 168 64 117 8 37 63 0 64 3 248 235 222 138 200 128 225
643087 39715 7647 46272 268 0 8 10133 42909 10159 65410 24947 35693 8275 117 13 138 200 65 209 233 243 165 209 209 243 164 235 234 168
643085 39715 7645 46272 268 0 8 10133 42909 10159 65410 24947 35693 8275 168 128 117 13 138 200 65 209 233 243 165 209 209 243 164 235
643084 39715 7644 46260 268 0 8 10132 42909 10159 65410 24947 35693 8275 172 168 128 117 13 138 200 65 209 233 243 165 209 209 243 164
643082 39715 7642 46260 268 0 8 10132 42909 10159 65410 24947 35693 8275 116 54 172 168 128 117 13 138 200 65 209 233 243 165 209 209
643080 39715 7640 46260 268 0 8 10132 42909 10159 65410 24947 35693 8275 59 245 116 54 172 168 128 117 13 138 200 65 209 233 243 165
643133 39715 7693 46260 268 0 8 10132 42909 10159 65410 24947 35693 8275 235 201 144 3 240 67 67 46 255 14 100 11 117 163 144 195
643131 39715 7691 46260 268 1 8 10132 42908 10159 65410 24947 35693 8275 243 170 235 201 144 3 240 67 67 46 255 14 100 11 117 163
643129 39715 7689 46260 268 0 8 10132 42908 10159 65410 24947 35693 8275 209 209 243 170 235 201 144 3 240 67 67 46 255 14 100 11
643127 39715 7687 46260 268 2 8 10132 42904 10159 65410 24947 35693 8275 243 171 209 209 243 170 235 201 144 3 240 67 67 46 255 14
643125 39715 7685 46260 268 5 8 10132 42904 10159 65410 24947 35693 8275 209 233 243 171 209 209 243 170 235 201 144 3 240 67 67 46
643123 39715 7683 46004 268 5 8 10132 42904 10159 65410 24947 35693 8275 138 224 209 233 243 171 209 209 243 170 235 201 144 3 240 67
643122 39715 7682 46018 268 5 8 10131 42904 10159 65410 24947 35693 8275 172 138 224 209 233 243 171 209 209 243 170 235 201 144 3 240
643119 39715 7679 46018 268 2 8 10131 42904 10159 65410 24947 35693 8275 128 193 3 172 138 224 209 233 243 171 209 209 243 170 235 201
643116 39715 7676 46018 268 194 8 10131 42904 10159 65410 24947 35693 8275 128 225 63 128 193 3 172 138 224 209 233 243 171 209 209 243
643114 39715 7674 46018 268 0 8 10131 42904 10159 65410 24947 35693 8275 138 200 128 225 63 128 193 3 172 138 224 209 233 243 171 209
643104 39715 7664 46018 268 0 8 10131 42904 10159 65410 24947 35693 8275 117 8 37 63 0 64 3 248 235 222 138 200 128 225 63 128
643102 39715 7662 46018 268 0 8 10131 42904 10159 65410 24947 35693 8275 168 64 117 8 37 63 0 64 3 248 235 222 138 200 128 225
643087 39715 7647 46018 268 0 8 10131 42904 10159 65410 24947 35693 8275 117 13 138 200 65 209 233 243 165 209 209 243 164 235 234 168
643085 39715 7645 46018 268 0 8 10131 42904 10159 65410 24947 35693 8275 168 128 117 13 138 200 65 209 233 243 165 209 209 243 164 235
643084 39715 7644 45826 268 0 8 10130 42904 10159 65410 24947 35693 8275 172 168 128 117 13 138 200 65 209 233 243 165 209 209 243 164
643082 39715 7642 45826 268 0 8 10130 42904 10159 65410 24947 35693 8275 116 54 172 168 128 117 13 138 200 65 209 233 243 165 209 209
643080 39715 7640 45826 268 0 8 10130 42904 10159 65410 24947 35693 8275 59 245 116 54 172 168 128 117 13 138 200 65 209 233 243 165
643100 39715 7660 45826 268 0 8 10130 42904 10159 65410 24947 35693 8275 235 234 168 64 117 8 37 63 0 64 3 248 235 222 138 200
643098 39715 7658 45826 268 1 8 10129 42903 10159 65410 24947 35693 8275 243 164 235 234 168 64 117 8 37 63 0 64 3 248 235 222
643096 39715 7656 45826 268 0 8 10129 42903 10159 65410 24947 35693 8275 209 209 243 164 235 234 168 64 117 8 37 63 0 64 3 248
643094 39715 7654 45826 268 1 8 10127 42901 10159 65410 24947 35693 8275 243 165 209 209 243 164 235 234 168 64 117 8 37 63 0 64
643092 39715 7652 45826 268 3 8 10127 42901 10159 65410 24947 35693 8275 209 233 243 165 209 209 243 164 235 234 168 64 117 8 37 63
643091 39715 7651 45826 268 2 8 10127 42901 10159 65410 24947 35693 8275 65 209 233 243 165 209 209 243 164 235 234 168 64 117 8 37
643089 39715 7649 45826 268 0 8 10127 42901 10159 65410 24947 35693 8275 138 200 65 209 233 243 165 209 209 243 164 235 234 168 64 117
643087 39715 7647 45826 268 0 8 10127 42901 10159 65410 24947 35693 8275 117 13 138 200 65 209 233 243 165 209 209 243 164 235 234 168
643085 39715 7645 45826 268 0 8 10127 42901 10159 65410 24947 35693 8275 168 128 117 13 138 200 65 209 233 243 165 209 209 243 164 235
643084 39715 7644 46003 268 0 8 10126 42901 10159 65410 24947 35693 8275 172 168 128 117 13 138 200 65 209 233 243 165 209 209 243 164
643082 39715 7642 46003 268 0 8 10126 42901 10159 65410 24947 35693 8275 116 54 172 168 128 117 13 138 200 65 209 233 243 165 209 209
643080 39715 7640 46003 268 0 8 10126 42901 10159 65410 24947 35693 8275 59 245 116 54 172 168 128 117 13 138 200 65 209 233 243 165
643133 39715 7693 46003 268 0 8 10126 42901 10159 65410 24947 35693 8275 235 201 144 3 240 67 67 46 255 14 100 11 117 163 144 195
643131 39715 7691 46003 268 1 8 10126 42900 10159 65410 24947 35693 8275 243 170 235 201 144 3 240 67 67 46 255 14 100 11 117 163
643129 39715 7689 46003 268 0 8 10126 42900 10159 65410 24947 35693 8275 209 209 243 170 235 201 144 3 240 67 67 46 255 14 100 11
643127 39715 7687 46003 268 1 8 10126 42898 10159 65410 24947 35693 8275 243 171 209 209 243 170 235 201 144 3 240 67 67 46 255 14
643125 39715 7685 46003 268 3 8 10126 42898 10159 65410 24947 35693 8275 209 233 243 171 209 209 243 170 235 201 144 3 240 67 67 46
643123 39715 7683 46259 268 3 8 10126 42898 10159 65410 24947 35693 8275 138 224 209 233 243 171 209 209 243 170 235 201 144 3 240 67
643122 39715 7682 46272 268 3 8 10125 42898 10159 65410 24947 35693 8275 172 138 224 209 233 243 171 209 209 243 170 235 201 144 3 240
643119 39715 7679 46272 268 0 8 10125 42898 10159 65410 24947 35693 8275 128 193 3 172 138 224 209 233 243 171 209 209 243 170 235 201
643116 39715 7676 46272 268 192 8 10125 42898 10159 65410 24947 35693 8275 128 225 63 128 193 3 172 138 224 209 233 243 171 209 209 243
643114 39715 7674 46272 268 0 8 10125 42898 10159 65410 24947 35693 8275 138 200 128 225 63 128 193 3 172 138 224 209 233 243 171 209
643104 39715 7664 46272 268 0 8 10125 42898 10159 65410 24947 35693 8275 117 8 37 63 0 64 3 248 235 222 138 200 128 225 63 128
643102 39715 7662 46272 268 0 8 10125 42898 10159 65410 24947 35693 8275 168 64 117 8 37 63 0 64 3 248 235 222 138 200 128 225
643087 39715 7647 46272 268 0 8 10125 42898 10159 65410 24947 35693 8275 117 13 138 200 65 209 233 243 165 209 209 243 164 235 234 168
643085 39715 7645 46272 268 0 8 10125 42898 10159 65410 24947 35693 8275 168 128 117 13 138 200 65 209 233 243 165 209 209 243 164 235
643084 39715 7644 46260 268 0 8 10124 42898 10159 65410 24947 35693 8275 172 168 128 117 13 138 200 65 209 233 243 165 209 209 243 164
643082 39715 7642 46260 268 0 8 10124 42898 10159 65410 24947 35693 8275 116 54 172 168 128 117 13 138 200 65 209 233 243 165 209 209
643080 39715 7640 46260 268 0 8 10124 42898 10159 65410 24947 35693 8275 59 245 116 54 172 168 128 117 13 138 200 65 209 233 243 165
643133 39715 7693 46260 268 0 8 10124 42898 10159 65410 24947 35693 8275 235 201 144 3 240 67 67 46 255 14 100 11 117 163 144 195
643131 39715 7691 46260 268 0 8 10124 42898 10159 65410 24947 35693 8275 243 170 235 201 144 3 240 67 67 46 255 14 100 11 117 163
643129 39715 7689 46260 268 0 8 10124 42898 10159 65410 24947 35693 8275 209 209 243 170 235 201 144 3 240 67 67 46 255 14 100 11
643127 39715 7687 46260 268 3 8 10124 42892 10159 65410 24947 35693 8275 243 171 209 209 243 170 235 201 144 3 240 67 67 46 255 14
643125 39715 7685 46260 268 6 8 10124 42892 10159 65410 24947 35693 8275 209 233 243 171 209 209 243 170 235 201 144 3 240 67 67 46
643123 39715 7683 180 268 6 8 10124 42892 10159 65410 24947 35693 8275 138 224 209 233 243 171 209 209 243 170 235 201 144 3 240 67
643122 39715 7682 195 268 6 8 10123 42892 10159 65410 24947 35693 8275 172 138 224 209 233 243 171 209 209 243 170 235 201 144 3 240
643119 39715 7679 195 268 3 8 10123 42892 10159 65410 24947 35693 8275 128 193 3 172 138 224 209 233 243 171 209 209 243 170 235 201
643116 39715 7676 195 268 195 8 10123 42892 10159 65410 24947 35693 8275 128 225 63 128 193 3 172 138 224 209 233 243 171 209 209 243
643114 39715 7674 195 268 0 8 10123 42892 10159 65410 24947 35693 8275 138 200 128 225 63 128 193 3 172 138 224 209 233 243 171 209
643104 39715 7664 195 268 0 8 10123 42892 10159 65410 24947 35693 8275 117 8 37 63 0 64 3 248 235 222 138 200 128 225 63 128
643102 39715 7662 195 268 0 8 10123 42892 10159 65410 24947 35693 8275 168 64 117 8 37 63 0 64 3 248 235 222 138 200 128 225
643087 39715 7647 195 268 0 8 10123 42892 10159 65410 24947 35693 8275 117 13 138 200 65 209 233 243 165 209 209 243 164 235 234 168
643085 39715 7645 195 268 0 8 10123 42892 10159 65410 24947 35693 8275 168 128 117 13 138 200 65 209 233 243 165 209 209 243 164 235
643084 39715 7644 3 268 0 8 10122 42892 10159 65410 24947 35693 8275 172 168 128 117 13 138 200 65 209 233 243 165 209 209 243 164
643082 39715 7642 3 268 0 8 10122 42892 10159 65410 24947 35693 8275 116 54 172 168 128 117 13 138 200 65 209 233 243 165 209 209
643080 39715 7640 3 268 0 8 10122 42892 10159 65410 24947 35693 8275 59 245 116 54 172 168 128 117 13 138 200 65 209 233 243 165
643100 39715 7660 3 268 0 8 10122 42892 10159 65410 24947 35693 8275 235 234 168 64 117 8 37 63 0 64 3 248 235 222 138 200
643098 39715 7658 3 268 0 8 10122 42892 10159 65410 24947 35693 8275 243 164 235 234 168 64 117 8 37 63 0 64 3 248 235 222
643096 39715 7656 3 268 0 8 10122 42892 10159 65410 24947 35693 8275 209 209 243 164 235 234 168 64 117 8 37 63 0 64 3 248
643094 39715 7654 3 268 2 8 10118 42888 10159 65410 24947 35693 8275 243 165 209 209 243 164 235 234 168 64 117 8 37 63 0 64
643092 39715 7652 3 268 4 8 10118 42888 10159 65410 24947 35693 8275 209 233 243 165 209 209 243 164 235 234 168 64 117 8 37 63
643091 39715 7651 3 268 3 8 10118 42888 10159 65410 24947 35693 8275 65 209 233 243 165 209 209 243 164 235 234 168 64 117 8 37
643089 39715 7649 3 268 0 8 10118 42888 10159 65410 24947 35693 8275 138 200 65 209 233 243 165 209 209 243 164 235 234 168 64 117
643087 39715 7647 3 268 0 8 10118 42888 10159 65410 24947 35693 8275 117 13 138 200 65 209 233 243 165 209 209 243 164 235 234 168
643085 39715 7645 3 268 0 8 10118 42888 10159 65410 24947 35693 8275 168 128 117 13 138 200 65 209 233 243 165 209 209 243 164 235
643084 39715 7644 0 268 0 8 10117 42888 10159 65410 24947 35693 8275 172 168 128 117 13 138 200 65 209 233 243 165 209 209 243 164
643082 39715 7642 0 268 0 8 10117 42888 10159 65410 24947 35693 8275 116 54 172 168 128 117 13 138 200 65 209 233 243 165 209 209
643080 39715 7640 0 268 0 8 10117 42888 10159 65410 24947 35693 8275 59 245 116 54 172 168 128 117 13 138 200 65 209 233 243 165
643079 39715 7639 0 268 0 8 10117 42888 10159 65410 24947 35693 8275 144 59 245 116 54 172 168 128 117 13 138 200 65 209 233 243
643077 39715 7637 0 268 0 8 10117 42888 10159 65410 24947 35693 8275 3 248 144 59 245 116 54 172 168 128 117 13 138 200 65 209
643076 39715 7636 44 268 0 8 10115 42888 10159 65410 24947 35693 8275 173 3 248 144 59 245 116 54 172 168 128 117 13 138 200 65
643074 39715 7634 44 268 0 8 10115 42880 10159 65410 24947 35693 8275 3 250 173 3 248 144 59 245 116 54 172 168 128 117 13 138
643069 39715 7629 44 268 0 8 10115 42784 10159 65410 24947 35693 8275 46 139 191 156 6 3 250 173 3 248 144 59 245 116 54 172
643067 39715 7627 44 268 0 8 10115 42784 10115 65410 24947 35693 8275 3 232 46 139 191 156 6 3 250 173 3 248 144 59 245 116
643065 39715 7625 44 268 0 8 10115 42784 10113 65410 24947 35693 8275 139 238 3 232 46 139 191 156 6 3 250 173 3 248 144 59
643063 39715 7623 44 268 0 8 10115 42784 10113 65410 24947 35693 8275 115 71 139 238 3 232 46 139 191 156 6 3 250 173 3 248
643059 39715 7619 44 268 0 8 10115 42784 10113 65410 24947 35693 8275 129 251 144 1 115 71 139 238 3 232 46 139 191 156 6 3
643057 39715 7617 44 268 0 8 10115 42784 10113 65410 24947 35693 8275 116 79 129 251 144 1 115 71 139 238 3 232 46 139 191 156
643055 39715 7615 44 268 0 8 10115 42784 10113 65410 24947 35693 8275 11 192 116 79 129 251 144 1 115 71 139 238 3 232 46 139
643054 39715 7614 46260 268 0 8 10113 42784 10113 65410 24947 35693 8275 173 11 192 116 79 129 251 144 1 115 71 139 238 3 232 46
643145 39715 7705 46260 268 0 8 10113 42784 10113 65410 24947 35693 8275 117 163 144 195 144 86 83 81 139 52 232 12 0 89 91 94
643140 39715 7700 46260 268 0 8 10113 42784 10113 65410 24947 35693 8275 46 255 14 100 11 117 163 144 195 144 86 83 81 139 52 232
643139 39715 7699 46260 267 0 8 10113 42784 10113 65410 24947 35693 8275 67 46 255 14 100 11 117 163 144 195 144 86 83 81 139 52
643138 39715 7698 46260 266 0 8 10113 42784 10113 65410 24947 35693 8275 67 67 46 255 14 100 11 117 163 144 195 144 86 83 81 139
643082 39715 7642 46260 266 0 8 10113 42784 10113 65410 24947 35693 8275 116 54 172 168 128 117 13 138 200 65 209 233 243 165 209 209
643080 39715 7640 46260 266 0 8 10113 42784 10113 65410 24947 35693 8275 59 245 116 54 172 168 128 117 13 138 200 65 209 233 243 165
643133 39715 7693 46260 266 0 8 10113 42784 10113 65410 24947 35693 8275 235 201 144 3 240 67 67 46 255 14 100 11 117 163 144 195
643131 39715 7691 46260 266 0 8 10113 42784 10113 65410 24947 35693 8275 243 170 235 201 144 3 240 67 67 46 255 14 100 11 117 163
643129 39715 7689 46260 266 0 8 10113 42784 10113 65410 24947 35693 8275 209 209 243 170 235 201 144 3 240 67 67 46 255 14 100 11
643127 39715 7687 46260 266 18 8 10113 42748 10113 65410 24947 35693 8275 243 171 209 209 243 170 235 201 144 3 240 67 67 46 255 14
643125 39715 7685 46260 266 36 8 10113 42748 10113 65410 24947 35693 8275 209 233 243 171 209 209 243 170 235 201 144 3 240 67 67 46
643123 39715 7683 50612 266 36 8 10113 42748 10113 65410 24947 35693 8275 138 224 209 233 243 171 209 209 243 170 235 201 144 3 240 67
643122 39715 7682 50657 266 36 8 10112 42748 10113 65410 24947 35693 8275 172 138 224 209 233 243 171 209 209 243 170 235 201 144 3 240
643119 39715 7679 50657 266 33 8 10112 42748 10113 65410 24947 35693 8275 128 193 3 172 138 224 209 233 243 171 209 209 243 170 235 201
643116 39715 7676 50657 266 225 8 10112 42748 10113 65410 24947 35693 8275 128 225 63 128 193 3 172 138 224 209 233 243 171 209 209 243
643114 39715 7674 50657 266 0 8 10112 42748 10113 65410 24947 35693 8275 138 200 128 225 63 128 193 3 172 138 224 209 233 243 171 209
643104 39715 7664 50657 266 0 8 10112 42748 10113 65410 24947 35693 8275 117 8 37 63 0 64 3 248 235 222 138 200 128 225 63 128
643102 39715 7662 50657 266 0 8 10112 42748 10113 65410 24947 35693 8275 168 64 117 8 37 63 0 64 3 248 235 222 138 200 128 225
643087 39715 7647 50657 266 0 8 10112 42748 10113 65410 24947 35693 8275 117 13 138 200 65 209 233 243 165 209 209 243 164 235 234 168
643085 39715 7645 50657 266 0 8 10112 42748 10113 65410 24947 35693 8275 168 128 117 13 138 200 65 209 233 243 165 209 209 243 164 235
643084 39715 7644 50433 266 0 8 10111 42748 10113 65410 24947 35693 8275 172 168 128 117 13 138 200 65 209 233 243 165 209 209 243 164
643082 39715 7642 50433 266 0 8 10111 42748 10113 65410 24947 35693 8275 116 54 172 168 128 117 13 138 200 65 209 233 243 165 209 209
643080 39715 7640 50433 266 0 8 10111 42748 10113 65410 24947 35693 8275 59 245 116 54 172 168 128 117 13 138 200 65 209 233 243 165
643100 39715 7660 50433 266 0 8 10111 42748 10113 65410 24947 35693 8275 235 234 168 64 117 8 37 63 0 64 3 248 235 222 138 200
643098 39715 7658 50433 266 0 8 10111 42748 10113 65410 24947 35693 8275 243 164 235 234 168 64 117 8 37 63 0 64 3 248 235 222
643096 39715 7656 50433 266 0 8 10111 42748 10113 65410 24947 35693 8275 209 209 243 164 235 234 168 64 117 8 37 63 0 64 3 248
643094 39715 7654 50433 266 1 8 10109 42746 10113 65410 24947 35693 8275 243 165 209 209 243 164 235 234 168 64 117 8 37 63 0 64
643092 39715 7652 50433 266 2 8 10109 42746 10113 65410 24947 35693 8275 209 233 243 165 209 209 243 164 235 234 168 64 117 8 37 63
643091 39715 7651 50433 266 1 8 10109 42746 10113 65410 24947 35693 8275 65 209 233 243 165 209 209 243 164 235 234 168 64 117 8 37
643089 39715 7649 50433 266 0 8 10109 42746 10113 65410 24947 35693 8275 138 200 65 209 233 243 165 209 209 243 164 235 234 168 64 117
643087 39715 7647 50433 266 0 8 10109 42746 10113 65410 24947 35693 8275 117 13 138 200 65 209 233 243 165 209 209 243 164 235 234 168
643085 39715 7645 50433 266 0 8 10109 42746 10113 65410 24947 35693 8275 168 128 117 13 138 200 65 209 233 243 165 209 209 243 164 235
643084 39715 7644 50629 266 0 8 10108 42746 10113 65410 24947 35693 8275 172 168 128 117 13 138 200 65 209 233 243 165 209 209 243 164
643082 39715 7642 50629 266 0 8 10108 42746 10113 65410 24947 35693 8275 116 54 172 168 128 117 13 138 200 65 209 233 243 165 209 209
643080 39715 7640 50629 266 0 8 10108 42746 10113 65410 24947 35693 8275 59 245 116 54 172 168 128 117 13 138 200 65 209 233 243 165
643133 39715 7693 50629 266 0 8 10108 42746 10113 65410 24947 35693 8275 235 201 144 3 240 67 67 46 255 14 100 11 117 163 144 195
643131 39715 7691 50629 266 1 8 10108 42745 10113 65410 24947 35693 8275 243 170 235 201 144 3 240 67 67 46 255 14 100 11 117 163
643129 39715 7689 50629 266 0 8 10108 42745 10113 65410 24947 35693 8275 209 209 243 170 235 201 144 3 240 67 67 46 255 14 100 11
643127 39715 7687 50629 266 23 8 10108 42699 10113 65410 24947 35693 8275 243 171 209 209 243 170 235 201 144 3 240 67 67 46 255 14
643125 39715 7685 50629 266 47 8 10108 42699 10113 65410 24947 35693 8275 209 233 243 171 209 209 243 170 235 201 144 3 240 67 67 46
643123 39715 7683 46277 266 47 8 10108 42699 10113 65410 24947 35693 8275 138 224 209 233 243 171 209 209 243 170 235 201 144 3 240 67
643122 39715 7682 46316 266 47 8 10107 42699 10113 65410 24947 35693 8275 172 138 224 209 233 243 171 209 209 243 170 235 201 144 3 240
643119 39715 7679 46316 266 44 8 10107 42699 10113 65410 24947 35693 8275 128 193 3 172 138 224 209 233 243 171 209 209 243 170 235 201
643116 39715 7676 46316 266 236 8 10107 42699 10113 65410 24947 35693 8275 128 225 63 128 193 3 172 138 224 209 233 243 171 209 209 243
643114 39715 7674 46316 266 0 8 10107 42699 10113 65410 24947 35693 8275 138 200 128 225 63 128 193 3 172 138 224 209 233 243 171 209
643104 39715 7664 46316 266 0 8 10107 42699 10113 65410 24947 35693 8275 117 8 37 63 0 64 3 248 235 222 138 200 128 225 63 128
643102 39715 7662 46316 266 0 8 10107 42699 10113 65410 24947 35693 8275 168 64 117 8 37 63 0 64 3 248 235 222 138 200 128 225
643087 39715 7647 46316 266 0 8 10107 42699 10113 65410 24947 35693 8275 117 13 138 200 65 209 233 243 165 209 209 243 164 235 234 168
643085 39715 7645 46316 266 0 8 10107 42699 10113 65410 24947 35693 8275 168 128 117 13 138 200 65 209 233 243 165 209 209 243 164 235
643084 39715 7644 46081 266 0 8 10106 42699 10113 65410 24947 35693 8275 172 168 128 117 13 138 200 65 209 233 243 165 209 209 243 164
643082 39715 7642 46081 266 0 8 10106 42699 10113 65410 24947 35693 8275 116 54 172 168 128 117 13 138 200 65 209 233 243 165 209 209
643080 39715 7640 46081 266 0 8 10106 42699 10113 65410 24947 35693 8275 59 245 116 54 172 168 128 117 13 138 200 65 209 233 243 165
643100 39715 7660 46081 266 0 8 10106 42699 10113 65410 24947 35693 8275 235 234 168 64 117 8 37 63 0 64 3 248 235 222 138 200
643098 39715 7658 46081 266 0 8 10106 42699 10113 65410 24947 35693 8275 243 164 235 234 168 64 117 8 37 63 0 64 3 248 235 222
643096 39715 7656 46081 266 0 8 10106 42699 10113 65410 24947 35693 8275 209 209 243 164 235 234 168 64 117 8 37 63 0 64 3 248
643094 39715 7654 46081 266 1 8 10104 42697 10113 65410 24947 35693 8275 243 165 209 209 243 164 235 234 168 64 117 8 37 63 0 64
643092 39715 7652 46081 266 2 8 10104 42697 10113 65410 24947 35693 8275 209 233 243 165 209 209 243 164 235 234 168 64 117 8 37 63
643091 39715 7651 46081 266 1 8 10104 42697 10113 65410 24947 35693 8275 65 209 233 243 165 209 209 243 164 235 234 168 64 117 8 37
643089 39715 7649 46081 266 0 8 10104 42697 10113 65410 24947 35693 8275 138 200 65 209 233 243 165 209 209 243 164 235 234 168 64 117
643087 39715 7647 46081 266 0 8 10104 42697 10113 65410 24947 35693 8275 117 13 138 200 65 209 233 243 165 209 209 243 164 235 234 168
643085 39715 7645 46081 266 0 8 10104 42697 10113 65410 24947 35693 8275 168 128 117 13 138 200 65 209 233 243 165 209 209 243 164 235
643084 39715 7644 46260 266 0 8 10103 42697 10113 65410 24947 35693 8275 172 168 128 117 13 138 200 65 209 233 243 165 209 209 243 164
643082 39715 7642 46260 266 0 8 10103 42697 10113 65410 24947 35693 8275 116 54 172 168 128 117 13 138 200 65 209 233 243 165 209 209
643080 39715 7640 46260 266 0 8 10103 42697 10113 65410 24947 35693 8275 59 245 116 54 172 168 128 117 13 138 200 65 209 233 243 165
643133 39715 7693 46260 266 0 8 10103 42697 10113 65410 24947 35693 8275 235 201 144 3 240 67 67 46 255 14 100 11 117 163 144 195
643131 39715 7691 46260 266 1 8 10103 42696 10113 65410 24947 35693 8275 243 170 235 201 144 3 240 67 67 46 255 14 100 11 117 163
643129 39715 7689 46260 266 0 8 10103 42696 10113 65410 24947 35693 8275 209 209 243 170 235 201 144 3 240 67 67 46 255 14 100 11
643127 39715 7687 46260 266 10 8 10103 42676 10113 65410 24947 35693 8275 243 171 209 209 243 170 235 201 144 3 240 67 67 46 255 14
643125 39715 7685 46260 266 21 8 10103 42676 10113 65410 24947 35693 8275 209 233 243 171 209 209 243 170 235 201 144 3 240 67 67 46
643123 39715 7683 46260 266 21 8 10103 42676 10113 65410 24947 35693 8275 138 224 209 233 243 171 209 209 243 170 235 201 144 3 240 67
643122 39715 7682 46290 266 21 8 10102 42676 10113 65410 24947 35693 8275 172 138 224 209 233 243 171 209 209 243 170 235 201 144 3 240
643119 39715 7679 46290 266 18 8 10102 42676 10113 65410 24947 35693 8275 128 193 3 172 138 224 209 233 243 171 209 209 243 170 235 201
643116 39715 7676 46290 266 210 8 10102 42676 10113 65410 24947 35693 8275 128 225 63 128 193 3 172 138 224 209 233 243 171 209 209 243
643114 39715 7674 46290 266 0 8 10102 42676 10113 65410 24947 35693 8275 138 200 128 225 63 128 193 3 172 138 224 209 233 243 171 209
643104 39715 7664 46290 266 0 8 10102 42676 10113 65410 24947 35693 8275 117 8 37 63 0 64 3 248 235 222 138 200 128 225 63 128
643102 39715 7662 46290 266 0 8 10102 42676 10113 65410 24947 35693 8275 168 64 117 8 37 63 0 64 3 248 235 222 138 200 128 225
643087 39715 7647 46290 266 0 8 10102 42676 10113 65410 24947 35693 8275 117 13 138 200 65 209 233 243 165 209 209 243 164 235 234 168
643085 39715 7645 46290 266 0 8 10102 42676 10113 65410 24947 35693 8275 168 128 117 13 138 200 65 209 233 243 165 209 209 243 164 235
643084 39715 7644 46081 266 0 8 10101 42676 10113 65410 24947 35693 8275 172 168 128 117 13 138 200 65 209 233 243 165 209 209 243 164
643082 39715 7642 46081 266 0 8 10101 42676 10113 65410 24947 35693 8275 116 54 172 168 128 117 13 138 200 65 209 233 243 165 209 209
643080 39715 7640 46081 266 0 8 10101 42676 10113 65410 24947 35693 8275 59 245 116 54 172 168 128 117 13 138 200 65 209 233 243 165
643100 39715 7660 46081 266 0 8 10101 42676 10113 65410 24947 35693 8275 235 234 168 64 117 8 37 63 0 64 3 248 235 222 138 200
643098 39715 7658 46081 266 0 8 10101 42676 10113 65410 24947 35693 8275 243 164 235 234 168 64 117 8 37 63 0 64 3 248 235 222
643096 39715 7656 46081 266 0 8 10101 42676 10113 65410 24947 35693 8275 209 209 243 164 235 234 168 64 117 8 37 63 0 64 3 248
643094 39715 7654 46081 266 1 8 10099 42674 10113 65410 24947 35693 8275 243 165 209 209 243 164 235 234 168 64 117 8 37 63 0 64
643092 39715 7652 46081 266 2 8 10099 42674 10113 65410 24947 35693 8275 209 233 243 165 209 209 243 164 235 234 168 64 117 8 37 63
643091 39715 7651 46081 266 1 8 10099 42674 10113 65410 24947 35693 8275 65 209 233 243 165 209 209 243 164 235 234 168 64 117 8 37
643089 39715 7649 46081 266 0 8 10099 42674 10113 65410 24947 35693 8275 138 200 65 209 233 243 165 209 209 243 164 235 234 168 64 117
643087 39715 7647 46081 266 0 8 10099 42674 10113 65410 24947 35693 8275 117 13 138 200 65 209 233 243 165 209 209 243 164 235 234 168
643085 39715 7645 46081 266 0 8 10099 42674 10113 65410 24947 35693 8275 168 128 117 13 138 200 65 209 233 243 165 209 209 243 164 235
643084 39715 7644 46260 266 0 8 10098 42674 10113 65410 24947 35693 8275 172 168 128 117 13 138 200 65 209 233 243 165 209 209 243 164
643082 39715 7642 46260 266 0 8 10098 42674 10113 65410 24947 35693 8275 116 54 172 168 128 117 13 138 200 65 209 233 243 165 209 209
643080 39715 7640 46260 266 0 8 10098 42674 10113 65410 24947 35693 8275 59 245 116 54 172 168 128 117 13 138 200 65 209 233 243 165
643133 39715 7693 46260 266 0 8 10098 42674 10113 65410 24947 35693 8275 235 201 144 3 240 67 67 46 255 14 100 11 117 163 144 195
643131 39715 7691 46260 266 1 8 10098 42673 10113 65410 24947 35693 8275 243 170 235 201 144 3 240 67 67 46 255 14 100 11 117 163
643129 39715 7689 46260 266 0 8 10098 42673 10113 65410 24947 35693 8275 209 209 243 170 235 201 144 3 240 67 67 46 255 14 100 11
643127 39715 7687 46260 266 21 8 10098 42631 10113 65410 24947 35693 8275 243 171 209 209 243 170 235 201 144 3 240 67 67 46 255 14
643125 39715 7685 46260 266 43 8 10098 42631 10113 65410 24947 35693 8275 209 233 243 171 209 209 243 170 235 201 144 3 240 67 67 46
643123 39715 7683 46260 266 43 8 10098 42631 10113 65410 24947 35693 8275 138 224 209 233 243 171 209 209 243 170 235 201 144 3 240 67
643122 39715 7682 46312 266 43 8 10097 42631 10113 65410 24947 35693 8275 172 138 224 209 233 243 171 209 209 243 170 235 201 144 3 240
643119 39715 7679 46312 266 40 8 10097 42631 10113 65410 24947 35693 8275 128 193 3 172 138 224 209 233 243 171 209 209 243 170 235 201
643116 39715 7676 46312 266 232 8 10097 42631 10113 65410 24947 35693 8275 128 225 63 128 193 3 172 138 224 209 233 243 171 209 209 243
643114 39715 7674 46312 266 0 8 10097 42631 10113 65410 24947 35693 8275 138 200 128 225 63 128 193 3 172 138 224 209 233 243 171 209
643104 39715 7664 46312 266 0 8 10097 42631 10113 65410 24947 35693 8275 117 8 37 63 0 64 3 248 235 222 138 200 128 225 63 128
643102 39715 7662 46312 266 0 8 10097 42631 10113 65410 24947 35693 8275 168 64 117 8 37 63 0 64 3 248 235 222 138 200 128 225
643087 39715 7647 46312 266 0 8 10097 42631 10113 65410 24947 35693 8275 117 13 138 200 65 209 233 243 165 209 209 243 164 235 234 168
643085 39715 7645 46312 266 0 8 10097 42631 10113 65410 24947 35693 8275 168 128 117 13 138 200 65 209 233 243 165 209 209 243 164 235
643084 39715 7644 46081 266 0 8 10096 42631 10113 65410 24947 35693 8275 172 168 128 117 13 138 200 65 209 233 243 165 209 209 243 164
643082 39715 7642 46081 266 0 8 10096 42631 10113 65410 24947 35693 8275 116 54 172 168 128 117 13 138 200 65 209 233 243 165 209 209
643080 39715 7640 46081 266 0 8 10096 42631 10113 65410 24947 35693 8275 59 245 116 54 172 168 128 117 13 138 200 65 209 233 243 165
643100 39715 7660 46081 266 0 8 10096 42631 10113 65410 24947 35693 8275 235 234 168 64 117 8 37 63 0 64 3 248 235 222 138 200
643098 39715 7658 46081 266 0 8 10096 42631 10113 65410 24947 35693 8275 243 164 235 234 168 64 117 8 37 63 0 64 3 248 235 222
643096 39715 7656 46081 266 0 8 10096 42631 10113 65410 24947 35693 8275 209 209 243 164 235 234 168 64 117 8 37 63 0 64 3 248
643094 39715 7654 46081 266 1 8 10094 42629 10113 65410 24947 35693 8275 243 165 209 209 243 164 235 234 168 64 117 8 37 63 0 64
643092 39715 7652 46081 266 2 8 10094 42629 10113 65410 24947 35693 8275 209 233 243 165 209 209 243 164 235 234 168 64 117 8 37 63
643091 39715 7651 46081 266 1 8 10094 42629 10113 65410 24947 35693 8275 65 209 233 243 165 209 209 243 164 235 234 168 64 117 8 37
643089 39715 7649 46081 266 0 8 10094 42629 10113 65410 24947 35693 8275 138 200 65 209 233 243 165 209 209 243 164 235 234 168 64 117
643087 39715 7647 46081 266 0 8 10094 42629 10113 65410 24947 35693 8275 117 13 138 200 65 209 233 243 165 209 209 243 164 235 234 168
643085 39715 7645 46081 266 0 8 10094 42629 10113 65410 24947 35693 8275 168 128 117 13 138 200 65 209 233 243 165 209 209 243 164 235
643084 39715 7644 46260 266 0 8 10093 42629 10113 65410 24947 35693 8275 172 168 128 117 13 138 200 65 209 233 243 165 209 209 243 164
643082 39715 7642 46260 266 0 8 10093 42629 10113 65410 24947 35693 8275 116 54 172 168 128 117 13 138 200 65 209 233 243 165 209 209
643080 39715 7640 46260 266 0 8 10093 42629 10113 65410 24947 35693 8275 59 245 116 54 172 168 128 117 13 138 200 65 209 233 243 165
643133 39715 7693 46260 266 0 8 10093 42629 10113 65410 24947 35693 8275 235 201 144 3 240 67 67 46 255 14 100 11 117 163 144 195
643131 39715 7691 46260 266 1 8 10093 42628 10113 65410 24947 35693 8275 243 170 235 201 144 3 240 67 67 46 255 14 100 11 117 163
643129 39715 7689 46260 266 0 8 10093 42628 10113 65410 24947 35693 8275 209 209 243 170 235 201 144 3 240 67 67 46 255 14 100 11
643127 39715 7687 46260 266 11 8 10093 42606 10113 65410 24947 35693 8275 243 171 209 209 243 170 235 201 144 3 240 67 67 46 255 14
643125 39715 7685 46260 266 23 8 10093 42606 10113 65410 24947 35693 8275 209 233 243 171 209 209 243 170 235 201 144 3 240 67 67 46
643123 39715 7683 46260 266 23 8 10093 42606 10113 65410 24947 35693 8275 138 224 209 233 243 171 209 209 243 170 235 201 144 3 240 67
643122 39715 7682 46292 266 23 8 10092 42606 10113 65410 24947 35693 8275 172 138 224 209 233 243 171 209 209 243 170 235 201 144 3 240
643119 39715 7679 46292 266 20 8 10092 42606 10113 65410 24947 35693 8275 128 193 3 172 138 224 209 233 243 171 209 209 243 170 235 201
643116 39715 7676 46292 266 212 8 10092 42606 10113 65410 24947 35693 8275 128 225 63 128 193 3 172 138 224 209 233 243 171 209 209 243
643114 39715 7674 46292 266 0 8 10092 42606 10113 65410 24947 35693 8275 138 200 128 225 63 128 193 3 172 138 224 209 233 243 171 209
643104 39715 7664 46292 266 0 8 10092 42606 10113 65410 24947 35693 8275 117 8 37 63 0 64 3 248 235 222 138 200 128 225 63 128
643102 39715 7662 46292 266 0 8 10092 42606 10113 65410 24947 35693 8275 168 64 117 8 37 63 0 64 3 248 235 222 138 200 128 225
643087 39715 7647 46292 266 0 8 10092 42606 10113 65410 24947 35693 8275 117 13 138 200 65 209 233 243 165 209 209 243 164 235 234 168
643085 39715 7645 46292 266 0 8 10092 42606 10113 65410 24947 35693 8275 168 128 117 13 138 200 65 209 233 243 165 209 209 243 164 235
643084 39715 7644 46082 266 0 8 10091 42606 10113 65410 24947 35693 8275 172 168 128 117 13 138 200 65 209 233 243 165 209 209 243 164
643082 39715 7642 46082 266 0 8 10091 42606 10113 65410 24947 35693 8275 116 54 172 168 128 117 13 138 200 65 209 233 243 165 209 209
643080 39715 7640 46082 266 0 8 10091 42606 10113 65410 24947 35693 8275 59 245 116 54 172 168 128 117 13 138 200 65 209 233 243 165
643100 39715 7660 46082 266 0 8 10091 42606 10113 65410 24947 35693 8275 235 234 168 64 117 8 37 63 0 64 3 248 235 222 138 200
643098 39715 7658 46082 266 1 8 10090 42605 10113 65410 24947 35693 8275 243 164 235 234 168 64 117 8 37 63 0 64 3 248 235 222
643096 39715 7656 46082 266 0 8 10090 42605 10113 65410 24947 35693 8275 209 209 243 164 235 234 168 64 117 8 37 63 0 64 3 248
643094 39715 7654 46082 266 1 8 10088 42603 10113 65410 24947 35693 8275 243 165 209 209 243 164 235 234 168 64 117 8 37 63 0 64
643092 39715 7652 46082 266 3 8 10088 42603 10113 65410 24947 35693 8275 209 233 243 165 209 209 243 164 235 234 168 64 117 8 37 63
643091 39715 7651 46082 266 2 8 10088 42603 10113 65410 24947 35693 8275 65 209 233 243 165 209 209 243 164 235 234 168 64 117 8 37
643089 39715 7649 46082 266 0 8 10088 42603 10113 65410 24947 35693 8275 138 200 65 209 233 243 165 209 209 243 164 235 234 168 64 117
643087 39715 7647 46082 266 0 8 10088 42603 10113 65410 24947 35693 8275 117 13 138 200 65 209 233 243 165 209 209 243 164 235 234 168
643085 39715 7645 46082 266 0 8 10088 42603 10113 65410 24947 35693 8275 168 128 117 13 138 200 65 209 233 243 165 209 209 243 164 235
643084 39715 7644 46260 266 0 8 10087 42603 10113 65410 24947 35693 8275 172 168 128 117 13 138 200 65 209 233 243 165 209 209 243 164
643082 39715 7642 46260 266 0 8 10087 42603 10113 65410 24947 35693 8275 116 54 172 168 128 117 13 138 200 65 209 233 243 165 209 209
643080 39715 7640 46260 266 0 8 10087 42603 10113 65410 24947 35693 8275 59 245 116 54 172 168 128 117 13 138 200 65 209 233 243 165
643133 39715 7693 46260 266 0 8 10087 42603 10113 65410 24947 35693 8275 235 201 144 3 240 67 67 46 255 14 100 11 117 163 144 195
643131 39715 7691 46260 266 0 8 10087 42603 10113 65410 24947 35693 8275 243 170 235 201 144 3 240 67 67 46 255 14 100 11 117 163
643129 39715 7689 46260 266 0 8 10087 42603 10113 65410 24947 35693 8275 209 209 243 170 235 201 144 3 240 67 67 46 255 14 100 11
643127 39715 7687 46260 266 5 8 10087 42593 10113 65410 24947 35693 8275 243 171 209 209 243 170 235 201 144 3 240 67 67 46 255 14
643125 39715 7685 46260 266 10 8 10087 42593 10113 65410 24947 35693 8275 209 233 243 171 209 209 243 170 235 201 144 3 240 67 67 46
643123 39715 7683 46004 266 10 8 10087 42593 10113 65410 24947 35693 8275 138 224 209 233 243 171 209 209 243 170 235 201 144 3 240 67
643122 39715 7682 46023 266 10 8 10086 42593 10113 65410 24947 35693 8275 172 138 224 209 233 243 171 209 209 243 170 235 201 144 3 240
643119 39715 7679 46023 266 7 8 10086 42593 10113 65410 24947 35693 8275 128 193 3 172 138 224 209 233 243 171 209 209 243 170 235 201
643116 39715 7676 46023 266 199 8 10086 42593 10113 65410 24947 35693 8275 128 225 63 128 193 3 172 138 224 209 233 243 171 209 209 243
643114 39715 7674 46023 266 0 8 10086 42593 10113 65410 24947 35693 8275 138 200 128 225 63 128 193 3 172 138 224 209 233 243 171 209
643104 39715 7664 46023 266 0 8 10086 42593 10113 65410 24947 35693 8275 117 8 37 63 0 64 3 248 235 222 138 200 128 225 63 128
643102 39715 7662 46023 266 0 8 10086 42593 10113 65410 24947 35693 8275 168 64 117 8 37 63 0 64 3 248 235 222 138 200 128 225
643087 39715 7647 46023 266 0 8 10086 42593 10113 65410 24947 35693 8275 117 13 138 200 65 209 233 243 165 209 209 243 164 235 234 168
643085 39715 7645 46023 266 0 8 10086 42593 10113 65410 24947 35693 8275 168 128 117 13 138 200 65 209 233 243 165 209 209 243 164 235
643084 39715 7644 46003 266 0 8 10085 42593 10113 65410 24947 35693 8275 172 168 128 117 13 138 200 65 209 233 243 165 209 209 243 164
643082 39715 7642 46003 266 0 8 10085 42593 10113 65410 24947 35693 8275 116 54 172 168 128 117 13 138 200 65 209 233 243 165 209 209
643080 39715 7640 46003 266 0 8 10085 42593 10113 65410 24947 35693 8275 59 245 116 54 172 168 128 117 13 138 200 65 209 233 243 165
643133 39715 7693 46003 266 0 8 10085 42593 10113 65410 24947 35693 8275 235 201 144 3 240 67 67 46 255 14 100 11 117 163 144 195
643131 39715 7691 46003 266 1 8 10085 42592 10113 65410 24947 35693 8275 243 170 235 201 144 3 240 67 67 46 255 14 100 11 117 163
643129 39715 7689 46003 266 0 8 10085 42592 10113 65410 24947 35693 8275 209 209 243 170 235 201 144 3 240 67 67 46 255 14 100 11
643127 39715 7687 46003 266 1 8 10085 42590 10113 65410 24947 35693 8275 243 171 209 209 243 170 235 201 144 3 240 67 67 46 255 14
643125 39715 7685 46003 266 3 8 10085 42590 10113 65410 24947 35693 8275 209 233 243 171 209 209 243 170 235 201 144 3 240 67 67 46
643123 39715 7683 46259 266 3 8 10085 42590 10113 65410 24947 35693 8275 138 224 209 233 243 171 209 209 243 170 235 201 144 3 240 67
643122 39715 7682 46272 266 3 8 10084 42590 10113 65410 24947 35693 8275 172 138 224 209 233 243 171 209 209 243 170 235 201 144 3 240
643119 39715 7679 46272 266 0 8 10084 42590 10113 65410 24947 35693 8275 128 193 3 172 138 224 209 233 243 171 209 209 243 170 235 201
643116 39715 7676 46272 266 192 8 10084 42590 10113 65410 24947 35693 8275 128 225 63 128 193 3 172 138 224 209 233 243 171 209 209 243
643114 39715 7674 46272 266 0 8 10084 42590 10113 65410 24947 35693 8275 138 200 128 225 63 128 193 3 172 138 224 209 233 243 171 209
643104 39715 7664 46272 266 0 8 10084 42590 10113 65410 24947 35693 8275 117 8 37 63 0 64 3 248 235 222 138 200 128 225 63 128
643102 39715 7662 46272 266 0 8 10084 42590 10113 65410 24947 35693 8275 168 64 117 8 37 63 0 64 3 248 235 222 138 200 128 225
643087 39715 7647 46272 266 0 8 10084 42590 10113 65410 24947 35693 8275 117 13 138 200 65 209 233 243 165 209 209 243 164 235 234 168
643085 39715 7645 46272 266 0 8 10084 42590 10113 65410 24947 35693 8275 168 128 117 13 138 200 65 209 233 243 165 209 209 243 164 235
643084 39715 7644 46260 266 0 8 10083 42590 10113 65410 24947 35693 8275 172 168 128 117 13 138 200 65 209 233 243 165 209 209 243 164
643082 39715 7642 46260 266 0 8 10083 42590 10113 65410 24947 35693 8275 116 54 172 168 128 117 13 138 200 65 209 233 243 165 209 209
643080 39715 7640 46260 266 0 8 10083 42590 10113 65410 24947 35693 8275 59 245 116 54 172 168 128 117 13 138 200 65 209 233 243 165
643133 39715 7693 46260 266 0 8 10083 42590 10113 65410 24947 35693 8275 235 201 144 3 240 67 67 46 255 14 100 11 117 163 144 195
643131 39715 7691 46260 266 0 8 10083 42590 10113 65410 24947 35693 8275 243 170 235 201 144 3 240 67 67 46 255 14 100 11 117 163
643129 39715 7689 46260 266 0 8 10083 42590 10113 65410 24947 35693 8275 209 209 243 170 235 201 144 3 240 67 67 46 255 14 100 11
643127 39715 7687 46260 266 2 8 10083 42586 10113 65410 24947 35693 8275 243 171 209 209 243 170 235 201 144 3 240 67 67 46 255 14
643125 39715 7685 46260 266 4 8 10083 42586 10113 65410 24947 35693 8275 209 233 243 171 209 209 243 170 235 201 144 3 240 67 67 46
643123 39715 7683 46004 266 4 8 10083 42586 10113 65410 24947 35693 8275 138 224 209 233 243 171 209 209 243 170 235 201 144 3 240 67
643122 39715 7682 46017 266 4 8 10082 42586 10113 65410 24947 35693 8275 172 138 224 209 233 243 171 209 209 243 170 235 201 144 3 240
643119 39715 7679 46017 266 1 8 10082 42586 10113 65410 24947 35693 8275 128 193 3 172 138 224 209 233 243 171 209 209 243 170 235 201
643116 39715 7676 46017 266 193 8 10082 42586 10113 65410 24947 35693 8275 128 225 63 128 193 3 172 138 224 209 233 243 171 209 209 243
643114 39715 7674 46017 266 0 8 10082 42586 10113 65410 24947 35693 8275 138 200 128 225 63 128 193 3 172 138 224 209 233 243 171 209
643104 39715 7664 46017 266 0 8 10082 42586 10113 65410 24947 35693 8275 117 8 37 63 0 64 3 248 235 222 138 200 128 225 63 128
643102 39715 7662 46017 266 0 8 10082 42586 10113 65410 24947 35693 8275 168 64 117 8 37 63 0 64 3 248 235 222 138 200 128 225
643087 39715 7647 46017 266 0 8 10082 42586 10113 65410 24947 35693 8275 117 13 138 200 65 209 233 243 165 209 209 243 164 235 234 168
643085 39715 7645 46017 266 0 8 10082 42586 10113 65410 24947 35693 8275 168 128 117 13 138 200 65 209 233 243 165 209 209 243 164 235
643084 39715 7644 46003 266 0 8 10081 42586 10113 65410 24947 35693 8275 172 168 128 117 13 138 200 65 209 233 243 165 209 209 243 164
643082 39715 7642 46003 266 0 8 10081 42586 10113 65410 24947 35693 8275 116 54 172 168 128 117 13 138 200 65 209 233 243 165 209 209
643080 39715 7640 46003 266 0 8 10081 42586 10113 65410 24947 35693 8275 59 245 116 54 172 168 128 117 13 138 200 65 209 233 243 165
643133 39715 7693 46003 266 0 8 10081 42586 10113 65410 24947 35693 8275 235 201 144 3 240 67 67 46 255 14 100 11 117 163 144 195
643131 39715 7691 46003 266 1 8 10081 42585 10113 65410 24947 35693 8275 243 170 235 201 144 3 240 67 67 46 255 14 100 11 117 163
643129 39715 7689 46003 266 0 8 10081 42585 10113 65410 24947 35693 8275 209 209 243 170 235 201 144 3 240 67 67 46 255 14 100 11
643127 39715 7687 46003 266 1 8 10081 42583 10113 65410 24947 35693 8275 243 171 209 209 243 170 235 201 144 3 240 67 67 46 255 14
643125 39715 7685 46003 266 3 8 10081 42583 10113 65410 24947 35693 8275 209 233 243 171 209 209 243 170 235 201 144 3 240 67 67 46
643123 39715 7683 46003 266 3 8 10081 42583 10113 65410 24947 35693 8275 138 224 209 233 243 171 209 209 243 170 235 201 144 3 240 67
643122 39715 7682 46016 266 3 8 10080 42583 10113 65410 24947 35693 8275 172 138 224 209 233 243 171 209 209 243 170 235 201 144 3 240
643119 39715 7679 46016 266 0 8 10080 42583 10113 65410 24947 35693 8275 128 193 3 172 138 224 209 233 243 171 209 209 243 170 235 201
643116 39715 7676 46016 266 192 8 10080 42583 10113 65410 24947 35693 8275 128 225 63 128 193 3 172 138 224 209 233 243 171 209 209 243
643114 39715 7674 46016 266 0 8 10080 42583 10113 65410 24947 35693 8275 138 200 128 225 63 128 193 3 172 138 224 209 233 243 171 209
643104 39715 7664 46016 266 0 8 10080 42583 10113 65410 24947 35693 8275 117 8 37 63 0 64 3 248 235 222 138 200 128 225 63 128
643102 39715 7662 46016 266 0 8 10080 42583 10113 65410 24947 35693 8275 168 64 117 8 37 63 0 64 3 248 235 222 138 200 128 225
643087 39715 7647 46016 266 0 8 10080 42583 10113 65410 24947 35693 8275 117 13 138 200 65 209 233 243 165 209 209 243 164 235 234 168
643085 39715 7645 46016 266 0 8 10080 42583 10113 65410 24947 35693 8275 168 128 117 13 138 200 65 209 233 243 165 209 209 243 164 235
643084 39715 7644 45824 266 0 8 10079 42583 10113 65410 24947 35693 8275 172 168 128 117 13 138 200 65 209 233 243 165 209 209 243 164
643082 39715 7642 45824 266 0 8 10079 42583 10113 65410 24947 35693 8275 116 54 172 168 128 117 13 138 200 65 209 233 243 165 209 209
643080 39715 7640 45824 266 0 8 10079 42583 10113 65410 24947 35693 8275 59 245 116 54 172 168 128 117 13 138 200 65 209 233 243 165
643100 39715 7660 45824 266 0 8 10079 42583 10113 65410 24947 35693 8275 235 234 168 64 117 8 37 63 0 64 3 248 235 222 138 200
643098 39715 7658 45824 266 1 8 10078 42582 10113 65410 24947 35693 8275 243 164 235 234 168 64 117 8 37 63 0 64 3 248 235 222
643096 39715 7656 45824 266 0 8 10078 42582 10113 65410 24947 35693 8275 209 209 243 164 235 234 168 64 117 8 37 63 0 64 3 248
643094 39715 7654 45824 266 0 8 10078 42582 10113 65410 24947 35693 8275 243 165 209 209 243 164 235 234 168 64 117 8 37 63 0 64
643092 39715 7652 45824 266 1 8 10078 42582 10113 65410 24947 35693 8275 209 233 243 165 209 209 243 164 235 234 168 64 117 8 37 63
643091 39715 7651 45824 266 0 8 10078 42582 10113 65410 24947 35693 8275 65 209 233 243 165 209 209 243 164 235 234 168 64 117 8 37
643089 39715 7649 45824 266 0 8 10078 42582 10113 65410 24947 35693 8275 138 200 65 209 233 243 165 209 209 243 164 235 234 168 64 117
643087 39715 7647 45824 266 0 8 10078 42582 10113 65410 24947 35693 8275 117 13 138 200 65 209 233 243 165 209 209 243 164 235 234 168
643085 39715 7645 45824 266 0 8 10078 42582 10113 65410 24947 35693 8275 168 128 117 13 138 200 65 209 233 243 165 209 209 243 164 235
643084 39715 7644 46003 266 0 8 10077 42582 10113 65410 24947 35693 8275 172 168 128 117 13 138 200 65 209 233 243 165 209 209 243 164
643082 39715 7642 46003 266 0 8 10077 42582 10113 65410 24947 35693 8275 116 54 172 168 128 117 13 138 200 65 209 233 243 165 209 209
643080 39715 7640 46003 266 0 8 10077 42582 10113 65410 24947 35693 8275 59 245 116 54 172 168 128 117 13 138 200 65 209 233 243 165
643133 39715 7693 46003 266 0 8 10077 42582 10113 65410 24947 35693 8275 235 201 144 3 240 67 67 46 255 14 100 11 117 163 144 195
643131 39715 7691 46003 266 0 8 10077 42582 10113 65410 24947 35693 8275 243 170 235 201 144 3 240 67 67 46 255 14 100 11 117 163
643129 39715 7689 46003 266 0 8 10077 42582 10113 65410 24947 35693 8275 209 209 243 170 235 201 144 3 240 67 67 46 255 14 100 11
643127 39715 7687 46003 266 2 8 10077 42578 10113 65410 24947 35693 8275 243 171 209 209 243 170 235 201 144 3 240 67 67 46 255 14
643125 39715 7685 46003 266 4 8 10077 42578 10113 65410 24947 35693 8275 209 233 243 171 209 209 243 170 235 201 144 3 240 67 67 46
643123 39715 7683 46259 266 4 8 10077 42578 10113 65410 24947 35693 8275 138 224 209 233 243 171 209 209 243 170 235 201 144 3 240 67
643122 39715 7682 46273 266 4 8 10076 42578 10113 65410 24947 35693 8275 172 138 224 209 233 243 171 209 209 243 170 235 201 144 3 240
643119 39715 7679 46273 266 1 8 10076 42578 10113 65410 24947 35693 8275 128 193 3 172 138 224 209 233 243 171 209 209 243 170 235 201
643116 39715 7676 46273 266 193 8 10076 42578 10113 65410 24947 35693 8275 128 225 63 128 193 3 172 138 224 209 233 243 171 209 209 243
643114 39715 7674 46273 266 0 8 10076 42578 10113 65410 24947 35693 8275 138 200 128 225 63 128 193 3 172 138 224 209 233 243 171 209
643104 39715 7664 46273 266 0 8 10076 42578 10113 65410 24947 35693 8275 117 8 37 63 0 64 3 248 235 222 138 200 128 225 63 128
643102 39715 7662 46273 266 0 8 10076 42578 10113 65410 24947 35693 8275 168 64 117 8 37 63 0 64 3 248 235 222 138 200 128 225
643087 39715 7647 46273 266 0 8 10076 42578 10113 65410 24947 35693 8275 117 13 138 200 65 209 233 243 165 209 209 243 164 235 234 168
643085 39715 7645 46273 266 0 8 10076 42578 10113 65410 24947 35693 8275 168 128 117 13 138 200 65 209 233 243 165 209 209 243 164 235
643084 39715 7644 46260 266 0 8 10075 42578 10113 65410 24947 35693 8275 172 168 128 117 13 138 200 65 209 233 243 165 209 209 243 164
643082 39715 7642 46260 266 0 8 10075 42578 10113 65410 24947 35693 8275 116 54 172 168 128 117 13 138 200 65 209 233 243 165 209 209
643080 39715 7640 46260 266 0 8 10075 42578 10113 65410 24947 35693 8275 59 245 116 54 172 168 128 117 13 138 200 65 209 233 243 165
643133 39715 7693 46260 266 0 8 10075 42578 10113 65410 24947 35693 8275 235 201 144 3 240 67 67 46 255 14 100 11 117 163 144 195
643131 39715 7691 46260 266 0 8 10075 42578 10113 65410 24947 35693 8275 243 170 235 201 144 3 240 67 67 46 255 14 100 11 117 163
643129 39715 7689 46260 266 0 8 10075 42578 10113 65410 24947 35693 8275 209 209 243 170 235 201 144 3 240 67 67 46 255 14 100 11
643127 39715 7687 46260 266 2 8 10075 42574 10113 65410 24947 35693 8275 243 171 209 209 243 170 235 201 144 3 240 67 67 46 255 14
643125 39715 7685 46260 266 4 8 10075 42574 10113 65410 24947 35693 8275 209 233 243 171 209 209 243 170 235 201 144 3 240 67 67 46
643123 39715 7683 180 266 4 8 10075 42574 10113 65410 24947 35693 8275 138 224 209 233 243 171 209 209 243 170 235 201 144 3 240 67
643122 39715 7682 193 266 4 8 10074 42574 10113 65410 24947 35693 8275 172 138 224 209 233 243 171 209 209 243 170 235 201 144 3 240
643119 39715 7679 193 266 1 8 10074 42574 10113 65410 24947 35693 8275 128 193 3 172 138 224 209 233 243 171 209 209 243 170 235 201
643116 39715 7676 193 266 193 8 10074 42574 10113 65410 24947 35693 8275 128 225 63 128 193 3 172 138 224 209 233 243 171 209 209 243
643114 39715 7674 193 266 0 8 10074 42574 10113 65410 24947 35693 8275 138 200 128 225 63 128 193 3 172 138 224 209 233 243 171 209
643104 39715 7664 193 266 0 8 10074 42574 10113 65410 24947 35693 8275 117 8 37 63 0 64 3 248 235 222 138 200 128 225 63 128
643102 39715 7662 193 266 0 8 10074 42574 10113 65410 24947 35693 8275 168 64 117 8 37 63 0 64 3 248 235 222 138 200 128 225
643087 39715 7647 193 266 0 8 10074 42574 10113 65410 24947 35693 8275 117 13 138 200 65 209 233 243 165 209 209 243 164 235 234 168
643085 39715 7645 193 266 0 8 10074 42574 10113 65410 24947 35693 8275 168 128 117 13 138 200 65 209 233 243 165 209 209 243 164 235
643084 39715 7644 5 266 0 8 10073 42574 10113 65410 24947 35693 8275 172 168 128 117 13 138 200 65 209 233 243 165 209 209 243 164
643082 39715 7642 5 266 0 8 10073 42574 10113 65410 24947 35693 8275 116 54 172 168 128 117 13 138 200 65 209 233 243 165 209 209
643080 39715 7640 5 266 0 8 10073 42574 10113 65410 24947 35693 8275 59 245 116 54 172 168 128 117 13 138 200 65 209 233 243 165
643100 39715 7660 5 266 0 8 10073 42574 10113 65410 24947 35693 8275 235 234 168 64 117 8 37 63 0 64 3 248 235 222 138 200
643098 39715 7658 5 266 0 8 10073 42574 10113 65410 24947 35693 8275 243 164 235 234 168 64 117 8 37 63 0 64 3 248 235 222
643096 39715 7656 5 266 0 8 10073 42574 10113 65410 24947 35693 8275 209 209 243 164 235 234 168 64 117 8 37 63 0 64 3 248
643094 39715 7654 5 266 3 8 10067 42568 10113 65410 24947 35693 8275 243 165 209 209 243 164 235 234 168 64 117 8 37 63 0 64
643092 39715 7652 5 266 6 8 10067 42568 10113 65410 24947 35693 8275 209 233 243 165 209 209 243 164 235 234 168 64 117 8 37 63
643091 39715 7651 5 266 5 8 10067 42568 10113 65410 24947 35693 8275 65 209 233 243 165 209 209 243 164 235 234 168 64 117 8 37
643089 39715 7649 5 266 0 8 10067 42568 10113 65410 24947 35693 8275 138 200 65 209 233 243 165 209 209 243 164 235 234 168 64 117
643087 39715 7647 5 266 0 8 10067 42568 10113 65410 24947 35693 8275 117 13 138 200 65 209 233 243 165 209 209 243 164 235 234 168
643085 39715 7645 5 266 0 8 10067 42568 10113 65410 24947 35693 8275 168 128 117 13 138 200 65 209 233 243 165 209 209 243 164 235
643084 39715 7644 0 266 0 8 10066 42568 10113 65410 24947 35693 8275 172 168 128 117 13 138 200 65 209 233 243 165 209 209 243 164
643082 39715 7642 0 266 0 8 10066 42568 10113 65410 24947 35693 8275 116 54 172 168 128 117 13 138 200 65 209 233 243 165 209 209
643080 39715 7640 0 266 0 8 10066 42568 10113 65410 24947 35693 8275 59 245 116 54 172 168 128 117 13 138 200 65 209 233 243 165
643079 39715 7639 0 266 0 8 10066 42568 10113 65410 24947 35693 8275 144 59 245 116 54 172 168 128 117 13 138 200 65 209 233 243
643077 39715 7637 0 266 0 8 10066 42568 10113 65410 24947 35693 8275 3 248 144 59 245 116 54 172 168 128 117 13 138 200 65 209
643076 39715 7636 49 266 0 8 10064 42568 10113 65410 24947 35693 8275 173 3 248 144 59 245 116 54 172 168 128 117 13 138 200 65
643074 39715 7634 49 266 0 8 10064 42560 10113 65410 24947 35693 8275 3 250 173 3 248 144 59 245 116 54 172 168 128 117 13 138
643069 39715 7629 49 266 0 8 10064 42464 10113 65410 24947 35693 8275 46 139 191 156 6 3 250 173 3 248 144 59 245 116 54 172
643067 39715 7627 49 266 0 8 10064 42464 10064 65410 24947 35693 8275 3 232 46 139 191 156 6 3 250 173 3 248 144 59 245 116
643065 39715 7625 49 266 0 8 10064 42464 10062 65410 24947 35693 8275 139 238 3 232 46 139 191 156 6 3 250 173 3 248 144 59
643063 39715 7623 49 266 0 8 10064 42464 10062 65410 24947 35693 8275 115 71 139 238 3 232 46 139 191 156 6 3 250 173 3 248
643059 39715 7619 49 266 0 8 10064 42464 10062 65410 24947 35693 8275 129 251 144 1 115 71 139 238 3 232 46 139 191 156 6 3
643057 39715 7617 49 266 0 8 10064 42464 10062 65410 24947 35693 8275 116 79 129 251 144 1 115 71 139 238 3 232 46 139 191 156
643055 39715 7615 49 266 0 8 10064 42464 10062 65410 24947 35693 8275 11 192 116 79 129 251 144 1 115 71 139 238 3 232 46 139
643054 39715 7614 46260 266 0 8 10062 42464 10062 65410 24947 35693 8275 173 11 192 116 79 129 251 144 1 115 71 139 238 3 232 46
643145 39715 7705 46260 266 0 8 10062 42464 10062 65410 24947 35693 8275 117 163 144 195 144 86 83 81 139 52 232 12 0 89 91 94
643140 39715 7700 46260 266 0 8 10062 42464 10062 65410 24947 35693 8275 46 255 14 100 11 117 163 144 195 144 86 83 81 139 52 232
643139 39715 7699 46260 265 0 8 10062 42464 10062 65410 24947 35693 8275 67 46 255 14 100 11 117 163 144 195 144 86 83 81 139 52
643138 39715 7698 46260 264 0 8 10062 42464 10062 65410 24947 35693 8275 67 67 46 255 14 100 11 117 163 144 195 144 86 83 81 139
643082 39715 7642 46260 264 0 8 10062 42464 10062 65410 24947 35693 8275 116 54 172 168 128 117 13 138 200 65 209 233 243 165 209 209
643080 39715 7640 46260 264 0 8 10062 42464 10062 65410 24947 35693 8275 59 245 116 54 172 168 128 117 13 138 200 65 209 233 243 165
643133 39715 7693 46260 264 0 8 10062 42464 10062 65410 24947 35693 8275 235 201 144 3 240 67 67 46 255 14 100 11 117 163 144 195
643131 39715 7691 46260 264 1 8 10062 42463 10062 65410 24947 35693 8275 243 170 235 201 144 3 240 67 67 46 255 14 100 11 117 163
643129 39715 7689 46260 264 0 8 10062 42463 10062 65410 24947 35693 8275 209 209 243 170 235 201 144 3 240 67 67 46 255 14 100 11
643127 39715 7687 46260 264 18 8 10062 42427 10062 65410 24947 35693 8275 243 171 209 209 243 170 235 201 144 3 240 67 67 46 255 14
643125 39715 7685 46260 264 37 8 10062 42427 10062 65410 24947 35693 8275 209 233 243 171 209 209 243 170 235 201 144 3 240 67 67 46
643123 39715 7683 46260 264 37 8 10062 42427 10062 65410 24947 35693 8275 138 224 209 233 243 171 209 209 243 170 235 201 144 3 240 67
643122 39715 7682 46306 264 37 8 10061 42427 10062 65410 24947 35693 8275 172 138 224 209 233 243 171 209 209 243 170 235 201 144 3 240
643119 39715 7679 46306 264 34 8 10061 42427 10062 65410 24947 35693 8275 128 193 3 172 138 224 209 233 243 171 209 209 243 170 235 201
643116 39715 7676 46306 264 226 8 10061 42427 10062 65410 24947 35693 8275 128 225 63 128 193 3 172 138 224 209 233 243 171 209 209 243
643114 39715 7674 46306 264 0 8 10061 42427 10062 65410 24947 35693 8275 138 200 128 225 63 128 193 3 172 138 224 209 233 243 171 209
643104 39715 7664 46306 264 0 8 10061 42427 10062 65410 24947 35693 8275 117 8 37 63 0 64 3 248 235 222 138 200 128 225 63 128
643102 39715 7662 46306 264 0 8 10061 42427 10062 65410 24947 35693 8275 168 64 117 8 37 63 0 64 3 248 235 222 138 200 128 225
643087 39715 7647 46306 264 0 8 10061 42427 10062 65410 24947 35693 8275 117 13 138 200 65 209 233 243 165 209 209 243 164 235 234 168
643085 39715 7645 46306 264 0 8 10061 42427 10062 65410 24947 35693 8275 168 128 117 13 138 200 65 209 233 243 165 209 209 243 164 235
643084 39715 7644 46081 264 0 8 10060 42427 10062 65410 24947 35693 8275 172 168 128 117 13 138 200 65 209 233 243 165 209 209 243 164
643082 39715 7642 46081 264 0 8 10060 42427 10062 65410 24947 35693 8275 116 54 172 168 128 117 13 138 200 65 209 233 243 165 209 209
643080 39715 7640 46081 264 0 8 10060 42427 10062 65410 24947 35693 8275 59 245 116 54 172 168 128 117 13 138 200 65 209 233 243 165
643100 39715 7660 46081 264 0 8 10060 42427 10062 65410 24947 35693 8275 235 234 168 64 117 8 37 63 0 64 3 248 235 222 138 200
643098 39715 7658 46081 264 0 8 10060 42427 10062 65410 24947 35693 8275 243 164 235 234 168 64 117 8 37 63 0 64 3 248 235 222
643096 39715 7656 46081 264 0 8 10060 42427 10062 65410 24947 35693 8275 209 209 243 164 235 234 168 64 117 8 37 63 0 64 3 248
643094 39715 7654 46081 264 1 8 10058 42425 10062 65410 24947 35693 8275 243 165 209 209 243 164 235 234 168 64 117 8 37 63 0 64
643092 39715 7652 46081 264 2 8 10058 42425 10062 65410 24947 35693 8275 209 233 243 165 209 209 243 164 235 234 168 64 117 8 37 63
643091 39715 7651 46081 264 1 8 10058 42425 10062 65410 24947 35693 8275 65 209 233 243 165 209 209 243 164 235 234 168 64 117 8 37
643089 39715 7649 46081 264 0 8 10058 42425 10062 65410 24947 35693 8275 138 200 65 209 233 243 165 209 209 243 164 235 234 168 64 117
643087 39715 7647 46081 264 0 8 10058 42425 10062 65410 24947 35693 8275 117 13 138 200 65 209 233 243 165 209 209 243 164 235 234 168
643085 39715 7645 46081 264 0 8 10058 42425 10062 65410 24947 35693 8275 168 128 117 13 138 200 65 209 233 243 165 209 209 243 164 235
643084 39715 7644 46260 264 0 8 10057 42425 10062 65410 24947 35693 8275 172 168 128 117 13 138 200 65 209 233 243 165 209 209 243 164
643082 39715 7642 46260 264 0 8 10057 42425 10062 65410 24947 35693 8275 116 54 172 168 128 117 13 138 200 65 209 233 243 165 209 209
643080 39715 7640 46260 264 0 8 10057 42425 10062 65410 24947 35693 8275 59 245 116 54 172 168 128 117 13 138 200 65 209 233 243 165
643133 39715 7693 46260 264 0 8 10057 42425 10062 65410 24947 35693 8275 235 201 144 3 240 67 67 46 255 14 100 11 117 163 144 195
643131 39715 7691 46260 264 1 8 10057 42424 10062 65410 24947 35693 8275 243 170 235 201 144 3 240 67 67 46 255 14 100 11 117 163
643129 39715 7689 46260 264 0 8 10057 42424 10062 65410 24947 35693 8275 209 209 243 170 235 201 144 3 240 67 67 46 255 14 100 11
643127 39715 7687 46260 264 22 8 10057 42380 10062 65410 24947 35693 8275 243 171 209 209 243 170 235 201 144 3 240 67 67 46 255 14
643125 39715 7685 46260 264 45 8 10057 42380 10062 65410 24947 35693 8275 209 233 243 171 209 209 243 170 235 201 144 3 240 67 67 46
643123 39715 7683 46260 264 45 8 10057 42380 10062 65410 24947 35693 8275 138 224 209 233 243 171 209 209 243 170 235 201 144 3 240 67
643122 39715 7682 46314 264 45 8 10056 42380 10062 65410 24947 35693 8275 172 138 224 209 233 243 171 209 209 243 170 235 201 144 3 240
643119 39715 7679 46314 264 42 8 10056 42380 10062 65410 24947 35693 8275 128 193 3 172 138 224 209 233 243 171 209 209 243 170 235 201
643116 39715 7676 46314 264 234 8 10056 42380 10062 65410 24947 35693 8275 128 225 63 128 193 3 172 138 224 209 233 243 171 209 209 243
643114 39715 7674 46314 264 0 8 10056 42380 10062 65410 24947 35693 8275 138 200 128 225 63 128 193 3 172 138 224 209 233 243 171 209
643104 39715 7664 46314 264 0 8 10056 42380 10062 65410 24947 35693 8275 117 8 37 63 0 64 3 248 235 222 138 200 128 225 63 128
643102 39715 7662 46314 264 0 8 10056 42380 10062 65410 24947 35693 8275 168 64 117 8 37 63 0 64 3 248 235 222 138 200 128 225
643087 39715 7647 46314 264 0 8 10056 42380 10062 65410 24947 35693 8275 117 13 138 200 65 209 233 243 165 209 209 243 164 235 234 168
643085 39715 7645 46314 264 0 8 10056 42380 10062 65410 24947 35693 8275 168 128 117 13 138 200 65 209 233 243 165 209 209 243 164 235
643084 39715 7644 46082 264 0 8 10055 42380 10062 65410 24947 35693 8275 172 168 128 117 13 138 200 65 209 233 243 165 209 209 243 164
643082 39715 7642 46082 264 0 8 10055 42380 10062 65410 24947 35693 8275 116 54 172 168 128 117 13 138 200 65 209 233 243 165 209 209
643080 39715 7640 46082 264 0 8 10055 42380 10062 65410 24947 35693 8275 59 245 116 54 172 168 128 117 13 138 200 65 209 233 243 165
643100 39715 7660 46082 264 0 8 10055 42380 10062 65410 24947 35693 8275 235 234 168 64 117 8 37 63 0 64 3 248 235 222 138 200
643098 39715 7658 46082 264 1 8 10054 42379 10062 65410 24947 35693 8275 243 164 235 234 168 64 117 8 37 63 0 64 3 248 235 222
643096 39715 7656 46082 264 0 8 10054 42379 10062 65410 24947 35693 8275 209 209 243 164 235 234 168 64 117 8 37 63 0 64 3 248
643094 39715 7654 46082 264 1 8 10052 42377 10062 65410 24947 35693 8275 243 165 209 209 243 164 235 234 168 64 117 8 37 63 0 64
643092 39715 7652 46082 264 3 8 10052 42377 10062 65410 24947 35693 8275 209 233 243 165 209 209 243 164 235 234 168 64 117 8 37 63
643091 39715 7651 46082 264 2 8 10052 42377 10062 65410 24947 35693 8275 65 209 233 243 165 209 209 243 164 235 234 168 64 117 8 37
643089 39715 7649 46082 264 0 8 10052 42377 10062 65410 24947 35693 8275 138 200 65 209 233 243 165 209 209 243 164 235 234 168 64 117
643087 39715 7647 46082 264 0 8 10052 42377 10062 65410 24947 35693 8275 117 13 138 200 65 209 233 243 165 209 209 243 164 235 234 168
643085 39715 7645 46082 264 0 8 10052 42377 10062 65410 24947 35693 8275 168 128 117 13 138 200 65 209 233 243 165 209 209 243 164 235
643084 39715 7644 46260 264 0 8 10051 42377 10062 65410 24947 35693 8275 172 168 128 117 13 138 200 65 209 233 243 165 209 209 243 164
643082 39715 7642 46260 264 0 8 10051 42377 10062 65410 24947 35693 8275 116 54 172 168 128 117 13 138 200 65 209 233 243 165 209 209
643080 39715 7640 46260 264 0 8 10051 42377 10062 65410 24947 35693 8275 59 245 116 54 172 168 128 117 13 138 200 65 209 233 243 165
643133 39715 7693 46260 264 0 8 10051 42377 10062 65410 24947 35693 8275 235 201 144 3 240 67 67 46 255 14 100 11 117 163 144 195
643131 39715 7691 46260 264 1 8 10051 42376 10062 65410 24947 35693 8275 243 170 235 201 144 3 240 67 67 46 255 14 100 11 117 163
643129 39715 7689 46260 264 0 8 10051 42376 10062 65410 24947 35693 8275 209 209 243 170 235 201 144 3 240 67 67 46 255 14 100 11
643127 39715 7687 46260 264 10 8 10051 42356 10062 65410 24947 35693 8275 243 171 209 209 243 170 235 201 144 3 240 67 67 46 255 14
643125 39715 7685 46260 264 21 8 10051 42356 10062 65410 24947 35693 8275 209 233 243 171 209 209 243 170 235 201 144 3 240 67 67 46
643123 39715 7683 46260 264 21 8 10051 42356 10062 65410 24947 35693 8275 138 224 209 233 243 171 209 209 243 170 235 201 144 3 240 67
643122 39715 7682 46290 264 21 8 10050 42356 10062 65410 24947 35693 8275 172 138 224 209 233 243 171 209 209 243 170 235 201 144 3 240
643119 39715 7679 46290 264 18 8 10050 42356 10062 65410 24947 35693 8275 128 193 3 172 138 224 209 233 243 171 209 209 243 170 235 201
643116 39715 7676 46290 264 210 8 10050 42356 10062 65410 24947 35693 8275 128 225 63 128 193 3 172 138 224 209 233 243 171 209 209 243
643114 39715 7674 46290 264 0 8 10050 42356 10062 65410 24947 35693 8275 138 200 128 225 63 128 193 3 172 138 224 209 233 243 171 209
643104 39715 7664 46290 264 0 8 10050 42356 10062 65410 24947 35693 8275 117 8 37 63 0 64 3 248 235 222 138 200 128 225 63 128
643102 39715 7662 46290 264 0 8 10050 42356 10062 65410 24947 35693 8275 168 64 117 8 37 63 0 64 3 248 235 222 138 200 128 225
643087 39715 7647 46290 264 0 8 10050 42356 10062 65410 24947 35693 8275 117 13 138 200 65 209 233 243 165 209 209 243 164 235 234 168
643085 39715 7645 46290 264 0 8 10050 42356 10062 65410 24947 35693 8275 168 128 117 13 138 200 65 209 233 243 165 209 209 243 164 235
643084 39715 7644 46081 264 0 8 10049 42356 10062 65410 24947 35693 8275 172 168 128 117 13 138 200 65 209 233 243 165 209 209 243 164
643082 39715 7642 46081 264 0 8 10049 42356 10062 65410 24947 35693 8275 116 54 172 168 128 117 13 138 200 65 209 233 243 165 209 209
643080 39715 7640 46081 264 0 8 10049 42356 10062 65410 24947 35693 8275 59 245 116 54 172 168 128 117 13 138 200 65 209 233 243 165
643100 39715 7660 46081 264 0 8 10049 42356 10062 65410 24947 35693 8275 235 234 168 64 117 8 37 63 0 64 3 248 235 222 138 200
643098 39715 7658 46081 264 0 8 10049 42356 10062 65410 24947 35693 8275 243 164 235 234 168 64 117 8 37 63 0 64 3 248 235 222
643096 39715 7656 46081 264 0 8 10049 42356 10062 65410 24947 35693 8275 209 209 243 164 235 234 168 64 117 8 37 63 0 64 3 248
643094 39715 7654 46081 264 1 8 10047 42354 10062 65410 24947 35693 8275 243 165 209 209 243 164 235 234 168 64 117 8 37 63 0 64
643092 39715 7652 46081 264 2 8 10047 42354 10062 65410 24947 35693 8275 209 233 243 165 209 209 243 164 235 234 168 64 117 8 37 63
643091 39715 7651 46081 264 1 8 10047 42354 10062 65410 24947 35693 8275 65 209 233 243 165 209 209 243 164 235 234 168 64 117 8 37
643089 39715 7649 46081 264 0 8 10047 42354 10062 65410 24947 35693 8275 138 200 65 209 233 243 165 209 209 243 164 235 234 168 64 117
643087 39715 7647 46081 264 0 8 10047 42354 10062 65410 24947 35693 8275 117 13 138 200 65 209 233 243 165 209 209 243 164 235 234 168
643085 39715 7645 46081 264 0 8 10047 42354 10062 65410 24947 35693 8275 168 128 117 13 138 200 65 209 233 243 165 209 209 243 164 235
643084 39715 7644 46260 264 0 8 10046 42354 10062 65410 24947 35693 8275 172 168 128 117 13 138 200 65 209 233 243 165 209 209 243 164
643082 39715 7642 46260 264 0 8 10046 42354 10062 65410 24947 35693 8275 116 54 172 168 128 117 13 138 200 65 209 233 243 165 209 209
643080 39715 7640 46260 264 0 8 10046 42354 10062 65410 24947 35693 8275 59 245 116 54 172 168 128 117 13 138 200 65 209 233 243 165
643133 39715 7693 46260 264 0 8 10046 42354 10062 65410 24947 35693 8275 235 201 144 3 240 67 67 46 255 14 100 11 117 163 144 195
643131 39715 7691 46260 264 0 8 10046 42354 10062 65410 24947 35693 8275 243 170 235 201 144 3 240 67 67 46 255 14 100 11 117 163
643129 39715 7689 46260 264 0 8 10046 42354 10062 65410 24947 35693 8275 209 209 243 170 235 201 144 3 240 67 67 46 255 14 100 11
643127 39715 7687 46260 264 21 8 10046 42312 10062 65410 24947 35693 8275 243 171 209 209 243 170 235 201 144 3 240 67 67 46 255 14
643125 39715 7685 46260 264 42 8 10046 42312 10062 65410 24947 35693 8275 209 233 243 171 209 209 243 170 235 201 144 3 240 67 67 46
643123 39715 7683 46260 264 42 8 10046 42312 10062 65410 24947 35693 8275 138 224 209 233 243 171 209 209 243 170 235 201 144 3 240 67
643122 39715 7682 46311 264 42 8 10045 42312 10062 65410 24947 35693 8275 172 138 224 209 233 243 171 209 209 243 170 235 201 144 3 240
643119 39715 7679 46311 264 39 8 10045 42312 10062 65410 24947 35693 8275 128 193 3 172 138 224 209 233 243 171 209 209 243 170 235 201
643116 39715 7676 46311 264 231 8 10045 42312 10062 65410 24947 35693 8275 128 225 63 128 193 3 172 138 224 209 233 243 171 209 209 243
643114 39715 7674 46311 264 0 8 10045 42312 10062 65410 24947 35693 8275 138 200 128 225 63 128 193 3 172 138 224 209 233 243 171 209
643104 39715 7664 46311 264 0 8 10045 42312 10062 65410 24947 35693 8275 117 8 37 63 0 64 3 248 235 222 138 200 128 225 63 128
643102 39715 7662 46311 264 0 8 10045 42312 10062 65410 24947 35693 8275 168 64 117 8 37 63 0 64 3 248 235 222 138 200 128 225
643087 39715 7647 46311 264 0 8 10045 42312 10062 65410 24947 35693 8275 117 13 138 200 65 209 233 243 165 209 209 243 164 235 234 168
643085 39715 7645 46311 264 0 8 10045 42312 10062 65410 24947 35693 8275 168 128 117 13 138 200 65 209 233 243 165 209 209 243 164 235
643084 39715 7644 46082 264 0 8 10044 42312 10062 65410 24947 35693 8275 172 168 128 117 13 138 200 65 209 233 243 165 209 209 243 164
643082 39715 7642 46082 264 0 8 10044 42312 10062 65410 24947 35693 8275 116 54 172 168 128 117 13 138 200 65 209 233 243 165 209 209
643080 39715 7640 46082 264 0 8 10044 42312 10062 65410 24947 35693 8275 59 245 116 54 172 168 128 117 13 138 200 65 209 233 243 165
643100 39715 7660 46082 264 0 8 10044 42312 10062 65410 24947 35693 8275 235 234 168 64 117 8 37 63 0 64 3 248 235 222 138 200
643098 39715 7658 46082 264 1 8 10043 42311 10062 65410 24947 35693 8275 243 164 235 234 168 64 117 8 37 63 0 64 3 248 235 222
643096 39715 7656 46082 264 0 8 10043 42311 10062 65410 24947 35693 8275 209 209 243 164 235 234 168 64 117 8 37 63 0 64 3 248
643094 39715 7654 46082 264 1 8 10041 42309 10062 65410 24947 35693 8275 243 165 209 209 243 164 235 234 168 64 117 8 37 63 0 64
643092 39715 7652 46082 264 3 8 10041 42309 10062 65410 24947 35693 8275 209 233 243 165 209 209 243 164 235 234 168 64 117 8 37 63
643091 39715 7651 46082 264 2 8 10041 42309 10062 65410 24947 35693 8275 65 209 233 243 165 209 209 243 164 235 234 168 64 117 8 37
643089 39715 7649 46082 264 0 8 10041 42309 10062 65410 24947 35693 8275 138 200 65 209 233 243 165 209 209 243 164 235 234 168 64 117
643087 39715 7647 46082 264 0 8 10041 42309 10062 65410 24947 35693 8275 117 13 138 200 65 209 233 243 165 209 209 243 164 235 234 168
643085 39715 7645 46082 264 0 8 10041 42309 10062 65410 24947 35693 8275 168 128 117 13 138 200 65 209 233 243 165 209 209 243 164 235
643084 39715 7644 46260 264 0 8 10040 42309 10062 65410 24947 35693 8275 172 168 128 117 13 138 200 65 209 233 243 165 209 209 243 164
643082 39715 7642 46260 264 0 8 10040 42309 10062 65410 24947 35693 8275 116 54 172 168 128 117 13 138 200 65 209 233 243 165 209 209
643080 39715 7640 46260 264 0 8 10040 42309 10062 65410 24947 35693 8275 59 245 116 54 172 168 128 117 13 138 200 65 209 233 243 165
643133 39715 7693 46260 264 0 8 10040 42309 10062 65410 24947 35693 8275 235 201 144 3 240 67 67 46 255 14 100 11 117 163 144 195
643131 39715 7691 46260 264 0 8 10040 42309 10062 65410 24947 35693 8275 243 170 235 201 144 3 240 67 67 46 255 14 100 11 117 163
643129 39715 7689 46260 264 0 8 10040 42309 10062 65410 24947 35693 8275 209 209 243 170 235 201 144 3 240 67 67 46 255 14 100 11
643127 39715 7687 46260 264 11 8 10040 42287 10062 65410 24947 35693 8275 243 171 209 209 243 170 235 201 144 3 240 67 67 46 255 14
643125 39715 7685 46260 264 22 8 10040 42287 10062 65410 24947 35693 8275 209 233 243 171 209 209 243 170 235 201 144 3 240 67 67 46
643123 39715 7683 46260 264 22 8 10040 42287 10062 65410 24947 35693 8275 138 224 209 233 243 171 209 209 243 170 235 201 144 3 240 67
643122 39715 7682 46291 264 22 8 10039 42287 10062 65410 24947 35693 8275 172 138 224 209 233 243 171 209 209 243 170 235 201 144 3 240
643119 39715 7679 46291 264 19 8 10039 42287 10062 65410 24947 35693 8275 128 193 3 172 138 224 209 233 243 171 209 209 243 170 235 201
643116 39715 7676 46291 264 211 8 10039 42287 10062 65410 24947 35693 8275 128 225 63 128 193 3 172 138 224 209 233 243 171 209 209 243
643114 39715 7674 46291 264 0 8 10039 42287 10062 65410 24947 35693 8275 138 200 128 225 63 128 193 3 172 138 224 209 233 243 171 209
643104 39715 7664 46291 264 0 8 10039 42287 10062 65410 24947 35693 8275 117 8 37 63 0 64 3 248 235 222 138 200 128 225 63 128
643102 39715 7662 46291 264 0 8 10039 42287 10062 65410 24947 35693 8275 168 64 117 8 37 63 0 64 3 248 235 222 138 200 128 225
643087 39715 7647 46291 264 0 8 10039 42287 10062 65410 24947 35693 8275 117 13 138 200 65 209 233 243 165 209 209 243 164 235 234 168
643085 39715 7645 46291 264 0 8 10039 42287 10062 65410 24947 35693 8275 168 128 117 13 138 200 65 209 233 243 165 209 209 243 164 235
643084 39715 7644 46082 264 0 8 10038 42287 10062 65410 24947 35693 8275 172 168 128 117 13 138 200 65 209 233 243 165 209 209 243 164
643082 39715 7642 46082 264 0 8 10038 42287 10062 65410 24947 35693 8275 116 54 172 168 128 117 13 138 200 65 209 233 243 165 209 209
643080 39715 7640 46082 264 0 8 10038 42287 10062 65410 24947 35693 8275 59 245 116 54 172 168 128 117 13 138 200 65 209 233 243 165
643100 39715 7660 46082 264 0 8 10038 42287 10062 65410 24947 35693 8275 235 234 168 64 117 8 37 63 0 64 3 248 235 222 138 200
643098 39715 7658 46082 264 1 8 10037 42286 10062 65410 24947 35693 8275 243 164 235 234 168 64 117 8 37 63 0 64 3 248 235 222
643096 39715 7656 46082 264 0 8 10037 42286 10062 65410 24947 35693 8275 209 209 243 164 235 234 168 64 117 8 37 63 0 64 3 248
643094 39715 7654 46082 264 1 8 10035 42284 10062 65410 24947 35693 8275 243 165 209 209 243 164 235 234 168 64 117 8 37 63 0 64
643092 39715 7652 46082 264 3 8 10035 42284 10062 65410 24947 35693 8275 209 233 243 165 209 209 243 164 235 234 168 64 117 8 37 63
643091 39715 7651 46082 264 2 8 10035 42284 10062 65410 24947 35693 8275 65 209 233 243 165 209 209 243 164 235 234 168 64 117 8 37
643089 39715 7649 46082 264 0 8 10035 42284 10062 65410 24947 35693 8275 138 200 65 209 233 243 165 209 209 243 164 235 234 168 64 117
643087 39715 7647 46082 264 0 8 10035 42284 10062 65410 24947 35693 8275 117 13 138 200 65 209 233 243 165 209 209 243 164 235 234 168
643085 39715 7645 46082 264 0 8 10035 42284 10062 65410 24947 35693 8275 168 128 117 13 138 200 65 209 233 243 165 209 209 243 164 235
643084 39715 7644 46260 264 0 8 10034 42284 10062 65410 24947 35693 8275 172 168 128 117 13 138 200 65 209 233 243 165 209 209 243 164
643082 39715 7642 46260 264 0 8 10034 42284 10062 65410 24947 35693 8275 116 54 172 168 128 117 13 138 200 65 209 233 243 165 209 209
643080 39715 7640 46260 264 0 8 10034 42284 10062 65410 24947 35693 8275 59 245 116 54 172 168 128 117 13 138 200 65 209 233 243 165
643133 39715 7693 46260 264 0 8 10034 42284 10062 65410 24947 35693 8275 235 201 144 3 240 67 67 46 255 14 100 11 117 163 144 195
643131 39715 7691 46260 264 0 8 10034 42284 10062 65410 24947 35693 8275 243 170 235 201 144 3 240 67 67 46 255 14 100 11 117 163
643129 39715 7689 46260 264 0 8 10034 42284 10062 65410 24947 35693 8275 209 209 243 170 235 201 144 3 240 67 67 46 255 14 100 11
643127 39715 7687 46260 264 5 8 10034 42274 10062 65410 24947 35693 8275 243 171 209 209 243 170 235 201 144 3 240 67 67 46 255 14
643125 39715 7685 46260 264 10 8 10034 42274 10062 65410 24947 35693 8275 209 233 243 171 209 209 243 170 235 201 144 3 240 67 67 46
643123 39715 7683 46004 264 10 8 10034 42274 10062 65410 24947 35693 8275 138 224 209 233 243 171 209 209 243 170 235 201 144 3 240 67
643122 39715 7682 46023 264 10 8 10033 42274 10062 65410 24947 35693 8275 172 138 224 209 233 243 171 209 209 243 170 235 201 144 3 240
643119 39715 7679 46023 264 7 8 10033 42274 10062 65410 24947 35693 8275 128 193 3 172 138 224 209 233 243 171 209 209 243 170 235 201
643116 39715 7676 46023 264 199 8 10033 42274 10062 65410 24947 35693 8275 128 225 63 128 193 3 172 138 224 209 233 243 171 209 209 243
643114 39715 7674 46023 264 0 8 10033 42274 10062 65410 24947 35693 8275 138 200 128 225 63 128 193 3 172 138 224 209 233 243 171 209
643104 39715 7664 46023 264 0 8 10033 42274 10062 65410 24947 35693 8275 117 8 37 63 0 64 3 248 235 222 138 200 128 225 63 128
643102 39715 7662 46023 264 0 8 10033 42274 10062 65410 24947 35693 8275 168 64 117 8 37 63 0 64 3 248 235 222 138 200 128 225
643087 39715 7647 46023 264 0 8 10033 42274 10062 65410 24947 35693 8275 117 13 138 200 65 209 233 243 165 209 209 243 164 235 234 168
643085 39715 7645 46023 264 0 8 10033 42274 10062 65410 24947 35693 8275 168 128 117 13 138 200 65 209 233 243 165 209 209 243 164 235
643084 39715 7644 46003 264 0 8 10032 42274 10062 65410 24947 35693 8275 172 168 128 117 13 138 200 65 209 233 243 165 209 209 243 164
643082 39715 7642 46003 264 0 8 10032 42274 10062 65410 24947 35693 8275 116 54 172 168 128 117 13 138 200 65 209 233 243 165 209 209
643080 39715 7640 46003 264 0 8 10032 42274 10062 65410 24947 35693 8275 59 245 116 54 172 168 128 117 13 138 200 65 209 233 243 165
643133 39715 7693 46003 264 0 8 10032 42274 10062 65410 24947 35693 8275 235 201 144 3 240 67 67 46 255 14 100 11 117 163 144 195
643131 39715 7691 46003 264 1 8 10032 42273 10062 65410 24947 35693 8275 243 170 235 201 144 3 240 67 67 46 255 14 100 11 117 163
643129 39715 7689 46003 264 0 8 10032 42273 10062 65410 24947 35693 8275 209 209 243 170 235 201 144 3 240 67 67 46 255 14 100 11
643127 39715 7687 46003 264 1 8 10032 42271 10062 65410 24947 35693 8275 243 171 209 209 243 170 235 201 144 3 240 67 67 46 255 14
643125 39715 7685 46003 264 3 8 10032 42271 10062 65410 24947 35693 8275 209 233 243 171 209 209 243 170 235 201 144 3 240 67 67 46
643123 39715 7683 46259 264 3 8 10032 42271 10062 65410 24947 35693 8275 138 224 209 233 243 171 209 209 243 170 235 201 144 3 240 67
643122 39715 7682 46272 264 3 8 10031 42271 10062 65410 24947 35693 8275 172 138 224 209 233 243 171 209 209 243 170 235 201 144 3 240
643119 39715 7679 46272 264 0 8 10031 42271 10062 65410 24947 35693 8275 128 193 3 172 138 224 209 233 243 171 209 209 243 170 235 201
643116 39715 7676 46272 264 192 8 10031 42271 10062 65410 24947 35693 8275 128 225 63 128 193 3 172 138 224 209 233 243 171 209 209 243
643114 39715 7674 46272 264 0 8 10031 42271 10062 65410 24947 35693 8275 138 200 128 225 63 128 193 3 172 138 224 209 233 243 171 209
643104 39715 7664 46272 264 0 8 10031 42271 10062 65410 24947 35693 8275 117 8 37 63 0 64 3 248 235 222 138 200 128 225 63 128
643102 39715 7662 46272 264 0 8 10031 42271 10062 65410 24947 35693 8275 168 64 117 8 37 63 0 64 3 248 235 222 138 200 128 225
643087 39715 7647 46272 264 0 8 10031 42271 10062 65410 24947 35693 8275 117 13 138 200 65 209 233 243 165 209 209 243 164 235 234 168
643085 39715 7645 46272 264 0 8 10031 42271 10062 65410 24947 35693 8275 168 128 117 13 138 200 65 209 233 243 165 209 209 243 164 235
643084 39715 7644 46260 264 0 8 10030 42271 10062 65410 24947 35693 8275 172 168 128 117 13 138 200 65 209 233 243 165 209 209 243 164
643082 39715 7642 46260 264 0 8 10030 42271 10062 65410 24947 35693 8275 116 54 172 168 128 117 13 138 200 65 209 233 243 165 209 209
643080 39715 7640 46260 264 0 8 10030 42271 10062 65410 24947 35693 8275 59 245 116 54 172 168 128 117 13 138 200 65 209 233 243 165
643133 39715 7693 46260 264 0 8 10030 42271 10062 65410 24947 35693 8275 235 201 144 3 240 67 67 46 255 14 100 11 117 163 144 195
643131 39715 7691 46260 264 0 8 10030 42271 10062 65410 24947 35693 8275 243 170 235 201 144 3 240 67 67 46 255 14 100 11 117 163
643129 39715 7689 46260 264 0 8 10030 42271 10062 65410 24947 35693 8275 209 209 243 170 235 201 144 3 240 67 67 46 255 14 100 11
643127 39715 7687 46260 264 2 8 10030 42267 10062 65410 24947 35693 8275 243 171 209 209 243 170 235 201 144 3 240 67 67 46 255 14
643125 39715 7685 46260 264 4 8 10030 42267 10062 65410 24947 35693 8275 209 233 243 171 209 209 243 170 235 201 144 3 240 67 67 46
643123 39715 7683 46004 264 4 8 10030 42267 10062 65410 24947 35693 8275 138 224 209 233 243 171 209 209 243 170 235 201 144 3 240 67
643122 39715 7682 46017 264 4 8 10029 42267 10062 65410 24947 35693 8275 172 138 224 209 233 243 171 209 209 243 170 235 201 144 3 240
643119 39715 7679 46017 264 1 8 10029 42267 10062 65410 24947 35693 8275 128 193 3 172 138 224 209 233 243 171 209 209 243 170 235 201
643116 39715 7676 46017 264 193 8 10029 42267 10062 65410 24947 35693 8275 128 225 63 128 193 3 172 138 224 209 233 243 171 209 209 243
643114 39715 7674 46017 264 0 8 10029 42267 10062 65410 24947 35693 8275 138 200 128 225 63 128 193 3 172 138 224 209 233 243 171 209
643104 39715 7664 46017 264 0 8 10029 42267 10062 65410 24947 35693 8275 117 8 37 63 0 64 3 248 235 222 138 200 128 225 63 128
643102 39715 7662 46017 264 0 8 10029 42267 10062 65410 24947 35693 8275 168 64 117 8 37 63 0 64 3 248 235 222 138 200 128 225
643087 39715 7647 46017 264 0 8 10029 42267 10062 65410 24947 35693 8275 117 13 138 200 65 209 233 243 165 209 209 243 164 235 234 168
643085 39715 7645 46017 264 0 8 10029 42267 10062 65410 24947 35693 8275 168 128 117 13 138 200 65 209 233 243 165 209 209 243 164 235
643084 39715 7644 46003 264 0 8 10028 42267 10062 65410 24947 35693 8275 172 168 128 117 13 138 200 65 209 233 243 165 209 209 243 164
643082 39715 7642 46003 264 0 8 10028 42267 10062 65410 24947 35693 8275 116 54 172 168 128 117 13 138 200 65 209 233 243 165 209 209
643080 39715 7640 46003 264 0 8 10028 42267 10062 65410 24947 35693 8275 59 245 116 54 172 168 128 117 13 138 200 65 209 233 243 165
643133 39715 7693 46003 264 0 8 10028 42267 10062 65410 24947 35693 8275 235 201 144 3 240 67 67 46 255 14 100 11 117 163 144 195
643131 39715 7691 46003 264 1 8 10028 42266 10062 65410 24947 35693 8275 243 170 235 201 144 3 240 67 67 46 255 14 100 11 117 163
643129 39715 7689 46003 264 0 8 10028 42266 10062 65410 24947 35693 8275 209 209 243 170 235 201 144 3 240 67 67 46 255 14 100 11
643127 39715 7687 46003 264 1 8 10028 42264 10062 65410 24947 35693 8275 243 171 209 209 243 170 235 201 144 3 240 67 67 46 255 14
643125 39715 7685 46003 264 3 8 10028 42264 10062 65410 24947 35693 8275 209 233 243 171 209 209 243 170 235 201 144 3 240 67 67 46
643123 39715 7683 46003 264 3 8 10028 42264 10062 65410 24947 35693 8275 138 224 209 233 243 171 209 209 243 170 235 201 144 3 240 67
643122 39715 7682 46016 264 3 8 10027 42264 10062 65410 24947 35693 8275 172 138 224 209 233 243 171 209 209 243 170 235 201 144 3 240
643119 39715 7679 46016 264 0 8 10027 42264 10062 65410 24947 35693 8275 128 193 3 172 138 224 209 233 243 171 209 209 243 170 235 201
643116 39715 7676 46016 264 192 8 10027 42264 10062 65410 24947 35693 8275 128 225 63 128 193 3 172 138 224 209 233 243 171 209 209 243
643114 39715 7674 46016 264 0 8 10027 42264 10062 65410 24947 35693 8275 138 200 128 225 63 128 193 3 172 138 224 209 233 243 171 209
643104 39715 7664 46016 264 0 8 10027 42264 10062 65410 24947 35693 8275 117 8 37 63 0 64 3 248 235 222 138 200 128 225 63 128
643102 39715 7662 46016 264 0 8 10027 42264 10062 65410 24947 35693 8275 168 64 117 8 37 63 0 64 3 248 235 222 138 200 128 225
643087 39715 7647 46016 264 0 8 10027 42264 10062 65410 24947 35693 8275 117 13 138 200 65 209 233 243 165 209 209 243 164 235 234 168
643085 39715 7645 46016 264 0 8 10027 42264 10062 65410 24947 35693 8275 168 128 117 13 138 200 65 209 233 243 165 209 209 243 164 235
643084 39715 7644 45824 264 0 8 10026 42264 10062 65410 24947 35693 8275 172 168 128 117 13 138 200 65 209 233 243 165 209 209 243 164
643082 39715 7642 45824 264 0 8 10026 42264 10062 65410 24947 35693 8275 116 54 172 168 128 117 13 138 200 65 209 233 243 165 209 209
643080 39715 7640 45824 264 0 8 10026 42264 10062 65410 24947 35693 8275 59 245 116 54 172 168 128 117 13 138 200 65 209 233 243 165
643100 39715 7660 45824 264 0 8 10026 42264 10062 65410 24947 35693 8275 235 234 168 64 117 8 37 63 0 64 3 248 235 222 138 200
643098 39715 7658 45824 264 1 8 10025 42263 10062 65410 24947 35693 8275 243 164 235 234 168 64 117 8 37 63 0 64 3 248 235 222
643096 39715 7656 45824 264 0 8 10025 42263 10062 65410 24947 35693 8275 209 209 243 164 235 234 168 64 117 8 37 63 0 64 3 248
643094 39715 7654 45824 264 0 8 10025 42263 10062 65410 24947 35693 8275 243 165 209 209 243 164 235 234 168 64 117 8 37 63 0 64
643092 39715 7652 45824 264 1 8 10025 42263 10062 65410 24947 35693 8275 209 233 243 165 209 209 243 164 235 234 168 64 117 8 37 63
643091 39715 7651 45824 264 0 8 10025 42263 10062 65410 24947 35693 8275 65 209 233 243 165 209 209 243 164 235 234 168 64 117 8 37
643089 39715 7649 45824 264 0 8 10025 42263 10062 65410 24947 35693 8275 138 200 65 209 233 243 165 209 209 243 164 235 234 168 64 117
643087 39715 7647 45824 264 0 8 10025 42263 10062 65410 24947 35693 8275 117 13 138 200 65 209 233 243 165 209 209 243 164 235 234 168
643085 39715 7645 45824 264 0 8 10025 42263 10062 65410 24947 35693 8275 168 128 117 13 138 200 65 209 233 243 165 209 209 243 164 235
643084 39715 7644 46003 264 0 8 10024 42263 10062 65410 24947 35693 8275 172 168 128 117 13 138 200 65 209 233 243 165 209 209 243 164
643082 39715 7642 46003 264 0 8 10024 42263 10062 65410 24947 35693 8275 116 54 172 168 128 117 13 138 200 65 209 233 243 165 209 209
643080 39715 7640 46003 264 0 8 10024 42263 10062 65410 24947 35693 8275 59 245 116 54 172 168 128 117 13 138 200 65 209 233 243 165
643133 39715 7693 46003 264 0 8 10024 42263 10062 65410 24947 35693 8275 235 201 144 3 240 67 67 46 255 14 100 11 117 163 144 195
643131 39715 7691 46003 264 1 8 10024 42262 10062 65410 24947 35693 8275 243 170 235 201 144 3 240 67 67 46 255 14 100 11 117 163
643129 39715 7689 46003 264 0 8 10024 42262 10062 65410 24947 35693 8275 209 209 243 170 235 201 144 3 240 67 67 46 255 14 100 11
643127 39715 7687 46003 264 2 8 10024 42258 10062 65410 24947 35693 8275 243 171 209 209 243 170 235 201 144 3 240 67 67 46 255 14
643125 39715 7685 46003 264 5 8 10024 42258 10062 65410 24947 35693 8275 209 233 243 171 209 209 243 170 235 201 144 3 240 67 67 46
643123 39715 7683 46259 264 5 8 10024 42258 10062 65410 24947 35693 8275 138 224 209 233 243 171 209 209 243 170 235 201 144 3 240 67
643122 39715 7682 46274 264 5 8 10023 42258 10062 65410 24947 35693 8275 172 138 224 209 233 243 171 209 209 243 170 235 201 144 3 240
643119 39715 7679 46274 264 2 8 10023 42258 10062 65410 24947 35693 8275 128 193 3 172 138 224 209 233 243 171 209 209 243 170 235 201
643116 39715 7676 46274 264 194 8 10023 42258 10062 65410 24947 35693 8275 128 225 63 128 193 3 172 138 224 209 233 243 171 209 209 243
643114 39715 7674 46274 264 0 8 10023 42258 10062 65410 24947 35693 8275 138 200 128 225 63 128 193 3 172 138 224 209 233 243 171 209
643104 39715 7664 46274 264 0 8 10023 42258 10062 65410 24947 35693 8275 117 8 37 63 0 64 3 248 235 222 138 200 128 225 63 128
643102 39715 7662 46274 264 0 8 10023 42258 10062 65410 24947 35693 8275 168 64 117 8 37 63 0 64 3 248 235 222 138 200 128 225
643087 39715 7647 46274 264 0 8 10023 42258 10062 65410 24947 35693 8275 117 13 138 200 65 209 233 243 165 209 209 243 164 235 234 168
643085 39715 7645 46274 264 0 8 10023 42258 10062 65410 24947 35693 8275 168 128 117 13 138 200 65 209 233 243 165 209 209 243 164 235
643084 39715 7644 46260 264 0 8 10022 42258 10062 65410 24947 35693 8275 172 168 128 117 13 138 200 65 209 233 243 165 209 209 243 164
643082 39715 7642 46260 264 0 8 10022 42258 10062 65410 24947 35693 8275 116 54 172 168 128 117 13 138 200 65 209 233 243 165 209 209
643080 39715 7640 46260 264 0 8 10022 42258 10062 65410 24947 35693 8275 59 245 116 54 172 168 128 117 13 138 200 65 209 233 243 165
643133 39715 7693 46260 264 0 8 10022 42258 10062 65410 24947 35693 8275 235 201 144 3 240 67 67 46 255 14 100 11 117 163 144 195
643131 39715 7691 46260 264 1 8 10022 42257 10062 65410 24947 35693 8275 243 170 235 201 144 3 240 67 67 46 255 14 100 11 117 163
643129 39715 7689 46260 264 0 8 10022 42257 10062 65410 24947 35693 8275 209 209 243 170 235 201 144 3 240 67 67 46 255 14 100 11
643127 39715 7687 46260 264 1 8 10022 42255 10062 65410 24947 35693 8275 243 171 209 209 243 170 235 201 144 3 240 67 67 46 255 14
643125 39715 7685 46260 264 3 8 10022 42255 10062 65410 24947 35693 8275 209 233 243 171 209 209 243 170 235 201 144 3 240 67 67 46
643123 39715 7683 46260 264 3 8 10022 42255 10062 65410 24947 35693 8275 138 224 209 233 243 171 209 209 243 170 235 201 144 3 240 67
643122 39715 7682 46272 264 3 8 10021 42255 10062 65410 24947 35693 8275 172 138 224 209 233 243 171 209 209 243 170 235 201 144 3 240
643119 39715 7679 46272 264 0 8 10021 42255 10062 65410 24947 35693 8275 128 193 3 172 138 224 209 233 243 171 209 209 243 170 235 201
643116 39715 7676 46272 264 192 8 10021 42255 10062 65410 24947 35693 8275 128 225 63 128 193 3 172 138 224 209 233 243 171 209 209 243
643114 39715 7674 46272 264 0 8 10021 42255 10062 65410 24947 35693 8275 138 200 128 225 63 128 193 3 172 138 224 209 233 243 171 209
643104 39715 7664 46272 264 0 8 10021 42255 10062 65410 24947 35693 8275 117 8 37 63 0 64 3 248 235 222 138 200 128 225 63 128
643102 39715 7662 46272 264 0 8 10021 42255 10062 65410 24947 35693 8275 168 64 117 8 37 63 0 64 3 248 235 222 138 200 128 225
643087 39715 7647 46272 264 0 8 10021 42255 10062 65410 24947 35693 8275 117 13 138 200 65 209 233 243 165 209 209 243 164 235 234 168
643085 39715 7645 46272 264 0 8 10021 42255 10062 65410 24947 35693 8275 168 128 117 13 138 200 65 209 233 243 165 209 209 243 164 235
643084 39715 7644 46083 264 0 8 10020 42255 10062 65410 24947 35693 8275 172 168 128 117 13 138 200 65 209 233 243 165 209 209 243 164
643082 39715 7642 46083 264 0 8 10020 42255 10062 65410 24947 35693 8275 116 54 172 168 128 117 13 138 200 65 209 233 243 165 209 209
643080 39715 7640 46083 264 0 8 10020 42255 10062 65410 24947 35693 8275 59 245 116 54 172 168 128 117 13 138 200 65 209 233 243 165
643100 39715 7660 46083 264 0 8 10020 42255 10062 65410 24947 35693 8275 235 234 168 64 117 8 37 63 0 64 3 248 235 222 138 200
643098 39715 7658 46083 264 0 8 10020 42255 10062 65410 24947 35693 8275 243 164 235 234 168 64 117 8 37 63 0 64 3 248 235 222
643096 39715 7656 46083 264 0 8 10020 42255 10062 65410 24947 35693 8275 209 209 243 164 235 234 168 64 117 8 37 63 0 64 3 248
643094 39715 7654 46083 264 2 8 10016 42251 10062 65410 24947 35693 8275 243 165 209 209 243 164 235 234 168 64 117 8 37 63 0 64
643092 39715 7652 46083 264 4 8 10016 42251 10062 65410 24947 35693 8275 209 233 243 165 209 209 243 164 235 234 168 64 117 8 37 63
643091 39715 7651 46083 264 3 8 10016 42251 10062 65410 24947 35693 8275 65 209 233 243 165 209 209 243 164 235 234 168 64 117 8 37
643089 39715 7649 46083 264 0 8 10016 42251 10062 65410 24947 35693 8275 138 200 65 209 233 243 165 209 209 243 164 235 234 168 64 117
643087 39715 7647 46083 264 0 8 10016 42251 10062 65410 24947 35693 8275 117 13 138 200 65 209 233 243 165 209 209 243 164 235 234 168
643085 39715 7645 46083 264 0 8 10016 42251 10062 65410 24947 35693 8275 168 128 117 13 138 200 65 209 233 243 165 209 209 243 164 235
643084 39715 7644 46260 264 0 8 10015 42251 10062 65410 24947 35693 8275 172 168 128 117 13 138 200 65 209 233 243 165 209 209 243 164
643082 39715 7642 46260 264 0 8 10015 42251 10062 65410 24947 35693 8275 116 54 172 168 128 117 13 138 200 65 209 233 243 165 209 209
643080 39715 7640 46260 264 0 8 10015 42251 10062 65410 24947 35693 8275 59 245 116 54 172 168 128 117 13 138 200 65 209 233 243 165
643133 39715 7693 46260 264 0 8 10015 42251 10062 65410 24947 35693 8275 235 201 144 3 240 67 67 46 255 14 100 11 117 163 144 195
643131 39715 7691 46260 264 1 8 10015 42250 10062 65410 24947 35693 8275 243 170 235 201 144 3 240 67 67 46 255 14 100 11 117 163
643129 39715 7689 46260 264 0 8 10015 42250 10062 65410 24947 35693 8275 209 209 243 170 235 201 144 3 240 67 67 46 255 14 100 11
643127 39715 7687 46260 264 1 8 10015 42248 10062 65410 24947 35693 8275 243 171 209 209 243 170 235 201 144 3 240 67 67 46 255 14
643125 39715 7685 46260 264 3 8 10015 42248 10062 65410 24947 35693 8275 209 233 243 171 209 209 243 170 235 201 144 3 240 67 67 46
643123 39715 7683 180 264 3 8 10015 42248 10062 65410 24947 35693 8275 138 224 209 233 243 171 209 209 243 170 235 201 144 3 240 67
643122 39715 7682 192 264 3 8 10014 42248 10062 65410 24947 35693 8275 172 138 224 209 233 243 171 209 209 243 170 235 201 144 3 240
643119 39715 7679 192 264 0 8 10014 42248 10062 65410 24947 35693 8275 128 193 3 172 138 224 209 233 243 171 209 209 243 170 235 201
643116 39715 7676 192 264 192 8 10014 42248 10062 65410 24947 35693 8275 128 225 63 128 193 3 172 138 224 209 233 243 171 209 209 243
643114 39715 7674 192 264 0 8 10014 42248 10062 65410 24947 35693 8275 138 200 128 225 63 128 193 3 172 138 224 209 233 243 171 209
643104 39715 7664 192 264 0 8 10014 42248 10062 65410 24947 35693 8275 117 8 37 63 0 64 3 248 235 222 138 200 128 225 63 128
643102 39715 7662 192 264 0 8 10014 42248 10062 65410 24947 35693 8275 168 64 117 8 37 63 0 64 3 248 235 222 138 200 128 225
643087 39715 7647 192 264 0 8 10014 42248 10062 65410 24947 35693 8275 117 13 138 200 65 209 233 243 165 209 209 243 164 235 234 168
643085 39715 7645 192 264 0 8 10014 42248 10062 65410 24947 35693 8275 168 128 117 13 138 200 65 209 233 243 165 209 209 243 164 235
643084 39715 7644 0 264 0 8 10013 42248 10062 65410 24947 35693 8275 172 168 128 117 13 138 200 65 209 233 243 165 209 209 243 164
643082 39715 7642 0 264 0 8 10013 42248 10062 65410 24947 35693 8275 116 54 172 168 128 117 13 138 200 65 209 233 243 165 209 209
643080 39715 7640 0 264 0 8 10013 42248 10062 65410 24947 35693 8275 59 245 116 54 172 168 128 117 13 138 200 65 209 233 243 165
643079 39715 7639 0 264 0 8 10013 42248 10062 65410 24947 35693 8275 144 59 245 116 54 172 168 128 117 13 138 200 65 209 233 243
643077 39715 7637 0 264 0 8 10013 42248 10062 65410 24947 35693 8275 3 248 144 59 245 116 54 172 168 128 117 13 138 200 65 209
643076 39715 7636 51 264 0 8 10011 42248 10062 65410 24947 35693 8275 173 3 248 144 59 245 116 54 172 168 128 117 13 138 200 65
643074 39715 7634 51 264 0 8 10011 42240 10062 65410 24947 35693 8275 3 250 173 3 248 144 59 245 116 54 172 168 128 117 13 138
643069 39715 7629 51 264 0 8 10011 42144 10062 65410 24947 35693 8275 46 139 191 156 6 3 250 173 3 248 144 59 245 116 54 172
643067 39715 7627 51 264 0 8 10011 42144 10011 65410 24947 35693 8275 3 232 46 139 191 156 6 3 250 173 3 248 144 59 245 116
643065 39715 7625 51 264 0 8 10011 42144 10009 65410 24947 35693 8275 139 238 3 232 46 139 191 156 6 3 250 173 3 248 144 59
643063 39715 7623 51 264 0 8 10011 42144 10009 65410 24947 35693 8275 115 71 139 238 3 232 46 139 191 156 6 3 250 173 3 248
643059 39715 7619 51 264 0 8 10011 42144 10009 65410 24947 35693 8275 129 251 144 1 115 71 139 238 3 232 46 139 191 156 6 3
643057 39715 7617 51 264 0 8 10011 42144 10009 65410 24947 35693 8275 116 79 129 251 144 1 115 71 139 238 3 232 46 139 191 156
643055 39715 7615 51 264 0 8 10011 42144 10009 65410 24947 35693 8275 11 192 116 79 129 251 144 1 115 71 139 238 3 232 46 139
643054 39715 7614 46260 264 0 8 10009 42144 10009 65410 24947 35693 8275 173 11 192 116 79 129 251 144 1 115 71 139 238 3 232 46
643145 39715 7705 46260 264 0 8 10009 42144 10009 65410 24947 35693 8275 117 163 144 195 144 86 83 81 139 52 232 12 0 89 91 94
643140 39715 7700 46260 264 0 8 10009 42144 10009 65410 24947 35693 8275 46 255 14 100 11 117 163 144 195 144 86 83 81 139 52 232
643139 39715 7699 46260 263 0 8 10009 42144 10009 65410 24947 35693 8275 67 46 255 14 100 11 117 163 144 195 144 86 83 81 139 52
643138 39715 7698 46260 262 0 8 10009 42144 10009 65410 24947 35693 8275 67 67 46 255 14 100 11 117 163 144 195 144 86 83 81 139
643082 39715 7642 46260 262 0 8 10009 42144 10009 65410 24947 35693 8275 116 54 172 168 128 117 13 138 200 65 209 233 243 165 209 209
643080 39715 7640 46260 262 0 8 10009 42144 10009 65410 24947 35693 8275 59 245 116 54 172 168 128 117 13 138 200 65 209 233 243 165
643133 39715 7693 46260 262 0 8 10009 42144 10009 65410 24947 35693 8275 235 201 144 3 240 67 67 46 255 14 100 11 117 163 144 195
643131 39715 7691 46260 262 0 8 10009 42144 10009 65410 24947 35693 8275 243 170 235 201 144 3 240 67 67 46 255 14 100 11 117 163
643129 39715 7689 46260 262 0 8 10009 42144 10009 65410 24947 35693 8275 209 209 243 170 235 201 144 3 240 67 67 46 255 14 100 11
643127 39715 7687 46260 262 19 8 10009 42106 10009 65410 24947 35693 8275 243 171 209 209 243 170 235 201 144 3 240 67 67 46 255 14
643125 39715 7685 46260 262 38 8 10009 42106 10009 65410 24947 35693 8275 209 233 243 171 209 209 243 170 235 201 144 3 240 67 67 46
643123 39715 7683 46260 262 38 8 10009 42106 10009 65410 24947 35693 8275 138 224 209 233 243 171 209 209 243 170 235 201 144 3 240 67
643122 39715 7682 46307 262 38 8 10008 42106 10009 65410 24947 35693 8275 172 138 224 209 233 243 171 209 209 243 170 235 201 144 3 240
643119 39715 7679 46307 262 35 8 10008 42106 10009 65410 24947 35693 8275 128 193 3 172 138 224 209 233 243 171 209 209 243 170 235 201
643116 39715 7676 46307 262 227 8 10008 42106 10009 65410 24947 35693 8275 128 225 63 128 193 3 172 138 224 209 233 243 171 209 209 243
643114 39715 7674 46307 262 0 8 10008 42106 10009 65410 24947 35693 8275 138 200 128 225 63 128 193 3 172 138 224 209 233 243 171 209
643104 39715 7664 46307 262 0 8 10008 42106 10009 65410 24947 35693 8275 117 8 37 63 0 64 3 248 235 222 138 200 128 225 63 128
643102 39715 7662 46307 262 0 8 10008 42106 10009 65410 24947 35693 8275 168 64 117 8 37 63 0 64 3 248 235 222 138 200 128 225
643087 39715 7647 46307 262 0 8 10008 42106 10009 65410 24947 35693 8275 117 13 138 200 65 209 233 243 165 209 209 243 164 235 234 168
643085 39715 7645 46307 262 0 8 10008 42106 10009 65410 24947 35693 8275 168 128 117 13 138 200 65 209 233 243 165 209 209 243 164 235
643084 39715 7644 46081 262 0 8 10007 42106 10009 65410 24947 35693 8275 172 168 128 117 13 138 200 65 209 233 243 165 209 209 243 164
643082 39715 7642 46081 262 0 8 10007 42106 10009 65410 24947 35693 8275 116 54 172 168 128 117 13 138 200 65 209 233 243 165 209 209
643080 39715 7640 46081 262 0 8 10007 42106 10009 65410 24947 35693 8275 59 245 116 54 172 168 128 117 13 138 200 65 209 233 243 165
643100 39715 7660 46081 262 0 8 10007 42106 10009 65410 24947 35693 8275 235 234 168 64 117 8 37 63 0 64 3 248 235 222 138 200
643098 39715 7658 46081 262 0 8 10007 42106 10009 65410 24947 35693 8275 243 164 235 234 168 64 117 8 37 63 0 64 3 248 235 222
643096 39715 7656 46081 262 0 8 10007 42106 10009 65410 24947 35693 8275 209 209 243 164 235 234 168 64 117 8 37 63 0 64 3 248
643094 39715 7654 46081 262 1 8 10005 42104 10009 65410 24947 35693 8275 243 165 209 209 243 164 235 234 168 64 117 8 37 63 0 64
643092 39715 7652 46081 262 2 8 10005 42104 10009 65410 24947 35693 8275 209 233 243 165 209 209 243 164 235 234 168 64 117 8 37 63
643091 39715 7651 46081 262 1 8 10005 42104 10009 65410 24947 35693 8275 65 209 233 243 165 209 209 243 164 235 234 168 64 117 8 37
643089 39715 7649 46081 262 0 8 10005 42104 10009 65410 24947 35693 8275 138 200 65 209 233 243 165 209 209 243 164 235 234 168 64 117
643087 39715 7647 46081 262 0 8 10005 42104 10009 65410 24947 35693 8275 117 13 138 200 65 209 233 243 165 209 209 243 164 235 234 168
643085 39715 7645 46081 262 0 8 10005 42104 10009 65410 24947 35693 8275 168 128 117 13 138 200 65 209 233 243 165 209 209 243 164 235
643084 39715 7644 46260 262 0 8 10004 42104 10009 65410 24947 35693 8275 172 168 128 117 13 138 200 65 209 233 243 165 209 209 243 164
643082 39715 7642 46260 262 0 8 10004 42104 10009 65410 24947 35693 8275 116 54 172 168 128 117 13 138 200 65 209 233 243 165 209 209
643080 39715 7640 46260 262 0 8 10004 42104 10009 65410 24947 35693 8275 59 245 116 54 172 168 128 117 13 138 200 65 209 233 243 165
643133 39715 7693 46260 262 0 8 10004 42104 10009 65410 24947 35693 8275 235 201 144 3 240 67 67 46 255 14 100 11 117 163 144 195
643131 39715 7691 46260 262 1 8 10004 42103 10009 65410 24947 35693 8275 243 170 235 201 144 3 240 67 67 46 255 14 100 11 117 163
643129 39715 7689 46260 262 0 8 10004 42103 10009 65410 24947 35693 8275 209 209 243 170 235 201 144 3 240 67 67 46 255 14 100 11
643127 39715 7687 46260 262 22 8 10004 42059 10009 65410 24947 35693 8275 243 171 209 209 243 170 235 201 144 3 240 67 67 46 255 14
643125 39715 7685 46260 262 45 8 10004 42059 10009 65410 24947 35693 8275 209 233 243 171 209 209 243 170 235 201 144 3 240 67 67 46
643123 39715 7683 46260 262 45 8 10004 42059 10009 65410 24947 35693 8275 138 224 209 233 243 171 209 209 243 170 235 201 144 3 240 67
643122 39715 7682 46314 262 45 8 10003 42059 10009 65410 24947 35693 8275 172 138 224 209 233 243 171 209 209 243 170 235 201 144 3 240
643119 39715 7679 46314 262 42 8 10003 42059 10009 65410 24947 35693 8275 128 193 3 172 138 224 209 233 243 171 209 209 243 170 235 201
643116 39715 7676 46314 262 234 8 10003 42059 10009 65410 24947 35693 8275 128 225 63 128 193 3 172 138 224 209 233 243 171 209 209 243
643114 39715 7674 46314 262 0 8 10003 42059 10009 65410 24947 35693 8275 138 200 128 225 63 128 193 3 172 138 224 209 233 243 171 209
643104 39715 7664 46314 262 0 8 10003 42059 10009 65410 24947 35693 8275 117 8 37 63 0 64 3 248 235 222 138 200 128 225 63 128
643102 39715 7662 46314 262 0 8 10003 42059 10009 65410 24947 35693 8275 168 64 117 8 37 63 0 64 3 248 235 222 138 200 128 225
643087 39715 7647 46314 262 0 8 10003 42059 10009 65410 24947 35693 8275 117 13 138 200 65 209 233 243 165 209 209 243 164 235 234 168
643085 39715 7645 46314 262 0 8 10003 42059 10009 65410 24947 35693 8275 168 128 117 13 138 200 65 209 233 243 165 209 209 243 164 235
643084 39715 7644 46082 262 0 8 10002 42059 10009 65410 24947 35693 8275 172 168 128 117 13 138 200 65 209 233 243 165 209 209 243 164
643082 39715 7642 46082 262 0 8 10002 42059 10009 65410 24947 35693 8275 116 54 172 168 128 117 13 138 200 65 209 233 243 165 209 209
643080 39715 7640 46082 262 0 8 10002 42059 10009 65410 24947 35693 8275 59 245 116 54 172 168 128 117 13 138 200 65 209 233 243 165
643100 39715 7660 46082 262 0 8 10002 42059 10009 65410 24947 35693 8275 235 234 168 64 117 8 37 63 0 64 3 248 235 222 138 200
643098 39715 7658 46082 262 1 8 10001 42058 10009 65410 24947 35693 8275 243 164 235 234 168 64 117 8 37 63 0 64 3 248 235 222
643096 39715 7656 46082 262 0 8 10001 42058 10009 65410 24947 35693 8275 209 209 243 164 235 234 168 64 117 8 37 63 0 64 3 248
643094 39715 7654 46082 262 1 8 9999 42056 10009 65410 24947 35693 8275 243 165 209 209 243 164 235 234 168 64 117 8 37 63 0 64
643092 39715 7652 46082 262 3 8 9999 42056 10009 65410 24947 35693 8275 209 233 243 165 209 209 243 164 235 234 168 64 117 8 37 63
643091 39715 7651 46082 262 2 8 9999 42056 10009 65410 24947 35693 8275 65 209 233 243 165 209 209 243 164 235 234 168 64 117 8 37
643089 39715 7649 46082 262 0 8 9999 42056 10009 65410 24947 35693 8275 138 200 65 209 233 243 165 209 209 243 164 235 234 168 64 117
643087 39715 7647 46082 262 0 8 9999 42056 10009 65410 24947 35693 8275 117 13 138 200 65 209 233 243 165 209 209 243 164 235 234 168
643085 39715 7645 46082 262 0 8 9999 42056 10009 65410 24947 35693 8275 168 128 117 13 138 200 65 209 233 243 165 209 209 243 164 235
643084 39715 7644 46260 262 0 8 9998 42056 10009 65410 24947 35693 8275 172 168 128 117 13 138 200 65 209 233 243 165 209 209 243 164
643082 39715 7642 46260 262 0 8 9998 42056 10009 65410 24947 35693 8275 116 54 172 168 128 117 13 138 200 65 209 233 243 165 209 209
643080 39715 7640 46260 262 0 8 9998 42056 10009 65410 24947 35693 8275 59 245 116 54 172 168 128 117 13 138 200 65 209 233 243 165
643133 39715 7693 46260 262 0 8 9998 42056 10009 65410 24947 35693 8275 235 201 144 3 240 67 67 46 255 14 100 11 117 163 144 195
643131 39715 7691 46260 262 0 8 9998 42056 10009 65410 24947 35693 8275 243 170 235 201 144 3 240 67 67 46 255 14 100 11 117 163
643129 39715 7689 46260 262 0 8 9998 42056 10009 65410 24947 35693 8275 209 209 243 170 235 201 144 3 240 67 67 46 255 14 100 11
643127 39715 7687 46260 262 10 8 9998 42036 10009 65410 24947 35693 8275 243 171 209 209 243 170 235 201 144 3 240 67 67 46 255 14
643125 39715 7685 46260 262 20 8 9998 42036 10009 65410 24947 35693 8275 209 233 243 171 209 209 243 170 235 201 144 3 240 67 67 46
643123 39715 7683 46260 262 20 8 9998 42036 10009 65410 24947 35693 8275 138 224 209 233 243 171 209 209 243 170 235 201 144 3 240 67
643122 39715 7682 46289 262 20 8 9997 42036 10009 65410 24947 35693 8275 172 138 224 209 233 243 171 209 209 243 170 235 201 144 3 240
643119 39715 7679 46289 262 17 8 9997 42036 10009 65410 24947 35693 8275 128 193 3 172 138 224 209 233 243 171 209 209 243 170 235 201
643116 39715 7676 46289 262 209 8 9997 42036 10009 65410 24947 35693 8275 128 225 63 128 193 3 172 138 224 209 233 243 171 209 209 243
643114 39715 7674 46289 262 0 8 9997 42036 10009 65410 24947 35693 8275 138 200 128 225 63 128 193 3 172 138 224 209 233 243 171 209
643104 39715 7664 46289 262 0 8 9997 42036 10009 65410 24947 35693 8275 117 8 37 63 0 64 3 248 235 222 138 200 128 225 63 128
643102 39715 7662 46289 262 0 8 9997 42036 10009 65410 24947 35693 8275 168 64 117 8 37 63 0 64 3 248 235 222 138 200 128 225
643087 39715 7647 46289 262 0 8 9997 42036 10009 65410 24947 35693 8275 117 13 138 200 65 209 233 243 165 209 209 243 164 235 234 168
643085 39715 7645 46289 262 0 8 9997 42036 10009 65410 24947 35693 8275 168 128 117 13 138 200 65 209 233 243 165 209 209 243 164 235
643084 39715 7644 46081 262 0 8 9996 42036 10009 65410 24947 35693 8275 172 168 128 117 13 138 200 65 209 233 243 165 209 209 243 164
643082 39715 7642 46081 262 0 8 9996 42036 10009 65410 24947 35693 8275 116 54 172 168 128 117 13 138 200 65 209 233 243 165 209 209
643080 39715 7640 46081 262 0 8 9996 42036 10009 65410 24947 35693 8275 59 245 116 54 172 168 128 117 13 138 200 65 209 233 243 165
643100 39715 7660 46081 262 0 8 9996 42036 10009 65410 24947 35693 8275 235 234 168 64 117 8 37 63 0 64 3 248 235 222 138 200
643098 39715 7658 46081 262 0 8 9996 42036 10009 65410 24947 35693 8275 243 164 235 234 168 64 117 8 37 63 0 64 3 248 235 222
643096 39715 7656 46081 262 0 8 9996 42036 10009 65410 24947 35693 8275 209 209 243 164 235 234 168 64 117 8 37 63 0 64 3 248
643094 39715 7654 46081 262 1 8 9994 42034 10009 65410 24947 35693 8275 243 165 209 209 243 164 235 234 168 64 117 8 37 63 0 64
643092 39715 7652 46081 262 2 8 9994 42034 10009 65410 24947 35693 8275 209 233 243 165 209 209 243 164 235 234 168 64 117 8 37 63
643091 39715 7651 46081 262 1 8 9994 42034 10009 65410 24947 35693 8275 65 209 233 243 165 209 209 243 164 235 234 168 64 117 8 37
643089 39715 7649 46081 262 0 8 9994 42034 10009 65410 24947 35693 8275 138 200 65 209 233 243 165 209 209 243 164 235 234 168 64 117
643087 39715 7647 46081 262 0 8 9994 42034 10009 65410 24947 35693 8275 117 13 138 200 65 209 233 243 165 209 209 243 164 235 234 168
643085 39715 7645 46081 262 0 8 9994 42034 10009 65410 24947 35693 8275 168 128 117 13 138 200 65 209 233 243 165 209 209 243 164 235
643084 39715 7644 46260 262 0 8 9993 42034 10009 65410 24947 35693 8275 172 168 128 117 13 138 200 65 209 233 243 165 209 209 243 164
643082 39715 7642 46260 262 0 8 9993 42034 10009 65410 24947 35693 8275 116 54 172 168 128 117 13 138 200 65 209 233 243 165 209 209
643080 39715 7640 46260 262 0 8 9993 42034 10009 65410 24947 35693 8275 59 245 116 54 172 168 128 117 13 138 200 65 209 233 243 165
643133 39715 7693 46260 262 0 8 9993 42034 10009 65410 24947 35693 8275 235 201 144 3 240 67 67 46 255 14 100 11 117 163 144 195
643131 39715 7691 46260 262 1 8 9993 42033 10009 65410 24947 35693 8275 243 170 235 201 144 3 240 67 67 46 255 14 100 11 117 163
643129 39715 7689 46260 262 0 8 9993 42033 10009 65410 24947 35693 8275 209 209 243 170 235 201 144 3 240 67 67 46 255 14 100 11
643127 39715 7687 46260 262 20 8 9993 41993 10009 65410 24947 35693 8275 243 171 209 209 243 170 235 201 144 3 240 67 67 46 255 14
643125 39715 7685 46260 262 41 8 9993 41993 10009 65410 24947 35693 8275 209 233 243 171 209 209 243 170 235 201 144 3 240 67 67 46
643123 39715 7683 46260 262 41 8 9993 41993 10009 65410 24947 35693 8275 138 224 209 233 243 171 209 209 243 170 235 201 144 3 240 67
643122 39715 7682 46310 262 41 8 9992 41993 10009 65410 24947 35693 8275 172 138 224 209 233 243 171 209 209 243 170 235 201 144 3 240
643119 39715 7679 46310 262 38 8 9992 41993 10009 65410 24947 35693 8275 128 193 3 172 138 224 209 233 243 171 209 209 243 170 235 201
643116 39715 7676 46310 262 230 8 9992 41993 10009 65410 24947 35693 8275 128 225 63 128 193 3 172 138 224 209 233 243 171 209 209 243
643114 39715 7674 46310 262 0 8 9992 41993 10009 65410 24947 35693 8275 138 200 128 225 63 128 193 3 172 138 224 209 233 243 171 209
643104 39715 7664 46310 262 0 8 9992 41993 10009 65410 24947 35693 8275 117 8 37 63 0 64 3 248 235 222 138 200 128 225 63 128
643102 39715 7662 46310 262 0 8 9992 41993 10009 65410 24947 35693 8275 168 64 117 8 37 63 0 64 3 248 235 222 138 200 128 225
643087 39715 7647 46310 262 0 8 9992 41993 10009 65410 24947 35693 8275 117 13 138 200 65 209 233 243 165 209 209 243 164 235 234 168
643085 39715 7645 46310 262 0 8 9992 41993 10009 65410 24947 35693 8275 168 128 117 13 138 200 65 209 233 243 165 209 209 243 164 235
643084 39715 7644 46082 262 0 8 9991 41993 10009 65410 24947 35693 8275 172 168 128 117 13 138 200 65 209 233 243 165 209 209 243 164
643082 39715 7642 46082 262 0 8 9991 41993 10009 65410 24947 35693 8275 116 54 172 168 128 117 13 138 200 65 209 233 243 165 209 209
643080 39715 7640 46082 262 0 8 9991 41993 10009 65410 24947 35693 8275 59 245 116 54 172 168 128 117 13 138 200 65 209 233 243 165
643100 39715 7660 46082 262 0 8 9991 41993 10009 65410 24947 35693 8275 235 234 168 64 117 8 37 63 0 64 3 248 235 222 138 200
643098 39715 7658 46082 262 1 8 9990 41992 10009 65410 24947 35693 8275 243 164 235 234 168 64 117 8 37 63 0 64 3 248 235 222
643096 39715 7656 46082 262 0 8 9990 41992 10009 65410 24947 35693 8275 209 209 243 164 235 234 168 64 117 8 37 63 0 64 3 248
643094 39715 7654 46082 262 1 8 9988 41990 10009 65410 24947 35693 8275 243 165 209 209 243 164 235 234 168 64 117 8 37 63 0 64
643092 39715 7652 46082 262 3 8 9988 41990 10009 65410 24947 35693 8275 209 233 243 165 209 209 243 164 235 234 168 64 117 8 37 63
643091 39715 7651 46082 262 2 8 9988 41990 10009 65410 24947 35693 8275 65 209 233 243 165 209 209 243 164 235 234 168 64 117 8 37
643089 39715 7649 46082 262 0 8 9988 41990 10009 65410 24947 35693 8275 138 200 65 209 233 243 165 209 209 243 164 235 234 168 64 117
643087 39715 7647 46082 262 0 8 9988 41990 10009 65410 24947 35693 8275 117 13 138 200 65 209 233 243 165 209 209 243 164 235 234 168
643085 39715 7645 46082 262 0 8 9988 41990 10009 65410 24947 35693 8275 168 128 117 13 138 200 65 209 233 243 165 209 209 243 164 235
643084 39715 7644 46260 262 0 8 9987 41990 10009 65410 24947 35693 8275 172 168 128 117 13 138 200 65 209 233 243 165 209 209 243 164
643082 39715 7642 46260 262 0 8 9987 41990 10009 65410 24947 35693 8275 116 54 172 168 128 117 13 138 200 65 209 233 243 165 209 209
643080 39715 7640 46260 262 0 8 9987 41990 10009 65410 24947 35693 8275 59 245 116 54 172 168 128 117 13 138 200 65 209 233 243 165
643133 39715 7693 46260 262 0 8 9987 41990 10009 65410 24947 35693 8275 235 201 144 3 240 67 67 46 255 14 100 11 117 163 144 195
643131 39715 7691 46260 262 0 8 9987 41990 10009 65410 24947 35693 8275 243 170 235 201 144 3 240 67 67 46 255 14 100 11 117 163
643129 39715 7689 46260 262 0 8 9987 41990 10009 65410 24947 35693 8275 209 209 243 170 235 201 144 3 240 67 67 46 255 14 100 11
643127 39715 7687 46260 262 11 8 9987 41968 10009 65410 24947 35693 8275 243 171 209 209 243 170 235 201 144 3 240 67 67 46 255 14
643125 39715 7685 46260 262 22 8 9987 41968 10009 65410 24947 35693 8275 209 233 243 171 209 209 243 170 235 201 144 3 240 67 67 46
643123 39715 7683 46260 262 22 8 9987 41968 10009 65410 24947 35693 8275 138 224 209 233 243 171 209 209 243 170 235 201 144 3 240 67
643122 39715 7682 46291 262 22 8 9986 41968 10009 65410 24947 35693 8275 172 138 224 209 233 243 171 209 209 243 170 235 201 144 3 240
643119 39715 7679 46291 262 19 8 9986 41968 10009 65410 24947 35693 8275 128 193 3 172 138 224 209 233 243 171 209 209 243 170 235 201
643116 39715 7676 46291 262 211 8 9986 41968 10009 65410 24947 35693 8275 128 225 63 128 193 3 172 138 224 209 233 243 171 209 209 243
643114 39715 7674 46291 262 0 8 9986 41968 10009 65410 24947 35693 8275 138 200 128 225 63 128 193 3 172 138 224 209 233 243 171 209
643104 39715 7664 46291 262 0 8 9986 41968 10009 65410 24947 35693 8275 117 8 37 63 0 64 3 248 235 222 138 200 128 225 63 128
643102 39715 7662 46291 262 0 8 9986 41968 10009 65410 24947 35693 8275 168 64 117 8 37 63 0 64 3 248 235 222 138 200 128 225
643087 39715 7647 46291 262 0 8 9986 41968 10009 65410 24947 35693 8275 117 13 138 200 65 209 233 243 165 209 209 243 164 235 234 168
643085 39715 7645 46291 262 0 8 9986 41968 10009 65410 24947 35693 8275 168 128 117 13 138 200 65 209 233 243 165 209 209 243 164 235
643084 39715 7644 46082 262 0 8 9985 41968 10009 65410 24947 35693 8275 172 168 128 117 13 138 200 65 209 233 243 165 209 209 243 164
643082 39715 7642 46082 262 0 8 9985 41968 10009 65410 24947 35693 8275 116 54 172 168 128 117 13 138 200 65 209 233 243 165 209 209
643080 39715 7640 46082 262 0 8 9985 41968 10009 65410 24947 35693 8275 59 245 116 54 172 168 128 117 13 138 200 65 209 233 243 165
643100 39715 7660 46082 262 0 8 9985 41968 10009 65410 24947 35693 8275 235 234 168 64 117 8 37 63 0 64 3 248 235 222 138 200
643098 39715 7658 46082 262 1 8 9984 41967 10009 65410 24947 35693 8275 243 164 235 234 168 64 117 8 37 63 0 64 3 248 235 222
643096 39715 7656 46082 262 0 8 9984 41967 10009 65410 24947 35693 8275 209 209 243 164 235 234 168 64 117 8 37 63 0 64 3 248
643094 39715 7654 46082 262 1 8 9982 41965 10009 65410 24947 35693 8275 243 165 209 209 243 164 235 234 168 64 117 8 37 63 0 64
643092 39715 7652 46082 262 3 8 9982 41965 10009 65410 24947 35693 8275 209 233 243 165 209 209 243 164 235 234 168 64 117 8 37 63
643091 39715 7651 46082 262 2 8 9982 41965 10009 65410 24947 35693 8275 65 209 233 243 165 209 209 243 164 235 234 168 64 117 8 37
643089 39715 7649 46082 262 0 8 9982 41965 10009 65410 24947 35693 8275 138 200 65 209 233 243 165 209 209 243 164 235 234 168 64 117
643087 39715 7647 46082 262 0 8 9982 41965 10009 65410 24947 35693 8275 117 13 138 200 65 209 233 243 165 209 209 243 164 235 234 168
643085 39715 7645 46082 262 0 8 9982 41965 10009 65410 24947 35693 8275 168 128 117 13 138 200 65 209 233 243 165 209 209 243 164 235
643084 39715 7644 46260 262 0 8 9981 41965 10009 65410 24947 35693 8275 172 168 128 117 13 138 200 65 209 233 243 165 209 209 243 164
643082 39715 7642 46260 262 0 8 9981 41965 10009 65410 24947 35693 8275 116 54 172 168 128 117 13 138 200 65 209 233 243 165 209 209
643080 39715 7640 46260 262 0 8 9981 41965 10009 65410 24947 35693 8275 59 245 116 54 172 168 128 117 13 138 200 65 209 233 243 165
643133 39715 7693 46260 262 0 8 9981 41965 10009 65410 24947 35693 8275 235 201 144 3 240 67 67 46 255 14 100 11 117 163 144 195
643131 39715 7691 46260 262 1 8 9981 41964 10009 65410 24947 35693 8275 243 170 235 201 144 3 240 67 67 46 255 14 100 11 117 163
643129 39715 7689 46260 262 0 8 9981 41964 10009 65410 24947 35693 8275 209 209 243 170 235 201 144 3 240 67 67 46 255 14 100 11
643127 39715 7687 46260 262 4 8 9981 41956 10009 65410 24947 35693 8275 243 171 209 209 243 170 235 201 144 3 240 67 67 46 255 14
643125 39715 7685 46260 262 9 8 9981 41956 10009 65410 24947 35693 8275 209 233 243 171 209 209 243 170 235 201 144 3 240 67 67 46
643123 39715 7683 46004 262 9 8 9981 41956 10009 65410 24947 35693 8275 138 224 209 233 243 171 209 209 243 170 235 201 144 3 240 67
643122 39715 7682 46022 262 9 8 9980 41956 10009 65410 24947 35693 8275 172 138 224 209 233 243 171 209 209 243 170 235 201 144 3 240
643119 39715 7679 46022 262 6 8 9980 41956 10009 65410 24947 35693 8275 128 193 3 172 138 224 209 233 243 171 209 209 243 170 235 201
643116 39715 7676 46022 262 198 8 9980 41956 10009 65410 24947 35693 8275 128 225 63 128 193 3 172 138 224 209 233 243 171 209 209 243
643114 39715 7674 46022 262 0 8 9980 41956 10009 65410 24947 35693 8275 138 200 128 225 63 128 193 3 172 138 224 209 233 243 171 209
643104 39715 7664 46022 262 0 8 9980 41956 10009 65410 24947 35693 8275 117 8 37 63 0 64 3 248 235 222 138 200 128 225 63 128
643102 39715 7662 46022 262 0 8 9980 41956 10009 65410 24947 35693 8275 168 64 117 8 37 63 0 64 3 248 235 222 138 200 128 225
643087 39715 7647 46022 262 0 8 9980 41956 10009 65410 24947 35693 8275 117 13 138 200 65 209 233 243 165 209 209 243 164 235 234 168
643085 39715 7645 46022 262 0 8 9980 41956 10009 65410 24947 35693 8275 168 128 117 13 138 200 65 209 233 243 165 209 209 243 164 235
643084 39715 7644 46003 262 0 8 9979 41956 10009 65410 24947 35693 8275 172 168 128 117 13 138 200 65 209 233 243 165 209 209 243 164
643082 39715 7642 46003 262 0 8 9979 41956 10009 65410 24947 35693 8275 116 54 172 168 128 117 13 138 200 65 209 233 243 165 209 209
643080 39715 7640 46003 262 0 8 9979 41956 10009 65410 24947 35693 8275 59 245 116 54 172 168 128 117 13 138 200 65 209 233 243 165
643133 39715 7693 46003 262 0 8 9979 41956 10009 65410 24947 35693 8275 235 201 144 3 240 67 67 46 255 14 100 11 117 163 144 195
643131 39715 7691 46003 262 0 8 9979 41956 10009 65410 24947 35693 8275 243 170 235 201 144 3 240 67 67 46 255 14 100 11 117 163
643129 39715 7689 46003 262 0 8 9979 41956 10009 65410 24947 35693 8275 209 209 243 170 235 201 144 3 240 67 67 46 255 14 100 11
643127 39715 7687 46003 262 2 8 9979 41952 10009 65410 24947 35693 8275 243 171 209 209 243 170 235 201 144 3 240 67 67 46 255 14
643125 39715 7685 46003 262 4 8 9979 41952 10009 65410 24947 35693 8275 209 233 243 171 209 209 243 170 235 201 144 3 240 67 67 46
643123 39715 7683 46259 262 4 8 9979 41952 10009 65410 24947 35693 8275 138 224 209 233 243 171 209 209 243 170 235 201 144 3 240 67
643122 39715 7682 46273 262 4 8 9978 41952 10009 65410 24947 35693 8275 172 138 224 209 233 243 171 209 209 243 170 235 201 144 3 240
643119 39715 7679 46273 262 1 8 9978 41952 10009 65410 24947 35693 8275 128 193 3 172 138 224 209 233 243 171 209 209 243 170 235 201
643116 39715 7676 46273 262 193 8 9978 41952 10009 65410 24947 35693 8275 128 225 63 128 193 3 172 138 224 209 233 243 171 209 209 243
643114 39715 7674 46273 262 0 8 9978 41952 10009 65410 24947 35693 8275 138 200 128 225 63 128 193 3 172 138 224 209 233 243 171 209
643104 39715 7664 46273 262 0 8 9978 41952 10009 65410 24947 35693 8275 117 8 37 63 0 64 3 248 235 222 138 200 128 225 63 128
643102 39715 7662 46273 262 0 8 9978 41952 10009 65410 24947 35693 8275 168 64 117 8 37 63 0 64 3 248 235 222 138 200 128 225
643087 39715 7647 46273 262 0 8 9978 41952 10009 65410 24947 35693 8275 117 13 138 200 65 209 233 243 165 209 209 243 164 235 234 168
643085 39715 7645 46273 262 0 8 9978 41952 10009 65410 24947 35693 8275 168 128 117 13 138 200 65 209 233 243 165 209 209 243 164 235
643084 39715 7644 46260 262 0 8 9977 41952 10009 65410 24947 35693 8275 172 168 128 117 13 138 200 65 209 233 243 165 209 209 243 164
643082 39715 7642 46260 262 0 8 9977 41952 10009 65410 24947 35693 8275 116 54 172 168 128 117 13 138 200 65 209 233 243 165 209 209
643080 39715 7640 46260 262 0 8 9977 41952 10009 65410 24947 35693 8275 59 245 116 54 172 168 128 117 13 138 200 65 209 233 243 165
643133 39715 7693 46260 262 0 8 9977 41952 10009 65410 24947 35693 8275 235 201 144 3 240 67 67 46 255 14 100 11 117 163 144 195
643131 39715 7691 46260 262 0 8 9977 41952 10009 65410 24947 35693 8275 243 170 235 201 144 3 240 67 67 46 255 14 100 11 117 163
643129 39715 7689 46260 262 0 8 9977 41952 10009 65410 24947 35693 8275 209 209 243 170 235 201 144 3 240 67 67 46 255 14 100 11
643127 39715 7687 46260 262 2 8 9977 41948 10009 65410 24947 35693 8275 243 171 209 209 243 170 235 201 144 3 240 67 67 46 255 14
643125 39715 7685 46260 262 4 8 9977 41948 10009 65410 24947 35693 8275 209 233 243 171 209 209 243 170 235 201 144 3 240 67 67 46
643123 39715 7683 46004 262 4 8 9977 41948 10009 65410 24947 35693 8275 138 224 209 233 243 171 209 209 243 170 235 201 144 3 240 67
643122 39715 7682 46017 262 4 8 9976 41948 10009 65410 24947 35693 8275 172 138 224 209 233 243 171 209 209 243 170 235 201 144 3 240
643119 39715 7679 46017 262 1 8 9976 41948 10009 65410 24947 35693 8275 128 193 3 172 138 224 209 233 243 171 209 209 243 170 235 201
643116 39715 7676 46017 262 193 8 9976 41948 10009 65410 24947 35693 8275 128 225 63 128 193 3 172 138 224 209 233 243 171 209 209 243
643114 39715 7674 46017 262 0 8 9976 41948 10009 65410 24947 35693 8275 138 200 128 225 63 128 193 3 172 138 224 209 233 243 171 209
643104 39715 7664 46017 262 0 8 9976 41948 10009 65410 24947 35693 8275 117 8 37 63 0 64 3 248 235 222 138 200 128 225 63 128
643102 39715 7662 46017 262 0 8 9976 41948 10009 65410 24947 35693 8275 168 64 117 8 37 63 0 64 3 248 235 222 138 200 128 225
643087 39715 7647 46017 262 0 8 9976 41948 10009 65410 24947 35693 8275 117 13 138 200 65 209 233 243 165 209 209 243 164 235 234 168
643085 39715 7645 46017 262 0 8 9976 41948 10009 65410 24947 35693 8275 168 128 117 13 138 200 65 209 233 243 165 209 209 243 164 235
643084 39715 7644 46003 262 0 8 9975 41948 10009 65410 24947 35693 8275 172 168 128 117 13 138 200 65 209 233 243 165 209 209 243 164
643082 39715 7642 46003 262 0 8 9975 41948 10009 65410 24947 35693 8275 116 54 172 168 128 117 13 138 200 65 209 233 243 165 209 209
643080 39715 7640 46003 262 0 8 9975 41948 10009 65410 24947 35693 8275 59 245 116 54 172 168 128 117 13 138 200 65 209 233 243 165
643133 39715 7693 46003 262 0 8 9975 41948 10009 65410 24947 35693 8275 235 201 144 3 240 67 67 46 255 14 100 11 117 163 144 195
643131 39715 7691 46003 262 0 8 9975 41948 10009 65410 24947 35693 8275 243 170 235 201 144 3 240 67 67 46 255 14 100 11 117 163
643129 39715 7689 46003 262 0 8 9975 41948 10009 65410 24947 35693 8275 209 209 243 170 235 201 144 3 240 67 67 46 255 14 100 11
643127 39715 7687 46003 262 5 8 9975 41938 10009 65410 24947 35693 8275 243 171 209 209 243 170 235 201 144 3 240 67 67 46 255 14
643125 39715 7685 46003 262 10 8 9975 41938 10009 65410 24947 35693 8275 209 233 243 171 209 209 243 170 235 201 144 3 240 67 67 46
643123 39715 7683 46259 262 10 8 9975 41938 10009 65410 24947 35693 8275 138 224 209 233 243 171 209 209 243 170 235 201 144 3 240 67
643122 39715 7682 46279 262 10 8 9974 41938 10009 65410 24947 35693 8275 172 138 224 209 233 243 171 209 209 243 170 235 201 144 3 240
643119 39715 7679 46279 262 7 8 9974 41938 10009 65410 24947 35693 8275 128 193 3 172 138 224 209 233 243 171 209 209 243 170 235 201
643116 39715 7676 46279 262 199 8 9974 41938 10009 65410 24947 35693 8275 128 225 63 128 193 3 172 138 224 209 233 243 171 209 209 243
643114 39715 7674 46279 262 0 8 9974 41938 10009 65410 24947 35693 8275 138 200 128 225 63 128 193 3 172 138 224 209 233 243 171 209
643104 39715 7664 46279 262 0 8 9974 41938 10009 65410 24947 35693 8275 117 8 37 63 0 64 3 248 235 222 138 200 128 225 63 128
643102 39715 7662 46279 262 0 8 9974 41938 10009 65410 24947 35693 8275 168 64 117 8 37 63 0 64 3 248 235 222 138 200 128 225
643087 39715 7647 46279 262 0 8 9974 41938 10009 65410 24947 35693 8275 117 13 138 200 65 209 233 243 165 209 209 243 164 235 234 168
643085 39715 7645 46279 262 0 8 9974 41938 10009 65410 24947 35693 8275 168 128 117 13 138 200 65 209 233 243 165 209 209 243 164 235
643084 39715 7644 46084 262 0 8 9973 41938 10009 65410 24947 35693 8275 172 168 128 117 13 138 200 65 209 233 243 165 209 209 243 164
643082 39715 7642 46084 262 0 8 9973 41938 10009 65410 24947 35693 8275 116 54 172 168 128 117 13 138 200 65 209 233 243 165 209 209
643080 39715 7640 46084 262 0 8 9973 41938 10009 65410 24947 35693 8275 59 245 116 54 172 168 128 117 13 138 200 65 209 233 243 165
643100 39715 7660 46084 262 0 8 9973 41938 10009 65410 24947 35693 8275 235 234 168 64 117 8 37 63 0 64 3 248 235 222 138 200
643098 39715 7658 46084 262 1 8 9972 41937 10009 65410 24947 35693 8275 243 164 235 234 168 64 117 8 37 63 0 64 3 248 235 222
643096 39715 7656 46084 262 0 8 9972 41937 10009 65410 24947 35693 8275 209 209 243 164 235 234 168 64 117 8 37 63 0 64 3 248
643094 39715 7654 46084 262 2 8 9968 41933 10009 65410 24947 35693 8275 243 165 209 209 243 164 235 234 168 64 117 8 37 63 0 64
643092 39715 7652 46084 262 5 8 9968 41933 10009 65410 24947 35693 8275 209 233 243 165 209 209 243 164 235 234 168 64 117 8 37 63
643091 39715 7651 46084 262 4 8 9968 41933 10009 65410 24947 35693 8275 65 209 233 243 165 209 209 243 164 235 234 168 64 117 8 37
643089 39715 7649 46084 262 0 8 9968 41933 10009 65410 24947 35693 8275 138 200 65 209 233 243 165 209 209 243 164 235 234 168 64 117
643087 39715 7647 46084 262 0 8 9968 41933 10009 65410 24947 35693 8275 117 13 138 200 65 209 233 243 165 209 209 243 164 235 234 168
643085 39715 7645 46084 262 0 8 9968 41933 10009 65410 24947 35693 8275 168 128 117 13 138 200 65 209 233 243 165 209 209 243 164 235
643084 39715 7644 46260 262 0 8 9967 41933 10009 65410 24947 35693 8275 172 168 128 117 13 138 200 65 209 233 243 165 209 209 243 164
643082 39715 7642 46260 262 0 8 9967 41933 10009 65410 24947 35693 8275 116 54 172 168 128 117 13 138 200 65 209 233 243 165 209 209
643080 39715 7640 46260 262 0 8 9967 41933 10009 65410 24947 35693 8275 59 245 116 54 172 168 128 117 13 138 200 65 209 233 243 165
643133 39715 7693 46260 262 0 8 9967 41933 10009 65410 24947 35693 8275 235 201 144 3 240 67 67 46 255 14 100 11 117 163 144 195
643131 39715 7691 46260 262 1 8 9967 41932 10009 65410 24947 35693 8275 243 170 235 201 144 3 240 67 67 46 255 14 100 11 117 163
643129 39715 7689 46260 262 0 8 9967 41932 10009 65410 24947 35693 8275 209 209 243 170 235 201 144 3 240 67 67 46 255 14 100 11
643127 39715 7687 46260 262 2 8 9967 41928 10009 65410 24947 35693 8275 243 171 209 209 243 170 235 201 144 3 240 67 67 46 255 14
643125 39715 7685 46260 262 5 8 9967 41928 10009 65410 24947 35693 8275 209 233 243 171 209 209 243 170 235 201 144 3 240 67 67 46
643123 39715 7683 180 262 5 8 9967 41928 10009 65410 24947 35693 8275 138 224 209 233 243 171 209 209 243 170 235 201 144 3 240 67
643122 39715 7682 194 262 5 8 9966 41928 10009 65410 24947 35693 8275 172 138 224 209 233 243 171 209 209 243 170 235 201 144 3 240
643119 39715 7679 194 262 2 8 9966 41928 10009 65410 24947 35693 8275 128 193 3 172 138 224 209 233 243 171 209 209 243 170 235 201
643116 39715 7676 194 262 194 8 9966 41928 10009 65410 24947 35693 8275 128 225 63 128 193 3 172 138 224 209 233 243 171 209 209 243
643114 39715 7674 194 262 0 8 9966 41928 10009 65410 24947 35693 8275 138 200 128 225 63 128 193 3 172 138 224 209 233 243 171 209
643104 39715 7664 194 262 0 8 9966 41928 10009 65410 24947 35693 8275 117 8 37 63 0 64 3 248 235 222 138 200 128 225 63 128
643102 39715 7662 194 262 0 8 9966 41928 10009 65410 24947 35693 8275 168 64 117 8 37 63 0 64 3 248 235 222 138 200 128 225
643087 39715 7647 194 262 0 8 9966 41928 10009 65410 24947 35693 8275 117 13 138 200 65 209 233 243 165 209 209 243 164 235 234 168
643085 39715 7645 194 262 0 8 9966 41928 10009 65410 24947 35693 8275 168 128 117 13 138 200 65 209 233 243 165 209 209 243 164 235
643084 39715 7644 0 262 0 8 9965 41928 10009 65410 24947 35693 8275 172 168 128 117 13 138 200 65 209 233 243 165 209 209 243 164
643082 39715 7642 0 262 0 8 9965 41928 10009 65410 24947 35693 8275 116 54 172 168 128 117 13 138 200 65 209 233 243 165 209 209
643080 39715 7640 0 262 0 8 9965 41928 10009 65410 24947 35693 8275 59 245 116 54 172 168 128 117 13 138 200 65 209 233 243 165
643079 39715 7639 0 262 0 8 9965 41928 10009 65410 24947 35693 8275 144 59 245 116 54 172 168 128 117 13 138 200 65 209 233 243
643077 39715 7637 0 262 0 8 9965 41928 10009 65410 24947 35693 8275 3 248 144 59 245 116 54 172 168 128 117 13 138 200 65 209
643076 39715 7636 46 262 0 8 9963 41928 10009 65410 24947 35693 8275 173 3 248 144 59 245 116 54 172 168 128 117 13 138 200 65
643074 39715 7634 46 262 0 8 9963 41920 10009 65410 24947 35693 8275 3 250 173 3 248 144 59 245 116 54 172 168 128 117 13 138
643069 39715 7629 46 262 0 8 9963 41824 10009 65410 24947 35693 8275 46 139 191 156 6 3 250 173 3 248 144 59 245 116 54 172
643067 39715 7627 46 262 0 8 9963 41824 9963 65410 24947 35693 8275 3 232 46 139 191 156 6 3 250 173 3 248 144 59 245 116
643065 39715 7625 46 262 0 8 9963 41824 9961 65410 24947 35693 8275 139 238 3 232 46 139 191 156 6 3 250 173 3 248 144 59
643063 39715 7623 46 262 0 8 9963 41824 9961 65410 24947 35693 8275 115 71 139 238 3 232 46 139 191 156 6 3 250 173 3 248
643059 39715 7619 46 262 0 8 9963 41824 9961 65410 24947 35693 8275 129 251 144 1 115 71 139 238 3 232 46 139 191 156 6 3
643057 39715 7617 46 262 0 8 9963 41824 9961 65410 24947 35693 8275 116 79 129 251 144 1 115 71 139 238 3 232 46 139 191 156
643055 39715 7615 46 262 0 8 9963 41824 9961 65410 24947 35693 8275 11 192 116 79 129 251 144 1 115 71 139 238 3 232 46 139
643054 39715 7614 46260 262 0 8 9961 41824 9961 65410 24947 35693 8275 173 11 192 116 79 129 251 144 1 115 71 139 238 3 232 46
643145 39715 7705 46260 262 0 8 9961 41824 9961 65410 24947 35693 8275 117 163 144 195 144 86 83 81 139 52 232 12 0 89 91 94
643140 39715 7700 46260 262 0 8 9961 41824 9961 65410 24947 35693 8275 46 255 14 100 11 117 163 144 195 144 86 83 81 139 52 232
643139 39715 7699 46260 261 0 8 9961 41824 9961 65410 24947 35693 8275 67 46 255 14 100 11 117 163 144 195 144 86 83 81 139 52
643138 39715 7698 46260 260 0 8 9961 41824 9961 65410 24947 35693 8275 67 67 46 255 14 100 11 117 163 144 195 144 86 83 81 139
643082 39715 7642 46260 260 0 8 9961 41824 9961 65410 24947 35693 8275 116 54 172 168 128 117 13 138 200 65 209 233 243 165 209 209
643080 39715 7640 46260 260 0 8 9961 41824 9961 65410 24947 35693 8275 59 245 116 54 172 168 128 117 13 138 200 65 209 233 243 165
643133 39715 7693 46260 260 0 8 9961 41824 9961 65410 24947 35693 8275 235 201 144 3 240 67 67 46 255 14 100 11 117 163 144 195
643131 39715 7691 46260 260 1 8 9961 41823 9961 65410 24947 35693 8275 243 170 235 201 144 3 240 67 67 46 255 14 100 11 117 163
643129 39715 7689 46260 260 0 8 9961 41823 9961 65410 24947 35693 8275 209 209 243 170 235 201 144 3 240 67 67 46 255 14 100 11
643127 39715 7687 46260 260 19 8 9961 41785 9961 65410 24947 35693 8275 243 171 209 209 243 170 235 201 144 3 240 67 67 46 255 14
643125 39715 7685 46260 260 39 8 9961 41785 9961 65410 24947 35693 8275 209 233 243 171 209 209 243 170 235 201 144 3 240 67 67 46
643123 39715 7683 46260 260 39 8 9961 41785 9961 65410 24947 35693 8275 138 224 209 233 243 171 209 209 243 170 235 201 144 3 240 67
643122 39715 7682 46308 260 39 8 9960 41785 9961 65410 24947 35693 8275 172 138 224 209 233 243 171 209 209 243 170 235 201 144 3 240
643119 39715 7679 46308 260 36 8 9960 41785 9961 65410 24947 35693 8275 128 193 3 172 138 224 209 233 243 171 209 209 243 170 235 201
643116 39715 7676 46308 260 228 8 9960 41785 9961 65410 24947 35693 8275 128 225 63 128 193 3 172 138 224 209 233 243 171 209 209 243
643114 39715 7674 46308 260 0 8 9960 41785 9961 65410 24947 35693 8275 138 200 128 225 63 128 193 3 172 138 224 209 233 243 171 209
643104 39715 7664 46308 260 0 8 9960 41785 9961 65410 24947 35693 8275 117 8 37 63 0 64 3 248 235 222 138 200 128 225 63 128
643102 39715 7662 46308 260 0 8 9960 41785 9961 65410 24947 35693 8275 168 64 117 8 37 63 0 64 3 248 235 222 138 200 128 225
643087 39715 7647 46308 260 0 8 9960 41785 9961 65410 24947 35693 8275 117 13 138 200 65 209 233 243 165 209 209 243 164 235 234 168
643085 39715 7645 46308 260 0 8 9960 41785 9961 65410 24947 35693 8275 168 128 117 13 138 200 65 209 233 243 165 209 209 243 164 235
643084 39715 7644 46081 260 0 8 9959 41785 9961 65410 24947 35693 8275 172 168 128 117 13 138 200 65 209 233 243 165 209 209 243 164
643082 39715 7642 46081 260 0 8 9959 41785 9961 65410 24947 35693 8275 116 54 172 168 128 117 13 138 200 65 209 233 243 165 209 209
643080 39715 7640 46081 260 0 8 9959 41785 9961 65410 24947 35693 8275 59 245 116 54 172 168 128 117 13 138 200 65 209 233 243 165
643100 39715 7660 46081 260 0 8 9959 41785 9961 65410 24947 35693 8275 235 234 168 64 117 8 37 63 0 64 3 248 235 222 138 200
643098 39715 7658 46081 260 0 8 9959 41785 9961 65410 24947 35693 8275 243 164 235 234 168 64 117 8 37 63 0 64 3 248 235 222
643096 39715 7656 46081 260 0 8 9959 41785 9961 65410 24947 35693 8275 209 209 243 164 235 234 168 64 117 8 37 63 0 64 3 248
643094 39715 7654 46081 260 1 8 9957 41783 9961 65410 24947 35693 8275 243 165 209 209 243 164 235 234 168 64 117 8 37 63 0 64
643092 39715 7652 46081 260 2 8 9957 41783 9961 65410 24947 35693 8275 209 233 243 165 209 209 243 164 235 234 168 64 117 8 37 63
643091 39715 7651 46081 260 1 8 9957 41783 9961 65410 24947 35693 8275 65 209 233 243 165 209 209 243 164 235 234 168 64 117 8 37
643089 39715 7649 46081 260 0 8 9957 41783 9961 65410 24947 35693 8275 138 200 65 209 233 243 165 209 209 243 164 235 234 168 64 117
643087 39715 7647 46081 260 0 8 9957 41783 9961 65410 24947 35693 8275 117 13 138 200 65 209 233 243 165 209 209 243 164 235 234 168
643085 39715 7645 46081 260 0 8 9957 41783 9961 65410 24947 35693 8275 168 128 117 13 138 200 65 209 233 243 165 209 209 243 164 235
643084 39715 7644 46260 260 0 8 9956 41783 9961 65410 24947 35693 8275 172 168 128 117 13 138 200 65 209 233 243 165 209 209 243 164
643082 39715 7642 46260 260 0 8 9956 41783 9961 65410 24947 35693 8275 116 54 172 168 128 117 13 138 200 65 209 233 243 165 209 209
643080 39715 7640 46260 260 0 8 9956 41783 9961 65410 24947 35693 8275 59 245 116 54 172 168 128 117 13 138 200 65 209 233 243 165
643133 39715 7693 46260 260 0 8 9956 41783 9961 65410 24947 35693 8275 235 201 144 3 240 67 67 46 255 14 100 11 117 163 144 195
643131 39715 7691 46260 260 0 8 9956 41783 9961 65410 24947 35693 8275 243 170 235 201 144 3 240 67 67 46 255 14 100 11 117 163
643129 39715 7689 46260 260 0 8 9956 41783 9961 65410 24947 35693 8275 209 209 243 170 235 201 144 3 240 67 67 46 255 14 100 11
643127 39715 7687 46260 260 22 8 9956 41739 9961 65410 24947 35693 8275 243 171 209 209 243 170 235 201 144 3 240 67 67 46 255 14
643125 39715 7685 46260 260 44 8 9956 41739 9961 65410 24947 35693 8275 209 233 243 171 209 209 243 170 235 201 144 3 240 67 67 46
643123 39715 7683 46260 260 44 8 9956 41739 9961 65410 24947 35693 8275 138 224 209 233 243 171 209 209 243 170 235 201 144 3 240 67
643122 39715 7682 46313 260 44 8 9955 41739 9961 65410 24947 35693 8275 172 138 224 209 233 243 171 209 209 243 170 235 201 144 3 240
643119 39715 7679 46313 260 41 8 9955 41739 9961 65410 24947 35693 8275 128 193 3 172 138 224 209 233 243 171 209 209 243 170 235 201
643116 39715 7676 46313 260 233 8 9955 41739 9961 65410 24947 35693 8275 128 225 63 128 193 3 172 138 224 209 233 243 171 209 209 243
643114 39715 7674 46313 260 0 8 9955 41739 9961 65410 24947 35693 8275 138 200 128 225 63 128 193 3 172 138 224 209 233 243 171 209
643104 39715 7664 46313 260 0 8 9955 41739 9961 65410 24947 35693 8275 117 8 37 63 0 64 3 248 235 222 138 200 128 225 63 128
643102 39715 7662 46313 260 0 8 9955 41739 9961 65410 24947 35693 8275 168 64 117 8 37 63 0 64 3 248 235 222 138 200 128 225
643087 39715 7647 46313 260 0 8 9955 41739 9961 65410 24947 35693 8275 117 13 138 200 65 209 233 243 165 209 209 243 164 235 234 168
643085 39715 7645 46313 260 0 8 9955 41739 9961 65410 24947 35693 8275 168 128 117 13 138 200 65 209 233 243 165 209 209 243 164 235
643084 39715 7644 46082 260 0 8 9954 41739 9961 65410 24947 35693 8275 172 168 128 117 13 138 200 65 209 233 243 165 209 209 243 164
643082 39715 7642 46082 260 0 8 9954 41739 9961 65410 24947 35693 8275 116 54 172 168 128 117 13 138 200 65 209 233 243 165 209 209
643080 39715 7640 46082 260 0 8 9954 41739 9961 65410 24947 35693 8275 59 245 116 54 172 168 128 117 13 138 200 65 209 233 243 165
643100 39715 7660 46082 260 0 8 9954 41739 9961 65410 24947 35693 8275 235 234 168 64 117 8 37 63 0 64 3 248 235 222 138 200
643098 39715 7658 46082 260 1 8 9953 41738 9961 65410 24947 35693 8275 243 164 235 234 168 64 117 8 37 63 0 64 3 248 235 222
643096 39715 7656 46082 260 0 8 9953 41738 9961 65410 24947 35693 8275 209 209 243 164 235 234 168 64 117 8 37 63 0 64 3 248
643094 39715 7654 46082 260 1 8 9951 41736 9961 65410 24947 35693 8275 243 165 209 209 243 164 235 234 168 64 117 8 37 63 0 64
643092 39715 7652 46082 260 3 8 9951 41736 9961 65410 24947 35693 8275 209 233 243 165 209 209 243 164 235 234 168 64 117 8 37 63
643091 39715 7651 46082 260 2 8 9951 41736 9961 65410 24947 35693 8275 65 209 233 243 165 209 209 243 164 235 234 168 64 117 8 37
643089 39715 7649 46082 260 0 8 9951 41736 9961 65410 24947 35693 8275 138 200 65 209 233 243 165 209 209 243 164 235 234 168 64 117
643087 39715 7647 46082 260 0 8 9951 41736 9961 65410 24947 35693 8275 117 13 138 200 65 209 233 243 165 209 209 243 164 235 234 168
643085 39715 7645 46082 260 0 8 9951 41736 9961 65410 24947 35693 8275 168 128 117 13 138 200 65 209 233 243 165 209 209 243 164 235
643084 39715 7644 46260 260 0 8 9950 41736 9961 65410 24947 35693 8275 172 168 128 117 13 138 200 65 209 233 243 165 209 209 243 164
643082 39715 7642 46260 260 0 8 9950 41736 9961 65410 24947 35693 8275 116 54 172 168 128 117 13 138 200 65 209 233 243 165 209 209
643080 39715 7640 46260 260 0 8 9950 41736 9961 65410 24947 35693 8275 59 245 116 54 172 168 128 117 13 138 200 65 209 233 243 165
643133 39715 7693 46260 260 0 8 9950 41736 9961 65410 24947 35693 8275 235 201 144 3 240 67 67 46 255 14 100 11 117 163 144 195
643131 39715 7691 46260 260 0 8 9950 41736 9961 65410 24947 35693 8275 243 170 235 201 144 3 240 67 67 46 255 14 100 11 117 163
643129 39715 7689 46260 260 0 8 9950 41736 9961 65410 24947 35693 8275 209 209 243 170 235 201 144 3 240 67 67 46 255 14 100 11
643127 39715 7687 46260 260 10 8 9950 41716 9961 65410 24947 35693 8275 243 171 209 209 243 170 235 201 144 3 240 67 67 46 255 14
643125 39715 7685 46260 260 20 8 9950 41716 9961 65410 24947 35693 8275 209 233 243 171 209 209 243 170 235 201 144 3 240 67 67 46
643123 39715 7683 46260 260 20 8 9950 41716 9961 65410 24947 35693 8275 138 224 209 233 243 171 209 209 243 170 235 201 144 3 240 67
643122 39715 7682 46289 260 20 8 9949 41716 9961 65410 24947 35693 8275 172 138 224 209 233 243 171 209 209 243 170 235 201 144 3 240
643119 39715 7679 46289 260 17 8 9949 41716 9961 65410 24947 35693 8275 128 193 3 172 138 224 209 233 243 171 209 209 243 170 235 201
643116 39715 7676 46289 260 209 8 9949 41716 9961 65410 24947 35693 8275 128 225 63 128 193 3 172 138 224 209 233 243 171 209 209 243
643114 39715 7674 46289 260 0 8 9949 41716 9961 65410 24947 35693 8275 138 200 128 225 63 128 193 3 172 138 224 209 233 243 171 209
643104 39715 7664 46289 260 0 8 9949 41716 9961 65410 24947 35693 8275 117 8 37 63 0 64 3 248 235 222 138 200 128 225 63 128
643102 39715 7662 46289 260 0 8 9949 41716 9961 65410 24947 35693 8275 168 64 117 8 37 63 0 64 3 248 235 222 138 200 128 225
643087 39715 7647 46289 260 0 8 9949 41716 9961 65410 24947 35693 8275 117 13 138 200 65 209 233 243 165 209 209 243 164 235 234 168
643085 39715 7645 46289 260 0 8 9949 41716 9961 65410 24947 35693 8275 168 128 117 13 138 200 65 209 233 243 165 209 209 243 164 235
643084 39715 7644 46081 260 0 8 9948 41716 9961 65410 24947 35693 8275 172 168 128 117 13 138 200 65 209 233 243 165 209 209 243 164
643082 39715 7642 46081 260 0 8 9948 41716 9961 65410 24947 35693 8275 116 54 172 168 128 117 13 138 200 65 209 233 243 165 209 209
643080 39715 7640 46081 260 0 8 9948 41716 9961 65410 24947 35693 8275 59 245 116 54 172 168 128 117 13 138 200 65 209 233 243 165
643100 39715 7660 46081 260 0 8 9948 41716 9961 65410 24947 35693 8275 235 234 168 64 117 8 37 63 0 64 3 248 235 222 138 200
643098 39715 7658 46081 260 0 8 9948 41716 9961 65410 24947 35693 8275 243 164 235 234 168 64 117 8 37 63 0 64 3 248 235 222
643096 39715 7656 46081 260 0 8 9948 41716 9961 65410 24947 35693 8275 209 209 243 164 235 234 168 64 117 8 37 63 0 64 3 248
643094 39715 7654 46081 260 1 8 9946 41714 9961 65410 24947 35693 8275 243 165 209 209 243 164 235 234 168 64 117 8 37 63 0 64
643092 39715 7652 46081 260 2 8 9946 41714 9961 65410 24947 35693 8275 209 233 243 165 209 209 243 164 235 234 168 64 117 8 37 63
643091 39715 7651 46081 260 1 8 9946 41714 9961 65410 24947 35693 8275 65 209 233 243 165 209 209 243 164 235 234 168 64 117 8 37
643089 39715 7649 46081 260 0 8 9946 41714 9961 65410 24947 35693 8275 138 200 65 209 233 243 165 209 209 243 164 235 234 168 64 117
643087 39715 7647 46081 260 0 8 9946 41714 9961 65410 24947 35693 8275 117 13 138 200 65 209 233 243 165 209 209 243 164 235 234 168
643085 39715 7645 46081 260 0 8 9946 41714 9961 65410 24947 35693 8275 168 128 117 13 138 200 65 209 233 243 165 209 209 243 164 235
643084 39715 7644 46260 260 0 8 9945 41714 9961 65410 24947 35693 8275 172 168 128 117 13 138 200 65 209 233 243 165 209 209 243 164
643082 39715 7642 46260 260 0 8 9945 41714 9961 65410 24947 35693 8275 116 54 172 168 128 117 13 138 200 65 209 233 243 165 209 209
643080 39715 7640 46260 260 0 8 9945 41714 9961 65410 24947 35693 8275 59 245 116 54 172 168 128 117 13 138 200 65 209 233 243 165
643133 39715 7693 46260 260 0 8 9945 41714 9961 65410 24947 35693 8275 235 201 144 3 240 67 67 46 255 14 100 11 117 163 144 195
643131 39715 7691 46260 260 1 8 9945 41713 9961 65410 24947 35693 8275 243 170 235 201 144 3 240 67 67 46 255 14 100 11 117 163
643129 39715 7689 46260 260 0 8 9945 41713 9961 65410 24947 35693 8275 209 209 243 170 235 201 144 3 240 67 67 46 255 14 100 11
643127 39715 7687 46260 260 20 8 9945 41673 9961 65410 24947 35693 8275 243 171 209 209 243 170 235 201 144 3 240 67 67 46 255 14
643125 39715 7685 46260 260 41 8 9945 41673 9961 65410 24947 35693 8275 209 233 243 171 209 209 243 170 235 201 144 3 240 67 67 46
643123 39715 7683 46260 260 41 8 9945 41673 9961 65410 24947 35693 8275 138 224 209 233 243 171 209 209 243 170 235 201 144 3 240 67
643122 39715 7682 46310 260 41 8 9944 41673 9961 65410 24947 35693 8275 172 138 224 209 233 243 171 209 209 243 170 235 201 144 3 240
643119 39715 7679 46310 260 38 8 9944 41673 9961 65410 24947 35693 8275 128 193 3 172 138 224 209 233 243 171 209 209 243 170 235 201
643116 39715 7676 46310 260 230 8 9944 41673 9961 65410 24947 35693 8275 128 225 63 128 193 3 172 138 224 209 233 243 171 209 209 243
643114 39715 7674 46310 260 0 8 9944 41673 9961 65410 24947 35693 8275 138 200 128 225 63 128 193 3 172 138 224 209 233 243 171 209
643104 39715 7664 46310 260 0 8 9944 41673 9961 65410 24947 35693 8275 117 8 37 63 0 64 3 248 235 222 138 200 128 225 63 128
643102 39715 7662 46310 260 0 8 9944 41673 9961 65410 24947 35693 8275 168 64 117 8 37 63 0 64 3 248 235 222 138 200 128 225
643087 39715 7647 46310 260 0 8 9944 41673 9961 65410 24947 35693 8275 117 13 138 200 65 209 233 243 165 209 209 243 164 235 234 168
643085 39715 7645 46310 260 0 8 9944 41673 9961 65410 24947 35693 8275 168 128 117 13 138 200 65 209 233 243 165 209 209 243 164 235
643084 39715 7644 46081 260 0 8 9943 41673 9961 65410 24947 35693 8275 172 168 128 117 13 138 200 65 209 233 243 165 209 209 243 164
643082 39715 7642 46081 260 0 8 9943 41673 9961 65410 24947 35693 8275 116 54 172 168 128 117 13 138 200 65 209 233 243 165 209 209
643080 39715 7640 46081 260 0 8 9943 41673 9961 65410 24947 35693 8275 59 245 116 54 172 168 128 117 13 138 200 65 209 233 243 165
643100 39715 7660 46081 260 0 8 9943 41673 9961 65410 24947 35693 8275 235 234 168 64 117 8 37 63 0 64 3 248 235 222 138 200
643098 39715 7658 46081 260 0 8 9943 41673 9961 65410 24947 35693 8275 243 164 235 234 168 64 117 8 37 63 0 64 3 248 235 222
643096 39715 7656 46081 260 0 8 9943 41673 9961 65410 24947 35693 8275 209 209 243 164 235 234 168 64 117 8 37 63 0 64 3 248
643094 39715 7654 46081 260 1 8 9941 41671 9961 65410 24947 35693 8275 243 165 209 209 243 164 235 234 168 64 117 8 37 63 0 64
643092 39715 7652 46081 260 2 8 9941 41671 9961 65410 24947 35693 8275 209 233 243 165 209 209 243 164 235 234 168 64 117 8 37 63
643091 39715 7651 46081 260 1 8 9941 41671 9961 65410 24947 35693 8275 65 209 233 243 165 209 209 243 164 235 234 168 64 117 8 37
643089 39715 7649 46081 260 0 8 9941 41671 9961 65410 24947 35693 8275 138 200 65 209 233 243 165 209 209 243 164 235 234 168 64 117
643087 39715 7647 46081 260 0 8 9941 41671 9961 65410 24947 35693 8275 117 13 138 200 65 209 233 243 165 209 209 243 164 235 234 168
643085 39715 7645 46081 260 0 8 9941 41671 9961 65410 24947 35693 8275 168 128 117 13 138 200 65 209 233 243 165 209 209 243 164 235
643084 39715 7644 46260 260 0 8 9940 41671 9961 65410 24947 35693 8275 172 168 128 117 13 138 200 65 209 233 243 165 209 209 243 164
643082 39715 7642 46260 260 0 8 9940 41671 9961 65410 24947 35693 8275 116 54 172 168 128 117 13 138 200 65 209 233 243 165 209 209
643080 39715 7640 46260 260 0 8 9940 41671 9961 65410 24947 35693 8275 59 245 116 54 172 168 128 117 13 138 200 65 209 233 243 165
643133 39715 7693 46260 260 0 8 9940 41671 9961 65410 24947 35693 8275 235 201 144 3 240 67 67 46 255 14 100 11 117 163 144 195
643131 39715 7691 46260 260 0 8 9940 41671 9961 65410 24947 35693 8275 243 170 235 201 144 3 240 67 67 46 255 14 100 11 117 163
643129 39715 7689 46260 260 0 8 9940 41671 9961 65410 24947 35693 8275 209 209 243 170 235 201 144 3 240 67 67 46 255 14 100 11
643127 39715 7687 46260 260 11 8 9940 41649 9961 65410 24947 35693 8275 243 171 209 209 243 170 235 201 144 3 240 67 67 46 255 14
643125 39715 7685 46260 260 22 8 9940 41649 9961 65410 24947 35693 8275 209 233 243 171 209 209 243 170 235 201 144 3 240 67 67 46
643123 39715 7683 46260 260 22 8 9940 41649 9961 65410 24947 35693 8275 138 224 209 233 243 171 209 209 243 170 235 201 144 3 240 67
643122 39715 7682 46291 260 22 8 9939 41649 9961 65410 24947 35693 8275 172 138 224 209 233 243 171 209 209 243 170 235 201 144 3 240
643119 39715 7679 46291 260 19 8 9939 41649 9961 65410 24947 35693 8275 128 193 3 172 138 224 209 233 243 171 209 209 243 170 235 201
643116 39715 7676 46291 260 211 8 9939 41649 9961 65410 24947 35693 8275 128 225 63 128 193 3 172 138 224 209 233 243 171 209 209 243
643114 39715 7674 46291 260 0 8 9939 41649 9961 65410 24947 35693 8275 138 200 128 225 63 128 193 3 172 138 224 209 233 243 171 209
643104 39715 7664 46291 260 0 8 9939 41649 9961 65410 24947 35693 8275 117 8 37 63 0 64 3 248 235 222 138 200 128 225 63 128
643102 39715 7662 46291 260 0 8 9939 41649 9961 65410 24947 35693 8275 168 64 117 8 37 63 0 64 3 248 235 222 138 200 128 225
643087 39715 7647 46291 260 0 8 9939 41649 9961 65410 24947 35693 8275 117 13 138 200 65 209 233 243 165 209 209 243 164 235 234 168
643085 39715 7645 46291 260 0 8 9939 41649 9961 65410 24947 35693 8275 168 128 117 13 138 200 65 209 233 243 165 209 209 243 164 235
643084 39715 7644 46082 260 0 8 9938 41649 9961 65410 24947 35693 8275 172 168 128 117 13 138 200 65 209 233 243 165 209 209 243 164
643082 39715 7642 46082 260 0 8 9938 41649 9961 65410 24947 35693 8275 116 54 172 168 128 117 13 138 200 65 209 233 243 165 209 209
643080 39715 7640 46082 260 0 8 9938 41649 9961 65410 24947 35693 8275 59 245 116 54 172 168 128 117 13 138 200 65 209 233 243 165
643100 39715 7660 46082 260 0 8 9938 41649 9961 65410 24947 35693 8275 235 234 168 64 117 8 37 63 0 64 3 248 235 222 138 200
643098 39715 7658 46082 260 1 8 9937 41648 9961 65410 24947 35693 8275 243 164 235 234 168 64 117 8 37 63 0 64 3 248 235 222
643096 39715 7656 46082 260 0 8 9937 41648 9961 65410 24947 35693 8275 209 209 243 164 235 234 168 64 117 8 37 63 0 64 3 248
643094 39715 7654 46082 260 1 8 9935 41646 9961 65410 24947 35693 8275 243 165 209 209 243 164 235 234 168 64 117 8 37 63 0 64
643092 39715 7652 46082 260 3 8 9935 41646 9961 65410 24947 35693 8275 209 233 243 165 209 209 243 164 235 234 168 64 117 8 37 63
643091 39715 7651 46082 260 2 8 9935 41646 9961 65410 24947 35693 8275 65 209 233 243 165 209 209 243 164 235 234 168 64 117 8 37
643089 39715 7649 46082 260 0 8 9935 41646 9961 65410 24947 35693 8275 138 200 65 209 233 243 165 209 209 243 164 235 234 168 64 117
643087 39715 7647 46082 260 0 8 9935 41646 9961 65410 24947 35693 8275 117 13 138 200 65 209 233 243 165 209 209 243 164 235 234 168
643085 39715 7645 46082 260 0 8 9935 41646 9961 65410 24947 35693 8275 168 128 117 13 138 200 65 209 233 243 165 209 209 243 164 235
643084 39715 7644 46260 260 0 8 9934 41646 9961 65410 24947 35693 8275 172 168 128 117 13 138 200 65 209 233 243 165 209 209 243 164
643082 39715 7642 46260 260 0 8 9934 41646 9961 65410 24947 35693 8275 116 54 172 168 128 117 13 138 200 65 209 233 243 165 209 209
643080 39715 7640 46260 260 0 8 9934 41646 9961 65410 24947 35693 8275 59 245 116 54 172 168 128 117 13 138 200 65 209 233 243 165
643133 39715 7693 46260 260 0 8 9934 41646 9961 65410 24947 35693 8275 235 201 144 3 240 67 67 46 255 14 100 11 117 163 144 195
643131 39715 7691 46260 260 1 8 9934 41645 9961 65410 24947 35693 8275 243 170 235 201 144 3 240 67 67 46 255 14 100 11 117 163
643129 39715 7689 46260 260 0 8 9934 41645 9961 65410 24947 35693 8275 209 209 243 170 235 201 144 3 240 67 67 46 255 14 100 11
643127 39715 7687 46260 260 4 8 9934 41637 9961 65410 24947 35693 8275 243 171 209 209 243 170 235 201 144 3 240 67 67 46 255 14
643125 39715 7685 46260 260 9 8 9934 41637 9961 65410 24947 35693 8275 209 233 243 171 209 209 243 170 235 201 144 3 240 67 67 46
643123 39715 7683 46004 260 9 8 9934 41637 9961 65410 24947 35693 8275 138 224 209 233 243 171 209 209 243 170 235 201 144 3 240 67
643122 39715 7682 46022 260 9 8 9933 41637 9961 65410 24947 35693 8275 172 138 224 209 233 243 171 209 209 243 170 235 201 144 3 240
643119 39715 7679 46022 260 6 8 9933 41637 9961 65410 24947 35693 8275 128 193 3 172 138 224 209 233 243 171 209 209 243 170 235 201
643116 39715 7676 46022 260 198 8 9933 41637 9961 65410 24947 35693 8275 128 225 63 128 193 3 172 138 224 209 233 243 171 209 209 243
643114 39715 7674 46022 260 0 8 9933 41637 9961 65410 24947 35693 8275 138 200 128 225 63 128 193 3 172 138 224 209 233 243 171 209
643104 39715 7664 46022 260 0 8 9933 41637 9961 65410 24947 35693 8275 117 8 37 63 0 64 3 248 235 222 138 200 128 225 63 128
643102 39715 7662 46022 260 0 8 9933 41637 9961 65410 24947 35693 8275 168 64 117 8 37 63 0 64 3 248 235 222 138 200 128 225
643087 39715 7647 46022 260 0 8 9933 41637 9961 65410 24947 35693 8275 117 13 138 200 65 209 233 243 165 209 209 243 164 235 234 168
643085 39715 7645 46022 260 0 8 9933 41637 9961 65410 24947 35693 8275 168 128 117 13 138 200 65 209 233 243 165 209 209 243 164 235
643084 39715 7644 46003 260 0 8 9932 41637 9961 65410 24947 35693 8275 172 168 128 117 13 138 200 65 209 233 243 165 209 209 243 164
643082 39715 7642 46003 260 0 8 9932 41637 9961 65410 24947 35693 8275 116 54 172 168 128 117 13 138 200 65 209 233 243 165 209 209
643080 39715 7640 46003 260 0 8 9932 41637 9961 65410 24947 35693 8275 59 245 116 54 172 168 128 117 13 138 200 65 209 233 243 165
643133 39715 7693 46003 260 0 8 9932 41637 9961 65410 24947 35693 8275 235 201 144 3 240 67 67 46 255 14 100 11 117 163 144 195
643131 39715 7691 46003 260 0 8 9932 41637 9961 65410 24947 35693 8275 243 170 235 201 144 3 240 67 67 46 255 14 100 11 117 163
643129 39715 7689 46003 260 0 8 9932 41637 9961 65410 24947 35693 8275 209 209 243 170 235 201 144 3 240 67 67 46 255 14 100 11
643127 39715 7687 46003 260 2 8 9932 41633 9961 65410 24947 35693 8275 243 171 209 209 243 170 235 201 144 3 240 67 67 46 255 14
643125 39715 7685 46003 260 4 8 9932 41633 9961 65410 24947 35693 8275 209 233 243 171 209 209 243 170 235 201 144 3 240 67 67 46
643123 39715 7683 46259 260 4 8 9932 41633 9961 65410 24947 35693 8275 138 224 209 233 243 171 209 209 243 170 235 201 144 3 240 67
643122 39715 7682 46273 260 4 8 9931 41633 9961 65410 24947 35693 8275 172 138 224 209 233 243 171 209 209 243 170 235 201 144 3 240
643119 39715 7679 46273 260 1 8 9931 41633 9961 65410 24947 35693 8275 128 193 3 172 138 224 209 233 243 171 209 209 243 170 235 201
643116 39715 7676 46273 260 193 8 9931 41633 9961 65410 24947 35693 8275 128 225 63 128 193 3 172 138 224 209 233 243 171 209 209 243
643114 39715 7674 46273 260 0 8 9931 41633 9961 65410 24947 35693 8275 138 200 128 225 63 128 193 3 172 138 224 209 233 243 171 209
643104 39715 7664 46273 260 0 8 9931 41633 9961 65410 24947 35693 8275 117 8 37 63 0 64 3 248 235 222 138 200 128 225 63 128
643102 39715 7662 46273 260 0 8 9931 41633 9961 65410 24947 35693 8275 168 64 117 8 37 63 0 64 3 248 235 222 138 200 128 225
643087 39715 7647 46273 260 0 8 9931 41633 9961 65410 24947 35693 8275 117 13 138 200 65 209 233 243 165 209 209 243 164 235 234 168
643085 39715 7645 46273 260 0 8 9931 41633 9961 65410 24947 35693 8275 168 128 117 13 138 200 65 209 233 243 165 209 209 243 164 235
643084 39715 7644 46260 260 0 8 9930 41633 9961 65410 24947 35693 8275 172 168 128 117 13 138 200 65 209 233 243 165 209 209 243 164
643082 39715 7642 46260 260 0 8 9930 41633 9961 65410 24947 35693 8275 116 54 172 168 128 117 13 138 200 65 209 233 243 165 209 209
643080 39715 7640 46260 260 0 8 9930 41633 9961 65410 24947 35693 8275 59 245 116 54 172 168 128 117 13 138 200 65 209 233 243 165
643133 39715 7693 46260 260 0 8 9930 41633 9961 65410 24947 35693 8275 235 201 144 3 240 67 67 46 255 14 100 11 117 163 144 195
643131 39715 7691 46260 260 0 8 9930 41633 9961 65410 24947 35693 8275 243 170 235 201 144 3 240 67 67 46 255 14 100 11 117 163
643129 39715 7689 46260 260 0 8 9930 41633 9961 65410 24947 35693 8275 209 209 243 170 235 201 144 3 240 67 67 46 255 14 100 11
643127 39715 7687 46260 260 2 8 9930 41629 9961 65410 24947 35693 8275 243 171 209 209 243 170 235 201 144 3 240 67 67 46 255 14
643125 39715 7685 46260 260 4 8 9930 41629 9961 65410 24947 35693 8275 209 233 243 171 209 209 243 170 235 201 144 3 240 67 67 46
643123 39715 7683 46004 260 4 8 9930 41629 9961 65410 24947 35693 8275 138 224 209 233 243 171 209 209 243 170 235 201 144 3 240 67
643122 39715 7682 46017 260 4 8 9929 41629 9961 65410 24947 35693 8275 172 138 224 209 233 243 171 209 209 243 170 235 201 144 3 240
643119 39715 7679 46017 260 1 8 9929 41629 9961 65410 24947 35693 8275 128 193 3 172 138 224 209 233 243 171 209 209 243 170 235 201
643116 39715 7676 46017 260 193 8 9929 41629 9961 65410 24947 35693 8275 128 225 63 128 193 3 172 138 224 209 233 243 171 209 209 243
643114 39715 7674 46017 260 0 8 9929 41629 9961 65410 24947 35693 8275 138 200 128 225 63 128 193 3 172 138 224 209 233 243 171 209
643104 39715 7664 46017 260 0 8 9929 41629 9961 65410 24947 35693 8275 117 8 37 63 0 64 3 248 235 222 138 200 128 225 63 128
643102 39715 7662 46017 260 0 8 9929 41629 9961 65410 24947 35693 8275 168 64 117 8 37 63 0 64 3 248 235 222 138 200 128 225
643087 39715 7647 46017 260 0 8 9929 41629 9961 65410 24947 35693 8275 117 13 138 200 65 209 233 243 165 209 209 243 164 235 234 168
643085 39715 7645 46017 260 0 8 9929 41629 9961 65410 24947 35693 8275 168 128 117 13 138 200 65 209 233 243 165 209 209 243 164 235
643084 39715 7644 46003 260 0 8 9928 41629 9961 65410 24947 35693 8275 172 168 128 117 13 138 200 65 209 233 243 165 209 209 243 164
643082 39715 7642 46003 260 0 8 9928 41629 9961 65410 24947 35693 8275 116 54 172 168 128 117 13 138 200 65 209 233 243 165 209 209
643080 39715 7640 46003 260 0 8 9928 41629 9961 65410 24947 35693 8275 59 245 116 54 172 168 128 117 13 138 200 65 209 233 243 165
643133 39715 7693 46003 260 0 8 9928 41629 9961 65410 24947 35693 8275 235 201 144 3 240 67 67 46 255 14 100 11 117 163 144 195
643131 39715 7691 46003 260 0 8 9928 41629 9961 65410 24947 35693 8275 243 170 235 201 144 3 240 67 67 46 255 14 100 11 117 163
643129 39715 7689 46003 260 0 8 9928 41629 9961 65410 24947 35693 8275 209 209 243 170 235 201 144 3 240 67 67 46 255 14 100 11
643127 39715 7687 46003 260 5 8 9928 41619 9961 65410 24947 35693 8275 243 171 209 209 243 170 235 201 144 3 240 67 67 46 255 14
643125 39715 7685 46003 260 10 8 9928 41619 9961 65410 24947 35693 8275 209 233 243 171 209 209 243 170 235 201 144 3 240 67 67 46
643123 39715 7683 46259 260 10 8 9928 41619 9961 65410 24947 35693 8275 138 224 209 233 243 171 209 209 243 170 235 201 144 3 240 67
643122 39715 7682 46279 260 10 8 9927 41619 9961 65410 24947 35693 8275 172 138 224 209 233 243 171 209 209 243 170 235 201 144 3 240
643119 39715 7679 46279 260 7 8 9927 41619 9961 65410 24947 35693 8275 128 193 3 172 138 224 209 233 243 171 209 209 243 170 235 201
643116 39715 7676 46279 260 199 8 9927 41619 9961 65410 24947 35693 8275 128 225 63 128 193 3 172 138 224 209 233 243 171 209 209 243
643114 39715 7674 46279 260 0 8 9927 41619 9961 65410 24947 35693 8275 138 200 128 225 63 128 193 3 172 138 224 209 233 243 171 209
643104 39715 7664 46279 260 0 8 9927 41619 9961 65410 24947 35693 8275 117 8 37 63 0 64 3 248 235 222 138 200 128 225 63 128
643102 39715 7662 46279 260 0 8 9927 41619 9961 65410 24947 35693 8275 168 64 117 8 37 63 0 64 3 248 235 222 138 200 128 225
643087 39715 7647 46279 260 0 8 9927 41619 9961 65410 24947 35693 8275 117 13 138 200 65 209 233 243 165 209 209 243 164 235 234 168
643085 39715 7645 46279 260 0 8 9927 41619 9961 65410 24947 35693 8275 168 128 117 13 138 200 65 209 233 243 165 209 209 243 164 235
643084 39715 7644 46084 260 0 8 9926 41619 9961 65410 24947 35693 8275 172 168 128 117 13 138 200 65 209 233 243 165 209 209 243 164
643082 39715 7642 46084 260 0 8 9926 41619 9961 65410 24947 35693 8275 116 54 172 168 128 117 13 138 200 65 209 233 243 165 209 209
643080 39715 7640 46084 260 0 8 9926 41619 9961 65410 24947 35693 8275 59 245 116 54 172 168 128 117 13 138 200 65 209 233 243 165
643100 39715 7660 46084 260 0 8 9926 41619 9961 65410 24947 35693 8275 235 234 168 64 117 8 37 63 0 64 3 248 235 222 138 200
643098 39715 7658 46084 260 1 8 9925 41618 9961 65410 24947 35693 8275 243 164 235 234 168 64 117 8 37 63 0 64 3 248 235 222
643096 39715 7656 46084 260 0 8 9925 41618 9961 65410 24947 35693 8275 209 209 243 164 235 234 168 64 117 8 37 63 0 64 3 248
643094 39715 7654 46084 260 2 8 9921 41614 9961 65410 24947 35693 8275 243 165 209 209 243 164 235 234 168 64 117 8 37 63 0 64
643092 39715 7652 46084 260 5 8 9921 41614 9961 65410 24947 35693 8275 209 233 243 165 209 209 243 164 235 234 168 64 117 8 37 63
643091 39715 7651 46084 260 4 8 9921 41614 9961 65410 24947 35693 8275 65 209 233 243 165 209 209 243 164 235 234 168 64 117 8 37
643089 39715 7649 46084 260 0 8 9921 41614 9961 65410 24947 35693 8275 138 200 65 209 233 243 165 209 209 243 164 235 234 168 64 117
643087 39715 7647 46084 260 0 8 9921 41614 9961 65410 24947 35693 8275 117 13 138 200 65 209 233 243 165 209 209 243 164 235 234 168
643085 39715 7645 46084 260 0 8 9921 41614 9961 65410 24947 35693 8275 168 128 117 13 138 200 65 209 233 243 165 209 209 243 164 235
643084 39715 7644 46260 260 0 8 9920 41614 9961 65410 24947 35693 8275 172 168 128 117 13 138 200 65 209 233 243 165 209 209 243 164
643082 39715 7642 46260 260 0 8 9920 41614 9961 65410 24947 35693 8275 116 54 172 168 128 117 13 138 200 65 209 233 243 165 209 209
643080 39715 7640 46260 260 0 8 9920 41614 9961 65410 24947 35693 8275 59 245 116 54 172 168 128 117 13 138 200 65 209 233 243 165
643133 39715 7693 46260 260 0 8 9920 41614 9961 65410 24947 35693 8275 235 201 144 3 240 67 67 46 255 14 100 11 117 163 144 195
643131 39715 7691 46260 260 0 8 9920 41614 9961 65410 24947 35693 8275 243 170 235 201 144 3 240 67 67 46 255 14 100 11 117 163
643129 39715 7689 46260 260 0 8 9920 41614 9961 65410 24947 35693 8275 209 209 243 170 235 201 144 3 240 67 67 46 255 14 100 11
643127 39715 7687 46260 260 3 8 9920 41608 9961 65410 24947 35693 8275 243 171 209 209 243 170 235 201 144 3 240 67 67 46 255 14
643125 39715 7685 46260 260 6 8 9920 41608 9961 65410 24947 35693 8275 209 233 243 171 209 209 243 170 235 201 144 3 240 67 67 46
643123 39715 7683 180 260 6 8 9920 41608 9961 65410 24947 35693 8275 138 224 209 233 243 171 209 209 243 170 235 201 144 3 240 67
643122 39715 7682 195 260 6 8 9919 41608 9961 65410 24947 35693 8275 172 138 224 209 233 243 171 209 209 243 170 235 201 144 3 240
643119 39715 7679 195 260 3 8 9919 41608 9961 65410 24947 35693 8275 128 193 3 172 138 224 209 233 243 171 209 209 243 170 235 201
643116 39715 7676 195 260 195 8 9919 41608 9961 65410 24947 35693 8275 128 225 63 128 193 3 172 138 224 209 233 243 171 209 209 243
643114 39715 7674 195 260 0 8 9919 41608 9961 65410 24947 35693 8275 138 200 128 225 63 128 193 3 172 138 224 209 233 243 171 209
643104 39715 7664 195 260 0 8 9919 41608 9961 65410 24947 35693 8275 117 8 37 63 0 64 3 248 235 222 138 200 128 225 63 128
643102 39715 7662 195 260 0 8 9919 41608 9961 65410 24947 35693 8275 168 64 117 8 37 63 0 64 3 248 235 222 138 200 128 225
643087 39715 7647 195 260 0 8 9919 41608 9961 65410 24947 35693 8275 117 13 138 200 65 209 233 243 165 209 209 243 164 235 234 168
643085 39715 7645 195 260 0 8 9919 41608 9961 65410 24947 35693 8275 168 128 117 13 138 200 65 209 233 243 165 209 209 243 164 235
643084 39715 7644 0 260 0 8 9918 41608 9961 65410 24947 35693 8275 172 168 128 117 13 138 200 65 209 233 243 165 209 209 243 164
643082 39715 7642 0 260 0 8 9918 41608 9961 65410 24947 35693 8275 116 54 172 168 128 117 13 138 200 65 209 233 243 165 209 209
643080 39715 7640 0 260 0 8 9918 41608 9961 65410 24947 35693 8275 59 245 116 54 172 168 128 117 13 138 200 65 209 233 243 165
643079 39715 7639 0 260 0 8 9918 41608 9961 65410 24947 35693 8275 144 59 245 116 54 172 168 128 117 13 138 200 65 209 233 243
643077 39715 7637 0 260 0 8 9918 41608 9961 65410 24947 35693 8275 3 248 144 59 245 116 54 172 168 128 117 13 138 200 65 209
643076 39715 7636 45 260 0 8 9916 41608 9961 65410 24947 35693 8275 173 3 248 144 59 245 116 54 172 168 128 117 13 138 200 65
643074 39715 7634 45 260 0 8 9916 41600 9961 65410 24947 35693 8275 3 250 173 3 248 144 59 245 116 54 172 168 128 117 13 138
643069 39715 7629 45 260 0 8 9916 41504 9961 65410 24947 35693 8275 46 139 191 156 6 3 250 173 3 248 144 59 245 116 54 172
643067 39715 7627 45 260 0 8 9916 41504 9916 65410 24947 35693 8275 3 232 46 139 191 156 6 3 250 173 3 248 144 59 245 116
643065 39715 7625 45 260 0 8 9916 41504 9914 65410 24947 35693 8275 139 238 3 232 46 139 191 156 6 3 250 173 3 248 144 59
643063 39715 7623 45 260 0 8 9916 41504 9914 65410 24947 35693 8275 115 71 139 238 3 232 46 139 191 156 6 3 250 173 3 248
643059 39715 7619 45 260 0 8 9916 41504 9914 65410 24947 35693 8275 129 251 144 1 115 71 139 238 3 232 46 139 191 156 6 3
643057 39715 7617 45 260 0 8 9916 41504 9914 65410 24947 35693 8275 116 79 129 251 144 1 115 71 139 238 3 232 46 139 191 156
643055 39715 7615 45 260 0 8 9916 41504 9914 65410 24947 35693 8275 11 192 116 79 129 251 144 1 115 71 139 238 3 232 46 139
643054 39715 7614 46260 260 0 8 9914 41504 9914 65410 24947 35693 8275 173 11 192 116 79 129 251 144 1 115 71 139 238 3 232 46
643145 39715 7705 46260 260 0 8 9914 41504 9914 65410 24947 35693 8275 117 163 144 195 144 86 83 81 139 52 232 12 0 89 91 94
643140 39715 7700 46260 260 0 8 9914 41504 9914 65410 24947 35693 8275 46 255 14 100 11 117 163 144 195 144 86 83 81 139 52 232
643139 39715 7699 46260 259 0 8 9914 41504 9914 65410 24947 35693 8275 67 46 255 14 100 11 117 163 144 195 144 86 83 81 139 52
643138 39715 7698 46260 258 0 8 9914 41504 9914 65410 24947 35693 8275 67 67 46 255 14 100 11 117 163 144 195 144 86 83 81 139
643082 39715 7642 46260 258 0 8 9914 41504 9914 65410 24947 35693 8275 116 54 172 168 128 117 13 138 200 65 209 233 243 165 209 209
643080 39715 7640 46260 258 0 8 9914 41504 9914 65410 24947 35693 8275 59 245 116 54 172 168 128 117 13 138 200 65 209 233 243 165
643133 39715 7693 46260 258 0 8 9914 41504 9914 65410 24947 35693 8275 235 201 144 3 240 67 67 46 255 14 100 11 117 163 144 195
643131 39715 7691 46260 258 0 8 9914 41504 9914 65410 24947 35693 8275 243 170 235 201 144 3 240 67 67 46 255 14 100 11 117 163
643129 39715 7689 46260 258 0 8 9914 41504 9914 65410 24947 35693 8275 209 209 243 170 235 201 144 3 240 67 67 46 255 14 100 11
643127 39715 7687 46260 258 20 8 9914 41464 9914 65410 24947 35693 8275 243 171 209 209 243 170 235 201 144 3 240 67 67 46 255 14
643125 39715 7685 46260 258 40 8 9914 41464 9914 65410 24947 35693 8275 209 233 243 171 209 209 243 170 235 201 144 3 240 67 67 46
643123 39715 7683 46260 258 40 8 9914 41464 9914 65410 24947 35693 8275 138 224 209 233 243 171 209 209 243 170 235 201 144 3 240 67
643122 39715 7682 46309 258 40 8 9913 41464 9914 65410 24947 35693 8275 172 138 224 209 233 243 171 209 209 243 170 235 201 144 3 240
643119 39715 7679 46309 258 37 8 9913 41464 9914 65410 24947 35693 8275 128 193 3 172 138 224 209 233 243 171 209 209 243 170 235 201
643116 39715 7676 46309 258 229 8 9913 41464 9914 65410 24947 35693 8275 128 225 63 128 193 3 172 138 224 209 233 243 171 209 209 243
643114 39715 7674 46309 258 0 8 9913 41464 9914 65410 24947 35693 8275 138 200 128 225 63 128 193 3 172 138 224 209 233 243 171 209
643104 39715 7664 46309 258 0 8 9913 41464 9914 65410 24947 35693 8275 117 8 37 63 0 64 3 248 235 222 138 200 128 225 63 128
643102 39715 7662 46309 258 0 8 9913 41464 9914 65410 24947 35693 8275 168 64 117 8 37 63 0 64 3 248 235 222 138 200 128 225
643087 39715 7647 46309 258 0 8 9913 41464 9914 65410 24947 35693 8275 117 13 138 200 65 209 233 243 165 209 209 243 164 235 234 168
643085 39715 7645 46309 258 0 8 9913 41464 9914 65410 24947 35693 8275 168 128 117 13 138 200 65 209 233 243 165 209 209 243 164 235
643084 39715 7644 46081 258 0 8 9912 41464 9914 65410 24947 35693 8275 172 168 128 117 13 138 200 65 209 233 243 165 209 209 243 164
643082 39715 7642 46081 258 0 8 9912 41464 9914 65410 24947 35693 8275 116 54 172 168 128 117 13 138 200 65 209 233 243 165 209 209
643080 39715 7640 46081 258 0 8 9912 41464 9914 65410 24947 35693 8275 59 245 116 54 172 168 128 117 13 138 200 65 209 233 243 165
643100 39715 7660 46081 258 0 8 9912 41464 9914 65410 24947 35693 8275 235 234 168 64 117 8 37 63 0 64 3 248 235 222 138 200
643098 39715 7658 46081 258 0 8 9912 41464 9914 65410 24947 35693 8275 243 164 235 234 168 64 117 8 37 63 0 64 3 248 235 222
643096 39715 7656 46081 258 0 8 9912 41464 9914 65410 24947 35693 8275 209 209 243 164 235 234 168 64 117 8 37 63 0 64 3 248
643094 39715 7654 46081 258 1 8 9910 41462 9914 65410 24947 35693 8275 243 165 209 209 243 164 235 234 168 64 117 8 37 63 0 64
643092 39715 7652 46081 258 2 8 9910 41462 9914 65410 24947 35693 8275 209 233 243 165 209 209 243 164 235 234 168 64 117 8 37 63
643091 39715 7651 46081 258 1 8 9910 41462 9914 65410 24947 35693 8275 65 209 233 243 165 209 209 243 164 235 234 168 64 117 8 37
643089 39715 7649 46081 258 0 8 9910 41462 9914 65410 24947 35693 8275 138 200 65 209 233 243 165 209 209 243 164 235 234 168 64 117
643087 39715 7647 46081 258 0 8 9910 41462 9914 65410 24947 35693 8275 117 13 138 200 65 209 233 243 165 209 209 243 164 235 234 168
643085 39715 7645 46081 258 0 8 9910 41462 9914 65410 24947 35693 8275 168 128 117 13 138 200 65 209 233 243 165 209 209 243 164 235
643084 39715 7644 46260 258 0 8 9909 41462 9914 65410 24947 35693 8275 172 168 128 117 13 138 200 65 209 233 243 165 209 209 243 164
643082 39715 7642 46260 258 0 8 9909 41462 9914 65410 24947 35693 8275 116 54 172 168 128 117 13 138 200 65 209 233 243 165 209 209
643080 39715 7640 46260 258 0 8 9909 41462 9914 65410 24947 35693 8275 59 245 116 54 172 168 128 117 13 138 200 65 209 233 243 165
643133 39715 7693 46260 258 0 8 9909 41462 9914 65410 24947 35693 8275 235 201 144 3 240 67 67 46 255 14 100 11 117 163 144 195
643131 39715 7691 46260 258 0 8 9909 41462 9914 65410 24947 35693 8275 243 170 235 201 144 3 240 67 67 46 255 14 100 11 117 163
643129 39715 7689 46260 258 0 8 9909 41462 9914 65410 24947 35693 8275 209 209 243 170 235 201 144 3 240 67 67 46 255 14 100 11
643127 39715 7687 46260 258 22 8 9909 41418 9914 65410 24947 35693 8275 243 171 209 209 243 170 235 201 144 3 240 67 67 46 255 14
643125 39715 7685 46260 258 44 8 9909 41418 9914 65410 24947 35693 8275 209 233 243 171 209 209 243 170 235 201 144 3 240 67 67 46
643123 39715 7683 46260 258 44 8 9909 41418 9914 65410 24947 35693 8275 138 224 209 233 243 171 209 209 243 170 235 201 144 3 240 67
643122 39715 7682 46313 258 44 8 9908 41418 9914 65410 24947 35693 8275 172 138 224 209 233 243 171 209 209 243 170 235 201 144 3 240
643119 39715 7679 46313 258 41 8 9908 41418 9914 65410 24947 35693 8275 128 193 3 172 138 224 209 233 243 171 209 209 243 170 235 201
643116 39715 7676 46313 258 233 8 9908 41418 9914 65410 24947 35693 8275 128 225 63 128 193 3 172 138 224 209 233 243 171 209 209 243
643114 39715 7674 46313 258 0 8 9908 41418 9914 65410 24947 35693 8275 138 200 128 225 63 128 193 3 172 138 224 209 233 243 171 209
643104 39715 7664 46313 258 0 8 9908 41418 9914 65410 24947 35693 8275 117 8 37 63 0 64 3 248 235 222 138 200 128 225 63 128
643102 39715 7662 46313 258 0 8 9908 41418 9914 65410 24947 35693 8275 168 64 117 8 37 63 0 64 3 248 235 222 138 200 128 225
643087 39715 7647 46313 258 0 8 9908 41418 9914 65410 24947 35693 8275 117 13 138 200 65 209 233 243 165 209 209 243 164 235 234 168
643085 39715 7645 46313 258 0 8 9908 41418 9914 65410 24947 35693 8275 168 128 117 13 138 200 65 209 233 243 165 209 209 243 164 235
643084 39715 7644 46082 258 0 8 9907 41418 9914 65410 24947 35693 8275 172 168 128 117 13 138 200 65 209 233 243 165 209 209 243 164
643082 39715 7642 46082 258 0 8 9907 41418 9914 65410 24947 35693 8275 116 54 172 168 128 117 13 138 200 65 209 233 243 165 209 209
643080 39715 7640 46082 258 0 8 9907 41418 9914 65410 24947 35693 8275 59 245 116 54 172 168 128 117 13 138 200 65 209 233 243 165
643100 39715 7660 46082 258 0 8 9907 41418 9914 65410 24947 35693 8275 235 234 168 64 117 8 37 63 0 64 3 248 235 222 138 200
643098 39715 7658 46082 258 1 8 9906 41417 9914 65410 24947 35693 8275 243 164 235 234 168 64 117 8 37 63 0 64 3 248 235 222
643096 39715 7656 46082 258 0 8 9906 41417 9914 65410 24947 35693 8275 209 209 243 164 235 234 168 64 117 8 37 63 0 64 3 248
643094 39715 7654 46082 258 1 8 9904 41415 9914 65410 24947 35693 8275 243 165 209 209 243 164 235 234 168 64 117 8 37 63 0 64
643092 39715 7652 46082 258 3 8 9904 41415 9914 65410 24947 35693 8275 209 233 243 165 209 209 243 164 235 234 168 64 117 8 37 63
643091 39715 7651 46082 258 2 8 9904 41415 9914 65410 24947 35693 8275 65 209 233 243 165 209 209 243 164 235 234 168 64 117 8 37
643089 39715 7649 46082 258 0 8 9904 41415 9914 65410 24947 35693 8275 138 200 65 209 233 243 165 209 209 243 164 235 234 168 64 117
643087 39715 7647 46082 258 0 8 9904 41415 9914 65410 24947 35693 8275 117 13 138 200 65 209 233 243 165 209 209 243 164 235 234 168
643085 39715 7645 46082 258 0 8 9904 41415 9914 65410 24947 35693 8275 168 128 117 13 138 200 65 209 233 243 165 209 209 243 164 235
643084 39715 7644 46260 258 0 8 9903 41415 9914 65410 24947 35693 8275 172 168 128 117 13 138 200 65 209 233 243 165 209 209 243 164
643082 39715 7642 46260 258 0 8 9903 41415 9914 65410 24947 35693 8275 116 54 172 168 128 117 13 138 200 65 209 233 243 165 209 209
643080 39715 7640 46260 258 0 8 9903 41415 9914 65410 24947 35693 8275 59 245 116 54 172 168 128 117 13 138 200 65 209 233 243 165
643133 39715 7693 46260 258 0 8 9903 41415 9914 65410 24947 35693 8275 235 201 144 3 240 67 67 46 255 14 100 11 117 163 144 195
643131 39715 7691 46260 258 1 8 9903 41414 9914 65410 24947 35693 8275 243 170 235 201 144 3 240 67 67 46 255 14 100 11 117 163
643129 39715 7689 46260 258 0 8 9903 41414 9914 65410 24947 35693 8275 209 209 243 170 235 201 144 3 240 67 67 46 255 14 100 11
643127 39715 7687 46260 258 9 8 9903 41396 9914 65410 24947 35693 8275 243 171 209 209 243 170 235 201 144 3 240 67 67 46 255 14
643125 39715 7685 46260 258 19 8 9903 41396 9914 65410 24947 35693 8275 209 233 243 171 209 209 243 170 235 201 144 3 240 67 67 46
643123 39715 7683 46260 258 19 8 9903 41396 9914 65410 24947 35693 8275 138 224 209 233 243 171 209 209 243 170 235 201 144 3 240 67
643122 39715 7682 46288 258 19 8 9902 41396 9914 65410 24947 35693 8275 172 138 224 209 233 243 171 209 209 243 170 235 201 144 3 240
643119 39715 7679 46288 258 16 8 9902 41396 9914 65410 24947 35693 8275 128 193 3 172 138 224 209 233 243 171 209 209 243 170 235 201
643116 39715 7676 46288 258 208 8 9902 41396 9914 65410 24947 35693 8275 128 225 63 128 193 3 172 138 224 209 233 243 171 209 209 243
643114 39715 7674 46288 258 0 8 9902 41396 9914 65410 24947 35693 8275 138 200 128 225 63 128 193 3 172 138 224 209 233 243 171 209
643104 39715 7664 46288 258 0 8 9902 41396 9914 65410 24947 35693 8275 117 8 37 63 0 64 3 248 235 222 138 200 128 225 63 128
643102 39715 7662 46288 258 0 8 9902 41396 9914 65410 24947 35693 8275 168 64 117 8 37 63 0 64 3 248 235 222 138 200 128 225
643087 39715 7647 46288 258 0 8 9902 41396 9914 65410 24947 35693 8275 117 13 138 200 65 209 233 243 165 209 209 243 164 235 234 168
643085 39715 7645 46288 258 0 8 9902 41396 9914 65410 24947 35693 8275 168 128 117 13 138 200 65 209 233 243 165 209 209 243 164 235
643084 39715 7644 46081 258 0 8 9901 41396 9914 65410 24947 35693 8275 172 168 128 117 13 138 200 65 209 233 243 165 209 209 243 164
643082 39715 7642 46081 258 0 8 9901 41396 9914 65410 24947 35693 8275 116 54 172 168 128 117 13 138 200 65 209 233 243 165 209 209
643080 39715 7640 46081 258 0 8 9901 41396 9914 65410 24947 35693 8275 59 245 116 54 172 168 128 117 13 138 200 65 209 233 243 165
643100 39715 7660 46081 258 0 8 9901 41396 9914 65410 24947 35693 8275 235 234 168 64 117 8 37 63 0 64 3 248 235 222 138 200
643098 39715 7658 46081 258 0 8 9901 41396 9914 65410 24947 35693 8275 243 164 235 234 168 64 117 8 37 63 0 64 3 248 235 222
643096 39715 7656 46081 258 0 8 9901 41396 9914 65410 24947 35693 8275 209 209 243 164 235 234 168 64 117 8 37 63 0 64 3 248
643094 39715 7654 46081 258 1 8 9899 41394 9914 65410 24947 35693 8275 243 165 209 209 243 164 235 234 168 64 117 8 37 63 0 64
643092 39715 7652 46081 258 2 8 9899 41394 9914 65410 24947 35693 8275 209 233 243 165 209 209 243 164 235 234 168 64 117 8 37 63
643091 39715 7651 46081 258 1 8 9899 41394 9914 65410 24947 35693 8275 65 209 233 243 165 209 209 243 164 235 234 168 64 117 8 37
643089 39715 7649 46081 258 0 8 9899 41394 9914 65410 24947 35693 8275 138 200 65 209 233 243 165 209 209 243 164 235 234 168 64 117
643087 39715 7647 46081 258 0 8 9899 41394 9914 65410 24947 35693 8275 117 13 138 200 65 209 233 243 165 209 209 243 164 235 234 168
643085 39715 7645 46081 258 0 8 9899 41394 9914 65410 24947 35693 8275 168 128 117 13 138 200 65 209 233 243 165 209 209 243 164 235
643084 39715 7644 46260 258 0 8 9898 41394 9914 65410 24947 35693 8275 172 168 128 117 13 138 200 65 209 233 243 165 209 209 243 164
643082 39715 7642 46260 258 0 8 9898 41394 9914 65410 24947 35693 8275 116 54 172 168 128 117 13 138 200 65 209 233 243 165 209 209
643080 39715 7640 46260 258 0 8 9898 41394 9914 65410 24947 35693 8275 59 245 116 54 172 168 128 117 13 138 200 65 209 233 243 165
643133 39715 7693 46260 258 0 8 9898 41394 9914 65410 24947 35693 8275 235 201 144 3 240 67 67 46 255 14 100 11 117 163 144 195
643131 39715 7691 46260 258 0 8 9898 41394 9914 65410 24947 35693 8275 243 170 235 201 144 3 240 67 67 46 255 14 100 11 117 163
643129 39715 7689 46260 258 0 8 9898 41394 9914 65410 24947 35693 8275 209 209 243 170 235 201 144 3 240 67 67 46 255 14 100 11
643127 39715 7687 46260 258 20 8 9898 41354 9914 65410 24947 35693 8275 243 171 209 209 243 170 235 201 144 3 240 67 67 46 255 14
643125 39715 7685 46260 258 40 8 9898 41354 9914 65410 24947 35693 8275 209 233 243 171 209 209 243 170 235 201 144 3 240 67 67 46
643123 39715 7683 46260 258 40 8 9898 41354 9914 65410 24947 35693 8275 138 224 209 233 243 171 209 209 243 170 235 201 144 3 240 67
643122 39715 7682 46309 258 40 8 9897 41354 9914 65410 24947 35693 8275 172 138 224 209 233 243 171 209 209 243 170 235 201 144 3 240
643119 39715 7679 46309 258 37 8 9897 41354 9914 65410 24947 35693 8275 128 193 3 172 138 224 209 233 243 171 209 209 243 170 235 201
643116 39715 7676 46309 258 229 8 9897 41354 9914 65410 24947 35693 8275 128 225 63 128 193 3 172 138 224 209 233 243 171 209 209 243
643114 39715 7674 46309 258 0 8 9897 41354 9914 65410 24947 35693 8275 138 200 128 225 63 128 193 3 172 138 224 209 233 243 171 209
643104 39715 7664 46309 258 0 8 9897 41354 9914 65410 24947 35693 8275 117 8 37 63 0 64 3 248 235 222 138 200 128 225 63 128
643102 39715 7662 46309 258 0 8 9897 41354 9914 65410 24947 35693 8275 168 64 117 8 37 63 0 64 3 248 235 222 138 200 128 225
643087 39715 7647 46309 258 0 8 9897 41354 9914 65410 24947 35693 8275 117 13 138 200 65 209 233 243 165 209 209 243 164 235 234 168
643085 39715 7645 46309 258 0 8 9897 41354 9914 65410 24947 35693 8275 168 128 117 13 138 200 65 209 233 243 165 209 209 243 164 235
643084 39715 7644 46081 258 0 8 9896 41354 9914 65410 24947 35693 8275 172 168 128 117 13 138 200 65 209 233 243 165 209 209 243 164
643082 39715 7642 46081 258 0 8 9896 41354 9914 65410 24947 35693 8275 116 54 172 168 128 117 13 138 200 65 209 233 243 165 209 209
643080 39715 7640 46081 258 0 8 9896 41354 9914 65410 24947 35693 8275 59 245 116 54 172 168 128 117 13 138 200 65 209 233 243 165
643100 39715 7660 46081 258 0 8 9896 41354 9914 65410 24947 35693 8275 235 234 168 64 117 8 37 63 0 64 3 248 235 222 138 200
643098 39715 7658 46081 258 0 8 9896 41354 9914 65410 24947 35693 8275 243 164 235 234 168 64 117 8 37 63 0 64 3 248 235 222
643096 39715 7656 46081 258 0 8 9896 41354 9914 65410 24947 35693 8275 209 209 243 164 235 234 168 64 117 8 37 63 0 64 3 248
643094 39715 7654 46081 258 1 8 9894 41352 9914 65410 24947 35693 8275 243 165 209 209 243 164 235 234 168 64 117 8 37 63 0 64
643092 39715 7652 46081 258 2 8 9894 41352 9914 65410 24947 35693 8275 209 233 243 165 209 209 243 164 235 234 168 64 117 8 37 63
643091 39715 7651 46081 258 1 8 9894 41352 9914 65410 24947 35693 8275 65 209 233 243 165 209 209 243 164 235 234 168 64 117 8 37
643089 39715 7649 46081 258 0 8 9894 41352 9914 65410 24947 35693 8275 138 200 65 209 233 243 165 209 209 243 164 235 234 168 64 117
643087 39715 7647 46081 258 0 8 9894 41352 9914 65410 24947 35693 8275 117 13 138 200 65 209 233 243 165 209 209 243 164 235 234 168
643085 39715 7645 46081 258 0 8 9894 41352 9914 65410 24947 35693 8275 168 128 117 13 138 200 65 209 233 243 165 209 209 243 164 235
643084 39715 7644 46260 258 0 8 9893 41352 9914 65410 24947 35693 8275 172 168 128 117 13 138 200 65 209 233 243 165 209 209 243 164
643082 39715 7642 46260 258 0 8 9893 41352 9914 65410 24947 35693 8275 116 54 172 168 128 117 13 138 200 65 209 233 243 165 209 209
643080 39715 7640 46260 258 0 8 9893 41352 9914 65410 24947 35693 8275 59 245 116 54 172 168 128 117 13 138 200 65 209 233 243 165
643133 39715 7693 46260 258 0 8 9893 41352 9914 65410 24947 35693 8275 235 201 144 3 240 67 67 46 255 14 100 11 117 163 144 195
643131 39715 7691 46260 258 0 8 9893 41352 9914 65410 24947 35693 8275 243 170 235 201 144 3 240 67 67 46 255 14 100 11 117 163
643129 39715 7689 46260 258 0 8 9893 41352 9914 65410 24947 35693 8275 209 209 243 170 235 201 144 3 240 67 67 46 255 14 100 11
643127 39715 7687 46260 258 11 8 9893 41330 9914 65410 24947 35693 8275 243 171 209 209 243 170 235 201 144 3 240 67 67 46 255 14
643125 39715 7685 46260 258 22 8 9893 41330 9914 65410 24947 35693 8275 209 233 243 171 209 209 243 170 235 201 144 3 240 67 67 46
643123 39715 7683 46260 258 22 8 9893 41330 9914 65410 24947 35693 8275 138 224 209 233 243 171 209 209 243 170 235 201 144 3 240 67
643122 39715 7682 46291 258 22 8 9892 41330 9914 65410 24947 35693 8275 172 138 224 209 233 243 171 209 209 243 170 235 201 144 3 240
643119 39715 7679 46291 258 19 8 9892 41330 9914 65410 24947 35693 8275 128 193 3 172 138 224 209 233 243 171 209 209 243 170 235 201
643116 39715 7676 46291 258 211 8 9892 41330 9914 65410 24947 35693 8275 128 225 63 128 193 3 172 138 224 209 233 243 171 209 209 243
643114 39715 7674 46291 258 0 8 9892 41330 9914 65410 24947 35693 8275 138 200 128 225 63 128 193 3 172 138 224 209 233 243 171 209
643104 39715 7664 46291 258 0 8 9892 41330 9914 65410 24947 35693 8275 117 8 37 63 0 64 3 248 235 222 138 200 128 225 63 128
643102 39715 7662 46291 258 0 8 9892 41330 9914 65410 24947 35693 8275 168 64 117 8 37 63 0 64 3 248 235 222 138 200 128 225
643087 39715 7647 46291 258 0 8 9892 41330 9914 65410 24947 35693 8275 117 13 138 200 65 209 233 243 165 209 209 243 164 235 234 168
643085 39715 7645 46291 258 0 8 9892 41330 9914 65410 24947 35693 8275 168 128 117 13 138 200 65 209 233 243 165 209 209 243 164 235
643084 39715 7644 46082 258 0 8 9891 41330 9914 65410 24947 35693 8275 172 168 128 117 13 138 200 65 209 233 243 165 209 209 243 164
643082 39715 7642 46082 258 0 8 9891 41330 9914 65410 24947 35693 8275 116 54 172 168 128 117 13 138 200 65 209 233 243 165 209 209
643080 39715 7640 46082 258 0 8 9891 41330 9914 65410 24947 35693 8275 59 245 116 54 172 168 128 117 13 138 200 65 209 233 243 165
643100 39715 7660 46082 258 0 8 9891 41330 9914 65410 24947 35693 8275 235 234 168 64 117 8 37 63 0 64 3 248 235 222 138 200
643098 39715 7658 46082 258 1 8 9890 41329 9914 65410 24947 35693 8275 243 164 235 234 168 64 117 8 37 63 0 64 3 248 235 222
643096 39715 7656 46082 258 0 8 9890 41329 9914 65410 24947 35693 8275 209 209 243 164 235 234 168 64 117 8 37 63 0 64 3 248
643094 39715 7654 46082 258 1 8 9888 41327 9914 65410 24947 35693 8275 243 165 209 209 243 164 235 234 168 64 117 8 37 63 0 64
643092 39715 7652 46082 258 3 8 9888 41327 9914 65410 24947 35693 8275 209 233 243 165 209 209 243 164 235 234 168 64 117 8 37 63
643091 39715 7651 46082 258 2 8 9888 41327 9914 65410 24947 35693 8275 65 209 233 243 165 209 209 243 164 235 234 168 64 117 8 37
643089 39715 7649 46082 258 0 8 9888 41327 9914 65410 24947 35693 8275 138 200 65 209 233 243 165 209 209 243 164 235 234 168 64 117
643087 39715 7647 46082 258 0 8 9888 41327 9914 65410 24947 35693 8275 117 13 138 200 65 209 233 243 165 209 209 243 164 235 234 168
643085 39715 7645 46082 258 0 8 9888 41327 9914 65410 24947 35693 8275 168 128 117 13 138 200 65 209 233 243 165 209 209 243 164 235
643084 39715 7644 46260 258 0 8 9887 41327 9914 65410 24947 35693 8275 172 168 128 117 13 138 200 65 209 233 243 165 209 209 243 164
643082 39715 7642 46260 258 0 8 9887 41327 9914 65410 24947 35693 8275 116 54 172 168 128 117 13 138 200 65 209 233 243 165 209 209
643080 39715 7640 46260 258 0 8 9887 41327 9914 65410 24947 35693 8275 59 245 116 54 172 168 128 117 13 138 200 65 209 233 243 165
643133 39715 7693 46260 258 0 8 9887 41327 9914 65410 24947 35693 8275 235 201 144 3 240 67 67 46 255 14 100 11 117 163 144 195
643131 39715 7691 46260 258 1 8 9887 41326 9914 65410 24947 35693 8275 243 170 235 201 144 3 240 67 67 46 255 14 100 11 117 163
643129 39715 7689 46260 258 0 8 9887 41326 9914 65410 24947 35693 8275 209 209 243 170 235 201 144 3 240 67 67 46 255 14 100 11
643127 39715 7687 46260 258 4 8 9887 41318 9914 65410 24947 35693 8275 243 171 209 209 243 170 235 201 144 3 240 67 67 46 255 14
643125 39715 7685 46260 258 9 8 9887 41318 9914 65410 24947 35693 8275 209 233 243 171 209 209 243 170 235 201 144 3 240 67 67 46
643123 39715 7683 46004 258 9 8 9887 41318 9914 65410 24947 35693 8275 138 224 209 233 243 171 209 209 243 170 235 201 144 3 240 67
643122 39715 7682 46022 258 9 8 9886 41318 9914 65410 24947 35693 8275 172 138 224 209 233 243 171 209 209 243 170 235 201 144 3 240
643119 39715 7679 46022 258 6 8 9886 41318 9914 65410 24947 35693 8275 128 193 3 172 138 224 209 233 243 171 209 209 243 170 235 201
643116 39715 7676 46022 258 198 8 9886 41318 9914 65410 24947 35693 8275 128 225 63 128 193 3 172 138 224 209 233 243 171 209 209 243
643114 39715 7674 46022 258 0 8 9886 41318 9914 65410 24947 35693 8275 138 200 128 225 63 128 193 3 172 138 224 209 233 243 171 209
643104 39715 7664 46022 258 0 8 9886 41318 9914 65410 24947 35693 8275 117 8 37 63 0 64 3 248 235 222 138 200 128 225 63 128
643102 39715 7662 46022 258 0 8 9886 41318 9914 65410 24947 35693 8275 168 64 117 8 37 63 0 64 3 248 235 222 138 200 128 225
643087 39715 7647 46022 258 0 8 9886 41318 9914 65410 24947 35693 8275 117 13 138 200 65 209 233 243 165 209 209 243 164 235 234 168
643085 39715 7645 46022 258 0 8 9886 41318 9914 65410 24947 35693 8275 168 128 117 13 138 200 65 209 233 243 165 209 209 243 164 235
643084 39715 7644 46003 258 0 8 9885 41318 9914 65410 24947 35693 8275 172 168 128 117 13 138 200 65 209 233 243 165 209 209 243 164
643082 39715 7642 46003 258 0 8 9885 41318 9914 65410 24947 35693 8275 116 54 172 168 128 117 13 138 200 65 209 233 243 165 209 209
643080 39715 7640 46003 258 0 8 9885 41318 9914 65410 24947 35693 8275 59 245 116 54 172 168 128 117 13 138 200 65 209 233 243 165
643133 39715 7693 46003 258 0 8 9885 41318 9914 65410 24947 35693 8275 235 201 144 3 240 67 67 46 255 14 100 11 117 163 144 195
643131 39715 7691 46003 258 1 8 9885 41317 9914 65410 24947 35693 8275 243 170 235 201 144 3 240 67 67 46 255 14 100 11 117 163
643129 39715 7689 46003 258 0 8 9885 41317 9914 65410 24947 35693 8275 209 209 243 170 235 201 144 3 240 67 67 46 255 14 100 11
643127 39715 7687 46003 258 1 8 9885 41315 9914 65410 24947 35693 8275 243 171 209 209 243 170 235 201 144 3 240 67 67 46 255 14
643125 39715 7685 46003 258 3 8 9885 41315 9914 65410 24947 35693 8275 209 233 243 171 209 209 243 170 235 201 144 3 240 67 67 46
643123 39715 7683 46259 258 3 8 9885 41315 9914 65410 24947 35693 8275 138 224 209 233 243 171 209 209 243 170 235 201 144 3 240 67
643122 39715 7682 46272 258 3 8 9884 41315 9914 65410 24947 35693 8275 172 138 224 209 233 243 171 209 209 243 170 235 201 144 3 240
643119 39715 7679 46272 258 0 8 9884 41315 9914 65410 24947 35693 8275 128 193 3 172 138 224 209 233 243 171 209 209 243 170 235 201
643116 39715 7676 46272 258 192 8 9884 41315 9914 65410 24947 35693 8275 128 225 63 128 193 3 172 138 224 209 233 243 171 209 209 243
643114 39715 7674 46272 258 0 8 9884 41315 9914 65410 24947 35693 8275 138 200 128 225 63 128 193 3 172 138 224 209 233 243 171 209
643104 39715 7664 46272 258 0 8 9884 41315 9914 65410 24947 35693 8275 117 8 37 63 0 64 3 248 235 222 138 200 128 225 63 128
643102 39715 7662 46272 258 0 8 9884 41315 9914 65410 24947 35693 8275 168 64 117 8 37 63 0 64 3 248 235 222 138 200 128 225
643087 39715 7647 46272 258 0 8 9884 41315 9914 65410 24947 35693 8275 117 13 138 200 65 209 233 243 165 209 209 243 164 235 234 168
643085 39715 7645 46272 258 0 8 9884 41315 9914 65410 24947 35693 8275 168 128 117 13 138 200 65 209 233 243 165 209 209 243 164 235
643084 39715 7644 46260 258 0 8 9883 41315 9914 65410 24947 35693 8275 172 168 128 117 13 138 200 65 209 233 243 165 209 209 243 164
643082 39715 7642 46260 258 0 8 9883 41315 9914 65410 24947 35693 8275 116 54 172 168 128 117 13 138 200 65 209 233 243 165 209 209
643080 39715 7640 46260 258 0 8 9883 41315 9914 65410 24947 35693 8275 59 245 116 54 172 168 128 117 13 138 200 65 209 233 243 165
643133 39715 7693 46260 258 0 8 9883 41315 9914 65410 24947 35693 8275 235 201 144 3 240 67 67 46 255 14 100 11 117 163 144 195
643131 39715 7691 46260 258 1 8 9883 41314 9914 65410 24947 35693 8275 243 170 235 201 144 3 240 67 67 46 255 14 100 11 117 163
643129 39715 7689 46260 258 0 8 9883 41314 9914 65410 24947 35693 8275 209 209 243 170 235 201 144 3 240 67 67 46 255 14 100 11
643127 39715 7687 46260 258 2 8 9883 41310 9914 65410 24947 35693 8275 243 171 209 209 243 170 235 201 144 3 240 67 67 46 255 14
643125 39715 7685 46260 258 5 8 9883 41310 9914 65410 24947 35693 8275 209 233 243 171 209 209 243 170 235 201 144 3 240 67 67 46
643123 39715 7683 46004 258 5 8 9883 41310 9914 65410 24947 35693 8275 138 224 209 233 243 171 209 209 243 170 235 201 144 3 240 67
643122 39715 7682 46018 258 5 8 9882 41310 9914 65410 24947 35693 8275 172 138 224 209 233 243 171 209 209 243 170 235 201 144 3 240
643119 39715 7679 46018 258 2 8 9882 41310 9914 65410 24947 35693 8275 128 193 3 172 138 224 209 233 243 171 209 209 243 170 235 201
643116 39715 7676 46018 258 194 8 9882 41310 9914 65410 24947 35693 8275 128 225 63 128 193 3 172 138 224 209 233 243 171 209 209 243
643114 39715 7674 46018 258 0 8 9882 41310 9914 65410 24947 35693 8275 138 200 128 225 63 128 193 3 172 138 224 209 233 243 171 209
643104 39715 7664 46018 258 0 8 9882 41310 9914 65410 24947 35693 8275 117 8 37 63 0 64 3 248 235 222 138 200 128 225 63 128
643102 39715 7662 46018 258 0 8 9882 41310 9914 65410 24947 35693 8275 168 64 117 8 37 63 0 64 3 248 235 222 138 200 128 225
643087 39715 7647 46018 258 0 8 9882 41310 9914 65410 24947 35693 8275 117 13 138 200 65 209 233 243 165 209 209 243 164 235 234 168
643085 39715 7645 46018 258 0 8 9882 41310 9914 65410 24947 35693 8275 168 128 117 13 138 200 65 209 233 243 165 209 209 243 164 235
643084 39715 7644 46003 258 0 8 9881 41310 9914 65410 24947 35693 8275 172 168 128 117 13 138 200 65 209 233 243 165 209 209 243 164
643082 39715 7642 46003 258 0 8 9881 41310 9914 65410 24947 35693 8275 116 54 172 168 128 117 13 138 200 65 209 233 243 165 209 209
643080 39715 7640 46003 258 0 8 9881 41310 9914 65410 24947 35693 8275 59 245 116 54 172 168 128 117 13 138 200 65 209 233 243 165
643133 39715 7693 46003 258 0 8 9881 41310 9914 65410 24947 35693 8275 235 201 144 3 240 67 67 46 255 14 100 11 117 163 144 195
643131 39715 7691 46003 258 0 8 9881 41310 9914 65410 24947 35693 8275 243 170 235 201 144 3 240 67 67 46 255 14 100 11 117 163
643129 39715 7689 46003 258 0 8 9881 41310 9914 65410 24947 35693 8275 209 209 243 170 235 201 144 3 240 67 67 46 255 14 100 11
643127 39715 7687 46003 258 5 8 9881 41300 9914 65410 24947 35693 8275 243 171 209 209 243 170 235 201 144 3 240 67 67 46 255 14
643125 39715 7685 46003 258 10 8 9881 41300 9914 65410 24947 35693 8275 209 233 243 171 209 209 243 170 235 201 144 3 240 67 67 46
643123 39715 7683 46259 258 10 8 9881 41300 9914 65410 24947 35693 8275 138 224 209 233 243 171 209 209 243 170 235 201 144 3 240 67
643122 39715 7682 46279 258 10 8 9880 41300 9914 65410 24947 35693 8275 172 138 224 209 233 243 171 209 209 243 170 235 201 144 3 240
643119 39715 7679 46279 258 7 8 9880 41300 9914 65410 24947 35693 8275 128 193 3 172 138 224 209 233 243 171 209 209 243 170 235 201
643116 39715 7676 46279 258 199 8 9880 41300 9914 65410 24947 35693 8275 128 225 63 128 193 3 172 138 224 209 233 243 171 209 209 243
643114 39715 7674 46279 258 0 8 9880 41300 9914 65410 24947 35693 8275 138 200 128 225 63 128 193 3 172 138 224 209 233 243 171 209
643104 39715 7664 46279 258 0 8 9880 41300 9914 65410 24947 35693 8275 117 8 37 63 0 64 3 248 235 222 138 200 128 225 63 128
643102 39715 7662 46279 258 0 8 9880 41300 9914 65410 24947 35693 8275 168 64 117 8 37 63 0 64 3 248 235 222 138 200 128 225
643087 39715 7647 46279 258 0 8 9880 41300 9914 65410 24947 35693 8275 117 13 138 200 65 209 233 243 165 209 209 243 164 235 234 168
643085 39715 7645 46279 258 0 8 9880 41300 9914 65410 24947 35693 8275 168 128 117 13 138 200 65 209 233 243 165 209 209 243 164 235
643084 39715 7644 46084 258 0 8 9879 41300 9914 65410 24947 35693 8275 172 168 128 117 13 138 200 65 209 233 243 165 209 209 243 164
643082 39715 7642 46084 258 0 8 9879 41300 9914 65410 24947 35693 8275 116 54 172 168 128 117 13 138 200 65 209 233 243 165 209 209
643080 39715 7640 46084 258 0 8 9879 41300 9914 65410 24947 35693 8275 59 245 116 54 172 168 128 117 13 138 200 65 209 233 243 165
643100 39715 7660 46084 258 0 8 9879 41300 9914 65410 24947 35693 8275 235 234 168 64 117 8 37 63 0 64 3 248 235 222 138 200
643098 39715 7658 46084 258 1 8 9878 41299 9914 65410 24947 35693 8275 243 164 235 234 168 64 117 8 37 63 0 64 3 248 235 222
643096 39715 7656 46084 258 0 8 9878 41299 9914 65410 24947 35693 8275 209 209 243 164 235 234 168 64 117 8 37 63 0 64 3 248
643094 39715 7654 46084 258 2 8 9874 41295 9914 65410 24947 35693 8275 243 165 209 209 243 164 235 234 168 64 117 8 37 63 0 64
643092 39715 7652 46084 258 5 8 9874 41295 9914 65410 24947 35693 8275 209 233 243 165 209 209 243 164 235 234 168 64 117 8 37 63
643091 39715 7651 46084 258 4 8 9874 41295 9914 65410 24947 35693 8275 65 209 233 243 165 209 209 243 164 235 234 168 64 117 8 37
643089 39715 7649 46084 258 0 8 9874 41295 9914 65410 24947 35693 8275 138 200 65 209 233 243 165 209 209 243 164 235 234 168 64 117
643087 39715 7647 46084 258 0 8 9874 41295 9914 65410 24947 35693 8275 117 13 138 200 65 209 233 243 165 209 209 243 164 235 234 168
643085 39715 7645 46084 258 0 8 9874 41295 9914 65410 24947 35693 8275 168 128 117 13 138 200 65 209 233 243 165 209 209 243 164 235
643084 39715 7644 46260 258 0 8 9873 41295 9914 65410 24947 35693 8275 172 168 128 117 13 138 200 65 209 233 243 165 209 209 243 164
643082 39715 7642 46260 258 0 8 9873 41295 9914 65410 24947 35693 8275 116 54 172 168 128 117 13 138 200 65 209 233 243 165 209 209
643080 39715 7640 46260 258 0 8 9873 41295 9914 65410 24947 35693 8275 59 245 116 54 172 168 128 117 13 138 200 65 209 233 243 165
643133 39715 7693 46260 258 0 8 9873 41295 9914 65410 24947 35693 8275 235 201 144 3 240 67 67 46 255 14 100 11 117 163 144 195
643131 39715 7691 46260 258 1 8 9873 41294 9914 65410 24947 35693 8275 243 170 235 201 144 3 240 67 67 46 255 14 100 11 117 163
643129 39715 7689 46260 258 0 8 9873 41294 9914 65410 24947 35693 8275 209 209 243 170 235 201 144 3 240 67 67 46 255 14 100 11
643127 39715 7687 46260 258 3 8 9873 41288 9914 65410 24947 35693 8275 243 171 209 209 243 170 235 201 144 3 240 67 67 46 255 14
643125 39715 7685 46260 258 7 8 9873 41288 9914 65410 24947 35693 8275 209 233 243 171 209 209 243 170 235 201 144 3 240 67 67 46
643123 39715 7683 180 258 7 8 9873 41288 9914 65410 24947 35693 8275 138 224 209 233 243 171 209 209 243 170 235 201 144 3 240 67
643122 39715 7682 196 258 7 8 9872 41288 9914 65410 24947 35693 8275 172 138 224 209 233 243 171 209 209 243 170 235 201 144 3 240
643119 39715 7679 196 258 4 8 9872 41288 9914 65410 24947 35693 8275 128 193 3 172 138 224 209 233 243 171 209 209 243 170 235 201
643116 39715 7676 196 258 196 8 9872 41288 9914 65410 24947 35693 8275 128 225 63 128 193 3 172 138 224 209 233 243 171 209 209 243
643114 39715 7674 196 258 0 8 9872 41288 9914 65410 24947 35693 8275 138 200 128 225 63 128 193 3 172 138 224 209 233 243 171 209
643104 39715 7664 196 258 0 8 9872 41288 9914 65410 24947 35693 8275 117 8 37 63 0 64 3 248 235 222 138 200 128 225 63 128
643102 39715 7662 196 258 0 8 9872 41288 9914 65410 24947 35693 8275 168 64 117 8 37 63 0 64 3 248 235 222 138 200 128 225
643087 39715 7647 196 258 0 8 9872 41288 9914 65410 24947 35693 8275 117 13 138 200 65 209 233 243 165 209 209 243 164 235 234 168
643085 39715 7645 196 258 0 8 9872 41288 9914 65410 24947 35693 8275 168 128 117 13 138 200 65 209 233 243 165 209 209 243 164 235
643084 39715 7644 0 258 0 8 9871 41288 9914 65410 24947 35693 8275 172 168 128 117 13 138 200 65 209 233 243 165 209 209 243 164
643082 39715 7642 0 258 0 8 9871 41288 9914 65410 24947 35693 8275 116 54 172 168 128 117 13 138 200 65 209 233 243 165 209 209
643080 39715 7640 0 258 0 8 9871 41288 9914 65410 24947 35693 8275 59 245 116 54 172 168 128 117 13 138 200 65 209 233 243 165
643079 39715 7639 0 258 0 8 9871 41288 9914 65410 24947 35693 8275 144 59 245 116 54 172 168 128 117 13 138 200 65 209 233 243
643077 39715 7637 0 258 0 8 9871 41288 9914 65410 24947 35693 8275 3 248 144 59 245 116 54 172 168 128 117 13 138 200 65 209
643076 39715 7636 45 258 0 8 9869 41288 9914 65410 24947 35693 8275 173 3 248 144 59 245 116 54 172 168 128 117 13 138 200 65
643074 39715 7634 45 258 0 8 9869 41280 9914 65410 24947 35693 8275 3 250 173 3 248 144 59 245 116 54 172 168 128 117 13 138
643069 39715 7629 45 258 0 8 9869 41184 9914 65410 24947 35693 8275 46 139 191 156 6 3 250 173 3 248 144 59 245 116 54 172
643067 39715 7627 45 258 0 8 9869 41184 9869 65410 24947 35693 8275 3 232 46 139 191 156 6 3 250 173 3 248 144 59 245 116
643065 39715 7625 45 258 0 8 9869 41184 9867 65410 24947 35693 8275 139 238 3 232 46 139 191 156 6 3 250 173 3 248 144 59
643063 39715 7623 45 258 0 8 9869 41184 9867 65410 24947 35693 8275 115 71 139 238 3 232 46 139 191 156 6 3 250 173 3 248
643059 39715 7619 45 258 0 8 9869 41184 9867 65410 24947 35693 8275 129 251 144 1 115 71 139 238 3 232 46 139 191 156 6 3
643057 39715 7617 45 258 0 8 9869 41184 9867 65410 24947 35693 8275 116 79 129 251 144 1 115 71 139 238 3 232 46 139 191 156
643055 39715 7615 45 258 0 8 9869 41184 9867 65410 24947 35693 8275 11 192 116 79 129 251 144 1 115 71 139 238 3 232 46 139
643054 39715 7614 46260 258 0 8 9867 41184 9867 65410 24947 35693 8275 173 11 192 116 79 129 251 144 1 115 71 139 238 3 232 46
643145 39715 7705 46260 258 0 8 9867 41184 9867 65410 24947 35693 8275 117 163 144 195 144 86 83 81 139 52 232 12 0 89 91 94
643140 39715 7700 46260 258 0 8 9867 41184 9867 65410 24947 35693 8275 46 255 14 100 11 117 163 144 195 144 86 83 81 139 52 232
643139 39715 7699 46260 257 0 8 9867 41184 9867 65410 24947 35693 8275 67 46 255 14 100 11 117 163 144 195 144 86 83 81 139 52
643138 39715 7698 46260 256 0 8 9867 41184 9867 65410 24947 35693 8275 67 67 46 255 14 100 11 117 163 144 195 144 86 83 81 139
643082 39715 7642 46260 256 0 8 9867 41184 9867 65410 24947 35693 8275 116 54 172 168 128 117 13 138 200 65 209 233 243 165 209 209
643080 39715 7640 46260 256 0 8 9867 41184 9867 65410 24947 35693 8275 59 245 116 54 172 168 128 117 13 138 200 65 209 233 243 165
643133 39715 7693 46260 256 0 8 9867 41184 9867 65410 24947 35693 8275 235 201 144 3 240 67 67 46 255 14 100 11 117 163 144 195
643131 39715 7691 46260 256 1 8 9867 41183 9867 65410 24947 35693 8275 243 170 235 201 144 3 240 67 67 46 255 14 100 11 117 163
643129 39715 7689 46260 256 0 8 9867 41183 9867 65410 24947 35693 8275 209 209 243 170 235 201 144 3 240 67 67 46 255 14 100 11
643127 39715 7687 46260 256 20 8 9867 41143 9867 65410 24947 35693 8275 243 171 209 209 243 170 235 201 144 3 240 67 67 46 255 14
643125 39715 7685 46260 256 41 8 9867 41143 9867 65410 24947 35693 8275 209 233 243 171 209 209 243 170 235 201 144 3 240 67 67 46
643123 39715 7683 46260 256 41 8 9867 41143 9867 65410 24947 35693 8275 138 224 209 233 243 171 209 209 243 170 235 201 144 3 240 67
643122 39715 7682 46310 256 41 8 9866 41143 9867 65410 24947 35693 8275 172 138 224 209 233 243 171 209 209 243 170 235 201 144 3 240
643119 39715 7679 46310 256 38 8 9866 41143 9867 65410 24947 35693 8275 128 193 3 172 138 224 209 233 243 171 209 209 243 170 235 201
643116 39715 7676 46310 256 230 8 9866 41143 9867 65410 24947 35693 8275 128 225 63 128 193 3 172 138 224 209 233 243 171 209 209 243
643114 39715 7674 46310 256 0 8 9866 41143 9867 65410 24947 35693 8275 138 200 128 225 63 128 193 3 172 138 224 209 233 243 171 209
643104 39715 7664 46310 256 0 8 9866 41143 9867 65410 24947 35693 8275 117 8 37 63 0 64 3 248 235 222 138 200 128 225 63 128
643102 39715 7662 46310 256 0 8 9866 41143 9867 65410 24947 35693 8275 168 64 117 8 37 63 0 64 3 248 235 222 138 200 128 225
643087 39715 7647 46310 256 0 8 9866 41143 9867 65410 24947 35693 8275 117 13 138 200 65 209 233 243 165 209 209 243 164 235 234 168
643085 39715 7645 46310 256 0 8 9866 41143 9867 65410 24947 35693 8275 168 128 117 13 138 200 65 209 233 243 165 209 209 243 164 235
643084 39715 7644 46081 256 0 8 9865 41143 9867 65410 24947 35693 8275 172 168 128 117 13 138 200 65 209 233 243 165 209 209 243 164
643082 39715 7642 46081 256 0 8 9865 41143 9867 65410 24947 35693 8275 116 54 172 168 128 117 13 138 200 65 209 233 243 165 209 209
643080 39715 7640 46081 256 0 8 9865 41143 9867 65410 24947 35693 8275 59 245 116 54 172 168 128 117 13 138 200 65 209 233 243 165
643100 39715 7660 46081 256 0 8 9865 41143 9867 65410 24947 35693 8275 235 234 168 64 117 8 37 63 0 64 3 248 235 222 138 200
643098 39715 7658 46081 256 0 8 9865 41143 9867 65410 24947 35693 8275 243 164 235 234 168 64 117 8 37 63 0 64 3 248 235 222
643096 39715 7656 46081 256 0 8 9865 41143 9867 65410 24947 35693 8275 209 209 243 164 235 234 168 64 117 8 37 63 0 64 3 248
643094 39715 7654 46081 256 1 8 9863 41141 9867 65410 24947 35693 8275 243 165 209 209 243 164 235 234 168 64 117 8 37 63 0 64
643092 39715 7652 46081 256 2 8 9863 41141 9867 65410 24947 35693 8275 209 233 243 165 209 209 243 164 235 234 168 64 117 8 37 63
643091 39715 7651 46081 256 1 8 9863 41141 9867 65410 24947 35693 8275 65 209 233 243 165 209 209 243 164 235 234 168 64 117 8 37
643089 39715 7649 46081 256 0 8 9863 41141 9867 65410 24947 35693 8275 138 200 65 209 233 243 165 209 209 243 164 235 234 168 64 117
643087 39715 7647 46081 256 0 8 9863 41141 9867 65410 24947 35693 8275 117 13 138 200 65 209 233 243 165 209 209 243 164 235 234 168
643085 39715 7645 46081 256 0 8 9863 41141 9867 65410 24947 35693 8275 168 128 117 13 138 200 65 209 233 243 165 209 209 243 164 235
643084 39715 7644 46260 256 0 8 9862 41141 9867 65410 24947 35693 8275 172 168 128 117 13 138 200 65 209 233 243 165 209 209 243 164
643082 39715 7642 46260 256 0 8 9862 41141 9867 65410 24947 35693 8275 116 54 172 168 128 117 13 138 200 65 209 233 243 165 209 209
643080 39715 7640 46260 256 0 8 9862 41141 9867 65410 24947 35693 8275 59 245 116 54 172 168 128 117 13 138 200 65 209 233 243 165
643133 39715 7693 46260 256 0 8 9862 41141 9867 65410 24947 35693 8275 235 201 144 3 240 67 67 46 255 14 100 11 117 163 144 195
643131 39715 7691 46260 256 0 8 9862 41141 9867 65410 24947 35693 8275 243 170 235 201 144 3 240 67 67 46 255 14 100 11 117 163
643129 39715 7689 46260 256 0 8 9862 41141 9867 65410 24947 35693 8275 209 209 243 170 235 201 144 3 240 67 67 46 255 14 100 11
643127 39715 7687 46260 256 13 8 9862 41115 9867 65410 24947 35693 8275 243 171 209 209 243 170 235 201 144 3 240 67 67 46 255 14
643125 39715 7685 46260 256 26 8 9862 41115 9867 65410 24947 35693 8275 209 233 243 171 209 209 243 170 235 201 144 3 240 67 67 46
643123 39715 7683 46004 256 26 8 9862 41115 9867 65410 24947 35693 8275 138 224 209 233 243 171 209 209 243 170 235 201 144 3 240 67
643122 39715 7682 46039 256 26 8 9861 41115 9867 65410 24947 35693 8275 172 138 224 209 233 243 171 209 209 243 170 235 201 144 3 240
643119 39715 7679 46039 256 23 8 9861 41115 9867 65410 24947 35693 8275 128 193 3 172 138 224 209 233 243 171 209 209 243 170 235 201
643116 39715 7676 46039 256 215 8 9861 41115 9867 65410 24947 35693 8275 128 225 63 128 193 3 172 138 224 209 233 243 171 209 209 243
643114 39715 7674 46039 256 0 8 9861 41115 9867 65410 24947 35693 8275 138 200 128 225 63 128 193 3 172 138 224 209 233 243 171 209
643104 39715 7664 46039 256 0 8 9861 41115 9867 65410 24947 35693 8275 117 8 37 63 0 64 3 248 235 222 138 200 128 225 63 128
643102 39715 7662 46039 256 0 8 9861 41115 9867 65410 24947 35693 8275 168 64 117 8 37 63 0 64 3 248 235 222 138 200 128 225
643087 39715 7647 46039 256 0 8 9861 41115 9867 65410 24947 35693 8275 117 13 138 200 65 209 233 243 165 209 209 243 164 235 234 168
643085 39715 7645 46039 256 0 8 9861 41115 9867 65410 24947 35693 8275 168 128 117 13 138 200 65 209 233 243 165 209 209 243 164 235
643084 39715 7644 46003 256 0 8 9860 41115 9867 65410 24947 35693 8275 172 168 128 117 13 138 200 65 209 233 243 165 209 209 243 164
643082 39715 7642 46003 256 0 8 9860 41115 9867 65410 24947 35693 8275 116 54 172 168 128 117 13 138 200 65 209 233 243 165 209 209
643080 39715 7640 46003 256 0 8 9860 41115 9867 65410 24947 35693 8275 59 245 116 54 172 168 128 117 13 138 200 65 209 233 243 165
643133 39715 7693 46003 256 0 8 9860 41115 9867 65410 24947 35693 8275 235 201 144 3 240 67 67 46 255 14 100 11 117 163 144 195
643131 39715 7691 46003 256 1 8 9860 41114 9867 65410 24947 35693 8275 243 170 235 201 144 3 240 67 67 46 255 14 100 11 117 163
643129 39715 7689 46003 256 0 8 9860 41114 9867 65410 24947 35693 8275 209 209 243 170 235 201 144 3 240 67 67 46 255 14 100 11
643127 39715 7687 46003 256 1 8 9860 41112 9867 65410 24947 35693 8275 243 171 209 209 243 170 235 201 144 3 240 67 67 46 255 14
643125 39715 7685 46003 256 3 8 9860 41112 9867 65410 24947 35693 8275 209 233 243 171 209 209 243 170 235 201 144 3 240 67 67 46
643123 39715 7683 46259 256 3 8 9860 41112 9867 65410 24947 35693 8275 138 224 209 233 243 171 209 209 243 170 235 201 144 3 240 67
643122 39715 7682 46272 256 3 8 9859 41112 9867 65410 24947 35693 8275 172 138 224 209 233 243 171 209 209 243 170 235 201 144 3 240
643119 39715 7679 46272 256 0 8 9859 41112 9867 65410 24947 35693 8275 128 193 3 172 138 224 209 233 243 171 209 209 243 170 235 201
643116 39715 7676 46272 256 192 8 9859 41112 9867 65410 24947 35693 8275 128 225 63 128 193 3 172 138 224 209 233 243 171 209 209 243
643114 39715 7674 46272 256 0 8 9859 41112 9867 65410 24947 35693 8275 138 200 128 225 63 128 193 3 172 138 224 209 233 243 171 209
643104 39715 7664 46272 256 0 8 9859 41112 9867 65410 24947 35693 8275 117 8 37 63 0 64 3 248 235 222 138 200 128 225 63 128
643102 39715 7662 46272 256 0 8 9859 41112 9867 65410 24947 35693 8275 168 64 117 8 37 63 0 64 3 248 235 222 138 200 128 225
643087 39715 7647 46272 256 0 8 9859 41112 9867 65410 24947 35693 8275 117 13 138 200 65 209 233 243 165 209 209 243 164 235 234 168
643085 39715 7645 46272 256 0 8 9859 41112 9867 65410 24947 35693 8275 168 128 117 13 138 200 65 209 233 243 165 209 209 243 164 235
643084 39715 7644 46260 256 0 8 9858 41112 9867 65410 24947 35693 8275 172 168 128 117 13 138 200 65 209 233 243 165 209 209 243 164
643082 39715 7642 46260 256 0 8 9858 41112 9867 65410 24947 35693 8275 116 54 172 168 128 117 13 138 200 65 209 233 243 165 209 209
643080 39715 7640 46260 256 0 8 9858 41112 9867 65410 24947 35693 8275 59 245 116 54 172 168 128 117 13 138 200 65 209 233 243 165
643133 39715 7693 46260 256 0 8 9858 41112 9867 65410 24947 35693 8275 235 201 144 3 240 67 67 46 255 14 100 11 117 163 144 195
643131 39715 7691 46260 256 0 8 9858 41112 9867 65410 24947 35693 8275 243 170 235 201 144 3 240 67 67 46 255 14 100 11 117 163
643129 39715 7689 46260 256 0 8 9858 41112 9867 65410 24947 35693 8275 209 209 243 170 235 201 144 3 240 67 67 46 255 14 100 11
643127 39715 7687 46260 256 7 8 9858 41098 9867 65410 24947 35693 8275 243 171 209 209 243 170 235 201 144 3 240 67 67 46 255 14
643125 39715 7685 46260 256 14 8 9858 41098 9867 65410 24947 35693 8275 209 233 243 171 209 209 243 170 235 201 144 3 240 67 67 46
643123 39715 7683 46260 256 14 8 9858 41098 9867 65410 24947 35693 8275 138 224 209 233 243 171 209 209 243 170 235 201 144 3 240 67
643122 39715 7682 46283 256 14 8 9857 41098 9867 65410 24947 35693 8275 172 138 224 209 233 243 171 209 209 243 170 235 201 144 3 240
643119 39715 7679 46283 256 11 8 9857 41098 9867 65410 24947 35693 8275 128 193 3 172 138 224 209 233 243 171 209 209 243 170 235 201
643116 39715 7676 46283 256 203 8 9857 41098 9867 65410 24947 35693 8275 128 225 63 128 193 3 172 138 224 209 233 243 171 209 209 243
643114 39715 7674 46283 256 0 8 9857 41098 9867 65410 24947 35693 8275 138 200 128 225 63 128 193 3 172 138 224 209 233 243 171 209
643104 39715 7664 46283 256 0 8 9857 41098 9867 65410 24947 35693 8275 117 8 37 63 0 64 3 248 235 222 138 200 128 225 63 128
643102 39715 7662 46283 256 0 8 9857 41098 9867 65410 24947 35693 8275 168 64 117 8 37 63 0 64 3 248 235 222 138 200 128 225
643087 39715 7647 46283 256 0 8 9857 41098 9867 65410 24947 35693 8275 117 13 138 200 65 209 233 243 165 209 209 243 164 235 234 168
643085 39715 7645 46283 256 0 8 9857 41098 9867 65410 24947 35693 8275 168 128 117 13 138 200 65 209 233 243 165 209 209 243 164 235
643084 39715 7644 46082 256 0 8 9856 41098 9867 65410 24947 35693 8275 172 168 128 117 13 138 200 65 209 233 243 165 209 209 243 164
643082 39715 7642 46082 256 0 8 9856 41098 9867 65410 24947 35693 8275 116 54 172 168 128 117 13 138 200 65 209 233 243 165 209 209
643080 39715 7640 46082 256 0 8 9856 41098 9867 65410 24947 35693 8275 59 245 116 54 172 168 128 117 13 138 200 65 209 233 243 165
643100 39715 7660 46082 256 0 8 9856 41098 9867 65410 24947 35693 8275 235 234 168 64 117 8 37 63 0 64 3 248 235 222 138 200
643098 39715 7658 46082 256 1 8 9855 41097 9867 65410 24947 35693 8275 243 164 235 234 168 64 117 8 37 63 0 64 3 248 235 222
643096 39715 7656 46082 256 0 8 9855 41097 9867 65410 24947 35693 8275 209 209 243 164 235 234 168 64 117 8 37 63 0 64 3 248
643094 39715 7654 46082 256 1 8 9853 41095 9867 65410 24947 35693 8275 243 165 209 209 243 164 235 234 168 64 117 8 37 63 0 64
643092 39715 7652 46082 256 3 8 9853 41095 9867 65410 24947 35693 8275 209 233 243 165 209 209 243 164 235 234 168 64 117 8 37 63
643091 39715 7651 46082 256 2 8 9853 41095 9867 65410 24947 35693 8275 65 209 233 243 165 209 209 243 164 235 234 168 64 117 8 37
643089 39715 7649 46082 256 0 8 9853 41095 9867 65410 24947 35693 8275 138 200 65 209 233 243 165 209 209 243 164 235 234 168 64 117
643087 39715 7647 46082 256 0 8 9853 41095 9867 65410 24947 35693 8275 117 13 138 200 65 209 233 243 165 209 209 243 164 235 234 168
643085 39715 7645 46082 256 0 8 9853 41095 9867 65410 24947 35693 8275 168 128 117 13 138 200 65 209 233 243 165 209 209 243 164 235
643084 39715 7644 46260 256 0 8 9852 41095 9867 65410 24947 35693 8275 172 168 128 117 13 138 200 65 209 233 243 165 209 209 243 164
643082 39715 7642 46260 256 0 8 9852 41095 9867 65410 24947 35693 8275 116 54 172 168 128 117 13 138 200 65 209 233 243 165 209 209
643080 39715 7640 46260 256 0 8 9852 41095 9867 65410 24947 35693 8275 59 245 116 54 172 168 128 117 13 138 200 65 209 233 243 165
643133 39715 7693 46260 256 0 8 9852 41095 9867 65410 24947 35693 8275 235 201 144 3 240 67 67 46 255 14 100 11 117 163 144 195
643131 39715 7691 46260 256 1 8 9852 41094 9867 65410 24947 35693 8275 243 170 235 201 144 3 240 67 67 46 255 14 100 11 117 163
643129 39715 7689 46260 256 0 8 9852 41094 9867 65410 24947 35693 8275 209 209 243 170 235 201 144 3 240 67 67 46 255 14 100 11
643127 39715 7687 46260 256 9 8 9852 41076 9867 65410 24947 35693 8275 243 171 209 209 243 170 235 201 144 3 240 67 67 46 255 14
643125 39715 7685 46260 256 19 8 9852 41076 9867 65410 24947 35693 8275 209 233 243 171 209 209 243 170 235 201 144 3 240 67 67 46
643123 39715 7683 46260 256 19 8 9852 41076 9867 65410 24947 35693 8275 138 224 209 233 243 171 209 209 243 170 235 201 144 3 240 67
643122 39715 7682 46288 256 19 8 9851 41076 9867 65410 24947 35693 8275 172 138 224 209 233 243 171 209 209 243 170 235 201 144 3 240
643119 39715 7679 46288 256 16 8 9851 41076 9867 65410 24947 35693 8275 128 193 3 172 138 224 209 233 243 171 209 209 243 170 235 201
643116 39715 7676 46288 256 208 8 9851 41076 9867 65410 24947 35693 8275 128 225 63 128 193 3 172 138 224 209 233 243 171 209 209 243
643114 39715 7674 46288 256 0 8 9851 41076 9867 65410 24947 35693 8275 138 200 128 225 63 128 193 3 172 138 224 209 233 243 171 209
643104 39715 7664 46288 256 0 8 9851 41076 9867 65410 24947 35693 8275 117 8 37 63 0 64 3 248 235 222 138 200 128 225 63 128
643102 39715 7662 46288 256 0 8 9851 41076 9867 65410 24947 35693 8275 168 64 117 8 37 63 0 64 3 248 235 222 138 200 128 225
643087 39715 7647 46288 256 0 8 9851 41076 9867 65410 24947 35693 8275 117 13 138 200 65 209 233 243 165 209 209 243 164 235 234 168
643085 39715 7645 46288 256 0 8 9851 41076 9867 65410 24947 35693 8275 168 128 117 13 138 200 65 209 233 243 165 209 209 243 164 235
643084 39715 7644 46081 256 0 8 9850 41076 9867 65410 24947 35693 8275 172 168 128 117 13 138 200 65 209 233 243 165 209 209 243 164
643082 39715 7642 46081 256 0 8 9850 41076 9867 65410 24947 35693 8275 116 54 172 168 128 117 13 138 200 65 209 233 243 165 209 209
643080 39715 7640 46081 256 0 8 9850 41076 9867 65410 24947 35693 8275 59 245 116 54 172 168 128 117 13 138 200 65 209 233 243 165
643100 39715 7660 46081 256 0 8 9850 41076 9867 65410 24947 35693 8275 235 234 168 64 117 8 37 63 0 64 3 248 235 222 138 200
643098 39715 7658 46081 256 0 8 9850 41076 9867 65410 24947 35693 8275 243 164 235 234 168 64 117 8 37 63 0 64 3 248 235 222
643096 39715 7656 46081 256 0 8 9850 41076 9867 65410 24947 35693 8275 209 209 243 164 235 234 168 64 117 8 37 63 0 64 3 248
643094 39715 7654 46081 256 1 8 9848 41074 9867 65410 24947 35693 8275 243 165 209 209 243 164 235 234 168 64 117 8 37 63 0 64
643092 39715 7652 46081 256 2 8 9848 41074 9867 65410 24947 35693 8275 209 233 243 165 209 209 243 164 235 234 168 64 117 8 37 63
643091 39715 7651 46081 256 1 8 9848 41074 9867 65410 24947 35693 8275 65 209 233 243 165 209 209 243 164 235 234 168 64 117 8 37
643089 39715 7649 46081 256 0 8 9848 41074 9867 65410 24947 35693 8275 138 200 65 209 233 243 165 209 209 243 164 235 234 168 64 117
643087 39715 7647 46081 256 0 8 9848 41074 9867 65410 24947 35693 8275 117 13 138 200 65 209 233 243 165 209 209 243 164 235 234 168
643085 39715 7645 46081 256 0 8 9848 41074 9867 65410 24947 35693 8275 168 128 117 13 138 200 65 209 233 243 165 209 209 243 164 235
643084 39715 7644 46260 256 0 8 9847 41074 9867 65410 24947 35693 8275 172 168 128 117 13 138 200 65 209 233 243 165 209 209 243 164
643082 39715 7642 46260 256 0 8 9847 41074 9867 65410 24947 35693 8275 116 54 172 168 128 117 13 138 200 65 209 233 243 165 209 209
643080 39715 7640 46260 256 0 8 9847 41074 9867 65410 24947 35693 8275 59 245 116 54 172 168 128 117 13 138 200 65 209 233 243 165
643133 39715 7693 46260 256 0 8 9847 41074 9867 65410 24947 35693 8275 235 201 144 3 240 67 67 46 255 14 100 11 117 163 144 195
643131 39715 7691 46260 256 1 8 9847 41073 9867 65410 24947 35693 8275 243 170 235 201 144 3 240 67 67 46 255 14 100 11 117 163
643129 39715 7689 46260 256 0 8 9847 41073 9867 65410 24947 35693 8275 209 209 243 170 235 201 144 3 240 67 67 46 255 14 100 11
643127 39715 7687 46260 256 19 8 9847 41035 9867 65410 24947 35693 8275 243 171 209 209 243 170 235 201 144 3 240 67 67 46 255 14
643125 39715 7685 46260 256 39 8 9847 41035 9867 65410 24947 35693 8275 209 233 243 171 209 209 243 170 235 201 144 3 240 67 67 46
643123 39715 7683 46260 256 39 8 9847 41035 9867 65410 24947 35693 8275 138 224 209 233 243 171 209 209 243 170 235 201 144 3 240 67
643122 39715 7682 46308 256 39 8 9846 41035 9867 65410 24947 35693 8275 172 138 224 209 233 243 171 209 209 243 170 235 201 144 3 240
643119 39715 7679 46308 256 36 8 9846 41035 9867 65410 24947 35693 8275 128 193 3 172 138 224 209 233 243 171 209 209 243 170 235 201
643116 39715 7676 46308 256 228 8 9846 41035 9867 65410 24947 35693 8275 128 225 63 128 193 3 172 138 224 209 233 243 171 209 209 243
643114 39715 7674 46308 256 0 8 9846 41035 9867 65410 24947 35693 8275 138 200 128 225 63 128 193 3 172 138 224 209 233 243 171 209
643104 39715 7664 46308 256 0 8 9846 41035 9867 65410 24947 35693 8275 117 8 37 63 0 64 3 248 235 222 138 200 128 225 63 128
643102 39715 7662 46308 256 0 8 9846 41035 9867 65410 24947 35693 8275 168 64 117 8 37 63 0 64 3 248 235 222 138 200 128 225
643087 39715 7647 46308 256 0 8 9846 41035 9867 65410 24947 35693 8275 117 13 138 200 65 209 233 243 165 209 209 243 164 235 234 168
643085 39715 7645 46308 256 0 8 9846 41035 9867 65410 24947 35693 8275 168 128 117 13 138 200 65 209 233 243 165 209 209 243 164 235
643084 39715 7644 46081 256 0 8 9845 41035 9867 65410 24947 35693 8275 172 168 128 117 13 138 200 65 209 233 243 165 209 209 243 164
643082 39715 7642 46081 256 0 8 9845 41035 9867 65410 24947 35693 8275 116 54 172 168 128 117 13 138 200 65 209 233 243 165 209 209
643080 39715 7640 46081 256 0 8 9845 41035 9867 65410 24947 35693 8275 59 245 116 54 172 168 128 117 13 138 200 65 209 233 243 165
643100 39715 7660 46081 256 0 8 9845 41035 9867 65410 24947 35693 8275 235 234 168 64 117 8 37 63 0 64 3 248 235 222 138 200
643098 39715 7658 46081 256 0 8 9845 41035 9867 65410 24947 35693 8275 243 164 235 234 168 64 117 8 37 63 0 64 3 248 235 222
643096 39715 7656 46081 256 0 8 9845 41035 9867 65410 24947 35693 8275 209 209 243 164 235 234 168 64 117 8 37 63 0 64 3 248
643094 39715 7654 46081 256 1 8 9843 41033 9867 65410 24947 35693 8275 243 165 209 209 243 164 235 234 168 64 117 8 37 63 0 64
643092 39715 7652 46081 256 2 8 9843 41033 9867 65410 24947 35693 8275 209 233 243 165 209 209 243 164 235 234 168 64 117 8 37 63
643091 39715 7651 46081 256 1 8 9843 41033 9867 65410 24947 35693 8275 65 209 233 243 165 209 209 243 164 235 234 168 64 117 8 37
643089 39715 7649 46081 256 0 8 9843 41033 9867 65410 24947 35693 8275 138 200 65 209 233 243 165 209 209 243 164 235 234 168 64 117
643087 39715 7647 46081 256 0 8 9843 41033 9867 65410 24947 35693 8275 117 13 138 200 65 209 233 243 165 209 209 243 164 235 234 168
643085 39715 7645 46081 256 0 8 9843 41033 9867 65410 24947 35693 8275 168 128 117 13 138 200 65 209 233 243 165 209 209 243 164 235
643084 39715 7644 46260 256 0 8 9842 41033 9867 65410 24947 35693 8275 172 168 128 117 13 138 200 65 209 233 243 165 209 209 243 164
643082 39715 7642 46260 256 0 8 9842 41033 9867 65410 24947 35693 8275 116 54 172 168 128 117 13 138 200 65 209 233 243 165 209 209
643080 39715 7640 46260 256 0 8 9842 41033 9867 65410 24947 35693 8275 59 245 116 54 172 168 128 117 13 138 200 65 209 233 243 165
643133 39715 7693 46260 256 0 8 9842 41033 9867 65410 24947 35693 8275 235 201 144 3 240 67 67 46 255 14 100 11 117 163 144 195
643131 39715 7691 46260 256 0 8 9842 41033 9867 65410 24947 35693 8275 243 170 235 201 144 3 240 67 67 46 255 14 100 11 117 163
643129 39715 7689 46260 256 0 8 9842 41033 9867 65410 24947 35693 8275 209 209 243 170 235 201 144 3 240 67 67 46 255 14 100 11
643127 39715 7687 46260 256 11 8 9842 41011 9867 65410 24947 35693 8275 243 171 209 209 243 170 235 201 144 3 240 67 67 46 255 14
643125 39715 7685 46260 256 22 8 9842 41011 9867 65410 24947 35693 8275 209 233 243 171 209 209 243 170 235 201 144 3 240 67 67 46
643123 39715 7683 46260 256 22 8 9842 41011 9867 65410 24947 35693 8275 138 224 209 233 243 171 209 209 243 170 235 201 144 3 240 67
643122 39715 7682 46291 256 22 8 9841 41011 9867 65410 24947 35693 8275 172 138 224 209 233 243 171 209 209 243 170 235 201 144 3 240
643119 39715 7679 46291 256 19 8 9841 41011 9867 65410 24947 35693 8275 128 193 3 172 138 224 209 233 243 171 209 209 243 170 235 201
643116 39715 7676 46291 256 211 8 9841 41011 9867 65410 24947 35693 8275 128 225 63 128 193 3 172 138 224 209 233 243 171 209 209 243
643114 39715 7674 46291 256 0 8 9841 41011 9867 65410 24947 35693 8275 138 200 128 225 63 128 193 3 172 138 224 209 233 243 171 209
643104 39715 7664 46291 256 0 8 9841 41011 9867 65410 24947 35693 8275 117 8 37 63 0 64 3 248 235 222 138 200 128 225 63 128
643102 39715 7662 46291 256 0 8 9841 41011 9867 65410 24947 35693 8275 168 64 117 8 37 63 0 64 3 248 235 222 138 200 128 225
643087 39715 7647 46291 256 0 8 9841 41011 9867 65410 24947 35693 8275 117 13 138 200 65 209 233 243 165 209 209 243 164 235 234 168
643085 39715 7645 46291 256 0 8 9841 41011 9867 65410 24947 35693 8275 168 128 117 13 138 200 65 209 233 243 165 209 209 243 164 235
643084 39715 7644 46082 256 0 8 9840 41011 9867 65410 24947 35693 8275 172 168 128 117 13 138 200 65 209 233 243 165 209 209 243 164
643082 39715 7642 46082 256 0 8 9840 41011 9867 65410 24947 35693 8275 116 54 172 168 128 117 13 138 200 65 209 233 243 165 209 209
643080 39715 7640 46082 256 0 8 9840 41011 9867 65410 24947 35693 8275 59 245 116 54 172 168 128 117 13 138 200 65 209 233 243 165
643100 39715 7660 46082 256 0 8 9840 41011 9867 65410 24947 35693 8275 235 234 168 64 117 8 37 63 0 64 3 248 235 222 138 200
643098 39715 7658 46082 256 1 8 9839 41010 9867 65410 24947 35693 8275 243 164 235 234 168 64 117 8 37 63 0 64 3 248 235 222
643096 39715 7656 46082 256 0 8 9839 41010 9867 65410 24947 35693 8275 209 209 243 164 235 234 168 64 117 8 37 63 0 64 3 248
643094 39715 7654 46082 256 1 8 9837 41008 9867 65410 24947 35693 8275 243 165 209 209 243 164 235 234 168 64 117 8 37 63 0 64
643092 39715 7652 46082 256 3 8 9837 41008 9867 65410 24947 35693 8275 209 233 243 165 209 209 243 164 235 234 168 64 117 8 37 63
643091 39715 7651 46082 256 2 8 9837 41008 9867 65410 24947 35693 8275 65 209 233 243 165 209 209 243 164 235 234 168 64 117 8 37
643089 39715 7649 46082 256 0 8 9837 41008 9867 65410 24947 35693 8275 138 200 65 209 233 243 165 209 209 243 164 235 234 168 64 117
643087 39715 7647 46082 256 0 8 9837 41008 9867 65410 24947 35693 8275 117 13 138 200 65 209 233 243 165 209 209 243 164 235 234 168
643085 39715 7645 46082 256 0 8 9837 41008 9867 65410 24947 35693 8275 168 128 117 13 138 200 65 209 233 243 165 209 209 243 164 235
643084 39715 7644 46260 256 0 8 9836 41008 9867 65410 24947 35693 8275 172 168 128 117 13 138 200 65 209 233 243 165 209 209 243 164
643082 39715 7642 46260 256 0 8 9836 41008 9867 65410 24947 35693 8275 116 54 172 168 128 117 13 138 200 65 209 233 243 165 209 209
643080 39715 7640 46260 256 0 8 9836 41008 9867 65410 24947 35693 8275 59 245 116 54 172 168 128 117 13 138 200 65 209 233 243 165
643133 39715 7693 46260 256 0 8 9836 41008 9867 65410 24947 35693 8275 235 201 144 3 240 67 67 46 255 14 100 11 117 163 144 195
643131 39715 7691 46260 256 1 8 9836 41007 9867 65410 24947 35693 8275 243 170 235 201 144 3 240 67 67 46 255 14 100 11 117 163
643129 39715 7689 46260 256 0 8 9836 41007 9867 65410 24947 35693 8275 209 209 243 170 235 201 144 3 240 67 67 46 255 14 100 11
643127 39715 7687 46260 256 4 8 9836 40999 9867 65410 24947 35693 8275 243 171 209 209 243 170 235 201 144 3 240 67 67 46 255 14
643125 39715 7685 46260 256 9 8 9836 40999 9867 65410 24947 35693 8275 209 233 243 171 209 209 243 170 235 201 144 3 240 67 67 46
643123 39715 7683 46004 256 9 8 9836 40999 9867 65410 24947 35693 8275 138 224 209 233 243 171 209 209 243 170 235 201 144 3 240 67
643122 39715 7682 46022 256 9 8 9835 40999 9867 65410 24947 35693 8275 172 138 224 209 233 243 171 209 209 243 170 235 201 144 3 240
643119 39715 7679 46022 256 6 8 9835 40999 9867 65410 24947 35693 8275 128 193 3 172 138 224 209 233 243 171 209 209 243 170 235 201
643116 39715 7676 46022 256 198 8 9835 40999 9867 65410 24947 35693 8275 128 225 63 128 193 3 172 138 224 209 233 243 171 209 209 243
643114 39715 7674 46022 256 0 8 9835 40999 9867 65410 24947 35693 8275 138 200 128 225 63 128 193 3 172 138 224 209 233 243 171 209
643104 39715 7664 46022 256 0 8 9835 40999 9867 65410 24947 35693 8275 117 8 37 63 0 64 3 248 235 222 138 200 128 225 63 128
643102 39715 7662 46022 256 0 8 9835 40999 9867 65410 24947 35693 8275 168 64 117 8 37 63 0 64 3 248 235 222 138 200 128 225
643087 39715 7647 46022 256 0 8 9835 40999 9867 65410 24947 35693 8275 117 13 138 200 65 209 233 243 165 209 209 243 164 235 234 168
643085 39715 7645 46022 256 0 8 9835 40999 9867 65410 24947 35693 8275 168 128 117 13 138 200 65 209 233 243 165 209 209 243 164 235
643084 39715 7644 46003 256 0 8 9834 40999 9867 65410 24947 35693 8275 172 168 128 117 13 138 200 65 209 233 243 165 209 209 243 164
643082 39715 7642 46003 256 0 8 9834 40999 9867 65410 24947 35693 8275 116 54 172 168 128 117 13 138 200 65 209 233 243 165 209 209
643080 39715 7640 46003 256 0 8 9834 40999 9867 65410 24947 35693 8275 59 245 116 54 172 168 128 117 13 138 200 65 209 233 243 165
643133 39715 7693 46003 256 0 8 9834 40999 9867 65410 24947 35693 8275 235 201 144 3 240 67 67 46 255 14 100 11 117 163 144 195
643131 39715 7691 46003 256 1 8 9834 40998 9867 65410 24947 35693 8275 243 170 235 201 144 3 240 67 67 46 255 14 100 11 117 163
643129 39715 7689 46003 256 0 8 9834 40998 9867 65410 24947 35693 8275 209 209 243 170 235 201 144 3 240 67 67 46 255 14 100 11
643127 39715 7687 46003 256 1 8 9834 40996 9867 65410 24947 35693 8275 243 171 209 209 243 170 235 201 144 3 240 67 67 46 255 14
643125 39715 7685 46003 256 3 8 9834 40996 9867 65410 24947 35693 8275 209 233 243 171 209 209 243 170 235 201 144 3 240 67 67 46
643123 39715 7683 46259 256 3 8 9834 40996 9867 65410 24947 35693 8275 138 224 209 233 243 171 209 209 243 170 235 201 144 3 240 67
643122 39715 7682 46272 256 3 8 9833 40996 9867 65410 24947 35693 8275 172 138 224 209 233 243 171 209 209 243 170 235 201 144 3 240
643119 39715 7679 46272 256 0 8 9833 40996 9867 65410 24947 35693 8275 128 193 3 172 138 224 209 233 243 171 209 209 243 170 235 201
643116 39715 7676 46272 256 192 8 9833 40996 9867 65410 24947 35693 8275 128 225 63 128 193 3 172 138 224 209 233 243 171 209 209 243
643114 39715 7674 46272 256 0 8 9833 40996 9867 65410 24947 35693 8275 138 200 128 225 63 128 193 3 172 138 224 209 233 243 171 209
643104 39715 7664 46272 256 0 8 9833 40996 9867 65410 24947 35693 8275 117 8 37 63 0 64 3 248 235 222 138 200 128 225 63 128
643102 39715 7662 46272 256 0 8 9833 40996 9867 65410 24947 35693 8275 168 64 117 8 37 63 0 64 3 248 235 222 138 200 128 225
643087 39715 7647 46272 256 0 8 9833 40996 9867 65410 24947 35693 8275 117 13 138 200 65 209 233 243 165 209 209 243 164 235 234 168
643085 39715 7645 46272 256 0 8 9833 40996 9867 65410 24947 35693 8275 168 128 117 13 138 200 65 209 233 243 165 209 209 243 164 235
643084 39715 7644 46260 256 0 8 9832 40996 9867 65410 24947 35693 8275 172 168 128 117 13 138 200 65 209 233 243 165 209 209 243 164
643082 39715 7642 46260 256 0 8 9832 40996 9867 65410 24947 35693 8275 116 54 172 168 128 117 13 138 200 65 209 233 243 165 209 209
643080 39715 7640 46260 256 0 8 9832 40996 9867 65410 24947 35693 8275 59 245 116 54 172 168 128 117 13 138 200 65 209 233 243 165
643133 39715 7693 46260 256 0 8 9832 40996 9867 65410 24947 35693 8275 235 201 144 3 240 67 67 46 255 14 100 11 117 163 144 195
643131 39715 7691 46260 256 1 8 9832 40995 9867 65410 24947 35693 8275 243 170 235 201 144 3 240 67 67 46 255 14 100 11 117 163
643129 39715 7689 46260 256 0 8 9832 40995 9867 65410 24947 35693 8275 209 209 243 170 235 201 144 3 240 67 67 46 255 14 100 11
643127 39715 7687 46260 256 2 8 9832 40991 9867 65410 24947 35693 8275 243 171 209 209 243 170 235 201 144 3 240 67 67 46 255 14
643125 39715 7685 46260 256 5 8 9832 40991 9867 65410 24947 35693 8275 209 233 243 171 209 209 243 170 235 201 144 3 240 67 67 46
643123 39715 7683 46004 256 5 8 9832 40991 9867 65410 24947 35693 8275 138 224 209 233 243 171 209 209 243 170 235 201 144 3 240 67
643122 39715 7682 46018 256 5 8 9831 40991 9867 65410 24947 35693 8275 172 138 224 209 233 243 171 209 209 243 170 235 201 144 3 240
643119 39715 7679 46018 256 2 8 9831 40991 9867 65410 24947 35693 8275 128 193 3 172 138 224 209 233 243 171 209 209 243 170 235 201
643116 39715 7676 46018 256 194 8 9831 40991 9867 65410 24947 35693 8275 128 225 63 128 193 3 172 138 224 209 233 243 171 209 209 243
643114 39715 7674 46018 256 0 8 9831 40991 9867 65410 24947 35693 8275 138 200 128 225 63 128 193 3 172 138 224 209 233 243 171 209
643104 39715 7664 46018 256 0 8 9831 40991 9867 65410 24947 35693 8275 117 8 37 63 0 64 3 248 235 222 138 200 128 225 63 128
643102 39715 7662 46018 256 0 8 9831 40991 9867 65410 24947 35693 8275 168 64 117 8 37 63 0 64 3 248 235 222 138 200 128 225
643087 39715 7647 46018 256 0 8 9831 40991 9867 65410 24947 35693 8275 117 13 138 200 65 209 233 243 165 209 209 243 164 235 234 168
643085 39715 7645 46018 256 0 8 9831 40991 9867 65410 24947 35693 8275 168 128 117 13 138 200 65 209 233 243 165 209 209 243 164 235
643084 39715 7644 46003 256 0 8 9830 40991 9867 65410 24947 35693 8275 172 168 128 117 13 138 200 65 209 233 243 165 209 209 243 164
643082 39715 7642 46003 256 0 8 9830 40991 9867 65410 24947 35693 8275 116 54 172 168 128 117 13 138 200 65 209 233 243 165 209 209
643080 39715 7640 46003 256 0 8 9830 40991 9867 65410 24947 35693 8275 59 245 116 54 172 168 128 117 13 138 200 65 209 233 243 165
643133 39715 7693 46003 256 0 8 9830 40991 9867 65410 24947 35693 8275 235 201 144 3 240 67 67 46 255 14 100 11 117 163 144 195
643131 39715 7691 46003 256 0 8 9830 40991 9867 65410 24947 35693 8275 243 170 235 201 144 3 240 67 67 46 255 14 100 11 117 163
643129 39715 7689 46003 256 0 8 9830 40991 9867 65410 24947 35693 8275 209 209 243 170 235 201 144 3 240 67 67 46 255 14 100 11
643127 39715 7687 46003 256 5 8 9830 40981 9867 65410 24947 35693 8275 243 171 209 209 243 170 235 201 144 3 240 67 67 46 255 14
643125 39715 7685 46003 256 10 8 9830 40981 9867 65410 24947 35693 8275 209 233 243 171 209 209 243 170 235 201 144 3 240 67 67 46
643123 39715 7683 46259 256 10 8 9830 40981 9867 65410 24947 35693 8275 138 224 209 233 243 171 209 209 243 170 235 201 144 3 240 67
643122 39715 7682 46279 256 10 8 9829 40981 9867 65410 24947 35693 8275 172 138 224 209 233 243 171 209 209 243 170 235 201 144 3 240
643119 39715 7679 46279 256 7 8 9829 40981 9867 65410 24947 35693 8275 128 193 3 172 138 224 209 233 243 171 209 209 243 170 235 201
643116 39715 7676 46279 256 199 8 9829 40981 9867 65410 24947 35693 8275 128 225 63 128 193 3 172 138 224 209 233 243 171 209 209 243
643114 39715 7674 46279 256 0 8 9829 40981 9867 65410 24947 35693 8275 138 200 128 225 63 128 193 3 172 138 224 209 233 243 171 209
643104 39715 7664 46279 256 0 8 9829 40981 9867 65410 24947 35693 8275 117 8 37 63 0 64 3 248 235 222 138 200 128 225 63 128
643102 39715 7662 46279 256 0 8 9829 40981 9867 65410 24947 35693 8275 168 64 117 8 37 63 0 64 3 248 235 222 138 200 128 225
643087 39715 7647 46279 256 0 8 9829 40981 9867 65410 24947 35693 8275 117 13 138 200 65 209 233 243 165 209 209 243 164 235 234 168
643085 39715 7645 46279 256 0 8 9829 40981 9867 65410 24947 35693 8275 168 128 117 13 138 200 65 209 233 243 165 209 209 243 164 235
643084 39715 7644 46083 256 0 8 9828 40981 9867 65410 24947 35693 8275 172 168 128 117 13 138 200 65 209 233 243 165 209 209 243 164
643082 39715 7642 46083 256 0 8 9828 40981 9867 65410 24947 35693 8275 116 54 172 168 128 117 13 138 200 65 209 233 243 165 209 209
643080 39715 7640 46083 256 0 8 9828 40981 9867 65410 24947 35693 8275 59 245 116 54 172 168 128 117 13 138 200 65 209 233 243 165
643100 39715 7660 46083 256 0 8 9828 40981 9867 65410 24947 35693 8275 235 234 168 64 117 8 37 63 0 64 3 248 235 222 138 200
643098 39715 7658 46083 256 0 8 9828 40981 9867 65410 24947 35693 8275 243 164 235 234 168 64 117 8 37 63 0 64 3 248 235 222
643096 39715 7656 46083 256 0 8 9828 40981 9867 65410 24947 35693 8275 209 209 243 164 235 234 168 64 117 8 37 63 0 64 3 248
643094 39715 7654 46083 256 2 8 9824 40977 9867 65410 24947 35693 8275 243 165 209 209 243 164 235 234 168 64 117 8 37 63 0 64
643092 39715 7652 46083 256 4 8 9824 40977 9867 65410 24947 35693 8275 209 233 243 165 209 209 243 164 235 234 168 64 117 8 37 63
643091 39715 7651 46083 256 3 8 9824 40977 9867 65410 24947 35693 8275 65 209 233 243 165 209 209 243 164 235 234 168 64 117 8 37
643089 39715 7649 46083 256 0 8 9824 40977 9867 65410 24947 35693 8275 138 200 65 209 233 243 165 209 209 243 164 235 234 168 64 117
643087 39715 7647 46083 256 0 8 9824 40977 9867 65410 24947 35693 8275 117 13 138 200 65 209 233 243 165 209 209 243 164 235 234 168
643085 39715 7645 46083 256 0 8 9824 40977 9867 65410 24947 35693 8275 168 128 117 13 138 200 65 209 233 243 165 209 209 243 164 235
643084 39715 7644 46260 256 0 8 9823 40977 9867 65410 24947 35693 8275 172 168 128 117 13 138 200 65 209 233 243 165 209 209 243 164
643082 39715 7642 46260 256 0 8 9823 40977 9867 65410 24947 35693 8275 116 54 172 168 128 117 13 138 200 65 209 233 243 165 209 209
643080 39715 7640 46260 256 0 8 9823 40977 9867 65410 24947 35693 8275 59 245 116 54 172 168 128 117 13 138 200 65 209 233 243 165
643133 39715 7693 46260 256 0 8 9823 40977 9867 65410 24947 35693 8275 235 201 144 3 240 67 67 46 255 14 100 11 117 163 144 195
643131 39715 7691 46260 256 1 8 9823 40976 9867 65410 24947 35693 8275 243 170 235 201 144 3 240 67 67 46 255 14 100 11 117 163
643129 39715 7689 46260 256 0 8 9823 40976 9867 65410 24947 35693 8275 209 209 243 170 235 201 144 3 240 67 67 46 255 14 100 11
643127 39715 7687 46260 256 4 8 9823 40968 9867 65410 24947 35693 8275 243 171 209 209 243 170 235 201 144 3 240 67 67 46 255 14
643125 39715 7685 46260 256 9 8 9823 40968 9867 65410 24947 35693 8275 209 233 243 171 209 209 243 170 235 201 144 3 240 67 67 46
643123 39715 7683 180 256 9 8 9823 40968 9867 65410 24947 35693 8275 138 224 209 233 243 171 209 209 243 170 235 201 144 3 240 67
643122 39715 7682 198 256 9 8 9822 40968 9867 65410 24947 35693 8275 172 138 224 209 233 243 171 209 209 243 170 235 201 144 3 240
643119 39715 7679 198 256 6 8 9822 40968 9867 65410 24947 35693 8275 128 193 3 172 138 224 209 233 243 171 209 209 243 170 235 201
643116 39715 7676 198 256 198 8 9822 40968 9867 65410 24947 35693 8275 128 225 63 128 193 3 172 138 224 209 233 243 171 209 209 243
643114 39715 7674 198 256 0 8 9822 40968 9867 65410 24947 35693 8275 138 200 128 225 63 128 193 3 172 138 224 209 233 243 171 209
643104 39715 7664 198 256 0 8 9822 40968 9867 65410 24947 35693 8275 117 8 37 63 0 64 3 248 235 222 138 200 128 225 63 128
643102 39715 7662 198 256 0 8 9822 40968 9867 65410 24947 35693 8275 168 64 117 8 37 63 0 64 3 248 235 222 138 200 128 225
643087 39715 7647 198 256 0 8 9822 40968 9867 65410 24947 35693 8275 117 13 138 200 65 209 233 243 165 209 209 243 164 235 234 168
643085 39715 7645 198 256 0 8 9822 40968 9867 65410 24947 35693 8275 168 128 117 13 138 200 65 209 233 243 165 209 209 243 164 235
643084 39715 7644 0 256 0 8 9821 40968 9867 65410 24947 35693 8275 172 168 128 117 13 138 200 65 209 233 243 165 209 209 243 164
643082 39715 7642 0 256 0 8 9821 40968 9867 65410 24947 35693 8275 116 54 172 168 128 117 13 138 200 65 209 233 243 165 209 209
643080 39715 7640 0 256 0 8 9821 40968 9867 65410 24947 35693 8275 59 245 116 54 172 168 128 117 13 138 200 65 209 233 243 165
643079 39715 7639 0 256 0 8 9821 40968 9867 65410 24947 35693 8275 144 59 245 116 54 172 168 128 117 13 138 200 65 209 233 243
643077 39715 7637 0 256 0 8 9821 40968 9867 65410 24947 35693 8275 3 248 144 59 245 116 54 172 168 128 117 13 138 200 65 209
643076 39715 7636 48 256 0 8 9819 40968 9867 65410 24947 35693 8275 173 3 248 144 59 245 116 54 172 168 128 117 13 138 200 65
643074 39715 7634 48 256 0 8 9819 40960 9867 65410 24947 35693 8275 3 250 173 3 248 144 59 245 116 54 172 168 128 117 13 138
643069 39715 7629 48 256 0 8 9819 40864 9867 65410 24947 35693 8275 46 139 191 156 6 3 250 173 3 248 144 59 245 116 54 172
643067 39715 7627 48 256 0 8 9819 40864 9819 65410 24947 35693 8275 3 232 46 139 191 156 6 3 250 173 3 248 144 59 245 116
643065 39715 7625 48 256 0 8 9819 40864 9817 65410 24947 35693 8275 139 238 3 232 46 139 191 156 6 3 250 173 3 248 144 59
643063 39715 7623 48 256 0 8 9819 40864 9817 65410 24947 35693 8275 115 71 139 238 3 232 46 139 191 156 6 3 250 173 3 248
643059 39715 7619 48 256 0 8 9819 40864 9817 65410 24947 35693 8275 129 251 144 1 115 71 139 238 3 232 46 139 191 156 6 3
643057 39715 7617 48 256 0 8 9819 40864 9817 65410 24947 35693 8275 116 79 129 251 144 1 115 71 139 238 3 232 46 139 191 156
643055 39715 7615 48 256 0 8 9819 40864 9817 65410 24947 35693 8275 11 192 116 79 129 251 144 1 115 71 139 238 3 232 46 139
643054 39715 7614 46260 256 0 8 9817 40864 9817 65410 24947 35693 8275 173 11 192 116 79 129 251 144 1 115 71 139 238 3 232 46
643145 39715 7705 46260 256 0 8 9817 40864 9817 65410 24947 35693 8275 117 163 144 195 144 86 83 81 139 52 232 12 0 89 91 94
643140 39715 7700 46260 256 0 8 9817 40864 9817 65410 24947 35693 8275 46 255 14 100 11 117 163 144 195 144 86 83 81 139 52 232
643139 39715 7699 46260 255 0 8 9817 40864 9817 65410 24947 35693 8275 67 46 255 14 100 11 117 163 144 195 144 86 83 81 139 52
643138 39715 7698 46260 254 0 8 9817 40864 9817 65410 24947 35693 8275 67 67 46 255 14 100 11 117 163 144 195 144 86 83 81 139
643082 39715 7642 46260 254 0 8 9817 40864 9817 65410 24947 35693 8275 116 54 172 168 128 117 13 138 200 65 209 233 243 165 209 209
643080 39715 7640 46260 254 0 8 9817 40864 9817 65410 24947 35693 8275 59 245 116 54 172 168 128 117 13 138 200 65 209 233 243 165
643133 39715 7693 46260 254 0 8 9817 40864 9817 65410 24947 35693 8275 235 201 144 3 240 67 67 46 255 14 100 11 117 163 144 195
643131 39715 7691 46260 254 0 8 9817 40864 9817 65410 24947 35693 8275 243 170 235 201 144 3 240 67 67 46 255 14 100 11 117 163
643129 39715 7689 46260 254 0 8 9817 40864 9817 65410 24947 35693 8275 209 209 243 170 235 201 144 3 240 67 67 46 255 14 100 11
643127 39715 7687 46260 254 21 8 9817 40822 9817 65410 24947 35693 8275 243 171 209 209 243 170 235 201 144 3 240 67 67 46 255 14
643125 39715 7685 46260 254 42 8 9817 40822 9817 65410 24947 35693 8275 209 233 243 171 209 209 243 170 235 201 144 3 240 67 67 46
643123 39715 7683 46260 254 42 8 9817 40822 9817 65410 24947 35693 8275 138 224 209 233 243 171 209 209 243 170 235 201 144 3 240 67
643122 39715 7682 46311 254 42 8 9816 40822 9817 65410 24947 35693 8275 172 138 224 209 233 243 171 209 209 243 170 235 201 144 3 240
643119 39715 7679 46311 254 39 8 9816 40822 9817 65410 24947 35693 8275 128 193 3 172 138 224 209 233 243 171 209 209 243 170 235 201
643116 39715 7676 46311 254 231 8 9816 40822 9817 65410 24947 35693 8275 128 225 63 128 193 3 172 138 224 209 233 243 171 209 209 243
643114 39715 7674 46311 254 0 8 9816 40822 9817 65410 24947 35693 8275 138 200 128 225 63 128 193 3 172 138 224 209 233 243 171 209
643104 39715 7664 46311 254 0 8 9816 40822 9817 65410 24947 35693 8275 117 8 37 63 0 64 3 248 235 222 138 200 128 225 63 128
643102 39715 7662 46311 254 0 8 9816 40822 9817 65410 24947 35693 8275 168 64 117 8 37 63 0 64 3 248 235 222 138 200 128 225
643087 39715 7647 46311 254 0 8 9816 40822 9817 65410 24947 35693 8275 117 13 138 200 65 209 233 243 165 209 209 243 164 235 234 168
643085 39715 7645 46311 254 0 8 9816 40822 9817 65410 24947 35693 8275 168 128 117 13 138 200 65 209 233 243 165 209 209 243 164 235
643084 39715 7644 46081 254 0 8 9815 40822 9817 65410 24947 35693 8275 172 168 128 117 13 138 200 65 209 233 243 165 209 209 243 164
643082 39715 7642 46081 254 0 8 9815 40822 9817 65410 24947 35693 8275 116 54 172 168 128 117 13 138 200 65 209 233 243 165 209 209
643080 39715 7640 46081 254 0 8 9815 40822 9817 65410 24947 35693 8275 59 245 116 54 172 168 128 117 13 138 200 65 209 233 243 165
643100 39715 7660 46081 254 0 8 9815 40822 9817 65410 24947 35693 8275 235 234 168 64 117 8 37 63 0 64 3 248 235 222 138 200
643098 39715 7658 46081 254 0 8 9815 40822 9817 65410 24947 35693 8275 243 164 235 234 168 64 117 8 37 63 0 64 3 248 235 222
643096 39715 7656 46081 254 0 8 9815 40822 9817 65410 24947 35693 8275 209 209 243 164 235 234 168 64 117 8 37 63 0 64 3 248
643094 39715 7654 46081 254 1 8 9813 40820 9817 65410 24947 35693 8275 243 165 209 209 243 164 235 234 168 64 117 8 37 63 0 64
643092 39715 7652 46081 254 2 8 9813 40820 9817 65410 24947 35693 8275 209 233 243 165 209 209 243 164 235 234 168 64 117 8 37 63
643091 39715 7651 46081 254 1 8 9813 40820 9817 65410 24947 35693 8275 65 209 233 243 165 209 209 243 164 235 234 168 64 117 8 37
643089 39715 7649 46081 254 0 8 9813 40820 9817 65410 24947 35693 8275 138 200 65 209 233 243 165 209 209 243 164 235 234 168 64 117
643087 39715 7647 46081 254 0 8 9813 40820 9817 65410 24947 35693 8275 117 13 138 200 65 209 233 243 165 209 209 243 164 235 234 168
643085 39715 7645 46081 254 0 8 9813 40820 9817 65410 24947 35693 8275 168 128 117 13 138 200 65 209 233 243 165 209 209 243 164 235
643084 39715 7644 46260 254 0 8 9812 40820 9817 65410 24947 35693 8275 172 168 128 117 13 138 200 65 209 233 243 165 209 209 243 164
643082 39715 7642 46260 254 0 8 9812 40820 9817 65410 24947 35693 8275 116 54 172 168 128 117 13 138 200 65 209 233 243 165 209 209
643080 39715 7640 46260 254 0 8 9812 40820 9817 65410 24947 35693 8275 59 245 116 54 172 168 128 117 13 138 200 65 209 233 243 165
643133 39715 7693 46260 254 0 8 9812 40820 9817 65410 24947 35693 8275 235 201 144 3 240 67 67 46 255 14 100 11 117 163 144 195
643131 39715 7691 46260 254 0 8 9812 40820 9817 65410 24947 35693 8275 243 170 235 201 144 3 240 67 67 46 255 14 100 11 117 163
643129 39715 7689 46260 254 0 8 9812 40820 9817 65410 24947 35693 8275 209 209 243 170 235 201 144 3 240 67 67 46 255 14 100 11
643127 39715 7687 46260 254 12 8 9812 40796 9817 65410 24947 35693 8275 243 171 209 209 243 170 235 201 144 3 240 67 67 46 255 14
643125 39715 7685 46260 254 24 8 9812 40796 9817 65410 24947 35693 8275 209 233 243 171 209 209 243 170 235 201 144 3 240 67 67 46
643123 39715 7683 46004 254 24 8 9812 40796 9817 65410 24947 35693 8275 138 224 209 233 243 171 209 209 243 170 235 201 144 3 240 67
643122 39715 7682 46037 254 24 8 9811 40796 9817 65410 24947 35693 8275 172 138 224 209 233 243 171 209 209 243 170 235 201 144 3 240
643119 39715 7679 46037 254 21 8 9811 40796 9817 65410 24947 35693 8275 128 193 3 172 138 224 209 233 243 171 209 209 243 170 235 201
643116 39715 7676 46037 254 213 8 9811 40796 9817 65410 24947 35693 8275 128 225 63 128 193 3 172 138 224 209 233 243 171 209 209 243
643114 39715 7674 46037 254 0 8 9811 40796 9817 65410 24947 35693 8275 138 200 128 225 63 128 193 3 172 138 224 209 233 243 171 209
643104 39715 7664 46037 254 0 8 9811 40796 9817 65410 24947 35693 8275 117 8 37 63 0 64 3 248 235 222 138 200 128 225 63 128
643102 39715 7662 46037 254 0 8 9811 40796 9817 65410 24947 35693 8275 168 64 117 8 37 63 0 64 3 248 235 222 138 200 128 225
643087 39715 7647 46037 254 0 8 9811 40796 9817 65410 24947 35693 8275 117 13 138 200 65 209 233 243 165 209 209 243 164 235 234 168
643085 39715 7645 46037 254 0 8 9811 40796 9817 65410 24947 35693 8275 168 128 117 13 138 200 65 209 233 243 165 209 209 243 164 235
643084 39715 7644 46003 254 0 8 9810 40796 9817 65410 24947 35693 8275 172 168 128 117 13 138 200 65 209 233 243 165 209 209 243 164
643082 39715 7642 46003 254 0 8 9810 40796 9817 65410 24947 35693 8275 116 54 172 168 128 117 13 138 200 65 209 233 243 165 209 209
643080 39715 7640 46003 254 0 8 9810 40796 9817 65410 24947 35693 8275 59 245 116 54 172 168 128 117 13 138 200 65 209 233 243 165
643133 39715 7693 46003 254 0 8 9810 40796 9817 65410 24947 35693 8275 235 201 144 3 240 67 67 46 255 14 100 11 117 163 144 195
643131 39715 7691 46003 254 1 8 9810 40795 9817 65410 24947 35693 8275 243 170 235 201 144 3 240 67 67 46 255 14 100 11 117 163
643129 39715 7689 46003 254 0 8 9810 40795 9817 65410 24947 35693 8275 209 209 243 170 235 201 144 3 240 67 67 46 255 14 100 11
643127 39715 7687 46003 254 2 8 9810 40791 9817 65410 24947 35693 8275 243 171 209 209 243 170 235 201 144 3 240 67 67 46 255 14
643125 39715 7685 46003 254 5 8 9810 40791 9817 65410 24947 35693 8275 209 233 243 171 209 209 243 170 235 201 144 3 240 67 67 46
643123 39715 7683 46259 254 5 8 9810 40791 9817 65410 24947 35693 8275 138 224 209 233 243 171 209 209 243 170 235 201 144 3 240 67
643122 39715 7682 46274 254 5 8 9809 40791 9817 65410 24947 35693 8275 172 138 224 209 233 243 171 209 209 243 170 235 201 144 3 240
643119 39715 7679 46274 254 2 8 9809 40791 9817 65410 24947 35693 8275 128 193 3 172 138 224 209 233 243 171 209 209 243 170 235 201
643116 39715 7676 46274 254 194 8 9809 40791 9817 65410 24947 35693 8275 128 225 63 128 193 3 172 138 224 209 233 243 171 209 209 243
643114 39715 7674 46274 254 0 8 9809 40791 9817 65410 24947 35693 8275 138 200 128 225 63 128 193 3 172 138 224 209 233 243 171 209
643104 39715 7664 46274 254 0 8 9809 40791 9817 65410 24947 35693 8275 117 8 37 63 0 64 3 248 235 222 138 200 128 225 63 128
643102 39715 7662 46274 254 0 8 9809 40791 9817 65410 24947 35693 8275 168 64 117 8 37 63 0 64 3 248 235 222 138 200 128 225
643087 39715 7647 46274 254 0 8 9809 40791 9817 65410 24947 35693 8275 117 13 138 200 65 209 233 243 165 209 209 243 164 235 234 168
643085 39715 7645 46274 254 0 8 9809 40791 9817 65410 24947 35693 8275 168 128 117 13 138 200 65 209 233 243 165 209 209 243 164 235
643084 39715 7644 46260 254 0 8 9808 40791 9817 65410 24947 35693 8275 172 168 128 117 13 138 200 65 209 233 243 165 209 209 243 164
643082 39715 7642 46260 254 0 8 9808 40791 9817 65410 24947 35693 8275 116 54 172 168 128 117 13 138 200 65 209 233 243 165 209 209
643080 39715 7640 46260 254 0 8 9808 40791 9817 65410 24947 35693 8275 59 245 116 54 172 168 128 117 13 138 200 65 209 233 243 165
643133 39715 7693 46260 254 0 8 9808 40791 9817 65410 24947 35693 8275 235 201 144 3 240 67 67 46 255 14 100 11 117 163 144 195
643131 39715 7691 46260 254 1 8 9808 40790 9817 65410 24947 35693 8275 243 170 235 201 144 3 240 67 67 46 255 14 100 11 117 163
643129 39715 7689 46260 254 0 8 9808 40790 9817 65410 24947 35693 8275 209 209 243 170 235 201 144 3 240 67 67 46 255 14 100 11
643127 39715 7687 46260 254 6 8 9808 40778 9817 65410 24947 35693 8275 243 171 209 209 243 170 235 201 144 3 240 67 67 46 255 14
643125 39715 7685 46260 254 13 8 9808 40778 9817 65410 24947 35693 8275 209 233 243 171 209 209 243 170 235 201 144 3 240 67 67 46
643123 39715 7683 46260 254 13 8 9808 40778 9817 65410 24947 35693 8275 138 224 209 233 243 171 209 209 243 170 235 201 144 3 240 67
643122 39715 7682 46282 254 13 8 9807 40778 9817 65410 24947 35693 8275 172 138 224 209 233 243 171 209 209 243 170 235 201 144 3 240
643119 39715 7679 46282 254 10 8 9807 40778 9817 65410 24947 35693 8275 128 193 3 172 138 224 209 233 243 171 209 209 243 170 235 201
643116 39715 7676 46282 254 202 8 9807 40778 9817 65410 24947 35693 8275 128 225 63 128 193 3 172 138 224 209 233 243 171 209 209 243
643114 39715 7674 46282 254 0 8 9807 40778 9817 65410 24947 35693 8275 138 200 128 225 63 128 193 3 172 138 224 209 233 243 171 209
643104 39715 7664 46282 254 0 8 9807 40778 9817 65410 24947 35693 8275 117 8 37 63 0 64 3 248 235 222 138 200 128 225 63 128
643102 39715 7662 46282 254 0 8 9807 40778 9817 65410 24947 35693 8275 168 64 117 8 37 63 0 64 3 248 235 222 138 200 128 225
643087 39715 7647 46282 254 0 8 9807 40778 9817 65410 24947 35693 8275 117 13 138 200 65 209 233 243 165 209 209 243 164 235 234 168
643085 39715 7645 46282 254 0 8 9807 40778 9817 65410 24947 35693 8275 168 128 117 13 138 200 65 209 233 243 165 209 209 243 164 235
643084 39715 7644 46082 254 0 8 9806 40778 9817 65410 24947 35693 8275 172 168 128 117 13 138 200 65 209 233 243 165 209 209 243 164
643082 39715 7642 46082 254 0 8 9806 40778 9817 65410 24947 35693 8275 116 54 172 168 128 117 13 138 200 65 209 233 243 165 209 209
643080 39715 7640 46082 254 0 8 9806 40778 9817 65410 24947 35693 8275 59 245 116 54 172 168 128 117 13 138 200 65 209 233 243 165
643100 39715 7660 46082 254 0 8 9806 40778 9817 65410 24947 35693 8275 235 234 168 64 117 8 37 63 0 64 3 248 235 222 138 200
643098 39715 7658 46082 254 1 8 9805 40777 9817 65410 24947 35693 8275 243 164 235 234 168 64 117 8 37 63 0 64 3 248 235 222
643096 39715 7656 46082 254 0 8 9805 40777 9817 65410 24947 35693 8275 209 209 243 164 235 234 168 64 117 8 37 63 0 64 3 248
643094 39715 7654 46082 254 1 8 9803 40775 9817 65410 24947 35693 8275 243 165 209 209 243 164 235 234 168 64 117 8 37 63 0 64
643092 39715 7652 46082 254 3 8 9803 40775 9817 65410 24947 35693 8275 209 233 243 165 209 209 243 164 235 234 168 64 117 8 37 63
643091 39715 7651 46082 254 2 8 9803 40775 9817 65410 24947 35693 8275 65 209 233 243 165 209 209 243 164 235 234 168 64 117 8 37
643089 39715 7649 46082 254 0 8 9803 40775 9817 65410 24947 35693 8275 138 200 65 209 233 243 165 209 209 243 164 235 234 168 64 117
643087 39715 7647 46082 254 0 8 9803 40775 9817 65410 24947 35693 8275 117 13 138 200 65 209 233 243 165 209 209 243 164 235 234 168
643085 39715 7645 46082 254 0 8 9803 40775 9817 65410 24947 35693 8275 168 128 117 13 138 200 65 209 233 243 165 209 209 243 164 235
643084 39715 7644 46260 254 0 8 9802 40775 9817 65410 24947 35693 8275 172 168 128 117 13 138 200 65 209 233 243 165 209 209 243 164
643082 39715 7642 46260 254 0 8 9802 40775 9817 65410 24947 35693 8275 116 54 172 168 128 117 13 138 200 65 209 233 243 165 209 209
643080 39715 7640 46260 254 0 8 9802 40775 9817 65410 24947 35693 8275 59 245 116 54 172 168 128 117 13 138 200 65 209 233 243 165
643133 39715 7693 46260 254 0 8 9802 40775 9817 65410 24947 35693 8275 235 201 144 3 240 67 67 46 255 14 100 11 117 163 144 195
643131 39715 7691 46260 254 1 8 9802 40774 9817 65410 24947 35693 8275 243 170 235 201 144 3 240 67 67 46 255 14 100 11 117 163
643129 39715 7689 46260 254 0 8 9802 40774 9817 65410 24947 35693 8275 209 209 243 170 235 201 144 3 240 67 67 46 255 14 100 11
643127 39715 7687 46260 254 9 8 9802 40756 9817 65410 24947 35693 8275 243 171 209 209 243 170 235 201 144 3 240 67 67 46 255 14
643125 39715 7685 46260 254 19 8 9802 40756 9817 65410 24947 35693 8275 209 233 243 171 209 209 243 170 235 201 144 3 240 67 67 46
643123 39715 7683 46260 254 19 8 9802 40756 9817 65410 24947 35693 8275 138 224 209 233 243 171 209 209 243 170 235 201 144 3 240 67
643122 39715 7682 46288 254 19 8 9801 40756 9817 65410 24947 35693 8275 172 138 224 209 233 243 171 209 209 243 170 235 201 144 3 240
643119 39715 7679 46288 254 16 8 9801 40756 9817 65410 24947 35693 8275 128 193 3 172 138 224 209 233 243 171 209 209 243 170 235 201
643116 39715 7676 46288 254 208 8 9801 40756 9817 65410 24947 35693 8275 128 225 63 128 193 3 172 138 224 209 233 243 171 209 209 243
643114 39715 7674 46288 254 0 8 9801 40756 9817 65410 24947 35693 8275 138 200 128 225 63 128 193 3 172 138 224 209 233 243 171 209
643104 39715 7664 46288 254 0 8 9801 40756 9817 65410 24947 35693 8275 117 8 37 63 0 64 3 248 235 222 138 200 128 225 63 128
643102 39715 7662 46288 254 0 8 9801 40756 9817 65410 24947 35693 8275 168 64 117 8 37 63 0 64 3 248 235 222 138 200 128 225
643087 39715 7647 46288 254 0 8 9801 40756 9817 65410 24947 35693 8275 117 13 138 200 65 209 233 243 165 209 209 243 164 235 234 168
643085 39715 7645 46288 254 0 8 9801 40756 9817 65410 24947 35693 8275 168 128 117 13 138 200 65 209 233 243 165 209 209 243 164 235
643084 39715 7644 46081 254 0 8 9800 40756 9817 65410 24947 35693 8275 172 168 128 117 13 138 200 65 209 233 243 165 209 209 243 164
643082 39715 7642 46081 254 0 8 9800 40756 9817 65410 24947 35693 8275 116 54 172 168 128 117 13 138 200 65 209 233 243 165 209 209
643080 39715 7640 46081 254 0 8 9800 40756 9817 65410 24947 35693 8275 59 245 116 54 172 168 128 117 13 138 200 65 209 233 243 165
643100 39715 7660 46081 254 0 8 9800 40756 9817 65410 24947 35693 8275 235 234 168 64 117 8 37 63 0 64 3 248 235 222 138 200
643098 39715 7658 46081 254 0 8 9800 40756 9817 65410 24947 35693 8275 243 164 235 234 168 64 117 8 37 63 0 64 3 248 235 222
643096 39715 7656 46081 254 0 8 9800 40756 9817 65410 24947 35693 8275 209 209 243 164 235 234 168 64 117 8 37 63 0 64 3 248
643094 39715 7654 46081 254 1 8 9798 40754 9817 65410 24947 35693 8275 243 165 209 209 243 164 235 234 168 64 117 8 37 63 0 64
643092 39715 7652 46081 254 2 8 9798 40754 9817 65410 24947 35693 8275 209 233 243 165 209 209 243 164 235 234 168 64 117 8 37 63
643091 39715 7651 46081 254 1 8 9798 40754 9817 65410 24947 35693 8275 65 209 233 243 165 209 209 243 164 235 234 168 64 117 8 37
643089 39715 7649 46081 254 0 8 9798 40754 9817 65410 24947 35693 8275 138 200 65 209 233 243 165 209 209 243 164 235 234 168 64 117
643087 39715 7647 46081 254 0 8 9798 40754 9817 65410 24947 35693 8275 117 13 138 200 65 209 233 243 165 209 209 243 164 235 234 168
643085 39715 7645 46081 254 0 8 9798 40754 9817 65410 24947 35693 8275 168 128 117 13 138 200 65 209 233 243 165 209 209 243 164 235
643084 39715 7644 46260 254 0 8 9797 40754 9817 65410 24947 35693 8275 172 168 128 117 13 138 200 65 209 233 243 165 209 209 243 164
643082 39715 7642 46260 254 0 8 9797 40754 9817 65410 24947 35693 8275 116 54 172 168 128 117 13 138 200 65 209 233 243 165 209 209
643080 39715 7640 46260 254 0 8 9797 40754 9817 65410 24947 35693 8275 59 245 116 54 172 168 128 117 13 138 200 65 209 233 243 165
643133 39715 7693 46260 254 0 8 9797 40754 9817 65410 24947 35693 8275 235 201 144 3 240 67 67 46 255 14 100 11 117 163 144 195
643131 39715 7691 46260 254 0 8 9797 40754 9817 65410 24947 35693 8275 243 170 235 201 144 3 240 67 67 46 255 14 100 11 117 163
643129 39715 7689 46260 254 0 8 9797 40754 9817 65410 24947 35693 8275 209 209 243 170 235 201 144 3 240 67 67 46 255 14 100 11
643127 39715 7687 46260 254 19 8 9797 40716 9817 65410 24947 35693 8275 243 171 209 209 243 170 235 201 144 3 240 67 67 46 255 14
643125 39715 7685 46260 254 38 8 9797 40716 9817 65410 24947 35693 8275 209 233 243 171 209 209 243 170 235 201 144 3 240 67 67 46
643123 39715 7683 46260 254 38 8 9797 40716 9817 65410 24947 35693 8275 138 224 209 233 243 171 209 209 243 170 235 201 144 3 240 67
643122 39715 7682 46307 254 38 8 9796 40716 9817 65410 24947 35693 8275 172 138 224 209 233 243 171 209 209 243 170 235 201 144 3 240
643119 39715 7679 46307 254 35 8 9796 40716 9817 65410 24947 35693 8275 128 193 3 172 138 224 209 233 243 171 209 209 243 170 235 201
643116 39715 7676 46307 254 227 8 9796 40716 9817 65410 24947 35693 8275 128 225 63 128 193 3 172 138 224 209 233 243 171 209 209 243
643114 39715 7674 46307 254 0 8 9796 40716 9817 65410 24947 35693 8275 138 200 128 225 63 128 193 3 172 138 224 209 233 243 171 209
643104 39715 7664 46307 254 0 8 9796 40716 9817 65410 24947 35693 8275 117 8 37 63 0 64 3 248 235 222 138 200 128 225 63 128
643102 39715 7662 46307 254 0 8 9796 40716 9817 65410 24947 35693 8275 168 64 117 8 37 63 0 64 3 248 235 222 138 200 128 225
643087 39715 7647 46307 254 0 8 9796 40716 9817 65410 24947 35693 8275 117 13 138 200 65 209 233 243 165 209 209 243 164 235 234 168
643085 39715 7645 46307 254 0 8 9796 40716 9817 65410 24947 35693 8275 168 128 117 13 138 200 65 209 233 243 165 209 209 243 164 235
643084 39715 7644 46082 254 0 8 9795 40716 9817 65410 24947 35693 8275 172 168 128 117 13 138 200 65 209 233 243 165 209 209 243 164
643082 39715 7642 46082 254 0 8 9795 40716 9817 65410 24947 35693 8275 116 54 172 168 128 117 13 138 200 65 209 233 243 165 209 209
643080 39715 7640 46082 254 0 8 9795 40716 9817 65410 24947 35693 8275 59 245 116 54 172 168 128 117 13 138 200 65 209 233 243 165
643100 39715 7660 46082 254 0 8 9795 40716 9817 65410 24947 35693 8275 235 234 168 64 117 8 37 63 0 64 3 248 235 222 138 200
643098 39715 7658 46082 254 1 8 9794 40715 9817 65410 24947 35693 8275 243 164 235 234 168 64 117 8 37 63 0 64 3 248 235 222
643096 39715 7656 46082 254 0 8 9794 40715 9817 65410 24947 35693 8275 209 209 243 164 235 234 168 64 117 8 37 63 0 64 3 248
643094 39715 7654 46082 254 1 8 9792 40713 9817 65410 24947 35693 8275 243 165 209 209 243 164 235 234 168 64 117 8 37 63 0 64
643092 39715 7652 46082 254 3 8 9792 40713 9817 65410 24947 35693 8275 209 233 243 165 209 209 243 164 235 234 168 64 117 8 37 63
643091 39715 7651 46082 254 2 8 9792 40713 9817 65410 24947 35693 8275 65 209 233 243 165 209 209 243 164 235 234 168 64 117 8 37
643089 39715 7649 46082 254 0 8 9792 40713 9817 65410 24947 35693 8275 138 200 65 209 233 243 165 209 209 243 164 235 234 168 64 117
643087 39715 7647 46082 254 0 8 9792 40713 9817 65410 24947 35693 8275 117 13 138 200 65 209 233 243 165 209 209 243 164 235 234 168
643085 39715 7645 46082 254 0 8 9792 40713 9817 65410 24947 35693 8275 168 128 117 13 138 200 65 209 233 243 165 209 209 243 164 235
643084 39715 7644 46260 254 0 8 9791 40713 9817 65410 24947 35693 8275 172 168 128 117 13 138 200 65 209 233 243 165 209 209 243 164
643082 39715 7642 46260 254 0 8 9791 40713 9817 65410 24947 35693 8275 116 54 172 168 128 117 13 138 200 65 209 233 243 165 209 209
643080 39715 7640 46260 254 0 8 9791 40713 9817 65410 24947 35693 8275 59 245 116 54 172 168 128 117 13 138 200 65 209 233 243 165
643133 39715 7693 46260 254 0 8 9791 40713 9817 65410 24947 35693 8275 235 201 144 3 240 67 67 46 255 14 100 11 117 163 144 195
643131 39715 7691 46260 254 1 8 9791 40712 9817 65410 24947 35693 8275 243 170 235 201 144 3 240 67 67 46 255 14 100 11 117 163
643129 39715 7689 46260 254 0 8 9791 40712 9817 65410 24947 35693 8275 209 209 243 170 235 201 144 3 240 67 67 46 255 14 100 11
643127 39715 7687 46260 254 10 8 9791 40692 9817 65410 24947 35693 8275 243 171 209 209 243 170 235 201 144 3 240 67 67 46 255 14
643125 39715 7685 46260 254 21 8 9791 40692 9817 65410 24947 35693 8275 209 233 243 171 209 209 243 170 235 201 144 3 240 67 67 46
643123 39715 7683 46260 254 21 8 9791 40692 9817 65410 24947 35693 8275 138 224 209 233 243 171 209 209 243 170 235 201 144 3 240 67
643122 39715 7682 46290 254 21 8 9790 40692 9817 65410 24947 35693 8275 172 138 224 209 233 243 171 209 209 243 170 235 201 144 3 240
643119 39715 7679 46290 254 18 8 9790 40692 9817 65410 24947 35693 8275 128 193 3 172 138 224 209 233 243 171 209 209 243 170 235 201
643116 39715 7676 46290 254 210 8 9790 40692 9817 65410 24947 35693 8275 128 225 63 128 193 3 172 138 224 209 233 243 171 209 209 243
643114 39715 7674 46290 254 0 8 9790 40692 9817 65410 24947 35693 8275 138 200 128 225 63 128 193 3 172 138 224 209 233 243 171 209
643104 39715 7664 46290 254 0 8 9790 40692 9817 65410 24947 35693 8275 117 8 37 63 0 64 3 248 235 222 138 200 128 225 63 128
643102 39715 7662 46290 254 0 8 9790 40692 9817 65410 24947 35693 8275 168 64 117 8 37 63 0 64 3 248 235 222 138 200 128 225
643087 39715 7647 46290 254 0 8 9790 40692 9817 65410 24947 35693 8275 117 13 138 200 65 209 233 243 165 209 209 243 164 235 234 168
643085 39715 7645 46290 254 0 8 9790 40692 9817 65410 24947 35693 8275 168 128 117 13 138 200 65 209 233 243 165 209 209 243 164 235
643084 39715 7644 46082 254 0 8 9789 40692 9817 65410 24947 35693 8275 172 168 128 117 13 138 200 65 209 233 243 165 209 209 243 164
643082 39715 7642 46082 254 0 8 9789 40692 9817 65410 24947 35693 8275 116 54 172 168 128 117 13 138 200 65 209 233 243 165 209 209
643080 39715 7640 46082 254 0 8 9789 40692 9817 65410 24947 35693 8275 59 245 116 54 172 168 128 117 13 138 200 65 209 233 243 165
643100 39715 7660 46082 254 0 8 9789 40692 9817 65410 24947 35693 8275 235 234 168 64 117 8 37 63 0 64 3 248 235 222 138 200
643098 39715 7658 46082 254 1 8 9788 40691 9817 65410 24947 35693 8275 243 164 235 234 168 64 117 8 37 63 0 64 3 248 235 222
643096 39715 7656 46082 254 0 8 9788 40691 9817 65410 24947 35693 8275 209 209 243 164 235 234 168 64 117 8 37 63 0 64 3 248
643094 39715 7654 46082 254 1 8 9786 40689 9817 65410 24947 35693 8275 243 165 209 209 243 164 235 234 168 64 117 8 37 63 0 64
643092 39715 7652 46082 254 3 8 9786 40689 9817 65410 24947 35693 8275 209 233 243 165 209 209 243 164 235 234 168 64 117 8 37 63
643091 39715 7651 46082 254 2 8 9786 40689 9817 65410 24947 35693 8275 65 209 233 243 165 209 209 243 164 235 234 168 64 117 8 37
643089 39715 7649 46082 254 0 8 9786 40689 9817 65410 24947 35693 8275 138 200 65 209 233 243 165 209 209 243 164 235 234 168 64 117
643087 39715 7647 46082 254 0 8 9786 40689 9817 65410 24947 35693 8275 117 13 138 200 65 209 233 243 165 209 209 243 164 235 234 168
643085 39715 7645 46082 254 0 8 9786 40689 9817 65410 24947 35693 8275 168 128 117 13 138 200 65 209 233 243 165 209 209 243 164 235
643084 39715 7644 46260 254 0 8 9785 40689 9817 65410 24947 35693 8275 172 168 128 117 13 138 200 65 209 233 243 165 209 209 243 164
643082 39715 7642 46260 254 0 8 9785 40689 9817 65410 24947 35693 8275 116 54 172 168 128 117 13 138 200 65 209 233 243 165 209 209
643080 39715 7640 46260 254 0 8 9785 40689 9817 65410 24947 35693 8275 59 245 116 54 172 168 128 117 13 138 200 65 209 233 243 165
643133 39715 7693 46260 254 0 8 9785 40689 9817 65410 24947 35693 8275 235 201 144 3 240 67 67 46 255 14 100 11 117 163 144 195
643131 39715 7691 46260 254 1 8 9785 40688 9817 65410 24947 35693 8275 243 170 235 201 144 3 240 67 67 46 255 14 100 11 117 163
643129 39715 7689 46260 254 0 8 9785 40688 9817 65410 24947 35693 8275 209 209 243 170 235 201 144 3 240 67 67 46 255 14 100 11
643127 39715 7687 46260 254 4 8 9785 40680 9817 65410 24947 35693 8275 243 171 209 209 243 170 235 201 144 3 240 67 67 46 255 14
643125 39715 7685 46260 254 9 8 9785 40680 9817 65410 24947 35693 8275 209 233 243 171 209 209 243 170 235 201 144 3 240 67 67 46
643123 39715 7683 46004 254 9 8 9785 40680 9817 65410 24947 35693 8275 138 224 209 233 243 171 209 209 243 170 235 201 144 3 240 67
643122 39715 7682 46022 254 9 8 9784 40680 9817 65410 24947 35693 8275 172 138 224 209 233 243 171 209 209 243 170 235 201 144 3 240
643119 39715 7679 46022 254 6 8 9784 40680 9817 65410 24947 35693 8275 128 193 3 172 138 224 209 233 243 171 209 209 243 170 235 201
643116 39715 7676 46022 254 198 8 9784 40680 9817 65410 24947 35693 8275 128 225 63 128 193 3 172 138 224 209 233 243 171 209 209 243
643114 39715 7674 46022 254 0 8 9784 40680 9817 65410 24947 35693 8275 138 200 128 225 63 128 193 3 172 138 224 209 233 243 171 209
643104 39715 7664 46022 254 0 8 9784 40680 9817 65410 24947 35693 8275 117 8 37 63 0 64 3 248 235 222 138 200 128 225 63 128
643102 39715 7662 46022 254 0 8 9784 40680 9817 65410 24947 35693 8275 168 64 117 8 37 63 0 64 3 248 235 222 138 200 128 225
643087 39715 7647 46022 254 0 8 9784 40680 9817 65410 24947 35693 8275 117 13 138 200 65 209 233 243 165 209 209 243 164 235 234 168
643085 39715 7645 46022 254 0 8 9784 40680 9817 65410 24947 35693 8275 168 128 117 13 138 200 65 209 233 243 165 209 209 243 164 235
643084 39715 7644 46003 254 0 8 9783 40680 9817 65410 24947 35693 8275 172 168 128 117 13 138 200 65 209 233 243 165 209 209 243 164
643082 39715 7642 46003 254 0 8 9783 40680 9817 65410 24947 35693 8275 116 54 172 168 128 117 13 138 200 65 209 233 243 165 209 209
643080 39715 7640 46003 254 0 8 9783 40680 9817 65410 24947 35693 8275 59 245 116 54 172 168 128 117 13 138 200 65 209 233 243 165
643133 39715 7693 46003 254 0 8 9783 40680 9817 65410 24947 35693 8275 235 201 144 3 240 67 67 46 255 14 100 11 117 163 144 195
643131 39715 7691 46003 254 1 8 9783 40679 9817 65410 24947 35693 8275 243 170 235 201 144 3 240 67 67 46 255 14 100 11 117 163
643129 39715 7689 46003 254 0 8 9783 40679 9817 65410 24947 35693 8275 209 209 243 170 235 201 144 3 240 67 67 46 255 14 100 11
643127 39715 7687 46003 254 1 8 9783 40677 9817 65410 24947 35693 8275 243 171 209 209 243 170 235 201 144 3 240 67 67 46 255 14
643125 39715 7685 46003 254 3 8 9783 40677 9817 65410 24947 35693 8275 209 233 243 171 209 209 243 170 235 201 144 3 240 67 67 46
643123 39715 7683 46259 254 3 8 9783 40677 9817 65410 24947 35693 8275 138 224 209 233 243 171 209 209 243 170 235 201 144 3 240 67
643122 39715 7682 46272 254 3 8 9782 40677 9817 65410 24947 35693 8275 172 138 224 209 233 243 171 209 209 243 170 235 201 144 3 240
643119 39715 7679 46272 254 0 8 9782 40677 9817 65410 24947 35693 8275 128 193 3 172 138 224 209 233 243 171 209 209 243 170 235 201
643116 39715 7676 46272 254 192 8 9782 40677 9817 65410 24947 35693 8275 128 225 63 128 193 3 172 138 224 209 233 243 171 209 209 243
643114 39715 7674 46272 254 0 8 9782 40677 9817 65410 24947 35693 8275 138 200 128 225 63 128 193 3 172 138 224 209 233 243 171 209
643104 39715 7664 46272 254 0 8 9782 40677 9817 65410 24947 35693 8275 117 8 37 63 0 64 3 248 235 222 138 200 128 225 63 128
643102 39715 7662 46272 254 0 8 9782 40677 9817 65410 24947 35693 8275 168 64 117 8 37 63 0 64 3 248 235 222 138 200 128 225
643087 39715 7647 46272 254 0 8 9782 40677 9817 65410 24947 35693 8275 117 13 138 200 65 209 233 243 165 209 209 243 164 235 234 168
643085 39715 7645 46272 254 0 8 9782 40677 9817 65410 24947 35693 8275 168 128 117 13 138 200 65 209 233 243 165 209 209 243 164 235
643084 39715 7644 46260 254 0 8 9781 40677 9817 65410 24947 35693 8275 172 168 128 117 13 138 200 65 209 233 243 165 209 209 243 164
643082 39715 7642 46260 254 0 8 9781 40677 9817 65410 24947 35693 8275 116 54 172 168 128 117 13 138 200 65 209 233 243 165 209 209
643080 39715 7640 46260 254 0 8 9781 40677 9817 65410 24947 35693 8275 59 245 116 54 172 168 128 117 13 138 200 65 209 233 243 165
643133 39715 7693 46260 254 0 8 9781 40677 9817 65410 24947 35693 8275 235 201 144 3 240 67 67 46 255 14 100 11 117 163 144 195
643131 39715 7691 46260 254 0 8 9781 40677 9817 65410 24947 35693 8275 243 170 235 201 144 3 240 67 67 46 255 14 100 11 117 163
643129 39715 7689 46260 254 0 8 9781 40677 9817 65410 24947 35693 8275 209 209 243 170 235 201 144 3 240 67 67 46 255 14 100 11
643127 39715 7687 46260 254 2 8 9781 40673 9817 65410 24947 35693 8275 243 171 209 209 243 170 235 201 144 3 240 67 67 46 255 14
643125 39715 7685 46260 254 4 8 9781 40673 9817 65410 24947 35693 8275 209 233 243 171 209 209 243 170 235 201 144 3 240 67 67 46
643123 39715 7683 46004 254 4 8 9781 40673 9817 65410 24947 35693 8275 138 224 209 233 243 171 209 209 243 170 235 201 144 3 240 67
643122 39715 7682 46017 254 4 8 9780 40673 9817 65410 24947 35693 8275 172 138 224 209 233 243 171 209 209 243 170 235 201 144 3 240
643119 39715 7679 46017 254 1 8 9780 40673 9817 65410 24947 35693 8275 128 193 3 172 138 224 209 233 243 171 209 209 243 170 235 201
643116 39715 7676 46017 254 193 8 9780 40673 9817 65410 24947 35693 8275 128 225 63 128 193 3 172 138 224 209 233 243 171 209 209 243
643114 39715 7674 46017 254 0 8 9780 40673 9817 65410 24947 35693 8275 138 200 128 225 63 128 193 3 172 138 224 209 233 243 171 209
643104 39715 7664 46017 254 0 8 9780 40673 9817 65410 24947 35693 8275 117 8 37 63 0 64 3 248 235 222 138 200 128 225 63 128
643102 39715 7662 46017 254 0 8 9780 40673 9817 65410 24947 35693 8275 168 64 117 8 37 63 0 64 3 248 235 222 138 200 128 225
643087 39715 7647 46017 254 0 8 9780 40673 9817 65410 24947 35693 8275 117 13 138 200 65 209 233 243 165 209 209 243 164 235 234 168
643085 39715 7645 46017 254 0 8 9780 40673 9817 65410 24947 35693 8275 168 128 117 13 138 200 65 209 233 243 165 209 209 243 164 235
643084 39715 7644 46003 254 0 8 9779 40673 9817 65410 24947 35693 8275 172 168 128 117 13 138 200 65 209 233 243 165 209 209 243 164
643082 39715 7642 46003 254 0 8 9779 40673 9817 65410 24947 35693 8275 116 54 172 168 128 117 13 138 200 65 209 233 243 165 209 209
643080 39715 7640 46003 254 0 8 9779 40673 9817 65410 24947 35693 8275 59 245 116 54 172 168 128 117 13 138 200 65 209 233 243 165
643133 39715 7693 46003 254 0 8 9779 40673 9817 65410 24947 35693 8275 235 201 144 3 240 67 67 46 255 14 100 11 117 163 144 195
643131 39715 7691 46003 254 1 8 9779 40672 9817 65410 24947 35693 8275 243 170 235 201 144 3 240 67 67 46 255 14 100 11 117 163
643129 39715 7689 46003 254 0 8 9779 40672 9817 65410 24947 35693 8275 209 209 243 170 235 201 144 3 240 67 67 46 255 14 100 11
643127 39715 7687 46003 254 5 8 9779 40662 9817 65410 24947 35693 8275 243 171 209 209 243 170 235 201 144 3 240 67 67 46 255 14
643125 39715 7685 46003 254 11 8 9779 40662 9817 65410 24947 35693 8275 209 233 243 171 209 209 243 170 235 201 144 3 240 67 67 46
643123 39715 7683 46259 254 11 8 9779 40662 9817 65410 24947 35693 8275 138 224 209 233 243 171 209 209 243 170 235 201 144 3 240 67
643122 39715 7682 46280 254 11 8 9778 40662 9817 65410 24947 35693 8275 172 138 224 209 233 243 171 209 209 243 170 235 201 144 3 240
643119 39715 7679 46280 254 8 8 9778 40662 9817 65410 24947 35693 8275 128 193 3 172 138 224 209 233 243 171 209 209 243 170 235 201
643116 39715 7676 46280 254 200 8 9778 40662 9817 65410 24947 35693 8275 128 225 63 128 193 3 172 138 224 209 233 243 171 209 209 243
643114 39715 7674 46280 254 0 8 9778 40662 9817 65410 24947 35693 8275 138 200 128 225 63 128 193 3 172 138 224 209 233 243 171 209
643104 39715 7664 46280 254 0 8 9778 40662 9817 65410 24947 35693 8275 117 8 37 63 0 64 3 248 235 222 138 200 128 225 63 128
643102 39715 7662 46280 254 0 8 9778 40662 9817 65410 24947 35693 8275 168 64 117 8 37 63 0 64 3 248 235 222 138 200 128 225
643087 39715 7647 46280 254 0 8 9778 40662 9817 65410 24947 35693 8275 117 13 138 200 65 209 233 243 165 209 209 243 164 235 234 168
643085 39715 7645 46280 254 0 8 9778 40662 9817 65410 24947 35693 8275 168 128 117 13 138 200 65 209 233 243 165 209 209 243 164 235
643084 39715 7644 46083 254 0 8 9777 40662 9817 65410 24947 35693 8275 172 168 128 117 13 138 200 65 209 233 243 165 209 209 243 164
643082 39715 7642 46083 254 0 8 9777 40662 9817 65410 24947 35693 8275 116 54 172 168 128 117 13 138 200 65 209 233 243 165 209 209
643080 39715 7640 46083 254 0 8 9777 40662 9817 65410 24947 35693 8275 59 245 116 54 172 168 128 117 13 138 200 65 209 233 243 165
643100 39715 7660 46083 254 0 8 9777 40662 9817 65410 24947 35693 8275 235 234 168 64 117 8 37 63 0 64 3 248 235 222 138 200
643098 39715 7658 46083 254 0 8 9777 40662 9817 65410 24947 35693 8275 243 164 235 234 168 64 117 8 37 63 0 64 3 248 235 222
643096 39715 7656 46083 254 0 8 9777 40662 9817 65410 24947 35693 8275 209 209 243 164 235 234 168 64 117 8 37 63 0 64 3 248
643094 39715 7654 46083 254 2 8 9773 40658 9817 65410 24947 35693 8275 243 165 209 209 243 164 235 234 168 64 117 8 37 63 0 64
643092 39715 7652 46083 254 4 8 9773 40658 9817 65410 24947 35693 8275 209 233 243 165 209 209 243 164 235 234 168 64 117 8 37 63
643091 39715 7651 46083 254 3 8 9773 40658 9817 65410 24947 35693 8275 65 209 233 243 165 209 209 243 164 235 234 168 64 117 8 37
643089 39715 7649 46083 254 0 8 9773 40658 9817 65410 24947 35693 8275 138 200 65 209 233 243 165 209 209 243 164 235 234 168 64 117
643087 39715 7647 46083 254 0 8 9773 40658 9817 65410 24947 35693 8275 117 13 138 200 65 209 233 243 165 209 209 243 164 235 234 168
643085 39715 7645 46083 254 0 8 9773 40658 9817 65410 24947 35693 8275 168 128 117 13 138 200 65 209 233 243 165 209 209 243 164 235
643084 39715 7644 46260 254 0 8 9772 40658 9817 65410 24947 35693 8275 172 168 128 117 13 138 200 65 209 233 243 165 209 209 243 164
643082 39715 7642 46260 254 0 8 9772 40658 9817 65410 24947 35693 8275 116 54 172 168 128 117 13 138 200 65 209 233 243 165 209 209
643080 39715 7640 46260 254 0 8 9772 40658 9817 65410 24947 35693 8275 59 245 116 54 172 168 128 117 13 138 200 65 209 233 243 165
643133 39715 7693 46260 254 0 8 9772 40658 9817 65410 24947 35693 8275 235 201 144 3 240 67 67 46 255 14 100 11 117 163 144 195
643131 39715 7691 46260 254 0 8 9772 40658 9817 65410 24947 35693 8275 243 170 235 201 144 3 240 67 67 46 255 14 100 11 117 163
643129 39715 7689 46260 254 0 8 9772 40658 9817 65410 24947 35693 8275 209 209 243 170 235 201 144 3 240 67 67 46 255 14 100 11
643127 39715 7687 46260 254 5 8 9772 40648 9817 65410 24947 35693 8275 243 171 209 209 243 170 235 201 144 3 240 67 67 46 255 14
643125 39715 7685 46260 254 10 8 9772 40648 9817 65410 24947 35693 8275 209 233 243 171 209 209 243 170 235 201 144 3 240 67 67 46
643123 39715 7683 180 254 10 8 9772 40648 9817 65410 24947 35693 8275 138 224 209 233 243 171 209 209 243 170 235 201 144 3 240 67
643122 39715 7682 199 254 10 8 9771 40648 9817 65410 24947 35693 8275 172 138 224 209 233 243 171 209 209 243 170 235 201 144 3 240
643119 39715 7679 199 254 7 8 9771 40648 9817 65410 24947 35693 8275 128 193 3 172 138 224 209 233 243 171 209 209 243 170 235 201
643116 39715 7676 199 254 199 8 9771 40648 9817 65410 24947 35693 8275 128 225 63 128 193 3 172 138 224 209 233 243 171 209 209 243
643114 39715 7674 199 254 0 8 9771 40648 9817 65410 24947 35693 8275 138 200 128 225 63 128 193 3 172 138 224 209 233 243 171 209
643104 39715 7664 199 254 0 8 9771 40648 9817 65410 24947 35693 8275 117 8 37 63 0 64 3 248 235 222 138 200 128 225 63 128
643102 39715 7662 199 254 0 8 9771 40648 9817 65410 24947 35693 8275 168 64 117 8 37 63 0 64 3 248 235 222 138 200 128 225
643087 39715 7647 199 254 0 8 9771 40648 9817 65410 24947 35693 8275 117 13 138 200 65 209 233 243 165 209 209 243 164 235 234 168
643085 39715 7645 199 254 0 8 9771 40648 9817 65410 24947 35693 8275 168 128 117 13 138 200 65 209 233 243 165 209 209 243 164 235
643084 39715 7644 0 254 0 8 9770 40648 9817 65410 24947 35693 8275 172 168 128 117 13 138 200 65 209 233 243 165 209 209 243 164
643082 39715 7642 0 254 0 8 9770 40648 9817 65410 24947 35693 8275 116 54 172 168 128 117 13 138 200 65 209 233 243 165 209 209
643080 39715 7640 0 254 0 8 9770 40648 9817 65410 24947 35693 8275 59 245 116 54 172 168 128 117 13 138 200 65 209 233 243 165
643079 39715 7639 0 254 0 8 9770 40648 9817 65410 24947 35693 8275 144 59 245 116 54 172 168 128 117 13 138 200 65 209 233 243
643077 39715 7637 0 254 0 8 9770 40648 9817 65410 24947 35693 8275 3 248 144 59 245 116 54 172 168 128 117 13 138 200 65 209
643076 39715 7636 49 254 0 8 9768 40648 9817 65410 24947 35693 8275 173 3 248 144 59 245 116 54 172 168 128 117 13 138 200 65
643074 39715 7634 49 254 0 8 9768 40640 9817 65410 24947 35693 8275 3 250 173 3 248 144 59 245 116 54 172 168 128 117 13 138
643069 39715 7629 49 254 0 8 9768 40544 9817 65410 24947 35693 8275 46 139 191 156 6 3 250 173 3 248 144 59 245 116 54 172
643067 39715 7627 49 254 0 8 9768 40544 9768 65410 24947 35693 8275 3 232 46 139 191 156 6 3 250 173 3 248 144 59 245 116
643065 39715 7625 49 254 0 8 9768 40544 9766 65410 24947 35693 8275 139 238 3 232 46 139 191 156 6 3 250 173 3 248 144 59
643063 39715 7623 49 254 0 8 9768 40544 9766 65410 24947 35693 8275 115 71 139 238 3 232 46 139 191 156 6 3 250 173 3 248
643059 39715 7619 49 254 0 8 9768 40544 9766 65410 24947 35693 8275 129 251 144 1 115 71 139 238 3 232 46 139 191 156 6 3
643057 39715 7617 49 254 0 8 9768 40544 9766 65410 24947 35693 8275 116 79 129 251 144 1 115 71 139 238 3 232 46 139 191 156
643055 39715 7615 49 254 0 8 9768 40544 9766 65410 24947 35693 8275 11 192 116 79 129 251 144 1 115 71 139 238 3 232 46 139
643054 39715 7614 46774 254 0 8 9766 40544 9766 65410 24947 35693 8275 173 11 192 116 79 129 251 144 1 115 71 139 238 3 232 46
643145 39715 7705 46774 254 0 8 9766 40544 9766 65410 24947 35693 8275 117 163 144 195 144 86 83 81 139 52 232 12 0 89 91 94
643140 39715 7700 46774 254 0 8 9766 40544 9766 65410 24947 35693 8275 46 255 14 100 11 117 163 144 195 144 86 83 81 139 52 232
643139 39715 7699 46774 253 0 8 9766 40544 9766 65410 24947 35693 8275 67 46 255 14 100 11 117 163 144 195 144 86 83 81 139 52
643138 39715 7698 46774 252 0 8 9766 40544 9766 65410 24947 35693 8275 67 67 46 255 14 100 11 117 163 144 195 144 86 83 81 139
643082 39715 7642 46774 252 0 8 9766 40544 9766 65410 24947 35693 8275 116 54 172 168 128 117 13 138 200 65 209 233 243 165 209 209
643080 39715 7640 46774 252 0 8 9766 40544 9766 65410 24947 35693 8275 59 245 116 54 172 168 128 117 13 138 200 65 209 233 243 165
643133 39715 7693 46774 252 0 8 9766 40544 9766 65410 24947 35693 8275 235 201 144 3 240 67 67 46 255 14 100 11 117 163 144 195
643131 39715 7691 46774 252 0 8 9766 40544 9766 65410 24947 35693 8275 243 170 235 201 144 3 240 67 67 46 255 14 100 11 117 163
643129 39715 7689 46774 252 0 8 9766 40544 9766 65410 24947 35693 8275 209 209 243 170 235 201 144 3 240 67 67 46 255 14 100 11
643127 39715 7687 46774 252 22 8 9766 40500 9766 65410 24947 35693 8275 243 171 209 209 243 170 235 201 144 3 240 67 67 46 255 14
643125 39715 7685 46774 252 44 8 9766 40500 9766 65410 24947 35693 8275 209 233 243 171 209 209 243 170 235 201 144 3 240 67 67 46
643123 39715 7683 46262 252 44 8 9766 40500 9766 65410 24947 35693 8275 138 224 209 233 243 171 209 209 243 170 235 201 144 3 240 67
643122 39715 7682 46313 252 44 8 9765 40500 9766 65410 24947 35693 8275 172 138 224 209 233 243 171 209 209 243 170 235 201 144 3 240
643119 39715 7679 46313 252 41 8 9765 40500 9766 65410 24947 35693 8275 128 193 3 172 138 224 209 233 243 171 209 209 243 170 235 201
643116 39715 7676 46313 252 233 8 9765 40500 9766 65410 24947 35693 8275 128 225 63 128 193 3 172 138 224 209 233 243 171 209 209 243
643114 39715 7674 46313 252 0 8 9765 40500 9766 65410 24947 35693 8275 138 200 128 225 63 128 193 3 172 138 224 209 233 243 171 209
643104 39715 7664 46313 252 0 8 9765 40500 9766 65410 24947 35693 8275 117 8 37 63 0 64 3 248 235 222 138 200 128 225 63 128
643102 39715 7662 46313 252 0 8 9765 40500 9766 65410 24947 35693 8275 168 64 117 8 37 63 0 64 3 248 235 222 138 200 128 225
643087 39715 7647 46313 252 0 8 9765 40500 9766 65410 24947 35693 8275 117 13 138 200 65 209 233 243 165 209 209 243 164 235 234 168
643085 39715 7645 46313 252 0 8 9765 40500 9766 65410 24947 35693 8275 168 128 117 13 138 200 65 209 233 243 165 209 209 243 164 235
643084 39715 7644 46080 252 0 8 9764 40500 9766 65410 24947 35693 8275 172 168 128 117 13 138 200 65 209 233 243 165 209 209 243 164
643082 39715 7642 46080 252 0 8 9764 40500 9766 65410 24947 35693 8275 116 54 172 168 128 117 13 138 200 65 209 233 243 165 209 209
643080 39715 7640 46080 252 0 8 9764 40500 9766 65410 24947 35693 8275 59 245 116 54 172 168 128 117 13 138 200 65 209 233 243 165
643100 39715 7660 46080 252 0 8 9764 40500 9766 65410 24947 35693 8275 235 234 168 64 117 8 37 63 0 64 3 248 235 222 138 200
643098 39715 7658 46080 252 1 8 9763 40499 9766 65410 24947 35693 8275 243 164 235 234 168 64 117 8 37 63 0 64 3 248 235 222
643096 39715 7656 46080 252 0 8 9763 40499 9766 65410 24947 35693 8275 209 209 243 164 235 234 168 64 117 8 37 63 0 64 3 248
643094 39715 7654 46080 252 0 8 9763 40499 9766 65410 24947 35693 8275 243 165 209 209 243 164 235 234 168 64 117 8 37 63 0 64
643092 39715 7652 46080 252 1 8 9763 40499 9766 65410 24947 35693 8275 209 233 243 165 209 209 243 164 235 234 168 64 117 8 37 63
643091 39715 7651 46080 252 0 8 9763 40499 9766 65410 24947 35693 8275 65 209 233 243 165 209 209 243 164 235 234 168 64 117 8 37
643089 39715 7649 46080 252 0 8 9763 40499 9766 65410 24947 35693 8275 138 200 65 209 233 243 165 209 209 243 164 235 234 168 64 117
643087 39715 7647 46080 252 0 8 9763 40499 9766 65410 24947 35693 8275 117 13 138 200 65 209 233 243 165 209 209 243 164 235 234 168
643085 39715 7645 46080 252 0 8 9763 40499 9766 65410 24947 35693 8275 168 128 117 13 138 200 65 209 233 243 165 209 209 243 164 235
643084 39715 7644 46260 252 0 8 9762 40499 9766 65410 24947 35693 8275 172 168 128 117 13 138 200 65 209 233 243 165 209 209 243 164
643082 39715 7642 46260 252 0 8 9762 40499 9766 65410 24947 35693 8275 116 54 172 168 128 117 13 138 200 65 209 233 243 165 209 209
643080 39715 7640 46260 252 0 8 9762 40499 9766 65410 24947 35693 8275 59 245 116 54 172 168 128 117 13 138 200 65 209 233 243 165
643133 39715 7693 46260 252 0 8 9762 40499 9766 65410 24947 35693 8275 235 201 144 3 240 67 67 46 255 14 100 11 117 163 144 195
643131 39715 7691 46260 252 0 8 9762 40499 9766 65410 24947 35693 8275 243 170 235 201 144 3 240 67 67 46 255 14 100 11 117 163
643129 39715 7689 46260 252 0 8 9762 40499 9766 65410 24947 35693 8275 209 209 243 170 235 201 144 3 240 67 67 46 255 14 100 11
643127 39715 7687 46260 252 11 8 9762 40477 9766 65410 24947 35693 8275 243 171 209 209 243 170 235 201 144 3 240 67 67 46 255 14
643125 39715 7685 46260 252 22 8 9762 40477 9766 65410 24947 35693 8275 209 233 243 171 209 209 243 170 235 201 144 3 240 67 67 46
643123 39715 7683 46004 252 22 8 9762 40477 9766 65410 24947 35693 8275 138 224 209 233 243 171 209 209 243 170 235 201 144 3 240 67
643122 39715 7682 46035 252 22 8 9761 40477 9766 65410 24947 35693 8275 172 138 224 209 233 243 171 209 209 243 170 235 201 144 3 240
643119 39715 7679 46035 252 19 8 9761 40477 9766 65410 24947 35693 8275 128 193 3 172 138 224 209 233 243 171 209 209 243 170 235 201
643116 39715 7676 46035 252 211 8 9761 40477 9766 65410 24947 35693 8275 128 225 63 128 193 3 172 138 224 209 233 243 171 209 209 243
643114 39715 7674 46035 252 0 8 9761 40477 9766 65410 24947 35693 8275 138 200 128 225 63 128 193 3 172 138 224 209 233 243 171 209
643104 39715 7664 46035 252 0 8 9761 40477 9766 65410 24947 35693 8275 117 8 37 63 0 64 3 248 235 222 138 200 128 225 63 128
643102 39715 7662 46035 252 0 8 9761 40477 9766 65410 24947 35693 8275 168 64 117 8 37 63 0 64 3 248 235 222 138 200 128 225
643087 39715 7647 46035 252 0 8 9761 40477 9766 65410 24947 35693 8275 117 13 138 200 65 209 233 243 165 209 209 243 164 235 234 168
643085 39715 7645 46035 252 0 8 9761 40477 9766 65410 24947 35693 8275 168 128 117 13 138 200 65 209 233 243 165 209 209 243 164 235
643084 39715 7644 46003 252 0 8 9760 40477 9766 65410 24947 35693 8275 172 168 128 117 13 138 200 65 209 233 243 165 209 209 243 164
643082 39715 7642 46003 252 0 8 9760 40477 9766 65410 24947 35693 8275 116 54 172 168 128 117 13 138 200 65 209 233 243 165 209 209
643080 39715 7640 46003 252 0 8 9760 40477 9766 65410 24947 35693 8275 59 245 116 54 172 168 128 117 13 138 200 65 209 233 243 165
643133 39715 7693 46003 252 0 8 9760 40477 9766 65410 24947 35693 8275 235 201 144 3 240 67 67 46 255 14 100 11 117 163 144 195
643131 39715 7691 46003 252 1 8 9760 40476 9766 65410 24947 35693 8275 243 170 235 201 144 3 240 67 67 46 255 14 100 11 117 163
643129 39715 7689 46003 252 0 8 9760 40476 9766 65410 24947 35693 8275 209 209 243 170 235 201 144 3 240 67 67 46 255 14 100 11
643127 39715 7687 46003 252 3 8 9760 40470 9766 65410 24947 35693 8275 243 171 209 209 243 170 235 201 144 3 240 67 67 46 255 14
643125 39715 7685 46003 252 7 8 9760 40470 9766 65410 24947 35693 8275 209 233 243 171 209 209 243 170 235 201 144 3 240 67 67 46
643123 39715 7683 46259 252 7 8 9760 40470 9766 65410 24947 35693 8275 138 224 209 233 243 171 209 209 243 170 235 201 144 3 240 67
643122 39715 7682 46276 252 7 8 9759 40470 9766 65410 24947 35693 8275 172 138 224 209 233 243 171 209 209 243 170 235 201 144 3 240
643119 39715 7679 46276 252 4 8 9759 40470 9766 65410 24947 35693 8275 128 193 3 172 138 224 209 233 243 171 209 209 243 170 235 201
643116 39715 7676 46276 252 196 8 9759 40470 9766 65410 24947 35693 8275 128 225 63 128 193 3 172 138 224 209 233 243 171 209 209 243
643114 39715 7674 46276 252 0 8 9759 40470 9766 65410 24947 35693 8275 138 200 128 225 63 128 193 3 172 138 224 209 233 243 171 209
643104 39715 7664 46276 252 0 8 9759 40470 9766 65410 24947 35693 8275 117 8 37 63 0 64 3 248 235 222 138 200 128 225 63 128
643102 39715 7662 46276 252 0 8 9759 40470 9766 65410 24947 35693 8275 168 64 117 8 37 63 0 64 3 248 235 222 138 200 128 225
643087 39715 7647 46276 252 0 8 9759 40470 9766 65410 24947 35693 8275 117 13 138 200 65 209 233 243 165 209 209 243 164 235 234 168
643085 39715 7645 46276 252 0 8 9759 40470 9766 65410 24947 35693 8275 168 128 117 13 138 200 65 209 233 243 165 209 209 243 164 235
643084 39715 7644 46260 252 0 8 9758 40470 9766 65410 24947 35693 8275 172 168 128 117 13 138 200 65 209 233 243 165 209 209 243 164
643082 39715 7642 46260 252 0 8 9758 40470 9766 65410 24947 35693 8275 116 54 172 168 128 117 13 138 200 65 209 233 243 165 209 209
643080 39715 7640 46260 252 0 8 9758 40470 9766 65410 24947 35693 8275 59 245 116 54 172 168 128 117 13 138 200 65 209 233 243 165
643133 39715 7693 46260 252 0 8 9758 40470 9766 65410 24947 35693 8275 235 201 144 3 240 67 67 46 255 14 100 11 117 163 144 195
643131 39715 7691 46260 252 1 8 9758 40469 9766 65410 24947 35693 8275 243 170 235 201 144 3 240 67 67 46 255 14 100 11 117 163
643129 39715 7689 46260 252 0 8 9758 40469 9766 65410 24947 35693 8275 209 209 243 170 235 201 144 3 240 67 67 46 255 14 100 11
643127 39715 7687 46260 252 6 8 9758 40457 9766 65410 24947 35693 8275 243 171 209 209 243 170 235 201 144 3 240 67 67 46 255 14
643125 39715 7685 46260 252 13 8 9758 40457 9766 65410 24947 35693 8275 209 233 243 171 209 209 243 170 235 201 144 3 240 67 67 46
643123 39715 7683 46260 252 13 8 9758 40457 9766 65410 24947 35693 8275 138 224 209 233 243 171 209 209 243 170 235 201 144 3 240 67
643122 39715 7682 46282 252 13 8 9757 40457 9766 65410 24947 35693 8275 172 138 224 209 233 243 171 209 209 243 170 235 201 144 3 240
643119 39715 7679 46282 252 10 8 9757 40457 9766 65410 24947 35693 8275 128 193 3 172 138 224 209 233 243 171 209 209 243 170 235 201
643116 39715 7676 46282 252 202 8 9757 40457 9766 65410 24947 35693 8275 128 225 63 128 193 3 172 138 224 209 233 243 171 209 209 243
643114 39715 7674 46282 252 0 8 9757 40457 9766 65410 24947 35693 8275 138 200 128 225 63 128 193 3 172 138 224 209 233 243 171 209
643104 39715 7664 46282 252 0 8 9757 40457 9766 65410 24947 35693 8275 117 8 37 63 0 64 3 248 235 222 138 200 128 225 63 128
643102 39715 7662 46282 252 0 8 9757 40457 9766 65410 24947 35693 8275 168 64 117 8 37 63 0 64 3 248 235 222 138 200 128 225
643087 39715 7647 46282 252 0 8 9757 40457 9766 65410 24947 35693 8275 117 13 138 200 65 209 233 243 165 209 209 243 164 235 234 168
643085 39715 7645 46282 252 0 8 9757 40457 9766 65410 24947 35693 8275 168 128 117 13 138 200 65 209 233 243 165 209 209 243 164 235
643084 39715 7644 46082 252 0 8 9756 40457 9766 65410 24947 35693 8275 172 168 128 117 13 138 200 65 209 233 243 165 209 209 243 164
643082 39715 7642 46082 252 0 8 9756 40457 9766 65410 24947 35693 8275 116 54 172 168 128 117 13 138 200 65 209 233 243 165 209 209
643080 39715 7640 46082 252 0 8 9756 40457 9766 65410 24947 35693 8275 59 245 116 54 172 168 128 117 13 138 200 65 209 233 243 165
643100 39715 7660 46082 252 0 8 9756 40457 9766 65410 24947 35693 8275 235 234 168 64 117 8 37 63 0 64 3 248 235 222 138 200
643098 39715 7658 46082 252 1 8 9755 40456 9766 65410 24947 35693 8275 243 164 235 234 168 64 117 8 37 63 0 64 3 248 235 222
643096 39715 7656 46082 252 0 8 9755 40456 9766 65410 24947 35693 8275 209 209 243 164 235 234 168 64 117 8 37 63 0 64 3 248
643094 39715 7654 46082 252 1 8 9753 40454 9766 65410 24947 35693 8275 243 165 209 209 243 164 235 234 168 64 117 8 37 63 0 64
643092 39715 7652 46082 252 3 8 9753 40454 9766 65410 24947 35693 8275 209 233 243 165 209 209 243 164 235 234 168 64 117 8 37 63
643091 39715 7651 46082 252 2 8 9753 40454 9766 65410 24947 35693 8275 65 209 233 243 165 209 209 243 164 235 234 168 64 117 8 37
643089 39715 7649 46082 252 0 8 9753 40454 9766 65410 24947 35693 8275 138 200 65 209 233 243 165 209 209 243 164 235 234 168 64 117
643087 39715 7647 46082 252 0 8 9753 40454 9766 65410 24947 35693 8275 117 13 138 200 65 209 233 243 165 209 209 243 164 235 234 168
643085 39715 7645 46082 252 0 8 9753 40454 9766 65410 24947 35693 8275 168 128 117 13 138 200 65 209 233 243 165 209 209 243 164 235
643084 39715 7644 46260 252 0 8 9752 40454 9766 65410 24947 35693 8275 172 168 128 117 13 138 200 65 209 233 243 165 209 209 243 164
643082 39715 7642 46260 252 0 8 9752 40454 9766 65410 24947 35693 8275 116 54 172 168 128 117 13 138 200 65 209 233 243 165 209 209
643080 39715 7640 46260 252 0 8 9752 40454 9766 65410 24947 35693 8275 59 245 116 54 172 168 128 117 13 138 200 65 209 233 243 165
643133 39715 7693 46260 252 0 8 9752 40454 9766 65410 24947 35693 8275 235 201 144 3 240 67 67 46 255 14 100 11 117 163 144 195
643131 39715 7691 46260 252 0 8 9752 40454 9766 65410 24947 35693 8275 243 170 235 201 144 3 240 67 67 46 255 14 100 11 117 163
643129 39715 7689 46260 252 0 8 9752 40454 9766 65410 24947 35693 8275 209 209 243 170 235 201 144 3 240 67 67 46 255 14 100 11
643127 39715 7687 46260 252 9 8 9752 40436 9766 65410 24947 35693 8275 243 171 209 209 243 170 235 201 144 3 240 67 67 46 255 14
643125 39715 7685 46260 252 18 8 9752 40436 9766 65410 24947 35693 8275 209 233 243 171 209 209 243 170 235 201 144 3 240 67 67 46
643123 39715 7683 46260 252 18 8 9752 40436 9766 65410 24947 35693 8275 138 224 209 233 243 171 209 209 243 170 235 201 144 3 240 67
643122 39715 7682 46287 252 18 8 9751 40436 9766 65410 24947 35693 8275 172 138 224 209 233 243 171 209 209 243 170 235 201 144 3 240
643119 39715 7679 46287 252 15 8 9751 40436 9766 65410 24947 35693 8275 128 193 3 172 138 224 209 233 243 171 209 209 243 170 235 201
643116 39715 7676 46287 252 207 8 9751 40436 9766 65410 24947 35693 8275 128 225 63 128 193 3 172 138 224 209 233 243 171 209 209 243
643114 39715 7674 46287 252 0 8 9751 40436 9766 65410 24947 35693 8275 138 200 128 225 63 128 193 3 172 138 224 209 233 243 171 209
643104 39715 7664 46287 252 0 8 9751 40436 9766 65410 24947 35693 8275 117 8 37 63 0 64 3 248 235 222 138 200 128 225 63 128
643102 39715 7662 46287 252 0 8 9751 40436 9766 65410 24947 35693 8275 168 64 117 8 37 63 0 64 3 248 235 222 138 200 128 225
643087 39715 7647 46287 252 0 8 9751 40436 9766 65410 24947 35693 8275 117 13 138 200 65 209 233 243 165 209 209 243 164 235 234 168
643085 39715 7645 46287 252 0 8 9751 40436 9766 65410 24947 35693 8275 168 128 117 13 138 200 65 209 233 243 165 209 209 243 164 235
643084 39715 7644 46081 252 0 8 9750 40436 9766 65410 24947 35693 8275 172 168 128 117 13 138 200 65 209 233 243 165 209 209 243 164
643082 39715 7642 46081 252 0 8 9750 40436 9766 65410 24947 35693 8275 116 54 172 168 128 117 13 138 200 65 209 233 243 165 209 209
643080 39715 7640 46081 252 0 8 9750 40436 9766 65410 24947 35693 8275 59 245 116 54 172 168 128 117 13 138 200 65 209 233 243 165
643100 39715 7660 46081 252 0 8 9750 40436 9766 65410 24947 35693 8275 235 234 168 64 117 8 37 63 0 64 3 248 235 222 138 200
643098 39715 7658 46081 252 0 8 9750 40436 9766 65410 24947 35693 8275 243 164 235 234 168 64 117 8 37 63 0 64 3 248 235 222
643096 39715 7656 46081 252 0 8 9750 40436 9766 65410 24947 35693 8275 209 209 243 164 235 234 168 64 117 8 37 63 0 64 3 248
643094 39715 7654 46081 252 1 8 9748 40434 9766 65410 24947 35693 8275 243 165 209 209 243 164 235 234 168 64 117 8 37 63 0 64
643092 39715 7652 46081 252 2 8 9748 40434 9766 65410 24947 35693 8275 209 233 243 165 209 209 243 164 235 234 168 64 117 8 37 63
643091 39715 7651 46081 252 1 8 9748 40434 9766 65410 24947 35693 8275 65 209 233 243 165 209 209 243 164 235 234 168 64 117 8 37
643089 39715 7649 46081 252 0 8 9748 40434 9766 65410 24947 35693 8275 138 200 65 209 233 243 165 209 209 243 164 235 234 168 64 117
643087 39715 7647 46081 252 0 8 9748 40434 9766 65410 24947 35693 8275 117 13 138 200 65 209 233 243 165 209 209 243 164 235 234 168
643085 39715 7645 46081 252 0 8 9748 40434 9766 65410 24947 35693 8275 168 128 117 13 138 200 65 209 233 243 165 209 209 243 164 235
643084 39715 7644 46260 252 0 8 9747 40434 9766 65410 24947 35693 8275 172 168 128 117 13 138 200 65 209 233 243 165 209 209 243 164
643082 39715 7642 46260 252 0 8 9747 40434 9766 65410 24947 35693 8275 116 54 172 168 128 117 13 138 200 65 209 233 243 165 209 209
643080 39715 7640 46260 252 0 8 9747 40434 9766 65410 24947 35693 8275 59 245 116 54 172 168 128 117 13 138 200 65 209 233 243 165
643133 39715 7693 46260 252 0 8 9747 40434 9766 65410 24947 35693 8275 235 201 144 3 240 67 67 46 255 14 100 11 117 163 144 195
643131 39715 7691 46260 252 0 8 9747 40434 9766 65410 24947 35693 8275 243 170 235 201 144 3 240 67 67 46 255 14 100 11 117 163
643129 39715 7689 46260 252 0 8 9747 40434 9766 65410 24947 35693 8275 209 209 243 170 235 201 144 3 240 67 67 46 255 14 100 11
643127 39715 7687 46260 252 19 8 9747 40396 9766 65410 24947 35693 8275 243 171 209 209 243 170 235 201 144 3 240 67 67 46 255 14
643125 39715 7685 46260 252 38 8 9747 40396 9766 65410 24947 35693 8275 209 233 243 171 209 209 243 170 235 201 144 3 240 67 67 46
643123 39715 7683 46260 252 38 8 9747 40396 9766 65410 24947 35693 8275 138 224 209 233 243 171 209 209 243 170 235 201 144 3 240 67
643122 39715 7682 46307 252 38 8 9746 40396 9766 65410 24947 35693 8275 172 138 224 209 233 243 171 209 209 243 170 235 201 144 3 240
643119 39715 7679 46307 252 35 8 9746 40396 9766 65410 24947 35693 8275 128 193 3 172 138 224 209 233 243 171 209 209 243 170 235 201
643116 39715 7676 46307 252 227 8 9746 40396 9766 65410 24947 35693 8275 128 225 63 128 193 3 172 138 224 209 233 243 171 209 209 243
643114 39715 7674 46307 252 0 8 9746 40396 9766 65410 24947 35693 8275 138 200 128 225 63 128 193 3 172 138 224 209 233 243 171 209
643104 39715 7664 46307 252 0 8 9746 40396 9766 65410 24947 35693 8275 117 8 37 63 0 64 3 248 235 222 138 200 128 225 63 128
643102 39715 7662 46307 252 0 8 9746 40396 9766 65410 24947 35693 8275 168 64 117 8 37 63 0 64 3 248 235 222 138 200 128 225
643087 39715 7647 46307 252 0 8 9746 40396 9766 65410 24947 35693 8275 117 13 138 200 65 209 233 243 165 209 209 243 164 235 234 168
643085 39715 7645 46307 252 0 8 9746 40396 9766 65410 24947 35693 8275 168 128 117 13 138 200 65 209 233 243 165 209 209 243 164 235
643084 39715 7644 46081 252 0 8 9745 40396 9766 65410 24947 35693 8275 172 168 128 117 13 138 200 65 209 233 243 165 209 209 243 164
643082 39715 7642 46081 252 0 8 9745 40396 9766 65410 24947 35693 8275 116 54 172 168 128 117 13 138 200 65 209 233 243 165 209 209
643080 39715 7640 46081 252 0 8 9745 40396 9766 65410 24947 35693 8275 59 245 116 54 172 168 128 117 13 138 200 65 209 233 243 165
643100 39715 7660 46081 252 0 8 9745 40396 9766 65410 24947 35693 8275 235 234 168 64 117 8 37 63 0 64 3 248 235 222 138 200
643098 39715 7658 46081 252 0 8 9745 40396 9766 65410 24947 35693 8275 243 164 235 234 168 64 117 8 37 63 0 64 3 248 235 222
643096 39715 7656 46081 252 0 8 9745 40396 9766 65410 24947 35693 8275 209 209 243 164 235 234 168 64 117 8 37 63 0 64 3 248
643094 39715 7654 46081 252 1 8 9743 40394 9766 65410 24947 35693 8275 243 165 209 209 243 164 235 234 168 64 117 8 37 63 0 64
643092 39715 7652 46081 252 2 8 9743 40394 9766 65410 24947 35693 8275 209 233 243 165 209 209 243 164 235 234 168 64 117 8 37 63
643091 39715 7651 46081 252 1 8 9743 40394 9766 65410 24947 35693 8275 65 209 233 243 165 209 209 243 164 235 234 168 64 117 8 37
643089 39715 7649 46081 252 0 8 9743 40394 9766 65410 24947 35693 8275 138 200 65 209 233 243 165 209 209 243 164 235 234 168 64 117
643087 39715 7647 46081 252 0 8 9743 40394 9766 65410 24947 35693 8275 117 13 138 200 65 209 233 243 165 209 209 243 164 235 234 168
643085 39715 7645 46081 252 0 8 9743 40394 9766 65410 24947 35693 8275 168 128 117 13 138 200 65 209 233 243 165 209 209 243 164 235
643084 39715 7644 46260 252 0 8 9742 40394 9766 65410 24947 35693 8275 172 168 128 117 13 138 200 65 209 233 243 165 209 209 243 164
643082 39715 7642 46260 252 0 8 9742 40394 9766 65410 24947 35693 8275 116 54 172 168 128 117 13 138 200 65 209 233 243 165 209 209
643080 39715 7640 46260 252 0 8 9742 40394 9766 65410 24947 35693 8275 59 245 116 54 172 168 128 117 13 138 200 65 209 233 243 165
643133 39715 7693 46260 252 0 8 9742 40394 9766 65410 24947 35693 8275 235 201 144 3 240 67 67 46 255 14 100 11 117 163 144 195
643131 39715 7691 46260 252 1 8 9742 40393 9766 65410 24947 35693 8275 243 170 235 201 144 3 240 67 67 46 255 14 100 11 117 163
643129 39715 7689 46260 252 0 8 9742 40393 9766 65410 24947 35693 8275 209 209 243 170 235 201 144 3 240 67 67 46 255 14 100 11
643127 39715 7687 46260 252 10 8 9742 40373 9766 65410 24947 35693 8275 243 171 209 209 243 170 235 201 144 3 240 67 67 46 255 14
643125 39715 7685 46260 252 21 8 9742 40373 9766 65410 24947 35693 8275 209 233 243 171 209 209 243 170 235 201 144 3 240 67 67 46
643123 39715 7683 46260 252 21 8 9742 40373 9766 65410 24947 35693 8275 138 224 209 233 243 171 209 209 243 170 235 201 144 3 240 67
643122 39715 7682 46290 252 21 8 9741 40373 9766 65410 24947 35693 8275 172 138 224 209 233 243 171 209 209 243 170 235 201 144 3 240
643119 39715 7679 46290 252 18 8 9741 40373 9766 65410 24947 35693 8275 128 193 3 172 138 224 209 233 243 171 209 209 243 170 235 201
643116 39715 7676 46290 252 210 8 9741 40373 9766 65410 24947 35693 8275 128 225 63 128 193 3 172 138 224 209 233 243 171 209 209 243
643114 39715 7674 46290 252 0 8 9741 40373 9766 65410 24947 35693 8275 138 200 128 225 63 128 193 3 172 138 224 209 233 243 171 209
643104 39715 7664 46290 252 0 8 9741 40373 9766 65410 24947 35693 8275 117 8 37 63 0 64 3 248 235 222 138 200 128 225 63 128
643102 39715 7662 46290 252 0 8 9741 40373 9766 65410 24947 35693 8275 168 64 117 8 37 63 0 64 3 248 235 222 138 200 128 225
643087 39715 7647 46290 252 0 8 9741 40373 9766 65410 24947 35693 8275 117 13 138 200 65 209 233 243 165 209 209 243 164 235 234 168
643085 39715 7645 46290 252 0 8 9741 40373 9766 65410 24947 35693 8275 168 128 117 13 138 200 65 209 233 243 165 209 209 243 164 235
643084 39715 7644 46082 252 0 8 9740 40373 9766 65410 24947 35693 8275 172 168 128 117 13 138 200 65 209 233 243 165 209 209 243 164
643082 39715 7642 46082 252 0 8 9740 40373 9766 65410 24947 35693 8275 116 54 172 168 128 117 13 138 200 65 209 233 243 165 209 209
643080 39715 7640 46082 252 0 8 9740 40373 9766 65410 24947 35693 8275 59 245 116 54 172 168 128 117 13 138 200 65 209 233 243 165
643100 39715 7660 46082 252 0 8 9740 40373 9766 65410 24947 35693 8275 235 234 168 64 117 8 37 63 0 64 3 248 235 222 138 200
643098 39715 7658 46082 252 1 8 9739 40372 9766 65410 24947 35693 8275 243 164 235 234 168 64 117 8 37 63 0 64 3 248 235 222
643096 39715 7656 46082 252 0 8 9739 40372 9766 65410 24947 35693 8275 209 209 243 164 235 234 168 64 117 8 37 63 0 64 3 248
643094 39715 7654 46082 252 1 8 9737 40370 9766 65410 24947 35693 8275 243 165 209 209 243 164 235 234 168 64 117 8 37 63 0 64
643092 39715 7652 46082 252 3 8 9737 40370 9766 65410 24947 35693 8275 209 233 243 165 209 209 243 164 235 234 168 64 117 8 37 63
643091 39715 7651 46082 252 2 8 9737 40370 9766 65410 24947 35693 8275 65 209 233 243 165 209 209 243 164 235 234 168 64 117 8 37
643089 39715 7649 46082 252 0 8 9737 40370 9766 65410 24947 35693 8275 138 200 65 209 233 243 165 209 209 243 164 235 234 168 64 117
643087 39715 7647 46082 252 0 8 9737 40370 9766 65410 24947 35693 8275 117 13 138 200 65 209 233 243 165 209 209 243 164 235 234 168
643085 39715 7645 46082 252 0 8 9737 40370 9766 65410 24947 35693 8275 168 128 117 13 138 200 65 209 233 243 165 209 209 243 164 235
643084 39715 7644 46260 252 0 8 9736 40370 9766 65410 24947 35693 8275 172 168 128 117 13 138 200 65 209 233 243 165 209 209 243 164
643082 39715 7642 46260 252 0 8 9736 40370 9766 65410 24947 35693 8275 116 54 172 168 128 117 13 138 200 65 209 233 243 165 209 209
643080 39715 7640 46260 252 0 8 9736 40370 9766 65410 24947 35693 8275 59 245 116 54 172 168 128 117 13 138 200 65 209 233 243 165
643133 39715 7693 46260 252 0 8 9736 40370 9766 65410 24947 35693 8275 235 201 144 3 240 67 67 46 255 14 100 11 117 163 144 195
643131 39715 7691 46260 252 1 8 9736 40369 9766 65410 24947 35693 8275 243 170 235 201 144 3 240 67 67 46 255 14 100 11 117 163
643129 39715 7689 46260 252 0 8 9736 40369 9766 65410 24947 35693 8275 209 209 243 170 235 201 144 3 240 67 67 46 255 14 100 11
643127 39715 7687 46260 252 4 8 9736 40361 9766 65410 24947 35693 8275 243 171 209 209 243 170 235 201 144 3 240 67 67 46 255 14
643125 39715 7685 46260 252 9 8 9736 40361 9766 65410 24947 35693 8275 209 233 243 171 209 209 243 170 235 201 144 3 240 67 67 46
643123 39715 7683 46004 252 9 8 9736 40361 9766 65410 24947 35693 8275 138 224 209 233 243 171 209 209 243 170 235 201 144 3 240 67
643122 39715 7682 46022 252 9 8 9735 40361 9766 65410 24947 35693 8275 172 138 224 209 233 243 171 209 209 243 170 235 201 144 3 240
643119 39715 7679 46022 252 6 8 9735 40361 9766 65410 24947 35693 8275 128 193 3 172 138 224 209 233 243 171 209 209 243 170 235 201
643116 39715 7676 46022 252 198 8 9735 40361 9766 65410 24947 35693 8275 128 225 63 128 193 3 172 138 224 209 233 243 171 209 209 243
643114 39715 7674 46022 252 0 8 9735 40361 9766 65410 24947 35693 8275 138 200 128 225 63 128 193 3 172 138 224 209 233 243 171 209
643104 39715 7664 46022 252 0 8 9735 40361 9766 65410 24947 35693 8275 117 8 37 63 0 64 3 248 235 222 138 200 128 225 63 128
643102 39715 7662 46022 252 0 8 9735 40361 9766 65410 24947 35693 8275 168 64 117 8 37 63 0 64 3 248 235 222 138 200 128 225
643087 39715 7647 46022 252 0 8 9735 40361 9766 65410 24947 35693 8275 117 13 138 200 65 209 233 243 165 209 209 243 164 235 234 168
643085 39715 7645 46022 252 0 8 9735 40361 9766 65410 24947 35693 8275 168 128 117 13 138 200 65 209 233 243 165 209 209 243 164 235
643084 39715 7644 46003 252 0 8 9734 40361 9766 65410 24947 35693 8275 172 168 128 117 13 138 200 65 209 233 243 165 209 209 243 164
643082 39715 7642 46003 252 0 8 9734 40361 9766 65410 24947 35693 8275 116 54 172 168 128 117 13 138 200 65 209 233 243 165 209 209
643080 39715 7640 46003 252 0 8 9734 40361 9766 65410 24947 35693 8275 59 245 116 54 172 168 128 117 13 138 200 65 209 233 243 165
643133 39715 7693 46003 252 0 8 9734 40361 9766 65410 24947 35693 8275 235 201 144 3 240 67 67 46 255 14 100 11 117 163 144 195
643131 39715 7691 46003 252 1 8 9734 40360 9766 65410 24947 35693 8275 243 170 235 201 144 3 240 67 67 46 255 14 100 11 117 163
643129 39715 7689 46003 252 0 8 9734 40360 9766 65410 24947 35693 8275 209 209 243 170 235 201 144 3 240 67 67 46 255 14 100 11
643127 39715 7687 46003 252 1 8 9734 40358 9766 65410 24947 35693 8275 243 171 209 209 243 170 235 201 144 3 240 67 67 46 255 14
643125 39715 7685 46003 252 3 8 9734 40358 9766 65410 24947 35693 8275 209 233 243 171 209 209 243 170 235 201 144 3 240 67 67 46
643123 39715 7683 46259 252 3 8 9734 40358 9766 65410 24947 35693 8275 138 224 209 233 243 171 209 209 243 170 235 201 144 3 240 67
643122 39715 7682 46272 252 3 8 9733 40358 9766 65410 24947 35693 8275 172 138 224 209 233 243 171 209 209 243 170 235 201 144 3 240
643119 39715 7679 46272 252 0 8 9733 40358 9766 65410 24947 35693 8275 128 193 3 172 138 224 209 233 243 171 209 209 243 170 235 201
643116 39715 7676 46272 252 192 8 9733 40358 9766 65410 24947 35693 8275 128 225 63 128 193 3 172 138 224 209 233 243 171 209 209 243
643114 39715 7674 46272 252 0 8 9733 40358 9766 65410 24947 35693 8275 138 200 128 225 63 128 193 3 172 138 224 209 233 243 171 209
643104 39715 7664 46272 252 0 8 9733 40358 9766 65410 24947 35693 8275 117 8 37 63 0 64 3 248 235 222 138 200 128 225 63 128
643102 39715 7662 46272 252 0 8 9733 40358 9766 65410 24947 35693 8275 168 64 117 8 37 63 0 64 3 248 235 222 138 200 128 225
643087 39715 7647 46272 252 0 8 9733 40358 9766 65410 24947 35693 8275 117 13 138 200 65 209 233 243 165 209 209 243 164 235 234 168
643085 39715 7645 46272 252 0 8 9733 40358 9766 65410 24947 35693 8275 168 128 117 13 138 200 65 209 233 243 165 209 209 243 164 235
643084 39715 7644 46260 252 0 8 9732 40358 9766 65410 24947 35693 8275 172 168 128 117 13 138 200 65 209 233 243 165 209 209 243 164
643082 39715 7642 46260 252 0 8 9732 40358 9766 65410 24947 35693 8275 116 54 172 168 128 117 13 138 200 65 209 233 243 165 209 209
643080 39715 7640 46260 252 0 8 9732 40358 9766 65410 24947 35693 8275 59 245 116 54 172 168 128 117 13 138 200 65 209 233 243 165
643133 39715 7693 46260 252 0 8 9732 40358 9766 65410 24947 35693 8275 235 201 144 3 240 67 67 46 255 14 100 11 117 163 144 195
643131 39715 7691 46260 252 0 8 9732 40358 9766 65410 24947 35693 8275 243 170 235 201 144 3 240 67 67 46 255 14 100 11 117 163
643129 39715 7689 46260 252 0 8 9732 40358 9766 65410 24947 35693 8275 209 209 243 170 235 201 144 3 240 67 67 46 255 14 100 11
643127 39715 7687 46260 252 2 8 9732 40354 9766 65410 24947 35693 8275 243 171 209 209 243 170 235 201 144 3 240 67 67 46 255 14
643125 39715 7685 46260 252 4 8 9732 40354 9766 65410 24947 35693 8275 209 233 243 171 209 209 243 170 235 201 144 3 240 67 67 46
643123 39715 7683 46004 252 4 8 9732 40354 9766 65410 24947 35693 8275 138 224 209 233 243 171 209 209 243 170 235 201 144 3 240 67
643122 39715 7682 46017 252 4 8 9731 40354 9766 65410 24947 35693 8275 172 138 224 209 233 243 171 209 209 243 170 235 201 144 3 240
643119 39715 7679 46017 252 1 8 9731 40354 9766 65410 24947 35693 8275 128 193 3 172 138 224 209 233 243 171 209 209 243 170 235 201
643116 39715 7676 46017 252 193 8 9731 40354 9766 65410 24947 35693 8275 128 225 63 128 193 3 172 138 224 209 233 243 171 209 209 243
643114 39715 7674 46017 252 0 8 9731 40354 9766 65410 24947 35693 8275 138 200 128 225 63 128 193 3 172 138 224 209 233 243 171 209
643104 39715 7664 46017 252 0 8 9731 40354 9766 65410 24947 35693 8275 117 8 37 63 0 64 3 248 235 222 138 200 128 225 63 128
643102 39715 7662 46017 252 0 8 9731 40354 9766 65410 24947 35693 8275 168 64 117 8 37 63 0 64 3 248 235 222 138 200 128 225
643087 39715 7647 46017 252 0 8 9731 40354 9766 65410 24947 35693 8275 117 13 138 200 65 209 233 243 165 209 209 243 164 235 234 168
643085 39715 7645 46017 252 0 8 9731 40354 9766 65410 24947 35693 8275 168 128 117 13 138 200 65 209 233 243 165 209 209 243 164 235
643084 39715 7644 46003 252 0 8 9730 40354 9766 65410 24947 35693 8275 172 168 128 117 13 138 200 65 209 233 243 165 209 209 243 164
643082 39715 7642 46003 252 0 8 9730 40354 9766 65410 24947 35693 8275 116 54 172 168 128 117 13 138 200 65 209 233 243 165 209 209
643080 39715 7640 46003 252 0 8 9730 40354 9766 65410 24947 35693 8275 59 245 116 54 172 168 128 117 13 138 200 65 209 233 243 165
643133 39715 7693 46003 252 0 8 9730 40354 9766 65410 24947 35693 8275 235 201 144 3 240 67 67 46 255 14 100 11 117 163 144 195
643131 39715 7691 46003 252 1 8 9730 40353 9766 65410 24947 35693 8275 243 170 235 201 144 3 240 67 67 46 255 14 100 11 117 163
643129 39715 7689 46003 252 0 8 9730 40353 9766 65410 24947 35693 8275 209 209 243 170 235 201 144 3 240 67 67 46 255 14 100 11
643127 39715 7687 46003 252 5 8 9730 40343 9766 65410 24947 35693 8275 243 171 209 209 243 170 235 201 144 3 240 67 67 46 255 14
643125 39715 7685 46003 252 11 8 9730 40343 9766 65410 24947 35693 8275 209 233 243 171 209 209 243 170 235 201 144 3 240 67 67 46
643123 39715 7683 46259 252 11 8 9730 40343 9766 65410 24947 35693 8275 138 224 209 233 243 171 209 209 243 170 235 201 144 3 240 67
643122 39715 7682 46280 252 11 8 9729 40343 9766 65410 24947 35693 8275 172 138 224 209 233 243 171 209 209 243 170 235 201 144 3 240
643119 39715 7679 46280 252 8 8 9729 40343 9766 65410 24947 35693 8275 128 193 3 172 138 224 209 233 243 171 209 209 243 170 235 201
643116 39715 7676 46280 252 200 8 9729 40343 9766 65410 24947 35693 8275 128 225 63 128 193 3 172 138 224 209 233 243 171 209 209 243
643114 39715 7674 46280 252 0 8 9729 40343 9766 65410 24947 35693 8275 138 200 128 225 63 128 193 3 172 138 224 209 233 243 171 209
643104 39715 7664 46280 252 0 8 9729 40343 9766 65410 24947 35693 8275 117 8 37 63 0 64 3 248 235 222 138 200 128 225 63 128
643102 39715 7662 46280 252 0 8 9729 40343 9766 65410 24947 35693 8275 168 64 117 8 37 63 0 64 3 248 235 222 138 200 128 225
643087 39715 7647 46280 252 0 8 9729 40343 9766 65410 24947 35693 8275 117 13 138 200 65 209 233 243 165 209 209 243 164 235 234 168
643085 39715 7645 46280 252 0 8 9729 40343 9766 65410 24947 35693 8275 168 128 117 13 138 200 65 209 233 243 165 209 209 243 164 235
643084 39715 7644 46083 252 0 8 9728 40343 9766 65410 24947 35693 8275 172 168 128 117 13 138 200 65 209 233 243 165 209 209 243 164
643082 39715 7642 46083 252 0 8 9728 40343 9766 65410 24947 35693 8275 116 54 172 168 128 117 13 138 200 65 209 233 243 165 209 209
643080 39715 7640 46083 252 0 8 9728 40343 9766 65410 24947 35693 8275 59 245 116 54 172 168 128 117 13 138 200 65 209 233 243 165
643100 39715 7660 46083 252 0 8 9728 40343 9766 65410 24947 35693 8275 235 234 168 64 117 8 37 63 0 64 3 248 235 222 138 200
643098 39715 7658 46083 252 0 8 9728 40343 9766 65410 24947 35693 8275 243 164 235 234 168 64 117 8 37 63 0 64 3 248 235 222
643096 39715 7656 46083 252 0 8 9728 40343 9766 65410 24947 35693 8275 209 209 243 164 235 234 168 64 117 8 37 63 0 64 3 248
643094 39715 7654 46083 252 2 8 9724 40339 9766 65410 24947 35693 8275 243 165 209 209 243 164 235 234 168 64 117 8 37 63 0 64
643092 39715 7652 46083 252 4 8 9724 40339 9766 65410 24947 35693 8275 209 233 243 165 209 209 243 164 235 234 168 64 117 8 37 63
643091 39715 7651 46083 252 3 8 9724 40339 9766 65410 24947 35693 8275 65 209 233 243 165 209 209 243 164 235 234 168 64 117 8 37
643089 39715 7649 46083 252 0 8 9724 40339 9766 65410 24947 35693 8275 138 200 65 209 233 243 165 209 209 243 164 235 234 168 64 117
643087 39715 7647 46083 252 0 8 9724 40339 9766 65410 24947 35693 8275 117 13 138 200 65 209 233 243 165 209 209 243 164 235 234 168
643085 39715 7645 46083 252 0 8 9724 40339 9766 65410 24947 35693 8275 168 128 117 13 138 200 65 209 233 243 165 209 209 243 164 235
643084 39715 7644 46260 252 0 8 9723 40339 9766 65410 24947 35693 8275 172 168 128 117 13 138 200 65 209 233 243 165 209 209 243 164
643082 39715 7642 46260 252 0 8 9723 40339 9766 65410 24947 35693 8275 116 54 172 168 128 117 13 138 200 65 209 233 243 165 209 209
643080 39715 7640 46260 252 0 8 9723 40339 9766 65410 24947 35693 8275 59 245 116 54 172 168 128 117 13 138 200 65 209 233 243 165
643133 39715 7693 46260 252 0 8 9723 40339 9766 65410 24947 35693 8275 235 201 144 3 240 67 67 46 255 14 100 11 117 163 144 195
643131 39715 7691 46260 252 1 8 9723 40338 9766 65410 24947 35693 8275 243 170 235 201 144 3 240 67 67 46 255 14 100 11 117 163
643129 39715 7689 46260 252 0 8 9723 40338 9766 65410 24947 35693 8275 209 209 243 170 235 201 144 3 240 67 67 46 255 14 100 11
643127 39715 7687 46260 252 5 8 9723 40328 9766 65410 24947 35693 8275 243 171 209 209 243 170 235 201 144 3 240 67 67 46 255 14
643125 39715 7685 46260 252 11 8 9723 40328 9766 65410 24947 35693 8275 209 233 243 171 209 209 243 170 235 201 144 3 240 67 67 46
643123 39715 7683 180 252 11 8 9723 40328 9766 65410 24947 35693 8275 138 224 209 233 243 171 209 209 243 170 235 201 144 3 240 67
643122 39715 7682 200 252 11 8 9722 40328 9766 65410 24947 35693 8275 172 138 224 209 233 243 171 209 209 243 170 235 201 144 3 240
643119 39715 7679 200 252 8 8 9722 40328 9766 65410 24947 35693 8275 128 193 3 172 138 224 209 233 243 171 209 209 243 170 235 201
643116 39715 7676 200 252 200 8 9722 40328 9766 65410 24947 35693 8275 128 225 63 128 193 3 172 138 224 209 233 243 171 209 209 243
643114 39715 7674 200 252 0 8 9722 40328 9766 65410 24947 35693 8275 138 200 128 225 63 128 193 3 172 138 224 209 233 243 171 209
643104 39715 7664 200 252 0 8 9722 40328 9766 65410 24947 35693 8275 117 8 37 63 0 64 3 248 235 222 138 200 128 225 63 128
643102 39715 7662 200 252 0 8 9722 40328 9766 65410 24947 35693 8275 168 64 117 8 37 63 0 64 3 248 235 222 138 200 128 225
643087 39715 7647 200 252 0 8 9722 40328 9766 65410 24947 35693 8275 117 13 138 200 65 209 233 243 165 209 209 243 164 235 234 168
643085 39715 7645 200 252 0 8 9722 40328 9766 65410 24947 35693 8275 168 128 117 13 138 200 65 209 233 243 165 209 209 243 164 235
643084 39715 7644 0 252 0 8 9721 40328 9766 65410 24947 35693 8275 172 168 128 117 13 138 200 65 209 233 243 165 209 209 243 164
643082 39715 7642 0 252 0 8 9721 40328 9766 65410 24947 35693 8275 116 54 172 168 128 117 13 138 200 65 209 233 243 165 209 209
643080 39715 7640 0 252 0 8 9721 40328 9766 65410 24947 35693 8275 59 245 116 54 172 168 128 117 13 138 200 65 209 233 243 165
643079 39715 7639 0 252 0 8 9721 40328 9766 65410 24947 35693 8275 144 59 245 116 54 172 168 128 117 13 138 200 65 209 233 243
643077 39715 7637 0 252 0 8 9721 40328 9766 65410 24947 35693 8275 3 248 144 59 245 116 54 172 168 128 117 13 138 200 65 209
643076 39715 7636 47 252 0 8 9719 40328 9766 65410 24947 35693 8275 173 3 248 144 59 245 116 54 172 168 128 117 13 138 200 65
643074 39715 7634 47 252 0 8 9719 40320 9766 65410 24947 35693 8275 3 250 173 3 248 144 59 245 116 54 172 168 128 117 13 138
643069 39715 7629 47 252 0 8 9719 40224 9766 65410 24947 35693 8275 46 139 191 156 6 3 250 173 3 248 144 59 245 116 54 172
643067 39715 7627 47 252 0 8 9719 40224 9719 65410 24947 35693 8275 3 232 46 139 191 156 6 3 250 173 3 248 144 59 245 116
643065 39715 7625 47 252 0 8 9719 40224 9717 65410 24947 35693 8275 139 238 3 232 46 139 191 156 6 3 250 173 3 248 144 59
643063 39715 7623 47 252 0 8 9719 40224 9717 65410 24947 35693 8275 115 71 139 238 3 232 46 139 191 156 6 3 250 173 3 248
643059 39715 7619 47 252 0 8 9719 40224 9717 65410 24947 35693 8275 129 251 144 1 115 71 139 238 3 232 46 139 191 156 6 3
643057 39715 7617 47 252 0 8 9719 40224 9717 65410 24947 35693 8275 116 79 129 251 144 1 115 71 139 238 3 232 46 139 191 156
643055 39715 7615 47 252 0 8 9719 40224 9717 65410 24947 35693 8275 11 192 116 79 129 251 144 1 115 71 139 238 3 232 46 139
643054 39715 7614 46260 252 0 8 9717 40224 9717 65410 24947 35693 8275 173 11 192 116 79 129 251 144 1 115 71 139 238 3 232 46
643145 39715 7705 46260 252 0 8 9717 40224 9717 65410 24947 35693 8275 117 163 144 195 144 86 83 81 139 52 232 12 0 89 91 94
643140 39715 7700 46260 252 0 8 9717 40224 9717 65410 24947 35693 8275 46 255 14 100 11 117 163 144 195 144 86 83 81 139 52 232
643139 39715 7699 46260 251 0 8 9717 40224 9717 65410 24947 35693 8275 67 46 255 14 100 11 117 163 144 195 144 86 83 81 139 52
643138 39715 7698 46260 250 0 8 9717 40224 9717 65410 24947 35693 8275 67 67 46 255 14 100 11 117 163 144 195 144 86 83 81 139
643082 39715 7642 46260 250 0 8 9717 40224 9717 65410 24947 35693 8275 116 54 172 168 128 117 13 138 200 65 209 233 243 165 209 209
643080 39715 7640 46260 250 0 8 9717 40224 9717 65410 24947 35693 8275 59 245 116 54 172 168 128 117 13 138 200 65 209 233 243 165
643133 39715 7693 46260 250 0 8 9717 40224 9717 65410 24947 35693 8275 235 201 144 3 240 67 67 46 255 14 100 11 117 163 144 195
643131 39715 7691 46260 250 0 8 9717 40224 9717 65410 24947 35693 8275 243 170 235 201 144 3 240 67 67 46 255 14 100 11 117 163
643129 39715 7689 46260 250 0 8 9717 40224 9717 65410 24947 35693 8275 209 209 243 170 235 201 144 3 240 67 67 46 255 14 100 11
643127 39715 7687 46260 250 2 8 9717 40220 9717 65410 24947 35693 8275 243 171 209 209 243 170 235 201 144 3 240 67 67 46 255 14
643125 39715 7685 46260 250 4 8 9717 40220 9717 65410 24947 35693 8275 209 233 243 171 209 209 243 170 235 201 144 3 240 67 67 46
643123 39715 7683 50868 250 4 8 9717 40220 9717 65410 24947 35693 8275 138 224 209 233 243 171 209 209 243 170 235 201 144 3 240 67
643122 39715 7682 50881 250 4 8 9716 40220 9717 65410 24947 35693 8275 172 138 224 209 233 243 171 209 209 243 170 235 201 144 3 240
643119 39715 7679 50881 250 1 8 9716 40220 9717 65410 24947 35693 8275 128 193 3 172 138 224 209 233 243 171 209 209 243 170 235 201
643116 39715 7676 50881 250 193 8 9716 40220 9717 65410 24947 35693 8275 128 225 63 128 193 3 172 138 224 209 233 243 171 209 209 243
643114 39715 7674 50881 250 0 8 9716 40220 9717 65410 24947 35693 8275 138 200 128 225 63 128 193 3 172 138 224 209 233 243 171 209
643104 39715 7664 50881 250 0 8 9716 40220 9717 65410 24947 35693 8275 117 8 37 63 0 64 3 248 235 222 138 200 128 225 63 128
643102 39715 7662 50881 250 0 8 9716 40220 9717 65410 24947 35693 8275 168 64 117 8 37 63 0 64 3 248 235 222 138 200 128 225
643087 39715 7647 50881 250 0 8 9716 40220 9717 65410 24947 35693 8275 117 13 138 200 65 209 233 243 165 209 209 243 164 235 234 168
643085 39715 7645 50881 250 0 8 9716 40220 9717 65410 24947 35693 8275 168 128 117 13 138 200 65 209 233 243 165 209 209 243 164 235
643084 39715 7644 50886 250 0 8 9715 40220 9717 65410 24947 35693 8275 172 168 128 117 13 138 200 65 209 233 243 165 209 209 243 164
643082 39715 7642 50886 250 0 8 9715 40220 9717 65410 24947 35693 8275 116 54 172 168 128 117 13 138 200 65 209 233 243 165 209 209
643080 39715 7640 50886 250 0 8 9715 40220 9717 65410 24947 35693 8275 59 245 116 54 172 168 128 117 13 138 200 65 209 233 243 165
643133 39715 7693 50886 250 0 8 9715 40220 9717 65410 24947 35693 8275 235 201 144 3 240 67 67 46 255 14 100 11 117 163 144 195
643131 39715 7691 50886 250 1 8 9715 40219 9717 65410 24947 35693 8275 243 170 235 201 144 3 240 67 67 46 255 14 100 11 117 163
643129 39715 7689 50886 250 0 8 9715 40219 9717 65410 24947 35693 8275 209 209 243 170 235 201 144 3 240 67 67 46 255 14 100 11
643127 39715 7687 50886 250 5 8 9715 40209 9717 65410 24947 35693 8275 243 171 209 209 243 170 235 201 144 3 240 67 67 46 255 14
643125 39715 7685 50886 250 11 8 9715 40209 9717 65410 24947 35693 8275 209 233 243 171 209 209 243 170 235 201 144 3 240 67 67 46
643123 39715 7683 46278 250 11 8 9715 40209 9717 65410 24947 35693 8275 138 224 209 233 243 171 209 209 243 170 235 201 144 3 240 67
643122 39715 7682 46280 250 11 8 9714 40209 9717 65410 24947 35693 8275 172 138 224 209 233 243 171 209 209 243 170 235 201 144 3 240
643119 39715 7679 46280 250 8 8 9714 40209 9717 65410 24947 35693 8275 128 193 3 172 138 224 209 233 243 171 209 209 243 170 235 201
643116 39715 7676 46280 250 200 8 9714 40209 9717 65410 24947 35693 8275 128 225 63 128 193 3 172 138 224 209 233 243 171 209 209 243
643114 39715 7674 46280 250 0 8 9714 40209 9717 65410 24947 35693 8275 138 200 128 225 63 128 193 3 172 138 224 209 233 243 171 209
643104 39715 7664 46280 250 0 8 9714 40209 9717 65410 24947 35693 8275 117 8 37 63 0 64 3 248 235 222 138 200 128 225 63 128
643102 39715 7662 46280 250 0 8 9714 40209 9717 65410 24947 35693 8275 168 64 117 8 37 63 0 64 3 248 235 222 138 200 128 225
643087 39715 7647 46280 250 0 8 9714 40209 9717 65410 24947 35693 8275 117 13 138 200 65 209 233 243 165 209 209 243 164 235 234 168
643085 39715 7645 46280 250 0 8 9714 40209 9717 65410 24947 35693 8275 168 128 117 13 138 200 65 209 233 243 165 209 209 243 164 235
643084 39715 7644 46083 250 0 8 9713 40209 9717 65410 24947 35693 8275 172 168 128 117 13 138 200 65 209 233 243 165 209 209 243 164
643082 39715 7642 46083 250 0 8 9713 40209 9717 65410 24947 35693 8275 116 54 172 168 128 117 13 138 200 65 209 233 243 165 209 209
643080 39715 7640 46083 250 0 8 9713 40209 9717 65410 24947 35693 8275 59 245 116 54 172 168 128 117 13 138 200 65 209 233 243 165
643100 39715 7660 46083 250 0 8 9713 40209 9717 65410 24947 35693 8275 235 234 168 64 117 8 37 63 0 64 3 248 235 222 138 200
643098 39715 7658 46083 250 0 8 9713 40209 9717 65410 24947 35693 8275 243 164 235 234 168 64 117 8 37 63 0 64 3 248 235 222
643096 39715 7656 46083 250 0 8 9713 40209 9717 65410 24947 35693 8275 209 209 243 164 235 234 168 64 117 8 37 63 0 64 3 248
643094 39715 7654 46083 250 2 8 9709 40205 9717 65410 24947 35693 8275 243 165 209 209 243 164 235 234 168 64 117 8 37 63 0 64
643092 39715 7652 46083 250 4 8 9709 40205 9717 65410 24947 35693 8275 209 233 243 165 209 209 243 164 235 234 168 64 117 8 37 63
643091 39715 7651 46083 250 3 8 9709 40205 9717 65410 24947 35693 8275 65 209 233 243 165 209 209 243 164 235 234 168 64 117 8 37
643089 39715 7649 46083 250 0 8 9709 40205 9717 65410 24947 35693 8275 138 200 65 209 233 243 165 209 209 243 164 235 234 168 64 117
643087 39715 7647 46083 250 0 8 9709 40205 9717 65410 24947 35693 8275 117 13 138 200 65 209 233 243 165 209 209 243 164 235 234 168
643085 39715 7645 46083 250 0 8 9709 40205 9717 65410 24947 35693 8275 168 128 117 13 138 200 65 209 233 243 165 209 209 243 164 235
643084 39715 7644 46260 250 0 8 9708 40205 9717 65410 24947 35693 8275 172 168 128 117 13 138 200 65 209 233 243 165 209 209 243 164
643082 39715 7642 46260 250 0 8 9708 40205 9717 65410 24947 35693 8275 116 54 172 168 128 117 13 138 200 65 209 233 243 165 209 209
643080 39715 7640 46260 250 0 8 9708 40205 9717 65410 24947 35693 8275 59 245 116 54 172 168 128 117 13 138 200 65 209 233 243 165
643133 39715 7693 46260 250 0 8 9708 40205 9717 65410 24947 35693 8275 235 201 144 3 240 67 67 46 255 14 100 11 117 163 144 195
643131 39715 7691 46260 250 0 8 9708 40205 9717 65410 24947 35693 8275 243 170 235 201 144 3 240 67 67 46 255 14 100 11 117 163
643129 39715 7689 46260 250 0 8 9708 40205 9717 65410 24947 35693 8275 209 209 243 170 235 201 144 3 240 67 67 46 255 14 100 11
643127 39715 7687 46260 250 2 8 9708 40201 9717 65410 24947 35693 8275 243 171 209 209 243 170 235 201 144 3 240 67 67 46 255 14
643125 39715 7685 46260 250 4 8 9708 40201 9717 65410 24947 35693 8275 209 233 243 171 209 209 243 170 235 201 144 3 240 67 67 46
643123 39715 7683 50868 250 4 8 9708 40201 9717 65410 24947 35693 8275 138 224 209 233 243 171 209 209 243 170 235 201 144 3 240 67
643122 39715 7682 50881 250 4 8 9707 40201 9717 65410 24947 35693 8275 172 138 224 209 233 243 171 209 209 243 170 235 201 144 3 240
643119 39715 7679 50881 250 1 8 9707 40201 9717 65410 24947 35693 8275 128 193 3 172 138 224 209 233 243 171 209 209 243 170 235 201
643116 39715 7676 50881 250 193 8 9707 40201 9717 65410 24947 35693 8275 128 225 63 128 193 3 172 138 224 209 233 243 171 209 209 243
643114 39715 7674 50881 250 0 8 9707 40201 9717 65410 24947 35693 8275 138 200 128 225 63 128 193 3 172 138 224 209 233 243 171 209
643104 39715 7664 50881 250 0 8 9707 40201 9717 65410 24947 35693 8275 117 8 37 63 0 64 3 248 235 222 138 200 128 225 63 128
643102 39715 7662 50881 250 0 8 9707 40201 9717 65410 24947 35693 8275 168 64 117 8 37 63 0 64 3 248 235 222 138 200 128 225
643087 39715 7647 50881 250 0 8 9707 40201 9717 65410 24947 35693 8275 117 13 138 200 65 209 233 243 165 209 209 243 164 235 234 168
643085 39715 7645 50881 250 0 8 9707 40201 9717 65410 24947 35693 8275 168 128 117 13 138 200 65 209 233 243 165 209 209 243 164 235
643084 39715 7644 50886 250 0 8 9706 40201 9717 65410 24947 35693 8275 172 168 128 117 13 138 200 65 209 233 243 165 209 209 243 164
643082 39715 7642 50886 250 0 8 9706 40201 9717 65410 24947 35693 8275 116 54 172 168 128 117 13 138 200 65 209 233 243 165 209 209
643080 39715 7640 50886 250 0 8 9706 40201 9717 65410 24947 35693 8275 59 245 116 54 172 168 128 117 13 138 200 65 209 233 243 165
643133 39715 7693 50886 250 0 8 9706 40201 9717 65410 24947 35693 8275 235 201 144 3 240 67 67 46 255 14 100 11 117 163 144 195
643131 39715 7691 50886 250 1 8 9706 40200 9717 65410 24947 35693 8275 243 170 235 201 144 3 240 67 67 46 255 14 100 11 117 163
643129 39715 7689 50886 250 0 8 9706 40200 9717 65410 24947 35693 8275 209 209 243 170 235 201 144 3 240 67 67 46 255 14 100 11
643127 39715 7687 50886 250 6 8 9706 40188 9717 65410 24947 35693 8275 243 171 209 209 243 170 235 201 144 3 240 67 67 46 255 14
643125 39715 7685 50886 250 13 8 9706 40188 9717 65410 24947 35693 8275 209 233 243 171 209 209 243 170 235 201 144 3 240 67 67 46
643123 39715 7683 46278 250 13 8 9706 40188 9717 65410 24947 35693 8275 138 224 209 233 243 171 209 209 243 170 235 201 144 3 240 67
643122 39715 7682 46282 250 13 8 9705 40188 9717 65410 24947 35693 8275 172 138 224 209 233 243 171 209 209 243 170 235 201 144 3 240
643119 39715 7679 46282 250 10 8 9705 40188 9717 65410 24947 35693 8275 128 193 3 172 138 224 209 233 243 171 209 209 243 170 235 201
643116 39715 7676 46282 250 202 8 9705 40188 9717 65410 24947 35693 8275 128 225 63 128 193 3 172 138 224 209 233 243 171 209 209 243
643114 39715 7674 46282 250 0 8 9705 40188 9717 65410 24947 35693 8275 138 200 128 225 63 128 193 3 172 138 224 209 233 243 171 209
643104 39715 7664 46282 250 0 8 9705 40188 9717 65410 24947 35693 8275 117 8 37 63 0 64 3 248 235 222 138 200 128 225 63 128
643102 39715 7662 46282 250 0 8 9705 40188 9717 65410 24947 35693 8275 168 64 117 8 37 63 0 64 3 248 235 222 138 200 128 225
643087 39715 7647 46282 250 0 8 9705 40188 9717 65410 24947 35693 8275 117 13 138 200 65 209 233 243 165 209 209 243 164 235 234 168
643085 39715 7645 46282 250 0 8 9705 40188 9717 65410 24947 35693 8275 168 128 117 13 138 200 65 209 233 243 165 209 209 243 164 235
643084 39715 7644 46260 250 0 8 9704 40188 9717 65410 24947 35693 8275 172 168 128 117 13 138 200 65 209 233 243 165 209 209 243 164
643082 39715 7642 46260 250 0 8 9704 40188 9717 65410 24947 35693 8275 116 54 172 168 128 117 13 138 200 65 209 233 243 165 209 209
643080 39715 7640 46260 250 0 8 9704 40188 9717 65410 24947 35693 8275 59 245 116 54 172 168 128 117 13 138 200 65 209 233 243 165
643133 39715 7693 46260 250 0 8 9704 40188 9717 65410 24947 35693 8275 235 201 144 3 240 67 67 46 255 14 100 11 117 163 144 195
643131 39715 7691 46260 250 0 8 9704 40188 9717 65410 24947 35693 8275 243 170 235 201 144 3 240 67 67 46 255 14 100 11 117 163
643129 39715 7689 46260 250 0 8 9704 40188 9717 65410 24947 35693 8275 209 209 243 170 235 201 144 3 240 67 67 46 255 14 100 11
643127 39715 7687 46260 250 4 8 9704 40180 9717 65410 24947 35693 8275 243 171 209 209 243 170 235 201 144 3 240 67 67 46 255 14
643125 39715 7685 46260 250 8 8 9704 40180 9717 65410 24947 35693 8275 209 233 243 171 209 209 243 170 235 201 144 3 240 67 67 46
643123 39715 7683 46260 250 8 8 9704 40180 9717 65410 24947 35693 8275 138 224 209 233 243 171 209 209 243 170 235 201 144 3 240 67
643122 39715 7682 46277 250 8 8 9703 40180 9717 65410 24947 35693 8275 172 138 224 209 233 243 171 209 209 243 170 235 201 144 3 240
643119 39715 7679 46277 250 5 8 9703 40180 9717 65410 24947 35693 8275 128 193 3 172 138 224 209 233 243 171 209 209 243 170 235 201
643116 39715 7676 46277 250 197 8 9703 40180 9717 65410 24947 35693 8275 128 225 63 128 193 3 172 138 224 209 233 243 171 209 209 243
643114 39715 7674 46277 250 0 8 9703 40180 9717 65410 24947 35693 8275 138 200 128 225 63 128 193 3 172 138 224 209 233 243 171 209
643104 39715 7664 46277 250 0 8 9703 40180 9717 65410 24947 35693 8275 117 8 37 63 0 64 3 248 235 222 138 200 128 225 63 128
643102 39715 7662 46277 250 0 8 9703 40180 9717 65410 24947 35693 8275 168 64 117 8 37 63 0 64 3 248 235 222 138 200 128 225
643087 39715 7647 46277 250 0 8 9703 40180 9717 65410 24947 35693 8275 117 13 138 200 65 209 233 243 165 209 209 243 164 235 234 168
643085 39715 7645 46277 250 0 8 9703 40180 9717 65410 24947 35693 8275 168 128 117 13 138 200 65 209 233 243 165 209 209 243 164 235
643084 39715 7644 46081 250 0 8 9702 40180 9717 65410 24947 35693 8275 172 168 128 117 13 138 200 65 209 233 243 165 209 209 243 164
643082 39715 7642 46081 250 0 8 9702 40180 9717 65410 24947 35693 8275 116 54 172 168 128 117 13 138 200 65 209 233 243 165 209 209
643080 39715 7640 46081 250 0 8 9702 40180 9717 65410 24947 35693 8275 59 245 116 54 172 168 128 117 13 138 200 65 209 233 243 165
643100 39715 7660 46081 250 0 8 9702 40180 9717 65410 24947 35693 8275 235 234 168 64 117 8 37 63 0 64 3 248 235 222 138 200
643098 39715 7658 46081 250 0 8 9702 40180 9717 65410 24947 35693 8275 243 164 235 234 168 64 117 8 37 63 0 64 3 248 235 222
643096 39715 7656 46081 250 0 8 9702 40180 9717 65410 24947 35693 8275 209 209 243 164 235 234 168 64 117 8 37 63 0 64 3 248
643094 39715 7654 46081 250 1 8 9700 40178 9717 65410 24947 35693 8275 243 165 209 209 243 164 235 234 168 64 117 8 37 63 0 64
643092 39715 7652 46081 250 2 8 9700 40178 9717 65410 24947 35693 8275 209 233 243 165 209 209 243 164 235 234 168 64 117 8 37 63
643091 39715 7651 46081 250 1 8 9700 40178 9717 65410 24947 35693 8275 65 209 233 243 165 209 209 243 164 235 234 168 64 117 8 37
643089 39715 7649 46081 250 0 8 9700 40178 9717 65410 24947 35693 8275 138 200 65 209 233 243 165 209 209 243 164 235 234 168 64 117
643087 39715 7647 46081 250 0 8 9700 40178 9717 65410 24947 35693 8275 117 13 138 200 65 209 233 243 165 209 209 243 164 235 234 168
643085 39715 7645 46081 250 0 8 9700 40178 9717 65410 24947 35693 8275 168 128 117 13 138 200 65 209 233 243 165 209 209 243 164 235
643084 39715 7644 46260 250 0 8 9699 40178 9717 65410 24947 35693 8275 172 168 128 117 13 138 200 65 209 233 243 165 209 209 243 164
643082 39715 7642 46260 250 0 8 9699 40178 9717 65410 24947 35693 8275 116 54 172 168 128 117 13 138 200 65 209 233 243 165 209 209
643080 39715 7640 46260 250 0 8 9699 40178 9717 65410 24947 35693 8275 59 245 116 54 172 168 128 117 13 138 200 65 209 233 243 165
643133 39715 7693 46260 250 0 8 9699 40178 9717 65410 24947 35693 8275 235 201 144 3 240 67 67 46 255 14 100 11 117 163 144 195
643131 39715 7691 46260 250 1 8 9699 40177 9717 65410 24947 35693 8275 243 170 235 201 144 3 240 67 67 46 255 14 100 11 117 163
643129 39715 7689 46260 250 0 8 9699 40177 9717 65410 24947 35693 8275 209 209 243 170 235 201 144 3 240 67 67 46 255 14 100 11
643127 39715 7687 46260 250 21 8 9699 40135 9717 65410 24947 35693 8275 243 171 209 209 243 170 235 201 144 3 240 67 67 46 255 14
643125 39715 7685 46260 250 43 8 9699 40135 9717 65410 24947 35693 8275 209 233 243 171 209 209 243 170 235 201 144 3 240 67 67 46
643123 39715 7683 46260 250 43 8 9699 40135 9717 65410 24947 35693 8275 138 224 209 233 243 171 209 209 243 170 235 201 144 3 240 67
643122 39715 7682 46312 250 43 8 9698 40135 9717 65410 24947 35693 8275 172 138 224 209 233 243 171 209 209 243 170 235 201 144 3 240
643119 39715 7679 46312 250 40 8 9698 40135 9717 65410 24947 35693 8275 128 193 3 172 138 224 209 233 243 171 209 209 243 170 235 201
643116 39715 7676 46312 250 232 8 9698 40135 9717 65410 24947 35693 8275 128 225 63 128 193 3 172 138 224 209 233 243 171 209 209 243
643114 39715 7674 46312 250 0 8 9698 40135 9717 65410 24947 35693 8275 138 200 128 225 63 128 193 3 172 138 224 209 233 243 171 209
643104 39715 7664 46312 250 0 8 9698 40135 9717 65410 24947 35693 8275 117 8 37 63 0 64 3 248 235 222 138 200 128 225 63 128
643102 39715 7662 46312 250 0 8 9698 40135 9717 65410 24947 35693 8275 168 64 117 8 37 63 0 64 3 248 235 222 138 200 128 225
643087 39715 7647 46312 250 0 8 9698 40135 9717 65410 24947 35693 8275 117 13 138 200 65 209 233 243 165 209 209 243 164 235 234 168
643085 39715 7645 46312 250 0 8 9698 40135 9717 65410 24947 35693 8275 168 128 117 13 138 200 65 209 233 243 165 209 209 243 164 235
643084 39715 7644 46080 250 0 8 9697 40135 9717 65410 24947 35693 8275 172 168 128 117 13 138 200 65 209 233 243 165 209 209 243 164
643082 39715 7642 46080 250 0 8 9697 40135 9717 65410 24947 35693 8275 116 54 172 168 128 117 13 138 200 65 209 233 243 165 209 209
643080 39715 7640 46080 250 0 8 9697 40135 9717 65410 24947 35693 8275 59 245 116 54 172 168 128 117 13 138 200 65 209 233 243 165
643100 39715 7660 46080 250 0 8 9697 40135 9717 65410 24947 35693 8275 235 234 168 64 117 8 37 63 0 64 3 248 235 222 138 200
643098 39715 7658 46080 250 1 8 9696 40134 9717 65410 24947 35693 8275 243 164 235 234 168 64 117 8 37 63 0 64 3 248 235 222
643096 39715 7656 46080 250 0 8 9696 40134 9717 65410 24947 35693 8275 209 209 243 164 235 234 168 64 117 8 37 63 0 64 3 248
643094 39715 7654 46080 250 0 8 9696 40134 9717 65410 24947 35693 8275 243 165 209 209 243 164 235 234 168 64 117 8 37 63 0 64
643092 39715 7652 46080 250 1 8 9696 40134 9717 65410 24947 35693 8275 209 233 243 165 209 209 243 164 235 234 168 64 117 8 37 63
643091 39715 7651 46080 250 0 8 9696 40134 9717 65410 24947 35693 8275 65 209 233 243 165 209 209 243 164 235 234 168 64 117 8 37
643089 39715 7649 46080 250 0 8 9696 40134 9717 65410 24947 35693 8275 138 200 65 209 233 243 165 209 209 243 164 235 234 168 64 117
643087 39715 7647 46080 250 0 8 9696 40134 9717 65410 24947 35693 8275 117 13 138 200 65 209 233 243 165 209 209 243 164 235 234 168
643085 39715 7645 46080 250 0 8 9696 40134 9717 65410 24947 35693 8275 168 128 117 13 138 200 65 209 233 243 165 209 209 243 164 235
643084 39715 7644 46260 250 0 8 9695 40134 9717 65410 24947 35693 8275 172 168 128 117 13 138 200 65 209 233 243 165 209 209 243 164
643082 39715 7642 46260 250 0 8 9695 40134 9717 65410 24947 35693 8275 116 54 172 168 128 117 13 138 200 65 209 233 243 165 209 209
643080 39715 7640 46260 250 0 8 9695 40134 9717 65410 24947 35693 8275 59 245 116 54 172 168 128 117 13 138 200 65 209 233 243 165
643133 39715 7693 46260 250 0 8 9695 40134 9717 65410 24947 35693 8275 235 201 144 3 240 67 67 46 255 14 100 11 117 163 144 195
643131 39715 7691 46260 250 1 8 9695 40133 9717 65410 24947 35693 8275 243 170 235 201 144 3 240 67 67 46 255 14 100 11 117 163
643129 39715 7689 46260 250 0 8 9695 40133 9717 65410 24947 35693 8275 209 209 243 170 235 201 144 3 240 67 67 46 255 14 100 11
643127 39715 7687 46260 250 28 8 9695 40077 9717 65410 24947 35693 8275 243 171 209 209 243 170 235 201 144 3 240 67 67 46 255 14
643125 39715 7685 46260 250 57 8 9695 40077 9717 65410 24947 35693 8275 209 233 243 171 209 209 243 170 235 201 144 3 240 67 67 46
643123 39715 7683 46260 250 57 8 9695 40077 9717 65410 24947 35693 8275 138 224 209 233 243 171 209 209 243 170 235 201 144 3 240 67
643122 39715 7682 46326 250 57 8 9694 40077 9717 65410 24947 35693 8275 172 138 224 209 233 243 171 209 209 243 170 235 201 144 3 240
643119 39715 7679 46326 250 54 8 9694 40077 9717 65410 24947 35693 8275 128 193 3 172 138 224 209 233 243 171 209 209 243 170 235 201
643116 39715 7676 46326 250 246 8 9694 40077 9717 65410 24947 35693 8275 128 225 63 128 193 3 172 138 224 209 233 243 171 209 209 243
643114 39715 7674 46326 250 0 8 9694 40077 9717 65410 24947 35693 8275 138 200 128 225 63 128 193 3 172 138 224 209 233 243 171 209
643104 39715 7664 46326 250 0 8 9694 40077 9717 65410 24947 35693 8275 117 8 37 63 0 64 3 248 235 222 138 200 128 225 63 128
643102 39715 7662 46326 250 0 8 9694 40077 9717 65410 24947 35693 8275 168 64 117 8 37 63 0 64 3 248 235 222 138 200 128 225
643087 39715 7647 46326 250 0 8 9694 40077 9717 65410 24947 35693 8275 117 13 138 200 65 209 233 243 165 209 209 243 164 235 234 168
643085 39715 7645 46326 250 0 8 9694 40077 9717 65410 24947 35693 8275 168 128 117 13 138 200 65 209 233 243 165 209 209 243 164 235
643084 39715 7644 46080 250 0 8 9693 40077 9717 65410 24947 35693 8275 172 168 128 117 13 138 200 65 209 233 243 165 209 209 243 164
643082 39715 7642 46080 250 0 8 9693 40077 9717 65410 24947 35693 8275 116 54 172 168 128 117 13 138 200 65 209 233 243 165 209 209
643080 39715 7640 46080 250 0 8 9693 40077 9717 65410 24947 35693 8275 59 245 116 54 172 168 128 117 13 138 200 65 209 233 243 165
643100 39715 7660 46080 250 0 8 9693 40077 9717 65410 24947 35693 8275 235 234 168 64 117 8 37 63 0 64 3 248 235 222 138 200
643098 39715 7658 46080 250 1 8 9692 40076 9717 65410 24947 35693 8275 243 164 235 234 168 64 117 8 37 63 0 64 3 248 235 222
643096 39715 7656 46080 250 0 8 9692 40076 9717 65410 24947 35693 8275 209 209 243 164 235 234 168 64 117 8 37 63 0 64 3 248
643094 39715 7654 46080 250 0 8 9692 40076 9717 65410 24947 35693 8275 243 165 209 209 243 164 235 234 168 64 117 8 37 63 0 64
643092 39715 7652 46080 250 1 8 9692 40076 9717 65410 24947 35693 8275 209 233 243 165 209 209 243 164 235 234 168 64 117 8 37 63
643091 39715 7651 46080 250 0 8 9692 40076 9717 65410 24947 35693 8275 65 209 233 243 165 209 209 243 164 235 234 168 64 117 8 37
643089 39715 7649 46080 250 0 8 9692 40076 9717 65410 24947 35693 8275 138 200 65 209 233 243 165 209 209 243 164 235 234 168 64 117
643087 39715 7647 46080 250 0 8 9692 40076 9717 65410 24947 35693 8275 117 13 138 200 65 209 233 243 165 209 209 243 164 235 234 168
643085 39715 7645 46080 250 0 8 9692 40076 9717 65410 24947 35693 8275 168 128 117 13 138 200 65 209 233 243 165 209 209 243 164 235
643084 39715 7644 46260 250 0 8 9691 40076 9717 65410 24947 35693 8275 172 168 128 117 13 138 200 65 209 233 243 165 209 209 243 164
643082 39715 7642 46260 250 0 8 9691 40076 9717 65410 24947 35693 8275 116 54 172 168 128 117 13 138 200 65 209 233 243 165 209 209
643080 39715 7640 46260 250 0 8 9691 40076 9717 65410 24947 35693 8275 59 245 116 54 172 168 128 117 13 138 200 65 209 233 243 165
643133 39715 7693 46260 250 0 8 9691 40076 9717 65410 24947 35693 8275 235 201 144 3 240 67 67 46 255 14 100 11 117 163 144 195
643131 39715 7691 46260 250 0 8 9691 40076 9717 65410 24947 35693 8275 243 170 235 201 144 3 240 67 67 46 255 14 100 11 117 163
643129 39715 7689 46260 250 0 8 9691 40076 9717 65410 24947 35693 8275 209 209 243 170 235 201 144 3 240 67 67 46 255 14 100 11
643127 39715 7687 46260 250 11 8 9691 40054 9717 65410 24947 35693 8275 243 171 209 209 243 170 235 201 144 3 240 67 67 46 255 14
643125 39715 7685 46260 250 22 8 9691 40054 9717 65410 24947 35693 8275 209 233 243 171 209 209 243 170 235 201 144 3 240 67 67 46
643123 39715 7683 46260 250 22 8 9691 40054 9717 65410 24947 35693 8275 138 224 209 233 243 171 209 209 243 170 235 201 144 3 240 67
643122 39715 7682 46291 250 22 8 9690 40054 9717 65410 24947 35693 8275 172 138 224 209 233 243 171 209 209 243 170 235 201 144 3 240
643119 39715 7679 46291 250 19 8 9690 40054 9717 65410 24947 35693 8275 128 193 3 172 138 224 209 233 243 171 209 209 243 170 235 201
643116 39715 7676 46291 250 211 8 9690 40054 9717 65410 24947 35693 8275 128 225 63 128 193 3 172 138 224 209 233 243 171 209 209 243
643114 39715 7674 46291 250 0 8 9690 40054 9717 65410 24947 35693 8275 138 200 128 225 63 128 193 3 172 138 224 209 233 243 171 209
643104 39715 7664 46291 250 0 8 9690 40054 9717 65410 24947 35693 8275 117 8 37 63 0 64 3 248 235 222 138 200 128 225 63 128
643102 39715 7662 46291 250 0 8 9690 40054 9717 65410 24947 35693 8275 168 64 117 8 37 63 0 64 3 248 235 222 138 200 128 225
643087 39715 7647 46291 250 0 8 9690 40054 9717 65410 24947 35693 8275 117 13 138 200 65 209 233 243 165 209 209 243 164 235 234 168
643085 39715 7645 46291 250 0 8 9690 40054 9717 65410 24947 35693 8275 168 128 117 13 138 200 65 209 233 243 165 209 209 243 164 235
643084 39715 7644 46082 250 0 8 9689 40054 9717 65410 24947 35693 8275 172 168 128 117 13 138 200 65 209 233 243 165 209 209 243 164
643082 39715 7642 46082 250 0 8 9689 40054 9717 65410 24947 35693 8275 116 54 172 168 128 117 13 138 200 65 209 233 243 165 209 209
643080 39715 7640 46082 250 0 8 9689 40054 9717 65410 24947 35693 8275 59 245 116 54 172 168 128 117 13 138 200 65 209 233 243 165
643100 39715 7660 46082 250 0 8 9689 40054 9717 65410 24947 35693 8275 235 234 168 64 117 8 37 63 0 64 3 248 235 222 138 200
643098 39715 7658 46082 250 1 8 9688 40053 9717 65410 24947 35693 8275 243 164 235 234 168 64 117 8 37 63 0 64 3 248 235 222
643096 39715 7656 46082 250 0 8 9688 40053 9717 65410 24947 35693 8275 209 209 243 164 235 234 168 64 117 8 37 63 0 64 3 248
643094 39715 7654 46082 250 1 8 9686 40051 9717 65410 24947 35693 8275 243 165 209 209 243 164 235 234 168 64 117 8 37 63 0 64
643092 39715 7652 46082 250 3 8 9686 40051 9717 65410 24947 35693 8275 209 233 243 165 209 209 243 164 235 234 168 64 117 8 37 63
643091 39715 7651 46082 250 2 8 9686 40051 9717 65410 24947 35693 8275 65 209 233 243 165 209 209 243 164 235 234 168 64 117 8 37
643089 39715 7649 46082 250 0 8 9686 40051 9717 65410 24947 35693 8275 138 200 65 209 233 243 165 209 209 243 164 235 234 168 64 117
643087 39715 7647 46082 250 0 8 9686 40051 9717 65410 24947 35693 8275 117 13 138 200 65 209 233 243 165 209 209 243 164 235 234 168
643085 39715 7645 46082 250 0 8 9686 40051 9717 65410 24947 35693 8275 168 128 117 13 138 200 65 209 233 243 165 209 209 243 164 235
643084 39715 7644 46260 250 0 8 9685 40051 9717 65410 24947 35693 8275 172 168 128 117 13 138 200 65 209 233 243 165 209 209 243 164
643082 39715 7642 46260 250 0 8 9685 40051 9717 65410 24947 35693 8275 116 54 172 168 128 117 13 138 200 65 209 233 243 165 209 209
643080 39715 7640 46260 250 0 8 9685 40051 9717 65410 24947 35693 8275 59 245 116 54 172 168 128 117 13 138 200 65 209 233 243 165
643133 39715 7693 46260 250 0 8 9685 40051 9717 65410 24947 35693 8275 235 201 144 3 240 67 67 46 255 14 100 11 117 163 144 195
643131 39715 7691 46260 250 1 8 9685 40050 9717 65410 24947 35693 8275 243 170 235 201 144 3 240 67 67 46 255 14 100 11 117 163
643129 39715 7689 46260 250 0 8 9685 40050 9717 65410 24947 35693 8275 209 209 243 170 235 201 144 3 240 67 67 46 255 14 100 11
643127 39715 7687 46260 250 13 8 9685 40024 9717 65410 24947 35693 8275 243 171 209 209 243 170 235 201 144 3 240 67 67 46 255 14
643125 39715 7685 46260 250 27 8 9685 40024 9717 65410 24947 35693 8275 209 233 243 171 209 209 243 170 235 201 144 3 240 67 67 46
643123 39715 7683 46260 250 27 8 9685 40024 9717 65410 24947 35693 8275 138 224 209 233 243 171 209 209 243 170 235 201 144 3 240 67
643122 39715 7682 46296 250 27 8 9684 40024 9717 65410 24947 35693 8275 172 138 224 209 233 243 171 209 209 243 170 235 201 144 3 240
643119 39715 7679 46296 250 24 8 9684 40024 9717 65410 24947 35693 8275 128 193 3 172 138 224 209 233 243 171 209 209 243 170 235 201
643116 39715 7676 46296 250 216 8 9684 40024 9717 65410 24947 35693 8275 128 225 63 128 193 3 172 138 224 209 233 243 171 209 209 243
643114 39715 7674 46296 250 0 8 9684 40024 9717 65410 24947 35693 8275 138 200 128 225 63 128 193 3 172 138 224 209 233 243 171 209
643104 39715 7664 46296 250 0 8 9684 40024 9717 65410 24947 35693 8275 117 8 37 63 0 64 3 248 235 222 138 200 128 225 63 128
643102 39715 7662 46296 250 0 8 9684 40024 9717 65410 24947 35693 8275 168 64 117 8 37 63 0 64 3 248 235 222 138 200 128 225
643087 39715 7647 46296 250 0 8 9684 40024 9717 65410 24947 35693 8275 117 13 138 200 65 209 233 243 165 209 209 243 164 235 234 168
643085 39715 7645 46296 250 0 8 9684 40024 9717 65410 24947 35693 8275 168 128 117 13 138 200 65 209 233 243 165 209 209 243 164 235
643084 39715 7644 46081 250 0 8 9683 40024 9717 65410 24947 35693 8275 172 168 128 117 13 138 200 65 209 233 243 165 209 209 243 164
643082 39715 7642 46081 250 0 8 9683 40024 9717 65410 24947 35693 8275 116 54 172 168 128 117 13 138 200 65 209 233 243 165 209 209
643080 39715 7640 46081 250 0 8 9683 40024 9717 65410 24947 35693 8275 59 245 116 54 172 168 128 117 13 138 200 65 209 233 243 165
643100 39715 7660 46081 250 0 8 9683 40024 9717 65410 24947 35693 8275 235 234 168 64 117 8 37 63 0 64 3 248 235 222 138 200
643098 39715 7658 46081 250 0 8 9683 40024 9717 65410 24947 35693 8275 243 164 235 234 168 64 117 8 37 63 0 64 3 248 235 222
643096 39715 7656 46081 250 0 8 9683 40024 9717 65410 24947 35693 8275 209 209 243 164 235 234 168 64 117 8 37 63 0 64 3 248
643094 39715 7654 46081 250 1 8 9681 40022 9717 65410 24947 35693 8275 243 165 209 209 243 164 235 234 168 64 117 8 37 63 0 64
643092 39715 7652 46081 250 2 8 9681 40022 9717 65410 24947 35693 8275 209 233 243 165 209 209 243 164 235 234 168 64 117 8 37 63
643091 39715 7651 46081 250 1 8 9681 40022 9717 65410 24947 35693 8275 65 209 233 243 165 209 209 243 164 235 234 168 64 117 8 37
643089 39715 7649 46081 250 0 8 9681 40022 9717 65410 24947 35693 8275 138 200 65 209 233 243 165 209 209 243 164 235 234 168 64 117
643087 39715 7647 46081 250 0 8 9681 40022 9717 65410 24947 35693 8275 117 13 138 200 65 209 233 243 165 209 209 243 164 235 234 168
643085 39715 7645 46081 250 0 8 9681 40022 9717 65410 24947 35693 8275 168 128 117 13 138 200 65 209 233 243 165 209 209 243 164 235
643084 39715 7644 46260 250 0 8 9680 40022 9717 65410 24947 35693 8275 172 168 128 117 13 138 200 65 209 233 243 165 209 209 243 164
643082 39715 7642 46260 250 0 8 9680 40022 9717 65410 24947 35693 8275 116 54 172 168 128 117 13 138 200 65 209 233 243 165 209 209
643080 39715 7640 46260 250 0 8 9680 40022 9717 65410 24947 35693 8275 59 245 116 54 172 168 128 117 13 138 200 65 209 233 243 165
643133 39715 7693 46260 250 0 8 9680 40022 9717 65410 24947 35693 8275 235 201 144 3 240 67 67 46 255 14 100 11 117 163 144 195
643131 39715 7691 46260 250 0 8 9680 40022 9717 65410 24947 35693 8275 243 170 235 201 144 3 240 67 67 46 255 14 100 11 117 163
643129 39715 7689 46260 250 0 8 9680 40022 9717 65410 24947 35693 8275 209 209 243 170 235 201 144 3 240 67 67 46 255 14 100 11
643127 39715 7687 46260 250 7 8 9680 40008 9717 65410 24947 35693 8275 243 171 209 209 243 170 235 201 144 3 240 67 67 46 255 14
643125 39715 7685 46260 250 14 8 9680 40008 9717 65410 24947 35693 8275 209 233 243 171 209 209 243 170 235 201 144 3 240 67 67 46
643123 39715 7683 180 250 14 8 9680 40008 9717 65410 24947 35693 8275 138 224 209 233 243 171 209 209 243 170 235 201 144 3 240 67
643122 39715 7682 203 250 14 8 9679 40008 9717 65410 24947 35693 8275 172 138 224 209 233 243 171 209 209 243 170 235 201 144 3 240
643119 39715 7679 203 250 11 8 9679 40008 9717 65410 24947 35693 8275 128 193 3 172 138 224 209 233 243 171 209 209 243 170 235 201
643116 39715 7676 203 250 203 8 9679 40008 9717 65410 24947 35693 8275 128 225 63 128 193 3 172 138 224 209 233 243 171 209 209 243
643114 39715 7674 203 250 0 8 9679 40008 9717 65410 24947 35693 8275 138 200 128 225 63 128 193 3 172 138 224 209 233 243 171 209
643104 39715 7664 203 250 0 8 9679 40008 9717 65410 24947 35693 8275 117 8 37 63 0 64 3 248 235 222 138 200 128 225 63 128
643102 39715 7662 203 250 0 8 9679 40008 9717 65410 24947 35693 8275 168 64 117 8 37 63 0 64 3 248 235 222 138 200 128 225
643087 39715 7647 203 250 0 8 9679 40008 9717 65410 24947 35693 8275 117 13 138 200 65 209 233 243 165 209 209 243 164 235 234 168
643085 39715 7645 203 250 0 8 9679 40008 9717 65410 24947 35693 8275 168 128 117 13 138 200 65 209 233 243 165 209 209 243 164 235
643084 39715 7644 0 250 0 8 9678 40008 9717 65410 24947 35693 8275 172 168 128 117 13 138 200 65 209 233 243 165 209 209 243 164
643082 39715 7642 0 250 0 8 9678 40008 9717 65410 24947 35693 8275 116 54 172 168 128 117 13 138 200 65 209 233 243 165 209 209
643080 39715 7640 0 250 0 8 9678 40008 9717 65410 24947 35693 8275 59 245 116 54 172 168 128 117 13 138 200 65 209 233 243 165
643079 39715 7639 0 250 0 8 9678 40008 9717 65410 24947 35693 8275 144 59 245 116 54 172 168 128 117 13 138 200 65 209 233 243
643077 39715 7637 0 250 0 8 9678 40008 9717 65410 24947 35693 8275 3 248 144 59 245 116 54 172 168 128 117 13 138 200 65 209
643076 39715 7636 41 250 0 8 9676 40008 9717 65410 24947 35693 8275 173 3 248 144 59 245 116 54 172 168 128 117 13 138 200 65
643074 39715 7634 41 250 0 8 9676 40000 9717 65410 24947 35693 8275 3 250 173 3 248 144 59 245 116 54 172 168 128 117 13 138
643069 39715 7629 41 250 0 8 9676 39904 9717 65410 24947 35693 8275 46 139 191 156 6 3 250 173 3 248 144 59 245 116 54 172
643067 39715 7627 41 250 0 8 9676 39904 9676 65410 24947 35693 8275 3 232 46 139 191 156 6 3 250 173 3 248 144 59 245 116
643065 39715 7625 41 250 0 8 9676 39904 9674 65410 24947 35693 8275 139 238 3 232 46 139 191 156 6 3 250 173 3 248 144 59
643063 39715 7623 41 250 0 8 9676 39904 9674 65410 24947 35693 8275 115 71 139 238 3 232 46 139 191 156 6 3 250 173 3 248
643059 39715 7619 41 250 0 8 9676 39904 9674 65410 24947 35693 8275 129 251 144 1 115 71 139 238 3 232 46 139 191 156 6 3
643057 39715 7617 41 250 0 8 9676 39904 9674 65410 24947 35693 8275 116 79 129 251 144 1 115 71 139 238 3 232 46 139 191 156
643055 39715 7615 41 250 0 8 9676 39904 9674 65410 24947 35693 8275 11 192 116 79 129 251 144 1 115 71 139 238 3 232 46 139
643054 39715 7614 46080 250 0 8 9674 39904 9674 65410 24947 35693 8275 173 11 192 116 79 129 251 144 1 115 71 139 238 3 232 46
643145 39715 7705 46080 250 0 8 9674 39904 9674 65410 24947 35693 8275 117 163 144 195 144 86 83 81 139 52 232 12 0 89 91 94
643140 39715 7700 46080 250 0 8 9674 39904 9674 65410 24947 35693 8275 46 255 14 100 11 117 163 144 195 144 86 83 81 139 52 232
643139 39715 7699 46080 249 0 8 9674 39904 9674 65410 24947 35693 8275 67 46 255 14 100 11 117 163 144 195 144 86 83 81 139 52
643138 39715 7698 46080 248 0 8 9674 39904 9674 65410 24947 35693 8275 67 67 46 255 14 100 11 117 163 144 195 144 86 83 81 139
643082 39715 7642 46080 248 0 8 9674 39904 9674 65410 24947 35693 8275 116 54 172 168 128 117 13 138 200 65 209 233 243 165 209 209
643080 39715 7640 46080 248 0 8 9674 39904 9674 65410 24947 35693 8275 59 245 116 54 172 168 128 117 13 138 200 65 209 233 243 165
643100 39715 7660 46080 248 0 8 9674 39904 9674 65410 24947 35693 8275 235 234 168 64 117 8 37 63 0 64 3 248 235 222 138 200
643098 39715 7658 46080 248 1 8 9673 39903 9674 65410 24947 35693 8275 243 164 235 234 168 64 117 8 37 63 0 64 3 248 235 222
643096 39715 7656 46080 248 0 8 9673 39903 9674 65410 24947 35693 8275 209 209 243 164 235 234 168 64 117 8 37 63 0 64 3 248
643094 39715 7654 46080 248 0 8 9673 39903 9674 65410 24947 35693 8275 243 165 209 209 243 164 235 234 168 64 117 8 37 63 0 64
643092 39715 7652 46080 248 1 8 9673 39903 9674 65410 24947 35693 8275 209 233 243 165 209 209 243 164 235 234 168 64 117 8 37 63
643091 39715 7651 46080 248 0 8 9673 39903 9674 65410 24947 35693 8275 65 209 233 243 165 209 209 243 164 235 234 168 64 117 8 37
643089 39715 7649 46080 248 0 8 9673 39903 9674 65410 24947 35693 8275 138 200 65 209 233 243 165 209 209 243 164 235 234 168 64 117
643087 39715 7647 46080 248 0 8 9673 39903 9674 65410 24947 35693 8275 117 13 138 200 65 209 233 243 165 209 209 243 164 235 234 168
643085 39715 7645 46080 248 0 8 9673 39903 9674 65410 24947 35693 8275 168 128 117 13 138 200 65 209 233 243 165 209 209 243 164 235
643084 39715 7644 46080 248 0 8 9672 39903 9674 65410 24947 35693 8275 172 168 128 117 13 138 200 65 209 233 243 165 209 209 243 164
643082 39715 7642 46080 248 0 8 9672 39903 9674 65410 24947 35693 8275 116 54 172 168 128 117 13 138 200 65 209 233 243 165 209 209
643080 39715 7640 46080 248 0 8 9672 39903 9674 65410 24947 35693 8275 59 245 116 54 172 168 128 117 13 138 200 65 209 233 243 165
643100 39715 7660 46080 248 0 8 9672 39903 9674 65410 24947 35693 8275 235 234 168 64 117 8 37 63 0 64 3 248 235 222 138 200
643098 39715 7658 46080 248 1 8 9671 39902 9674 65410 24947 35693 8275 243 164 235 234 168 64 117 8 37 63 0 64 3 248 235 222
643096 39715 7656 46080 248 0 8 9671 39902 9674 65410 24947 35693 8275 209 209 243 164 235 234 168 64 117 8 37 63 0 64 3 248
643094 39715 7654 46080 248 0 8 9671 39902 9674 65410 24947 35693 8275 243 165 209 209 243 164 235 234 168 64 117 8 37 63 0 64
643092 39715 7652 46080 248 1 8 9671 39902 9674 65410 24947 35693 8275 209 233 243 165 209 209 243 164 235 234 168 64 117 8 37 63
643091 39715 7651 46080 248 0 8 9671 39902 9674 65410 24947 35693 8275 65 209 233 243 165 209 209 243 164 235 234 168 64 117 8 37
643089 39715 7649 46080 248 0 8 9671 39902 9674 65410 24947 35693 8275 138 200 65 209 233 243 165 209 209 243 164 235 234 168 64 117
643087 39715 7647 46080 248 0 8 9671 39902 9674 65410 24947 35693 8275 117 13 138 200 65 209 233 243 165 209 209 243 164 235 234 168
643085 39715 7645 46080 248 0 8 9671 39902 9674 65410 24947 35693 8275 168 128 117 13 138 200 65 209 233 243 165 209 209 243 164 235
643084 39715 7644 46260 248 0 8 9670 39902 9674 65410 24947 35693 8275 172 168 128 117 13 138 200 65 209 233 243 165 209 209 243 164
643082 39715 7642 46260 248 0 8 9670 39902 9674 65410 24947 35693 8275 116 54 172 168 128 117 13 138 200 65 209 233 243 165 209 209
643080 39715 7640 46260 248 0 8 9670 39902 9674 65410 24947 35693 8275 59 245 116 54 172 168 128 117 13 138 200 65 209 233 243 165
643133 39715 7693 46260 248 0 8 9670 39902 9674 65410 24947 35693 8275 235 201 144 3 240 67 67 46 255 14 100 11 117 163 144 195
643131 39715 7691 46260 248 1 8 9670 39901 9674 65410 24947 35693 8275 243 170 235 201 144 3 240 67 67 46 255 14 100 11 117 163
643129 39715 7689 46260 248 0 8 9670 39901 9674 65410 24947 35693 8275 209 209 243 170 235 201 144 3 240 67 67 46 255 14 100 11
643127 39715 7687 46260 248 6 8 9670 39889 9674 65410 24947 35693 8275 243 171 209 209 243 170 235 201 144 3 240 67 67 46 255 14
643125 39715 7685 46260 248 13 8 9670 39889 9674 65410 24947 35693 8275 209 233 243 171 209 209 243 170 235 201 144 3 240 67 67 46
643123 39715 7683 46516 248 13 8 9670 39889 9674 65410 24947 35693 8275 138 224 209 233 243 171 209 209 243 170 235 201 144 3 240 67
643122 39715 7682 46538 248 13 8 9669 39889 9674 65410 24947 35693 8275 172 138 224 209 233 243 171 209 209 243 170 235 201 144 3 240
643119 39715 7679 46538 248 10 8 9669 39889 9674 65410 24947 35693 8275 128 193 3 172 138 224 209 233 243 171 209 209 243 170 235 201
643116 39715 7676 46538 248 202 8 9669 39889 9674 65410 24947 35693 8275 128 225 63 128 193 3 172 138 224 209 233 243 171 209 209 243
643114 39715 7674 46538 248 0 8 9669 39889 9674 65410 24947 35693 8275 138 200 128 225 63 128 193 3 172 138 224 209 233 243 171 209
643104 39715 7664 46538 248 0 8 9669 39889 9674 65410 24947 35693 8275 117 8 37 63 0 64 3 248 235 222 138 200 128 225 63 128
643102 39715 7662 46538 248 0 8 9669 39889 9674 65410 24947 35693 8275 168 64 117 8 37 63 0 64 3 248 235 222 138 200 128 225
643087 39715 7647 46538 248 0 8 9669 39889 9674 65410 24947 35693 8275 117 13 138 200 65 209 233 243 165 209 209 243 164 235 234 168
643085 39715 7645 46538 248 0 8 9669 39889 9674 65410 24947 35693 8275 168 128 117 13 138 200 65 209 233 243 165 209 209 243 164 235
643084 39715 7644 46517 248 0 8 9668 39889 9674 65410 24947 35693 8275 172 168 128 117 13 138 200 65 209 233 243 165 209 209 243 164
643082 39715 7642 46517 248 0 8 9668 39889 9674 65410 24947 35693 8275 116 54 172 168 128 117 13 138 200 65 209 233 243 165 209 209
643080 39715 7640 46517 248 0 8 9668 39889 9674 65410 24947 35693 8275 59 245 116 54 172 168 128 117 13 138 200 65 209 233 243 165
643133 39715 7693 46517 248 0 8 9668 39889 9674 65410 24947 35693 8275 235 201 144 3 240 67 67 46 255 14 100 11 117 163 144 195
643131 39715 7691 46517 248 1 8 9668 39888 9674 65410 24947 35693 8275 243 170 235 201 144 3 240 67 67 46 255 14 100 11 117 163
643129 39715 7689 46517 248 0 8 9668 39888 9674 65410 24947 35693 8275 209 209 243 170 235 201 144 3 240 67 67 46 255 14 100 11
643127 39715 7687 46517 248 1 8 9668 39886 9674 65410 24947 35693 8275 243 171 209 209 243 170 235 201 144 3 240 67 67 46 255 14
643125 39715 7685 46517 248 3 8 9668 39886 9674 65410 24947 35693 8275 209 233 243 171 209 209 243 170 235 201 144 3 240 67 67 46
643123 39715 7683 46261 248 3 8 9668 39886 9674 65410 24947 35693 8275 138 224 209 233 243 171 209 209 243 170 235 201 144 3 240 67
643122 39715 7682 46272 248 3 8 9667 39886 9674 65410 24947 35693 8275 172 138 224 209 233 243 171 209 209 243 170 235 201 144 3 240
643119 39715 7679 46272 248 0 8 9667 39886 9674 65410 24947 35693 8275 128 193 3 172 138 224 209 233 243 171 209 209 243 170 235 201
643116 39715 7676 46272 248 192 8 9667 39886 9674 65410 24947 35693 8275 128 225 63 128 193 3 172 138 224 209 233 243 171 209 209 243
643114 39715 7674 46272 248 0 8 9667 39886 9674 65410 24947 35693 8275 138 200 128 225 63 128 193 3 172 138 224 209 233 243 171 209
643104 39715 7664 46272 248 0 8 9667 39886 9674 65410 24947 35693 8275 117 8 37 63 0 64 3 248 235 222 138 200 128 225 63 128
643102 39715 7662 46272 248 0 8 9667 39886 9674 65410 24947 35693 8275 168 64 117 8 37 63 0 64 3 248 235 222 138 200 128 225
643087 39715 7647 46272 248 0 8 9667 39886 9674 65410 24947 35693 8275 117 13 138 200 65 209 233 243 165 209 209 243 164 235 234 168
643085 39715 7645 46272 248 0 8 9667 39886 9674 65410 24947 35693 8275 168 128 117 13 138 200 65 209 233 243 165 209 209 243 164 235
643084 39715 7644 46082 248 0 8 9666 39886 9674 65410 24947 35693 8275 172 168 128 117 13 138 200 65 209 233 243 165 209 209 243 164
643082 39715 7642 46082 248 0 8 9666 39886 9674 65410 24947 35693 8275 116 54 172 168 128 117 13 138 200 65 209 233 243 165 209 209
643080 39715 7640 46082 248 0 8 9666 39886 9674 65410 24947 35693 8275 59 245 116 54 172 168 128 117 13 138 200 65 209 233 243 165
643100 39715 7660 46082 248 0 8 9666 39886 9674 65410 24947 35693 8275 235 234 168 64 117 8 37 63 0 64 3 248 235 222 138 200
643098 39715 7658 46082 248 1 8 9665 39885 9674 65410 24947 35693 8275 243 164 235 234 168 64 117 8 37 63 0 64 3 248 235 222
643096 39715 7656 46082 248 0 8 9665 39885 9674 65410 24947 35693 8275 209 209 243 164 235 234 168 64 117 8 37 63 0 64 3 248
643094 39715 7654 46082 248 1 8 9663 39883 9674 65410 24947 35693 8275 243 165 209 209 243 164 235 234 168 64 117 8 37 63 0 64
643092 39715 7652 46082 248 3 8 9663 39883 9674 65410 24947 35693 8275 209 233 243 165 209 209 243 164 235 234 168 64 117 8 37 63
643091 39715 7651 46082 248 2 8 9663 39883 9674 65410 24947 35693 8275 65 209 233 243 165 209 209 243 164 235 234 168 64 117 8 37
643089 39715 7649 46082 248 0 8 9663 39883 9674 65410 24947 35693 8275 138 200 65 209 233 243 165 209 209 243 164 235 234 168 64 117
643087 39715 7647 46082 248 0 8 9663 39883 9674 65410 24947 35693 8275 117 13 138 200 65 209 233 243 165 209 209 243 164 235 234 168
643085 39715 7645 46082 248 0 8 9663 39883 9674 65410 24947 35693 8275 168 128 117 13 138 200 65 209 233 243 165 209 209 243 164 235
643084 39715 7644 46260 248 0 8 9662 39883 9674 65410 24947 35693 8275 172 168 128 117 13 138 200 65 209 233 243 165 209 209 243 164
643082 39715 7642 46260 248 0 8 9662 39883 9674 65410 24947 35693 8275 116 54 172 168 128 117 13 138 200 65 209 233 243 165 209 209
643080 39715 7640 46260 248 0 8 9662 39883 9674 65410 24947 35693 8275 59 245 116 54 172 168 128 117 13 138 200 65 209 233 243 165
643133 39715 7693 46260 248 0 8 9662 39883 9674 65410 24947 35693 8275 235 201 144 3 240 67 67 46 255 14 100 11 117 163 144 195
643131 39715 7691 46260 248 0 8 9662 39883 9674 65410 24947 35693 8275 243 170 235 201 144 3 240 67 67 46 255 14 100 11 117 163
643129 39715 7689 46260 248 0 8 9662 39883 9674 65410 24947 35693 8275 209 209 243 170 235 201 144 3 240 67 67 46 255 14 100 11
643127 39715 7687 46260 248 3 8 9662 39877 9674 65410 24947 35693 8275 243 171 209 209 243 170 235 201 144 3 240 67 67 46 255 14
643125 39715 7685 46260 248 6 8 9662 39877 9674 65410 24947 35693 8275 209 233 243 171 209 209 243 170 235 201 144 3 240 67 67 46
643123 39715 7683 46516 248 6 8 9662 39877 9674 65410 24947 35693 8275 138 224 209 233 243 171 209 209 243 170 235 201 144 3 240 67
643122 39715 7682 46531 248 6 8 9661 39877 9674 65410 24947 35693 8275 172 138 224 209 233 243 171 209 209 243 170 235 201 144 3 240
643119 39715 7679 46531 248 3 8 9661 39877 9674 65410 24947 35693 8275 128 193 3 172 138 224 209 233 243 171 209 209 243 170 235 201
643116 39715 7676 46531 248 195 8 9661 39877 9674 65410 24947 35693 8275 128 225 63 128 193 3 172 138 224 209 233 243 171 209 209 243
643114 39715 7674 46531 248 0 8 9661 39877 9674 65410 24947 35693 8275 138 200 128 225 63 128 193 3 172 138 224 209 233 243 171 209
643104 39715 7664 46531 248 0 8 9661 39877 9674 65410 24947 35693 8275 117 8 37 63 0 64 3 248 235 222 138 200 128 225 63 128
643102 39715 7662 46531 248 0 8 9661 39877 9674 65410 24947 35693 8275 168 64 117 8 37 63 0 64 3 248 235 222 138 200 128 225
643087 39715 7647 46531 248 0 8 9661 39877 9674 65410 24947 35693 8275 117 13 138 200 65 209 233 243 165 209 209 243 164 235 234 168
643085 39715 7645 46531 248 0 8 9661 39877 9674 65410 24947 35693 8275 168 128 117 13 138 200 65 209 233 243 165 209 209 243 164 235
643084 39715 7644 46517 248 0 8 9660 39877 9674 65410 24947 35693 8275 172 168 128 117 13 138 200 65 209 233 243 165 209 209 243 164
643082 39715 7642 46517 248 0 8 9660 39877 9674 65410 24947 35693 8275 116 54 172 168 128 117 13 138 200 65 209 233 243 165 209 209
643080 39715 7640 46517 248 0 8 9660 39877 9674 65410 24947 35693 8275 59 245 116 54 172 168 128 117 13 138 200 65 209 233 243 165
643133 39715 7693 46517 248 0 8 9660 39877 9674 65410 24947 35693 8275 235 201 144 3 240 67 67 46 255 14 100 11 117 163 144 195
643131 39715 7691 46517 248 1 8 9660 39876 9674 65410 24947 35693 8275 243 170 235 201 144 3 240 67 67 46 255 14 100 11 117 163
643129 39715 7689 46517 248 0 8 9660 39876 9674 65410 24947 35693 8275 209 209 243 170 235 201 144 3 240 67 67 46 255 14 100 11
643127 39715 7687 46517 248 1 8 9660 39874 9674 65410 24947 35693 8275 243 171 209 209 243 170 235 201 144 3 240 67 67 46 255 14
643125 39715 7685 46517 248 3 8 9660 39874 9674 65410 24947 35693 8275 209 233 243 171 209 209 243 170 235 201 144 3 240 67 67 46
643123 39715 7683 46261 248 3 8 9660 39874 9674 65410 24947 35693 8275 138 224 209 233 243 171 209 209 243 170 235 201 144 3 240 67
643122 39715 7682 46272 248 3 8 9659 39874 9674 65410 24947 35693 8275 172 138 224 209 233 243 171 209 209 243 170 235 201 144 3 240
643119 39715 7679 46272 248 0 8 9659 39874 9674 65410 24947 35693 8275 128 193 3 172 138 224 209 233 243 171 209 209 243 170 235 201
643116 39715 7676 46272 248 192 8 9659 39874 9674 65410 24947 35693 8275 128 225 63 128 193 3 172 138 224 209 233 243 171 209 209 243
643114 39715 7674 46272 248 0 8 9659 39874 9674 65410 24947 35693 8275 138 200 128 225 63 128 193 3 172 138 224 209 233 243 171 209
643104 39715 7664 46272 248 0 8 9659 39874 9674 65410 24947 35693 8275 117 8 37 63 0 64 3 248 235 222 138 200 128 225 63 128
643102 39715 7662 46272 248 0 8 9659 39874 9674 65410 24947 35693 8275 168 64 117 8 37 63 0 64 3 248 235 222 138 200 128 225
643087 39715 7647 46272 248 0 8 9659 39874 9674 65410 24947 35693 8275 117 13 138 200 65 209 233 243 165 209 209 243 164 235 234 168
643085 39715 7645 46272 248 0 8 9659 39874 9674 65410 24947 35693 8275 168 128 117 13 138 200 65 209 233 243 165 209 209 243 164 235
643084 39715 7644 46260 248 0 8 9658 39874 9674 65410 24947 35693 8275 172 168 128 117 13 138 200 65 209 233 243 165 209 209 243 164
643082 39715 7642 46260 248 0 8 9658 39874 9674 65410 24947 35693 8275 116 54 172 168 128 117 13 138 200 65 209 233 243 165 209 209
643080 39715 7640 46260 248 0 8 9658 39874 9674 65410 24947 35693 8275 59 245 116 54 172 168 128 117 13 138 200 65 209 233 243 165
643133 39715 7693 46260 248 0 8 9658 39874 9674 65410 24947 35693 8275 235 201 144 3 240 67 67 46 255 14 100 11 117 163 144 195
643131 39715 7691 46260 248 1 8 9658 39873 9674 65410 24947 35693 8275 243 170 235 201 144 3 240 67 67 46 255 14 100 11 117 163
643129 39715 7689 46260 248 0 8 9658 39873 9674 65410 24947 35693 8275 209 209 243 170 235 201 144 3 240 67 67 46 255 14 100 11
643127 39715 7687 46260 248 5 8 9658 39863 9674 65410 24947 35693 8275 243 171 209 209 243 170 235 201 144 3 240 67 67 46 255 14
643125 39715 7685 46260 248 11 8 9658 39863 9674 65410 24947 35693 8275 209 233 243 171 209 209 243 170 235 201 144 3 240 67 67 46
643123 39715 7683 46516 248 11 8 9658 39863 9674 65410 24947 35693 8275 138 224 209 233 243 171 209 209 243 170 235 201 144 3 240 67
643122 39715 7682 46536 248 11 8 9657 39863 9674 65410 24947 35693 8275 172 138 224 209 233 243 171 209 209 243 170 235 201 144 3 240
643119 39715 7679 46536 248 8 8 9657 39863 9674 65410 24947 35693 8275 128 193 3 172 138 224 209 233 243 171 209 209 243 170 235 201
643116 39715 7676 46536 248 200 8 9657 39863 9674 65410 24947 35693 8275 128 225 63 128 193 3 172 138 224 209 233 243 171 209 209 243
643114 39715 7674 46536 248 0 8 9657 39863 9674 65410 24947 35693 8275 138 200 128 225 63 128 193 3 172 138 224 209 233 243 171 209
643104 39715 7664 46536 248 0 8 9657 39863 9674 65410 24947 35693 8275 117 8 37 63 0 64 3 248 235 222 138 200 128 225 63 128
643102 39715 7662 46536 248 0 8 9657 39863 9674 65410 24947 35693 8275 168 64 117 8 37 63 0 64 3 248 235 222 138 200 128 225
643087 39715 7647 46536 248 0 8 9657 39863 9674 65410 24947 35693 8275 117 13 138 200 65 209 233 243 165 209 209 243 164 235 234 168
643085 39715 7645 46536 248 0 8 9657 39863 9674 65410 24947 35693 8275 168 128 117 13 138 200 65 209 233 243 165 209 209 243 164 235
643084 39715 7644 46517 248 0 8 9656 39863 9674 65410 24947 35693 8275 172 168 128 117 13 138 200 65 209 233 243 165 209 209 243 164
643082 39715 7642 46517 248 0 8 9656 39863 9674 65410 24947 35693 8275 116 54 172 168 128 117 13 138 200 65 209 233 243 165 209 209
643080 39715 7640 46517 248 0 8 9656 39863 9674 65410 24947 35693 8275 59 245 116 54 172 168 128 117 13 138 200 65 209 233 243 165
643133 39715 7693 46517 248 0 8 9656 39863 9674 65410 24947 35693 8275 235 201 144 3 240 67 67 46 255 14 100 11 117 163 144 195
643131 39715 7691 46517 248 0 8 9656 39863 9674 65410 24947 35693 8275 243 170 235 201 144 3 240 67 67 46 255 14 100 11 117 163
643129 39715 7689 46517 248 0 8 9656 39863 9674 65410 24947 35693 8275 209 209 243 170 235 201 144 3 240 67 67 46 255 14 100 11
643127 39715 7687 46517 248 2 8 9656 39859 9674 65410 24947 35693 8275 243 171 209 209 243 170 235 201 144 3 240 67 67 46 255 14
643125 39715 7685 46517 248 4 8 9656 39859 9674 65410 24947 35693 8275 209 233 243 171 209 209 243 170 235 201 144 3 240 67 67 46
643123 39715 7683 46261 248 4 8 9656 39859 9674 65410 24947 35693 8275 138 224 209 233 243 171 209 209 243 170 235 201 144 3 240 67
643122 39715 7682 46273 248 4 8 9655 39859 9674 65410 24947 35693 8275 172 138 224 209 233 243 171 209 209 243 170 235 201 144 3 240
643119 39715 7679 46273 248 1 8 9655 39859 9674 65410 24947 35693 8275 128 193 3 172 138 224 209 233 243 171 209 209 243 170 235 201
643116 39715 7676 46273 248 193 8 9655 39859 9674 65410 24947 35693 8275 128 225 63 128 193 3 172 138 224 209 233 243 171 209 209 243
643114 39715 7674 46273 248 0 8 9655 39859 9674 65410 24947 35693 8275 138 200 128 225 63 128 193 3 172 138 224 209 233 243 171 209
643104 39715 7664 46273 248 0 8 9655 39859 9674 65410 24947 35693 8275 117 8 37 63 0 64 3 248 235 222 138 200 128 225 63 128
643102 39715 7662 46273 248 0 8 9655 39859 9674 65410 24947 35693 8275 168 64 117 8 37 63 0 64 3 248 235 222 138 200 128 225
643087 39715 7647 46273 248 0 8 9655 39859 9674 65410 24947 35693 8275 117 13 138 200 65 209 233 243 165 209 209 243 164 235 234 168
643085 39715 7645 46273 248 0 8 9655 39859 9674 65410 24947 35693 8275 168 128 117 13 138 200 65 209 233 243 165 209 209 243 164 235
643084 39715 7644 46081 248 0 8 9654 39859 9674 65410 24947 35693 8275 172 168 128 117 13 138 200 65 209 233 243 165 209 209 243 164
643082 39715 7642 46081 248 0 8 9654 39859 9674 65410 24947 35693 8275 116 54 172 168 128 117 13 138 200 65 209 233 243 165 209 209
643080 39715 7640 46081 248 0 8 9654 39859 9674 65410 24947 35693 8275 59 245 116 54 172 168 128 117 13 138 200 65 209 233 243 165
643100 39715 7660 46081 248 0 8 9654 39859 9674 65410 24947 35693 8275 235 234 168 64 117 8 37 63 0 64 3 248 235 222 138 200
643098 39715 7658 46081 248 0 8 9654 39859 9674 65410 24947 35693 8275 243 164 235 234 168 64 117 8 37 63 0 64 3 248 235 222
643096 39715 7656 46081 248 0 8 9654 39859 9674 65410 24947 35693 8275 209 209 243 164 235 234 168 64 117 8 37 63 0 64 3 248
643094 39715 7654 46081 248 1 8 9652 39857 9674 65410 24947 35693 8275 243 165 209 209 243 164 235 234 168 64 117 8 37 63 0 64
643092 39715 7652 46081 248 2 8 9652 39857 9674 65410 24947 35693 8275 209 233 243 165 209 209 243 164 235 234 168 64 117 8 37 63
643091 39715 7651 46081 248 1 8 9652 39857 9674 65410 24947 35693 8275 65 209 233 243 165 209 209 243 164 235 234 168 64 117 8 37
643089 39715 7649 46081 248 0 8 9652 39857 9674 65410 24947 35693 8275 138 200 65 209 233 243 165 209 209 243 164 235 234 168 64 117
643087 39715 7647 46081 248 0 8 9652 39857 9674 65410 24947 35693 8275 117 13 138 200 65 209 233 243 165 209 209 243 164 235 234 168
643085 39715 7645 46081 248 0 8 9652 39857 9674 65410 24947 35693 8275 168 128 117 13 138 200 65 209 233 243 165 209 209 243 164 235
643084 39715 7644 46260 248 0 8 9651 39857 9674 65410 24947 35693 8275 172 168 128 117 13 138 200 65 209 233 243 165 209 209 243 164
643082 39715 7642 46260 248 0 8 9651 39857 9674 65410 24947 35693 8275 116 54 172 168 128 117 13 138 200 65 209 233 243 165 209 209
643080 39715 7640 46260 248 0 8 9651 39857 9674 65410 24947 35693 8275 59 245 116 54 172 168 128 117 13 138 200 65 209 233 243 165
643133 39715 7693 46260 248 0 8 9651 39857 9674 65410 24947 35693 8275 235 201 144 3 240 67 67 46 255 14 100 11 117 163 144 195
643131 39715 7691 46260 248 1 8 9651 39856 9674 65410 24947 35693 8275 243 170 235 201 144 3 240 67 67 46 255 14 100 11 117 163
643129 39715 7689 46260 248 0 8 9651 39856 9674 65410 24947 35693 8275 209 209 243 170 235 201 144 3 240 67 67 46 255 14 100 11
643127 39715 7687 46260 248 20 8 9651 39816 9674 65410 24947 35693 8275 243 171 209 209 243 170 235 201 144 3 240 67 67 46 255 14
643125 39715 7685 46260 248 41 8 9651 39816 9674 65410 24947 35693 8275 209 233 243 171 209 209 243 170 235 201 144 3 240 67 67 46
643123 39715 7683 47028 248 41 8 9651 39816 9674 65410 24947 35693 8275 138 224 209 233 243 171 209 209 243 170 235 201 144 3 240 67
643122 39715 7682 47078 248 41 8 9650 39816 9674 65410 24947 35693 8275 172 138 224 209 233 243 171 209 209 243 170 235 201 144 3 240
643119 39715 7679 47078 248 38 8 9650 39816 9674 65410 24947 35693 8275 128 193 3 172 138 224 209 233 243 171 209 209 243 170 235 201
643116 39715 7676 47078 248 230 8 9650 39816 9674 65410 24947 35693 8275 128 225 63 128 193 3 172 138 224 209 233 243 171 209 209 243
643114 39715 7674 47078 248 0 8 9650 39816 9674 65410 24947 35693 8275 138 200 128 225 63 128 193 3 172 138 224 209 233 243 171 209
643104 39715 7664 47078 248 0 8 9650 39816 9674 65410 24947 35693 8275 117 8 37 63 0 64 3 248 235 222 138 200 128 225 63 128
643102 39715 7662 47078 248 0 8 9650 39816 9674 65410 24947 35693 8275 168 64 117 8 37 63 0 64 3 248 235 222 138 200 128 225
643087 39715 7647 47078 248 0 8 9650 39816 9674 65410 24947 35693 8275 117 13 138 200 65 209 233 243 165 209 209 243 164 235 234 168
643085 39715 7645 47078 248 0 8 9650 39816 9674 65410 24947 35693 8275 168 128 117 13 138 200 65 209 233 243 165 209 209 243 164 235
643084 39715 7644 46848 248 0 8 9649 39816 9674 65410 24947 35693 8275 172 168 128 117 13 138 200 65 209 233 243 165 209 209 243 164
643082 39715 7642 46848 248 0 8 9649 39816 9674 65410 24947 35693 8275 116 54 172 168 128 117 13 138 200 65 209 233 243 165 209 209
643080 39715 7640 46848 248 0 8 9649 39816 9674 65410 24947 35693 8275 59 245 116 54 172 168 128 117 13 138 200 65 209 233 243 165
643100 39715 7660 46848 248 0 8 9649 39816 9674 65410 24947 35693 8275 235 234 168 64 117 8 37 63 0 64 3 248 235 222 138 200
643098 39715 7658 46848 248 1 8 9648 39815 9674 65410 24947 35693 8275 243 164 235 234 168 64 117 8 37 63 0 64 3 248 235 222
643096 39715 7656 46848 248 0 8 9648 39815 9674 65410 24947 35693 8275 209 209 243 164 235 234 168 64 117 8 37 63 0 64 3 248
643094 39715 7654 46848 248 0 8 9648 39815 9674 65410 24947 35693 8275 243 165 209 209 243 164 235 234 168 64 117 8 37 63 0 64
643092 39715 7652 46848 248 1 8 9648 39815 9674 65410 24947 35693 8275 209 233 243 165 209 209 243 164 235 234 168 64 117 8 37 63
643091 39715 7651 46848 248 0 8 9648 39815 9674 65410 24947 35693 8275 65 209 233 243 165 209 209 243 164 235 234 168 64 117 8 37
643089 39715 7649 46848 248 0 8 9648 39815 9674 65410 24947 35693 8275 138 200 65 209 233 243 165 209 209 243 164 235 234 168 64 117
643087 39715 7647 46848 248 0 8 9648 39815 9674 65410 24947 35693 8275 117 13 138 200 65 209 233 243 165 209 209 243 164 235 234 168
643085 39715 7645 46848 248 0 8 9648 39815 9674 65410 24947 35693 8275 168 128 117 13 138 200 65 209 233 243 165 209 209 243 164 235
643084 39715 7644 47031 248 0 8 9647 39815 9674 65410 24947 35693 8275 172 168 128 117 13 138 200 65 209 233 243 165 209 209 243 164
643082 39715 7642 47031 248 0 8 9647 39815 9674 65410 24947 35693 8275 116 54 172 168 128 117 13 138 200 65 209 233 243 165 209 209
643080 39715 7640 47031 248 0 8 9647 39815 9674 65410 24947 35693 8275 59 245 116 54 172 168 128 117 13 138 200 65 209 233 243 165
643133 39715 7693 47031 248 0 8 9647 39815 9674 65410 24947 35693 8275 235 201 144 3 240 67 67 46 255 14 100 11 117 163 144 195
643131 39715 7691 47031 248 1 8 9647 39814 9674 65410 24947 35693 8275 243 170 235 201 144 3 240 67 67 46 255 14 100 11 117 163
643129 39715 7689 47031 248 0 8 9647 39814 9674 65410 24947 35693 8275 209 209 243 170 235 201 144 3 240 67 67 46 255 14 100 11
643127 39715 7687 47031 248 7 8 9647 39800 9674 65410 24947 35693 8275 243 171 209 209 243 170 235 201 144 3 240 67 67 46 255 14
643125 39715 7685 47031 248 15 8 9647 39800 9674 65410 24947 35693 8275 209 233 243 171 209 209 243 170 235 201 144 3 240 67 67 46
643123 39715 7683 47031 248 15 8 9647 39800 9674 65410 24947 35693 8275 138 224 209 233 243 171 209 209 243 170 235 201 144 3 240 67
643122 39715 7682 47052 248 15 8 9646 39800 9674 65410 24947 35693 8275 172 138 224 209 233 243 171 209 209 243 170 235 201 144 3 240
643119 39715 7679 47052 248 12 8 9646 39800 9674 65410 24947 35693 8275 128 193 3 172 138 224 209 233 243 171 209 209 243 170 235 201
643116 39715 7676 47052 248 204 8 9646 39800 9674 65410 24947 35693 8275 128 225 63 128 193 3 172 138 224 209 233 243 171 209 209 243
643114 39715 7674 47052 248 0 8 9646 39800 9674 65410 24947 35693 8275 138 200 128 225 63 128 193 3 172 138 224 209 233 243 171 209
643104 39715 7664 47052 248 0 8 9646 39800 9674 65410 24947 35693 8275 117 8 37 63 0 64 3 248 235 222 138 200 128 225 63 128
643102 39715 7662 47052 248 0 8 9646 39800 9674 65410 24947 35693 8275 168 64 117 8 37 63 0 64 3 248 235 222 138 200 128 225
643087 39715 7647 47052 248 0 8 9646 39800 9674 65410 24947 35693 8275 117 13 138 200 65 209 233 243 165 209 209 243 164 235 234 168
643085 39715 7645 47052 248 0 8 9646 39800 9674 65410 24947 35693 8275 168 128 117 13 138 200 65 209 233 243 165 209 209 243 164 235
643084 39715 7644 47031 248 0 8 9645 39800 9674 65410 24947 35693 8275 172 168 128 117 13 138 200 65 209 233 243 165 209 209 243 164
643082 39715 7642 47031 248 0 8 9645 39800 9674 65410 24947 35693 8275 116 54 172 168 128 117 13 138 200 65 209 233 243 165 209 209
643080 39715 7640 47031 248 0 8 9645 39800 9674 65410 24947 35693 8275 59 245 116 54 172 168 128 117 13 138 200 65 209 233 243 165
643133 39715 7693 47031 248 0 8 9645 39800 9674 65410 24947 35693 8275 235 201 144 3 240 67 67 46 255 14 100 11 117 163 144 195
643131 39715 7691 47031 248 0 8 9645 39800 9674 65410 24947 35693 8275 243 170 235 201 144 3 240 67 67 46 255 14 100 11 117 163
643129 39715 7689 47031 248 0 8 9645 39800 9674 65410 24947 35693 8275 209 209 243 170 235 201 144 3 240 67 67 46 255 14 100 11
643127 39715 7687 47031 248 33 8 9645 39734 9674 65410 24947 35693 8275 243 171 209 209 243 170 235 201 144 3 240 67 67 46 255 14
643125 39715 7685 47031 248 66 8 9645 39734 9674 65410 24947 35693 8275 209 233 243 171 209 209 243 170 235 201 144 3 240 67 67 46
643123 39715 7683 46263 248 66 8 9645 39734 9674 65410 24947 35693 8275 138 224 209 233 243 171 209 209 243 170 235 201 144 3 240 67
643122 39715 7682 46335 248 66 8 9644 39734 9674 65410 24947 35693 8275 172 138 224 209 233 243 171 209 209 243 170 235 201 144 3 240
643119 39715 7679 46335 248 63 8 9644 39734 9674 65410 24947 35693 8275 128 193 3 172 138 224 209 233 243 171 209 209 243 170 235 201
643116 39715 7676 46335 248 255 8 9644 39734 9674 65410 24947 35693 8275 128 225 63 128 193 3 172 138 224 209 233 243 171 209 209 243
643114 39715 7674 46335 248 0 8 9644 39734 9674 65410 24947 35693 8275 138 200 128 225 63 128 193 3 172 138 224 209 233 243 171 209
643104 39715 7664 46335 248 0 8 9644 39734 9674 65410 24947 35693 8275 117 8 37 63 0 64 3 248 235 222 138 200 128 225 63 128
643102 39715 7662 46335 248 0 8 9644 39734 9674 65410 24947 35693 8275 168 64 117 8 37 63 0 64 3 248 235 222 138 200 128 225
643087 39715 7647 46335 248 0 8 9644 39734 9674 65410 24947 35693 8275 117 13 138 200 65 209 233 243 165 209 209 243 164 235 234 168
643085 39715 7645 46335 248 0 8 9644 39734 9674 65410 24947 35693 8275 168 128 117 13 138 200 65 209 233 243 165 209 209 243 164 235
643084 39715 7644 46081 248 0 8 9643 39734 9674 65410 24947 35693 8275 172 168 128 117 13 138 200 65 209 233 243 165 209 209 243 164
643082 39715 7642 46081 248 0 8 9643 39734 9674 65410 24947 35693 8275 116 54 172 168 128 117 13 138 200 65 209 233 243 165 209 209
643080 39715 7640 46081 248 0 8 9643 39734 9674 65410 24947 35693 8275 59 245 116 54 172 168 128 117 13 138 200 65 209 233 243 165
643100 39715 7660 46081 248 0 8 9643 39734 9674 65410 24947 35693 8275 235 234 168 64 117 8 37 63 0 64 3 248 235 222 138 200
643098 39715 7658 46081 248 0 8 9643 39734 9674 65410 24947 35693 8275 243 164 235 234 168 64 117 8 37 63 0 64 3 248 235 222
643096 39715 7656 46081 248 0 8 9643 39734 9674 65410 24947 35693 8275 209 209 243 164 235 234 168 64 117 8 37 63 0 64 3 248
643094 39715 7654 46081 248 1 8 9641 39732 9674 65410 24947 35693 8275 243 165 209 209 243 164 235 234 168 64 117 8 37 63 0 64
643092 39715 7652 46081 248 2 8 9641 39732 9674 65410 24947 35693 8275 209 233 243 165 209 209 243 164 235 234 168 64 117 8 37 63
643091 39715 7651 46081 248 1 8 9641 39732 9674 65410 24947 35693 8275 65 209 233 243 165 209 209 243 164 235 234 168 64 117 8 37
643089 39715 7649 46081 248 0 8 9641 39732 9674 65410 24947 35693 8275 138 200 65 209 233 243 165 209 209 243 164 235 234 168 64 117
643087 39715 7647 46081 248 0 8 9641 39732 9674 65410 24947 35693 8275 117 13 138 200 65 209 233 243 165 209 209 243 164 235 234 168
643085 39715 7645 46081 248 0 8 9641 39732 9674 65410 24947 35693 8275 168 128 117 13 138 200 65 209 233 243 165 209 209 243 164 235
643084 39715 7644 46260 248 0 8 9640 39732 9674 65410 24947 35693 8275 172 168 128 117 13 138 200 65 209 233 243 165 209 209 243 164
643082 39715 7642 46260 248 0 8 9640 39732 9674 65410 24947 35693 8275 116 54 172 168 128 117 13 138 200 65 209 233 243 165 209 209
643080 39715 7640 46260 248 0 8 9640 39732 9674 65410 24947 35693 8275 59 245 116 54 172 168 128 117 13 138 200 65 209 233 243 165
643133 39715 7693 46260 248 0 8 9640 39732 9674 65410 24947 35693 8275 235 201 144 3 240 67 67 46 255 14 100 11 117 163 144 195
643131 39715 7691 46260 248 1 8 9640 39731 9674 65410 24947 35693 8275 243 170 235 201 144 3 240 67 67 46 255 14 100 11 117 163
643129 39715 7689 46260 248 0 8 9640 39731 9674 65410 24947 35693 8275 209 209 243 170 235 201 144 3 240 67 67 46 255 14 100 11
643127 39715 7687 46260 248 13 8 9640 39705 9674 65410 24947 35693 8275 243 171 209 209 243 170 235 201 144 3 240 67 67 46 255 14
643125 39715 7685 46260 248 27 8 9640 39705 9674 65410 24947 35693 8275 209 233 243 171 209 209 243 170 235 201 144 3 240 67 67 46
643123 39715 7683 46260 248 27 8 9640 39705 9674 65410 24947 35693 8275 138 224 209 233 243 171 209 209 243 170 235 201 144 3 240 67
643122 39715 7682 46296 248 27 8 9639 39705 9674 65410 24947 35693 8275 172 138 224 209 233 243 171 209 209 243 170 235 201 144 3 240
643119 39715 7679 46296 248 24 8 9639 39705 9674 65410 24947 35693 8275 128 193 3 172 138 224 209 233 243 171 209 209 243 170 235 201
643116 39715 7676 46296 248 216 8 9639 39705 9674 65410 24947 35693 8275 128 225 63 128 193 3 172 138 224 209 233 243 171 209 209 243
643114 39715 7674 46296 248 0 8 9639 39705 9674 65410 24947 35693 8275 138 200 128 225 63 128 193 3 172 138 224 209 233 243 171 209
643104 39715 7664 46296 248 0 8 9639 39705 9674 65410 24947 35693 8275 117 8 37 63 0 64 3 248 235 222 138 200 128 225 63 128
643102 39715 7662 46296 248 0 8 9639 39705 9674 65410 24947 35693 8275 168 64 117 8 37 63 0 64 3 248 235 222 138 200 128 225
643087 39715 7647 46296 248 0 8 9639 39705 9674 65410 24947 35693 8275 117 13 138 200 65 209 233 243 165 209 209 243 164 235 234 168
643085 39715 7645 46296 248 0 8 9639 39705 9674 65410 24947 35693 8275 168 128 117 13 138 200 65 209 233 243 165 209 209 243 164 235
643084 39715 7644 46080 248 0 8 9638 39705 9674 65410 24947 35693 8275 172 168 128 117 13 138 200 65 209 233 243 165 209 209 243 164
643082 39715 7642 46080 248 0 8 9638 39705 9674 65410 24947 35693 8275 116 54 172 168 128 117 13 138 200 65 209 233 243 165 209 209
643080 39715 7640 46080 248 0 8 9638 39705 9674 65410 24947 35693 8275 59 245 116 54 172 168 128 117 13 138 200 65 209 233 243 165
643100 39715 7660 46080 248 0 8 9638 39705 9674 65410 24947 35693 8275 235 234 168 64 117 8 37 63 0 64 3 248 235 222 138 200
643098 39715 7658 46080 248 1 8 9637 39704 9674 65410 24947 35693 8275 243 164 235 234 168 64 117 8 37 63 0 64 3 248 235 222
643096 39715 7656 46080 248 0 8 9637 39704 9674 65410 24947 35693 8275 209 209 243 164 235 234 168 64 117 8 37 63 0 64 3 248
643094 39715 7654 46080 248 0 8 9637 39704 9674 65410 24947 35693 8275 243 165 209 209 243 164 235 234 168 64 117 8 37 63 0 64
643092 39715 7652 46080 248 1 8 9637 39704 9674 65410 24947 35693 8275 209 233 243 165 209 209 243 164 235 234 168 64 117 8 37 63
643091 39715 7651 46080 248 0 8 9637 39704 9674 65410 24947 35693 8275 65 209 233 243 165 209 209 243 164 235 234 168 64 117 8 37
643089 39715 7649 46080 248 0 8 9637 39704 9674 65410 24947 35693 8275 138 200 65 209 233 243 165 209 209 243 164 235 234 168 64 117
643087 39715 7647 46080 248 0 8 9637 39704 9674 65410 24947 35693 8275 117 13 138 200 65 209 233 243 165 209 209 243 164 235 234 168
643085 39715 7645 46080 248 0 8 9637 39704 9674 65410 24947 35693 8275 168 128 117 13 138 200 65 209 233 243 165 209 209 243 164 235
643084 39715 7644 46260 248 0 8 9636 39704 9674 65410 24947 35693 8275 172 168 128 117 13 138 200 65 209 233 243 165 209 209 243 164
643082 39715 7642 46260 248 0 8 9636 39704 9674 65410 24947 35693 8275 116 54 172 168 128 117 13 138 200 65 209 233 243 165 209 209
643080 39715 7640 46260 248 0 8 9636 39704 9674 65410 24947 35693 8275 59 245 116 54 172 168 128 117 13 138 200 65 209 233 243 165
643133 39715 7693 46260 248 0 8 9636 39704 9674 65410 24947 35693 8275 235 201 144 3 240 67 67 46 255 14 100 11 117 163 144 195
643131 39715 7691 46260 248 0 8 9636 39704 9674 65410 24947 35693 8275 243 170 235 201 144 3 240 67 67 46 255 14 100 11 117 163
643129 39715 7689 46260 248 0 8 9636 39704 9674 65410 24947 35693 8275 209 209 243 170 235 201 144 3 240 67 67 46 255 14 100 11
643127 39715 7687 46260 248 8 8 9636 39688 9674 65410 24947 35693 8275 243 171 209 209 243 170 235 201 144 3 240 67 67 46 255 14
643125 39715 7685 46260 248 16 8 9636 39688 9674 65410 24947 35693 8275 209 233 243 171 209 209 243 170 235 201 144 3 240 67 67 46
643123 39715 7683 180 248 16 8 9636 39688 9674 65410 24947 35693 8275 138 224 209 233 243 171 209 209 243 170 235 201 144 3 240 67
643122 39715 7682 205 248 16 8 9635 39688 9674 65410 24947 35693 8275 172 138 224 209 233 243 171 209 209 243 170 235 201 144 3 240
643119 39715 7679 205 248 13 8 9635 39688 9674 65410 24947 35693 8275 128 193 3 172 138 224 209 233 243 171 209 209 243 170 235 201
643116 39715 7676 205 248 205 8 9635 39688 9674 65410 24947 35693 8275 128 225 63 128 193 3 172 138 224 209 233 243 171 209 209 243
643114 39715 7674 205 248 0 8 9635 39688 9674 65410 24947 35693 8275 138 200 128 225 63 128 193 3 172 138 224 209 233 243 171 209
643104 39715 7664 205 248 0 8 9635 39688 9674 65410 24947 35693 8275 117 8 37 63 0 64 3 248 235 222 138 200 128 225 63 128
643102 39715 7662 205 248 0 8 9635 39688 9674 65410 24947 35693 8275 168 64 117 8 37 63 0 64 3 248 235 222 138 200 128 225
643087 39715 7647 205 248 0 8 9635 39688 9674 65410 24947 35693 8275 117 13 138 200 65 209 233 243 165 209 209 243 164 235 234 168
643085 39715 7645 205 248 0 8 9635 39688 9674 65410 24947 35693 8275 168 128 117 13 138 200 65 209 233 243 165 209 209 243 164 235
643084 39715 7644 0 248 0 8 9634 39688 9674 65410 24947 35693 8275 172 168 128 117 13 138 200 65 209 233 243 165 209 209 243 164
643082 39715 7642 0 248 0 8 9634 39688 9674 65410 24947 35693 8275 116 54 172 168 128 117 13 138 200 65 209 233 243 165 209 209
643080 39715 7640 0 248 0 8 9634 39688 9674 65410 24947 35693 8275 59 245 116 54 172 168 128 117 13 138 200 65 209 233 243 165
643079 39715 7639 0 248 0 8 9634 39688 9674 65410 24947 35693 8275 144 59 245 116 54 172 168 128 117 13 138 200 65 209 233 243
643077 39715 7637 0 248 0 8 9634 39688 9674 65410 24947 35693 8275 3 248 144 59 245 116 54 172 168 128 117 13 138 200 65 209
643076 39715 7636 42 248 0 8 9632 39688 9674 65410 24947 35693 8275 173 3 248 144 59 245 116 54 172 168 128 117 13 138 200 65
643074 39715 7634 42 248 0 8 9632 39680 9674 65410 24947 35693 8275 3 250 173 3 248 144 59 245 116 54 172 168 128 117 13 138
643069 39715 7629 42 248 0 8 9632 39584 9674 65410 24947 35693 8275 46 139 191 156 6 3 250 173 3 248 144 59 245 116 54 172
643067 39715 7627 42 248 0 8 9632 39584 9632 65410 24947 35693 8275 3 232 46 139 191 156 6 3 250 173 3 248 144 59 245 116
643065 39715 7625 42 248 0 8 9632 39584 9630 65410 24947 35693 8275 139 238 3 232 46 139 191 156 6 3 250 173 3 248 144 59
643063 39715 7623 42 248 0 8 9632 39584 9630 65410 24947 35693 8275 115 71 139 238 3 232 46 139 191 156 6 3 250 173 3 248
643059 39715 7619 42 248 0 8 9632 39584 9630 65410 24947 35693 8275 129 251 144 1 115 71 139 238 3 232 46 139 191 156 6 3
643057 39715 7617 42 248 0 8 9632 39584 9630 65410 24947 35693 8275 116 79 129 251 144 1 115 71 139 238 3 232 46 139 191 156
643055 39715 7615 42 248 0 8 9632 39584 9630 65410 24947 35693 8275 11 192 116 79 129 251 144 1 115 71 139 238 3 232 46 139
643054 39715 7614 46517 248 0 8 9630 39584 9630 65410 24947 35693 8275 173 11 192 116 79 129 251 144 1 115 71 139 238 3 232 46
643145 39715 7705 46517 248 0 8 9630 39584 9630 65410 24947 35693 8275 117 163 144 195 144 86 83 81 139 52 232 12 0 89 91 94
643140 39715 7700 46517 248 0 8 9630 39584 9630 65410 24947 35693 8275 46 255 14 100 11 117 163 144 195 144 86 83 81 139 52 232
643139 39715 7699 46517 247 0 8 9630 39584 9630 65410 24947 35693 8275 67 46 255 14 100 11 117 163 144 195 144 86 83 81 139 52
643138 39715 7698 46517 246 0 8 9630 39584 9630 65410 24947 35693 8275 67 67 46 255 14 100 11 117 163 144 195 144 86 83 81 139
643082 39715 7642 46517 246 0 8 9630 39584 9630 65410 24947 35693 8275 116 54 172 168 128 117 13 138 200 65 209 233 243 165 209 209
643080 39715 7640 46517 246 0 8 9630 39584 9630 65410 24947 35693 8275 59 245 116 54 172 168 128 117 13 138 200 65 209 233 243 165
643133 39715 7693 46517 246 0 8 9630 39584 9630 65410 24947 35693 8275 235 201 144 3 240 67 67 46 255 14 100 11 117 163 144 195
643131 39715 7691 46517 246 1 8 9630 39583 9630 65410 24947 35693 8275 243 170 235 201 144 3 240 67 67 46 255 14 100 11 117 163
643129 39715 7689 46517 246 0 8 9630 39583 9630 65410 24947 35693 8275 209 209 243 170 235 201 144 3 240 67 67 46 255 14 100 11
643127 39715 7687 46517 246 9 8 9630 39565 9630 65410 24947 35693 8275 243 171 209 209 243 170 235 201 144 3 240 67 67 46 255 14
643125 39715 7685 46517 246 19 8 9630 39565 9630 65410 24947 35693 8275 209 233 243 171 209 209 243 170 235 201 144 3 240 67 67 46
643123 39715 7683 46517 246 19 8 9630 39565 9630 65410 24947 35693 8275 138 224 209 233 243 171 209 209 243 170 235 201 144 3 240 67
643122 39715 7682 46544 246 19 8 9629 39565 9630 65410 24947 35693 8275 172 138 224 209 233 243 171 209 209 243 170 235 201 144 3 240
643119 39715 7679 46544 246 16 8 9629 39565 9630 65410 24947 35693 8275 128 193 3 172 138 224 209 233 243 171 209 209 243 170 235 201
643116 39715 7676 46544 246 208 8 9629 39565 9630 65410 24947 35693 8275 128 225 63 128 193 3 172 138 224 209 233 243 171 209 209 243
643114 39715 7674 46544 246 0 8 9629 39565 9630 65410 24947 35693 8275 138 200 128 225 63 128 193 3 172 138 224 209 233 243 171 209
643104 39715 7664 46544 246 0 8 9629 39565 9630 65410 24947 35693 8275 117 8 37 63 0 64 3 248 235 222 138 200 128 225 63 128
643102 39715 7662 46544 246 0 8 9629 39565 9630 65410 24947 35693 8275 168 64 117 8 37 63 0 64 3 248 235 222 138 200 128 225
643087 39715 7647 46544 246 0 8 9629 39565 9630 65410 24947 35693 8275 117 13 138 200 65 209 233 243 165 209 209 243 164 235 234 168
643085 39715 7645 46544 246 0 8 9629 39565 9630 65410 24947 35693 8275 168 128 117 13 138 200 65 209 233 243 165 209 209 243 164 235
643084 39715 7644 46338 246 0 8 9628 39565 9630 65410 24947 35693 8275 172 168 128 117 13 138 200 65 209 233 243 165 209 209 243 164
643082 39715 7642 46338 246 0 8 9628 39565 9630 65410 24947 35693 8275 116 54 172 168 128 117 13 138 200 65 209 233 243 165 209 209
643080 39715 7640 46338 246 0 8 9628 39565 9630 65410 24947 35693 8275 59 245 116 54 172 168 128 117 13 138 200 65 209 233 243 165
643100 39715 7660 46338 246 0 8 9628 39565 9630 65410 24947 35693 8275 235 234 168 64 117 8 37 63 0 64 3 248 235 222 138 200
643098 39715 7658 46338 246 1 8 9627 39564 9630 65410 24947 35693 8275 243 164 235 234 168 64 117 8 37 63 0 64 3 248 235 222
643096 39715 7656 46338 246 0 8 9627 39564 9630 65410 24947 35693 8275 209 209 243 164 235 234 168 64 117 8 37 63 0 64 3 248
643094 39715 7654 46338 246 1 8 9625 39562 9630 65410 24947 35693 8275 243 165 209 209 243 164 235 234 168 64 117 8 37 63 0 64
643092 39715 7652 46338 246 3 8 9625 39562 9630 65410 24947 35693 8275 209 233 243 165 209 209 243 164 235 234 168 64 117 8 37 63
643091 39715 7651 46338 246 2 8 9625 39562 9630 65410 24947 35693 8275 65 209 233 243 165 209 209 243 164 235 234 168 64 117 8 37
643089 39715 7649 46338 246 0 8 9625 39562 9630 65410 24947 35693 8275 138 200 65 209 233 243 165 209 209 243 164 235 234 168 64 117
643087 39715 7647 46338 246 0 8 9625 39562 9630 65410 24947 35693 8275 117 13 138 200 65 209 233 243 165 209 209 243 164 235 234 168
643085 39715 7645 46338 246 0 8 9625 39562 9630 65410 24947 35693 8275 168 128 117 13 138 200 65 209 233 243 165 209 209 243 164 235
643084 39715 7644 46517 246 0 8 9624 39562 9630 65410 24947 35693 8275 172 168 128 117 13 138 200 65 209 233 243 165 209 209 243 164
643082 39715 7642 46517 246 0 8 9624 39562 9630 65410 24947 35693 8275 116 54 172 168 128 117 13 138 200 65 209 233 243 165 209 209
643080 39715 7640 46517 246 0 8 9624 39562 9630 65410 24947 35693 8275 59 245 116 54 172 168 128 117 13 138 200 65 209 233 243 165
643133 39715 7693 46517 246 0 8 9624 39562 9630 65410 24947 35693 8275 235 201 144 3 240 67 67 46 255 14 100 11 117 163 144 195
643131 39715 7691 46517 246 0 8 9624 39562 9630 65410 24947 35693 8275 243 170 235 201 144 3 240 67 67 46 255 14 100 11 117 163
643129 39715 7689 46517 246 0 8 9624 39562 9630 65410 24947 35693 8275 209 209 243 170 235 201 144 3 240 67 67 46 255 14 100 11
643127 39715 7687 46517 246 12 8 9624 39538 9630 65410 24947 35693 8275 243 171 209 209 243 170 235 201 144 3 240 67 67 46 255 14
643125 39715 7685 46517 246 24 8 9624 39538 9630 65410 24947 35693 8275 209 233 243 171 209 209 243 170 235 201 144 3 240 67 67 46
643123 39715 7683 46517 246 24 8 9624 39538 9630 65410 24947 35693 8275 138 224 209 233 243 171 209 209 243 170 235 201 144 3 240 67
643122 39715 7682 46549 246 24 8 9623 39538 9630 65410 24947 35693 8275 172 138 224 209 233 243 171 209 209 243 170 235 201 144 3 240
643119 39715 7679 46549 246 21 8 9623 39538 9630 65410 24947 35693 8275 128 193 3 172 138 224 209 233 243 171 209 209 243 170 235 201
643116 39715 7676 46549 246 213 8 9623 39538 9630 65410 24947 35693 8275 128 225 63 128 193 3 172 138 224 209 233 243 171 209 209 243
643114 39715 7674 46549 246 0 8 9623 39538 9630 65410 24947 35693 8275 138 200 128 225 63 128 193 3 172 138 224 209 233 243 171 209
643104 39715 7664 46549 246 0 8 9623 39538 9630 65410 24947 35693 8275 117 8 37 63 0 64 3 248 235 222 138 200 128 225 63 128
643102 39715 7662 46549 246 0 8 9623 39538 9630 65410 24947 35693 8275 168 64 117 8 37 63 0 64 3 248 235 222 138 200 128 225
643087 39715 7647 46549 246 0 8 9623 39538 9630 65410 24947 35693 8275 117 13 138 200 65 209 233 243 165 209 209 243 164 235 234 168
643085 39715 7645 46549 246 0 8 9623 39538 9630 65410 24947 35693 8275 168 128 117 13 138 200 65 209 233 243 165 209 209 243 164 235
643084 39715 7644 46337 246 0 8 9622 39538 9630 65410 24947 35693 8275 172 168 128 117 13 138 200 65 209 233 243 165 209 209 243 164
643082 39715 7642 46337 246 0 8 9622 39538 9630 65410 24947 35693 8275 116 54 172 168 128 117 13 138 200 65 209 233 243 165 209 209
643080 39715 7640 46337 246 0 8 9622 39538 9630 65410 24947 35693 8275 59 245 116 54 172 168 128 117 13 138 200 65 209 233 243 165
643100 39715 7660 46337 246 0 8 9622 39538 9630 65410 24947 35693 8275 235 234 168 64 117 8 37 63 0 64 3 248 235 222 138 200
643098 39715 7658 46337 246 0 8 9622 39538 9630 65410 24947 35693 8275 243 164 235 234 168 64 117 8 37 63 0 64 3 248 235 222
643096 39715 7656 46337 246 0 8 9622 39538 9630 65410 24947 35693 8275 209 209 243 164 235 234 168 64 117 8 37 63 0 64 3 248
643094 39715 7654 46337 246 1 8 9620 39536 9630 65410 24947 35693 8275 243 165 209 209 243 164 235 234 168 64 117 8 37 63 0 64
643092 39715 7652 46337 246 2 8 9620 39536 9630 65410 24947 35693 8275 209 233 243 165 209 209 243 164 235 234 168 64 117 8 37 63
643091 39715 7651 46337 246 1 8 9620 39536 9630 65410 24947 35693 8275 65 209 233 243 165 209 209 243 164 235 234 168 64 117 8 37
643089 39715 7649 46337 246 0 8 9620 39536 9630 65410 24947 35693 8275 138 200 65 209 233 243 165 209 209 243 164 235 234 168 64 117
643087 39715 7647 46337 246 0 8 9620 39536 9630 65410 24947 35693 8275 117 13 138 200 65 209 233 243 165 209 209 243 164 235 234 168
643085 39715 7645 46337 246 0 8 9620 39536 9630 65410 24947 35693 8275 168 128 117 13 138 200 65 209 233 243 165 209 209 243 164 235
643084 39715 7644 46517 246 0 8 9619 39536 9630 65410 24947 35693 8275 172 168 128 117 13 138 200 65 209 233 243 165 209 209 243 164
643082 39715 7642 46517 246 0 8 9619 39536 9630 65410 24947 35693 8275 116 54 172 168 128 117 13 138 200 65 209 233 243 165 209 209
643080 39715 7640 46517 246 0 8 9619 39536 9630 65410 24947 35693 8275 59 245 116 54 172 168 128 117 13 138 200 65 209 233 243 165
643133 39715 7693 46517 246 0 8 9619 39536 9630 65410 24947 35693 8275 235 201 144 3 240 67 67 46 255 14 100 11 117 163 144 195
643131 39715 7691 46517 246 1 8 9619 39535 9630 65410 24947 35693 8275 243 170 235 201 144 3 240 67 67 46 255 14 100 11 117 163
643129 39715 7689 46517 246 0 8 9619 39535 9630 65410 24947 35693 8275 209 209 243 170 235 201 144 3 240 67 67 46 255 14 100 11
643127 39715 7687 46517 246 9 8 9619 39517 9630 65410 24947 35693 8275 243 171 209 209 243 170 235 201 144 3 240 67 67 46 255 14
643125 39715 7685 46517 246 19 8 9619 39517 9630 65410 24947 35693 8275 209 233 243 171 209 209 243 170 235 201 144 3 240 67 67 46
643123 39715 7683 46261 246 19 8 9619 39517 9630 65410 24947 35693 8275 138 224 209 233 243 171 209 209 243 170 235 201 144 3 240 67
643122 39715 7682 46288 246 19 8 9618 39517 9630 65410 24947 35693 8275 172 138 224 209 233 243 171 209 209 243 170 235 201 144 3 240
643119 39715 7679 46288 246 16 8 9618 39517 9630 65410 24947 35693 8275 128 193 3 172 138 224 209 233 243 171 209 209 243 170 235 201
643116 39715 7676 46288 246 208 8 9618 39517 9630 65410 24947 35693 8275 128 225 63 128 193 3 172 138 224 209 233 243 171 209 209 243
643114 39715 7674 46288 246 0 8 9618 39517 9630 65410 24947 35693 8275 138 200 128 225 63 128 193 3 172 138 224 209 233 243 171 209
643104 39715 7664 46288 246 0 8 9618 39517 9630 65410 24947 35693 8275 117 8 37 63 0 64 3 248 235 222 138 200 128 225 63 128
643102 39715 7662 46288 246 0 8 9618 39517 9630 65410 24947 35693 8275 168 64 117 8 37 63 0 64 3 248 235 222 138 200 128 225
643087 39715 7647 46288 246 0 8 9618 39517 9630 65410 24947 35693 8275 117 13 138 200 65 209 233 243 165 209 209 243 164 235 234 168
643085 39715 7645 46288 246 0 8 9618 39517 9630 65410 24947 35693 8275 168 128 117 13 138 200 65 209 233 243 165 209 209 243 164 235
643084 39715 7644 46260 246 0 8 9617 39517 9630 65410 24947 35693 8275 172 168 128 117 13 138 200 65 209 233 243 165 209 209 243 164
643082 39715 7642 46260 246 0 8 9617 39517 9630 65410 24947 35693 8275 116 54 172 168 128 117 13 138 200 65 209 233 243 165 209 209
643080 39715 7640 46260 246 0 8 9617 39517 9630 65410 24947 35693 8275 59 245 116 54 172 168 128 117 13 138 200 65 209 233 243 165
643133 39715 7693 46260 246 0 8 9617 39517 9630 65410 24947 35693 8275 235 201 144 3 240 67 67 46 255 14 100 11 117 163 144 195
643131 39715 7691 46260 246 1 8 9617 39516 9630 65410 24947 35693 8275 243 170 235 201 144 3 240 67 67 46 255 14 100 11 117 163
643129 39715 7689 46260 246 0 8 9617 39516 9630 65410 24947 35693 8275 209 209 243 170 235 201 144 3 240 67 67 46 255 14 100 11
643127 39715 7687 46260 246 4 8 9617 39508 9630 65410 24947 35693 8275 243 171 209 209 243 170 235 201 144 3 240 67 67 46 255 14
643125 39715 7685 46260 246 9 8 9617 39508 9630 65410 24947 35693 8275 209 233 243 171 209 209 243 170 235 201 144 3 240 67 67 46
643123 39715 7683 46516 246 9 8 9617 39508 9630 65410 24947 35693 8275 138 224 209 233 243 171 209 209 243 170 235 201 144 3 240 67
643122 39715 7682 46534 246 9 8 9616 39508 9630 65410 24947 35693 8275 172 138 224 209 233 243 171 209 209 243 170 235 201 144 3 240
643119 39715 7679 46534 246 6 8 9616 39508 9630 65410 24947 35693 8275 128 193 3 172 138 224 209 233 243 171 209 209 243 170 235 201
643116 39715 7676 46534 246 198 8 9616 39508 9630 65410 24947 35693 8275 128 225 63 128 193 3 172 138 224 209 233 243 171 209 209 243
643114 39715 7674 46534 246 0 8 9616 39508 9630 65410 24947 35693 8275 138 200 128 225 63 128 193 3 172 138 224 209 233 243 171 209
643104 39715 7664 46534 246 0 8 9616 39508 9630 65410 24947 35693 8275 117 8 37 63 0 64 3 248 235 222 138 200 128 225 63 128
643102 39715 7662 46534 246 0 8 9616 39508 9630 65410 24947 35693 8275 168 64 117 8 37 63 0 64 3 248 235 222 138 200 128 225
643087 39715 7647 46534 246 0 8 9616 39508 9630 65410 24947 35693 8275 117 13 138 200 65 209 233 243 165 209 209 243 164 235 234 168
643085 39715 7645 46534 246 0 8 9616 39508 9630 65410 24947 35693 8275 168 128 117 13 138 200 65 209 233 243 165 209 209 243 164 235
643084 39715 7644 46517 246 0 8 9615 39508 9630 65410 24947 35693 8275 172 168 128 117 13 138 200 65 209 233 243 165 209 209 243 164
643082 39715 7642 46517 246 0 8 9615 39508 9630 65410 24947 35693 8275 116 54 172 168 128 117 13 138 200 65 209 233 243 165 209 209
643080 39715 7640 46517 246 0 8 9615 39508 9630 65410 24947 35693 8275 59 245 116 54 172 168 128 117 13 138 200 65 209 233 243 165
643133 39715 7693 46517 246 0 8 9615 39508 9630 65410 24947 35693 8275 235 201 144 3 240 67 67 46 255 14 100 11 117 163 144 195
643131 39715 7691 46517 246 1 8 9615 39507 9630 65410 24947 35693 8275 243 170 235 201 144 3 240 67 67 46 255 14 100 11 117 163
643129 39715 7689 46517 246 0 8 9615 39507 9630 65410 24947 35693 8275 209 209 243 170 235 201 144 3 240 67 67 46 255 14 100 11
643127 39715 7687 46517 246 2 8 9615 39503 9630 65410 24947 35693 8275 243 171 209 209 243 170 235 201 144 3 240 67 67 46 255 14
643125 39715 7685 46517 246 5 8 9615 39503 9630 65410 24947 35693 8275 209 233 243 171 209 209 243 170 235 201 144 3 240 67 67 46
643123 39715 7683 46261 246 5 8 9615 39503 9630 65410 24947 35693 8275 138 224 209 233 243 171 209 209 243 170 235 201 144 3 240 67
643122 39715 7682 46274 246 5 8 9614 39503 9630 65410 24947 35693 8275 172 138 224 209 233 243 171 209 209 243 170 235 201 144 3 240
643119 39715 7679 46274 246 2 8 9614 39503 9630 65410 24947 35693 8275 128 193 3 172 138 224 209 233 243 171 209 209 243 170 235 201
643116 39715 7676 46274 246 194 8 9614 39503 9630 65410 24947 35693 8275 128 225 63 128 193 3 172 138 224 209 233 243 171 209 209 243
643114 39715 7674 46274 246 0 8 9614 39503 9630 65410 24947 35693 8275 138 200 128 225 63 128 193 3 172 138 224 209 233 243 171 209
643104 39715 7664 46274 246 0 8 9614 39503 9630 65410 24947 35693 8275 117 8 37 63 0 64 3 248 235 222 138 200 128 225 63 128
643102 39715 7662 46274 246 0 8 9614 39503 9630 65410 24947 35693 8275 168 64 117 8 37 63 0 64 3 248 235 222 138 200 128 225
643087 39715 7647 46274 246 0 8 9614 39503 9630 65410 24947 35693 8275 117 13 138 200 65 209 233 243 165 209 209 243 164 235 234 168
643085 39715 7645 46274 246 0 8 9614 39503 9630 65410 24947 35693 8275 168 128 117 13 138 200 65 209 233 243 165 209 209 243 164 235
643084 39715 7644 46260 246 0 8 9613 39503 9630 65410 24947 35693 8275 172 168 128 117 13 138 200 65 209 233 243 165 209 209 243 164
643082 39715 7642 46260 246 0 8 9613 39503 9630 65410 24947 35693 8275 116 54 172 168 128 117 13 138 200 65 209 233 243 165 209 209
643080 39715 7640 46260 246 0 8 9613 39503 9630 65410 24947 35693 8275 59 245 116 54 172 168 128 117 13 138 200 65 209 233 243 165
643133 39715 7693 46260 246 0 8 9613 39503 9630 65410 24947 35693 8275 235 201 144 3 240 67 67 46 255 14 100 11 117 163 144 195
643131 39715 7691 46260 246 1 8 9613 39502 9630 65410 24947 35693 8275 243 170 235 201 144 3 240 67 67 46 255 14 100 11 117 163
643129 39715 7689 46260 246 0 8 9613 39502 9630 65410 24947 35693 8275 209 209 243 170 235 201 144 3 240 67 67 46 255 14 100 11
643127 39715 7687 46260 246 3 8 9613 39496 9630 65410 24947 35693 8275 243 171 209 209 243 170 235 201 144 3 240 67 67 46 255 14
643125 39715 7685 46260 246 7 8 9613 39496 9630 65410 24947 35693 8275 209 233 243 171 209 209 243 170 235 201 144 3 240 67 67 46
643123 39715 7683 50868 246 7 8 9613 39496 9630 65410 24947 35693 8275 138 224 209 233 243 171 209 209 243 170 235 201 144 3 240 67
643122 39715 7682 50884 246 7 8 9612 39496 9630 65410 24947 35693 8275 172 138 224 209 233 243 171 209 209 243 170 235 201 144 3 240
643119 39715 7679 50884 246 4 8 9612 39496 9630 65410 24947 35693 8275 128 193 3 172 138 224 209 233 243 171 209 209 243 170 235 201
643116 39715 7676 50884 246 196 8 9612 39496 9630 65410 24947 35693 8275 128 225 63 128 193 3 172 138 224 209 233 243 171 209 209 243
643114 39715 7674 50884 246 0 8 9612 39496 9630 65410 24947 35693 8275 138 200 128 225 63 128 193 3 172 138 224 209 233 243 171 209
643104 39715 7664 50884 246 0 8 9612 39496 9630 65410 24947 35693 8275 117 8 37 63 0 64 3 248 235 222 138 200 128 225 63 128
643102 39715 7662 50884 246 0 8 9612 39496 9630 65410 24947 35693 8275 168 64 117 8 37 63 0 64 3 248 235 222 138 200 128 225
643087 39715 7647 50884 246 0 8 9612 39496 9630 65410 24947 35693 8275 117 13 138 200 65 209 233 243 165 209 209 243 164 235 234 168
643085 39715 7645 50884 246 0 8 9612 39496 9630 65410 24947 35693 8275 168 128 117 13 138 200 65 209 233 243 165 209 209 243 164 235
643084 39715 7644 50691 246 0 8 9611 39496 9630 65410 24947 35693 8275 172 168 128 117 13 138 200 65 209 233 243 165 209 209 243 164
643082 39715 7642 50691 246 0 8 9611 39496 9630 65410 24947 35693 8275 116 54 172 168 128 117 13 138 200 65 209 233 243 165 209 209
643080 39715 7640 50691 246 0 8 9611 39496 9630 65410 24947 35693 8275 59 245 116 54 172 168 128 117 13 138 200 65 209 233 243 165
643100 39715 7660 50691 246 0 8 9611 39496 9630 65410 24947 35693 8275 235 234 168 64 117 8 37 63 0 64 3 248 235 222 138 200
643098 39715 7658 50691 246 0 8 9611 39496 9630 65410 24947 35693 8275 243 164 235 234 168 64 117 8 37 63 0 64 3 248 235 222
643096 39715 7656 50691 246 0 8 9611 39496 9630 65410 24947 35693 8275 209 209 243 164 235 234 168 64 117 8 37 63 0 64 3 248
643094 39715 7654 50691 246 2 8 9607 39492 9630 65410 24947 35693 8275 243 165 209 209 243 164 235 234 168 64 117 8 37 63 0 64
643092 39715 7652 50691 246 4 8 9607 39492 9630 65410 24947 35693 8275 209 233 243 165 209 209 243 164 235 234 168 64 117 8 37 63
643091 39715 7651 50691 246 3 8 9607 39492 9630 65410 24947 35693 8275 65 209 233 243 165 209 209 243 164 235 234 168 64 117 8 37
643089 39715 7649 50691 246 0 8 9607 39492 9630 65410 24947 35693 8275 138 200 65 209 233 243 165 209 209 243 164 235 234 168 64 117
643087 39715 7647 50691 246 0 8 9607 39492 9630 65410 24947 35693 8275 117 13 138 200 65 209 233 243 165 209 209 243 164 235 234 168
643085 39715 7645 50691 246 0 8 9607 39492 9630 65410 24947 35693 8275 168 128 117 13 138 200 65 209 233 243 165 209 209 243 164 235
643084 39715 7644 50886 246 0 8 9606 39492 9630 65410 24947 35693 8275 172 168 128 117 13 138 200 65 209 233 243 165 209 209 243 164
643082 39715 7642 50886 246 0 8 9606 39492 9630 65410 24947 35693 8275 116 54 172 168 128 117 13 138 200 65 209 233 243 165 209 209
643080 39715 7640 50886 246 0 8 9606 39492 9630 65410 24947 35693 8275 59 245 116 54 172 168 128 117 13 138 200 65 209 233 243 165
643133 39715 7693 50886 246 0 8 9606 39492 9630 65410 24947 35693 8275 235 201 144 3 240 67 67 46 255 14 100 11 117 163 144 195
643131 39715 7691 50886 246 1 8 9606 39491 9630 65410 24947 35693 8275 243 170 235 201 144 3 240 67 67 46 255 14 100 11 117 163
643129 39715 7689 50886 246 0 8 9606 39491 9630 65410 24947 35693 8275 209 209 243 170 235 201 144 3 240 67 67 46 255 14 100 11
643127 39715 7687 50886 246 2 8 9606 39487 9630 65410 24947 35693 8275 243 171 209 209 243 170 235 201 144 3 240 67 67 46 255 14
643125 39715 7685 50886 246 5 8 9606 39487 9630 65410 24947 35693 8275 209 233 243 171 209 209 243 170 235 201 144 3 240 67 67 46
643123 39715 7683 46278 246 5 8 9606 39487 9630 65410 24947 35693 8275 138 224 209 233 243 171 209 209 243 170 235 201 144 3 240 67
643122 39715 7682 46274 246 5 8 9605 39487 9630 65410 24947 35693 8275 172 138 224 209 233 243 171 209 209 243 170 235 201 144 3 240
643119 39715 7679 46274 246 2 8 9605 39487 9630 65410 24947 35693 8275 128 193 3 172 138 224 209 233 243 171 209 209 243 170 235 201
643116 39715 7676 46274 246 194 8 9605 39487 9630 65410 24947 35693 8275 128 225 63 128 193 3 172 138 224 209 233 243 171 209 209 243
643114 39715 7674 46274 246 0 8 9605 39487 9630 65410 24947 35693 8275 138 200 128 225 63 128 193 3 172 138 224 209 233 243 171 209
643104 39715 7664 46274 246 0 8 9605 39487 9630 65410 24947 35693 8275 117 8 37 63 0 64 3 248 235 222 138 200 128 225 63 128
643102 39715 7662 46274 246 0 8 9605 39487 9630 65410 24947 35693 8275 168 64 117 8 37 63 0 64 3 248 235 222 138 200 128 225
643087 39715 7647 46274 246 0 8 9605 39487 9630 65410 24947 35693 8275 117 13 138 200 65 209 233 243 165 209 209 243 164 235 234 168
643085 39715 7645 46274 246 0 8 9605 39487 9630 65410 24947 35693 8275 168 128 117 13 138 200 65 209 233 243 165 209 209 243 164 235
643084 39715 7644 46260 246 0 8 9604 39487 9630 65410 24947 35693 8275 172 168 128 117 13 138 200 65 209 233 243 165 209 209 243 164
643082 39715 7642 46260 246 0 8 9604 39487 9630 65410 24947 35693 8275 116 54 172 168 128 117 13 138 200 65 209 233 243 165 209 209
643080 39715 7640 46260 246 0 8 9604 39487 9630 65410 24947 35693 8275 59 245 116 54 172 168 128 117 13 138 200 65 209 233 243 165
643133 39715 7693 46260 246 0 8 9604 39487 9630 65410 24947 35693 8275 235 201 144 3 240 67 67 46 255 14 100 11 117 163 144 195
643131 39715 7691 46260 246 0 8 9604 39487 9630 65410 24947 35693 8275 243 170 235 201 144 3 240 67 67 46 255 14 100 11 117 163
643129 39715 7689 46260 246 0 8 9604 39487 9630 65410 24947 35693 8275 209 209 243 170 235 201 144 3 240 67 67 46 255 14 100 11
643127 39715 7687 46260 246 2 8 9604 39483 9630 65410 24947 35693 8275 243 171 209 209 243 170 235 201 144 3 240 67 67 46 255 14
643125 39715 7685 46260 246 4 8 9604 39483 9630 65410 24947 35693 8275 209 233 243 171 209 209 243 170 235 201 144 3 240 67 67 46
643123 39715 7683 50868 246 4 8 9604 39483 9630 65410 24947 35693 8275 138 224 209 233 243 171 209 209 243 170 235 201 144 3 240 67
643122 39715 7682 50881 246 4 8 9603 39483 9630 65410 24947 35693 8275 172 138 224 209 233 243 171 209 209 243 170 235 201 144 3 240
643119 39715 7679 50881 246 1 8 9603 39483 9630 65410 24947 35693 8275 128 193 3 172 138 224 209 233 243 171 209 209 243 170 235 201
643116 39715 7676 50881 246 193 8 9603 39483 9630 65410 24947 35693 8275 128 225 63 128 193 3 172 138 224 209 233 243 171 209 209 243
643114 39715 7674 50881 246 0 8 9603 39483 9630 65410 24947 35693 8275 138 200 128 225 63 128 193 3 172 138 224 209 233 243 171 209
643104 39715 7664 50881 246 0 8 9603 39483 9630 65410 24947 35693 8275 117 8 37 63 0 64 3 248 235 222 138 200 128 225 63 128
643102 39715 7662 50881 246 0 8 9603 39483 9630 65410 24947 35693 8275 168 64 117 8 37 63 0 64 3 248 235 222 138 200 128 225
643087 39715 7647 50881 246 0 8 9603 39483 9630 65410 24947 35693 8275 117 13 138 200 65 209 233 243 165 209 209 243 164 235 234 168
643085 39715 7645 50881 246 0 8 9603 39483 9630 65410 24947 35693 8275 168 128 117 13 138 200 65 209 233 243 165 209 209 243 164 235
643084 39715 7644 50886 246 0 8 9602 39483 9630 65410 24947 35693 8275 172 168 128 117 13 138 200 65 209 233 243 165 209 209 243 164
643082 39715 7642 50886 246 0 8 9602 39483 9630 65410 24947 35693 8275 116 54 172 168 128 117 13 138 200 65 209 233 243 165 209 209
643080 39715 7640 50886 246 0 8 9602 39483 9630 65410 24947 35693 8275 59 245 116 54 172 168 128 117 13 138 200 65 209 233 243 165
643133 39715 7693 50886 246 0 8 9602 39483 9630 65410 24947 35693 8275 235 201 144 3 240 67 67 46 255 14 100 11 117 163 144 195
643131 39715 7691 50886 246 0 8 9602 39483 9630 65410 24947 35693 8275 243 170 235 201 144 3 240 67 67 46 255 14 100 11 117 163
643129 39715 7689 50886 246 0 8 9602 39483 9630 65410 24947 35693 8275 209 209 243 170 235 201 144 3 240 67 67 46 255 14 100 11
643127 39715 7687 50886 246 12 8 9602 39459 9630 65410 24947 35693 8275 243 171 209 209 243 170 235 201 144 3 240 67 67 46 255 14
643125 39715 7685 50886 246 24 8 9602 39459 9630 65410 24947 35693 8275 209 233 243 171 209 209 243 170 235 201 144 3 240 67 67 46
643123 39715 7683 46278 246 24 8 9602 39459 9630 65410 24947 35693 8275 138 224 209 233 243 171 209 209 243 170 235 201 144 3 240 67
643122 39715 7682 46293 246 24 8 9601 39459 9630 65410 24947 35693 8275 172 138 224 209 233 243 171 209 209 243 170 235 201 144 3 240
643119 39715 7679 46293 246 21 8 9601 39459 9630 65410 24947 35693 8275 128 193 3 172 138 224 209 233 243 171 209 209 243 170 235 201
643116 39715 7676 46293 246 213 8 9601 39459 9630 65410 24947 35693 8275 128 225 63 128 193 3 172 138 224 209 233 243 171 209 209 243
643114 39715 7674 46293 246 0 8 9601 39459 9630 65410 24947 35693 8275 138 200 128 225 63 128 193 3 172 138 224 209 233 243 171 209
643104 39715 7664 46293 246 0 8 9601 39459 9630 65410 24947 35693 8275 117 8 37 63 0 64 3 248 235 222 138 200 128 225 63 128
643102 39715 7662 46293 246 0 8 9601 39459 9630 65410 24947 35693 8275 168 64 117 8 37 63 0 64 3 248 235 222 138 200 128 225
643087 39715 7647 46293 246 0 8 9601 39459 9630 65410 24947 35693 8275 117 13 138 200 65 209 233 243 165 209 209 243 164 235 234 168
643085 39715 7645 46293 246 0 8 9601 39459 9630 65410 24947 35693 8275 168 128 117 13 138 200 65 209 233 243 165 209 209 243 164 235
643084 39715 7644 46260 246 0 8 9600 39459 9630 65410 24947 35693 8275 172 168 128 117 13 138 200 65 209 233 243 165 209 209 243 164
643082 39715 7642 46260 246 0 8 9600 39459 9630 65410 24947 35693 8275 116 54 172 168 128 117 13 138 200 65 209 233 243 165 209 209
643080 39715 7640 46260 246 0 8 9600 39459 9630 65410 24947 35693 8275 59 245 116 54 172 168 128 117 13 138 200 65 209 233 243 165
643133 39715 7693 46260 246 0 8 9600 39459 9630 65410 24947 35693 8275 235 201 144 3 240 67 67 46 255 14 100 11 117 163 144 195
643131 39715 7691 46260 246 1 8 9600 39458 9630 65410 24947 35693 8275 243 170 235 201 144 3 240 67 67 46 255 14 100 11 117 163
643129 39715 7689 46260 246 0 8 9600 39458 9630 65410 24947 35693 8275 209 209 243 170 235 201 144 3 240 67 67 46 255 14 100 11
643127 39715 7687 46260 246 3 8 9600 39452 9630 65410 24947 35693 8275 243 171 209 209 243 170 235 201 144 3 240 67 67 46 255 14
643125 39715 7685 46260 246 7 8 9600 39452 9630 65410 24947 35693 8275 209 233 243 171 209 209 243 170 235 201 144 3 240 67 67 46
643123 39715 7683 50868 246 7 8 9600 39452 9630 65410 24947 35693 8275 138 224 209 233 243 171 209 209 243 170 235 201 144 3 240 67
643122 39715 7682 50884 246 7 8 9599 39452 9630 65410 24947 35693 8275 172 138 224 209 233 243 171 209 209 243 170 235 201 144 3 240
643119 39715 7679 50884 246 4 8 9599 39452 9630 65410 24947 35693 8275 128 193 3 172 138 224 209 233 243 171 209 209 243 170 235 201
643116 39715 7676 50884 246 196 8 9599 39452 9630 65410 24947 35693 8275 128 225 63 128 193 3 172 138 224 209 233 243 171 209 209 243
643114 39715 7674 50884 246 0 8 9599 39452 9630 65410 24947 35693 8275 138 200 128 225 63 128 193 3 172 138 224 209 233 243 171 209
643104 39715 7664 50884 246 0 8 9599 39452 9630 65410 24947 35693 8275 117 8 37 63 0 64 3 248 235 222 138 200 128 225 63 128
643102 39715 7662 50884 246 0 8 9599 39452 9630 65410 24947 35693 8275 168 64 117 8 37 63 0 64 3 248 235 222 138 200 128 225
643087 39715 7647 50884 246 0 8 9599 39452 9630 65410 24947 35693 8275 117 13 138 200 65 209 233 243 165 209 209 243 164 235 234 168
643085 39715 7645 50884 246 0 8 9599 39452 9630 65410 24947 35693 8275 168 128 117 13 138 200 65 209 233 243 165 209 209 243 164 235
643084 39715 7644 50886 246 0 8 9598 39452 9630 65410 24947 35693 8275 172 168 128 117 13 138 200 65 209 233 243 165 209 209 243 164
643082 39715 7642 50886 246 0 8 9598 39452 9630 65410 24947 35693 8275 116 54 172 168 128 117 13 138 200 65 209 233 243 165 209 209
643080 39715 7640 50886 246 0 8 9598 39452 9630 65410 24947 35693 8275 59 245 116 54 172 168 128 117 13 138 200 65 209 233 243 165
643133 39715 7693 50886 246 0 8 9598 39452 9630 65410 24947 35693 8275 235 201 144 3 240 67 67 46 255 14 100 11 117 163 144 195
643131 39715 7691 50886 246 1 8 9598 39451 9630 65410 24947 35693 8275 243 170 235 201 144 3 240 67 67 46 255 14 100 11 117 163
643129 39715 7689 50886 246 0 8 9598 39451 9630 65410 24947 35693 8275 209 209 243 170 235 201 144 3 240 67 67 46 255 14 100 11
643127 39715 7687 50886 246 8 8 9598 39435 9630 65410 24947 35693 8275 243 171 209 209 243 170 235 201 144 3 240 67 67 46 255 14
643125 39715 7685 50886 246 17 8 9598 39435 9630 65410 24947 35693 8275 209 233 243 171 209 209 243 170 235 201 144 3 240 67 67 46
643123 39715 7683 46278 246 17 8 9598 39435 9630 65410 24947 35693 8275 138 224 209 233 243 171 209 209 243 170 235 201 144 3 240 67
643122 39715 7682 46286 246 17 8 9597 39435 9630 65410 24947 35693 8275 172 138 224 209 233 243 171 209 209 243 170 235 201 144 3 240
643119 39715 7679 46286 246 14 8 9597 39435 9630 65410 24947 35693 8275 128 193 3 172 138 224 209 233 243 171 209 209 243 170 235 201
643116 39715 7676 46286 246 206 8 9597 39435 9630 65410 24947 35693 8275 128 225 63 128 193 3 172 138 224 209 233 243 171 209 209 243
643114 39715 7674 46286 246 0 8 9597 39435 9630 65410 24947 35693 8275 138 200 128 225 63 128 193 3 172 138 224 209 233 243 171 209
643104 39715 7664 46286 246 0 8 9597 39435 9630 65410 24947 35693 8275 117 8 37 63 0 64 3 248 235 222 138 200 128 225 63 128
643102 39715 7662 46286 246 0 8 9597 39435 9630 65410 24947 35693 8275 168 64 117 8 37 63 0 64 3 248 235 222 138 200 128 225
643087 39715 7647 46286 246 0 8 9597 39435 9630 65410 24947 35693 8275 117 13 138 200 65 209 233 243 165 209 209 243 164 235 234 168
643085 39715 7645 46286 246 0 8 9597 39435 9630 65410 24947 35693 8275 168 128 117 13 138 200 65 209 233 243 165 209 209 243 164 235
643084 39715 7644 46260 246 0 8 9596 39435 9630 65410 24947 35693 8275 172 168 128 117 13 138 200 65 209 233 243 165 209 209 243 164
643082 39715 7642 46260 246 0 8 9596 39435 9630 65410 24947 35693 8275 116 54 172 168 128 117 13 138 200 65 209 233 243 165 209 209
643080 39715 7640 46260 246 0 8 9596 39435 9630 65410 24947 35693 8275 59 245 116 54 172 168 128 117 13 138 200 65 209 233 243 165
643133 39715 7693 46260 246 0 8 9596 39435 9630 65410 24947 35693 8275 235 201 144 3 240 67 67 46 255 14 100 11 117 163 144 195
643131 39715 7691 46260 246 1 8 9596 39434 9630 65410 24947 35693 8275 243 170 235 201 144 3 240 67 67 46 255 14 100 11 117 163
643129 39715 7689 46260 246 0 8 9596 39434 9630 65410 24947 35693 8275 209 209 243 170 235 201 144 3 240 67 67 46 255 14 100 11
643127 39715 7687 46260 246 1 8 9596 39432 9630 65410 24947 35693 8275 243 171 209 209 243 170 235 201 144 3 240 67 67 46 255 14
643125 39715 7685 46260 246 3 8 9596 39432 9630 65410 24947 35693 8275 209 233 243 171 209 209 243 170 235 201 144 3 240 67 67 46
643123 39715 7683 50868 246 3 8 9596 39432 9630 65410 24947 35693 8275 138 224 209 233 243 171 209 209 243 170 235 201 144 3 240 67
643122 39715 7682 50880 246 3 8 9595 39432 9630 65410 24947 35693 8275 172 138 224 209 233 243 171 209 209 243 170 235 201 144 3 240
643119 39715 7679 50880 246 0 8 9595 39432 9630 65410 24947 35693 8275 128 193 3 172 138 224 209 233 243 171 209 209 243 170 235 201
643116 39715 7676 50880 246 192 8 9595 39432 9630 65410 24947 35693 8275 128 225 63 128 193 3 172 138 224 209 233 243 171 209 209 243
643114 39715 7674 50880 246 0 8 9595 39432 9630 65410 24947 35693 8275 138 200 128 225 63 128 193 3 172 138 224 209 233 243 171 209
643104 39715 7664 50880 246 0 8 9595 39432 9630 65410 24947 35693 8275 117 8 37 63 0 64 3 248 235 222 138 200 128 225 63 128
643102 39715 7662 50880 246 0 8 9595 39432 9630 65410 24947 35693 8275 168 64 117 8 37 63 0 64 3 248 235 222 138 200 128 225
643087 39715 7647 50880 246 0 8 9595 39432 9630 65410 24947 35693 8275 117 13 138 200 65 209 233 243 165 209 209 243 164 235 234 168
643085 39715 7645 50880 246 0 8 9595 39432 9630 65410 24947 35693 8275 168 128 117 13 138 200 65 209 233 243 165 209 209 243 164 235
643084 39715 7644 50886 246 0 8 9594 39432 9630 65410 24947 35693 8275 172 168 128 117 13 138 200 65 209 233 243 165 209 209 243 164
643082 39715 7642 50886 246 0 8 9594 39432 9630 65410 24947 35693 8275 116 54 172 168 128 117 13 138 200 65 209 233 243 165 209 209
643080 39715 7640 50886 246 0 8 9594 39432 9630 65410 24947 35693 8275 59 245 116 54 172 168 128 117 13 138 200 65 209 233 243 165
643133 39715 7693 50886 246 0 8 9594 39432 9630 65410 24947 35693 8275 235 201 144 3 240 67 67 46 255 14 100 11 117 163 144 195
643131 39715 7691 50886 246 0 8 9594 39432 9630 65410 24947 35693 8275 243 170 235 201 144 3 240 67 67 46 255 14 100 11 117 163
643129 39715 7689 50886 246 0 8 9594 39432 9630 65410 24947 35693 8275 209 209 243 170 235 201 144 3 240 67 67 46 255 14 100 11
643127 39715 7687 50886 246 6 8 9594 39420 9630 65410 24947 35693 8275 243 171 209 209 243 170 235 201 144 3 240 67 67 46 255 14
643125 39715 7685 50886 246 12 8 9594 39420 9630 65410 24947 35693 8275 209 233 243 171 209 209 243 170 235 201 144 3 240 67 67 46
643123 39715 7683 46278 246 12 8 9594 39420 9630 65410 24947 35693 8275 138 224 209 233 243 171 209 209 243 170 235 201 144 3 240 67
643122 39715 7682 46281 246 12 8 9593 39420 9630 65410 24947 35693 8275 172 138 224 209 233 243 171 209 209 243 170 235 201 144 3 240
643119 39715 7679 46281 246 9 8 9593 39420 9630 65410 24947 35693 8275 128 193 3 172 138 224 209 233 243 171 209 209 243 170 235 201
643116 39715 7676 46281 246 201 8 9593 39420 9630 65410 24947 35693 8275 128 225 63 128 193 3 172 138 224 209 233 243 171 209 209 243
643114 39715 7674 46281 246 0 8 9593 39420 9630 65410 24947 35693 8275 138 200 128 225 63 128 193 3 172 138 224 209 233 243 171 209
643104 39715 7664 46281 246 0 8 9593 39420 9630 65410 24947 35693 8275 117 8 37 63 0 64 3 248 235 222 138 200 128 225 63 128
643102 39715 7662 46281 246 0 8 9593 39420 9630 65410 24947 35693 8275 168 64 117 8 37 63 0 64 3 248 235 222 138 200 128 225
643087 39715 7647 46281 246 0 8 9593 39420 9630 65410 24947 35693 8275 117 13 138 200 65 209 233 243 165 209 209 243 164 235 234 168
643085 39715 7645 46281 246 0 8 9593 39420 9630 65410 24947 35693 8275 168 128 117 13 138 200 65 209 233 243 165 209 209 243 164 235
643084 39715 7644 46260 246 0 8 9592 39420 9630 65410 24947 35693 8275 172 168 128 117 13 138 200 65 209 233 243 165 209 209 243 164
643082 39715 7642 46260 246 0 8 9592 39420 9630 65410 24947 35693 8275 116 54 172 168 128 117 13 138 200 65 209 233 243 165 209 209
643080 39715 7640 46260 246 0 8 9592 39420 9630 65410 24947 35693 8275 59 245 116 54 172 168 128 117 13 138 200 65 209 233 243 165
643133 39715 7693 46260 246 0 8 9592 39420 9630 65410 24947 35693 8275 235 201 144 3 240 67 67 46 255 14 100 11 117 163 144 195
643131 39715 7691 46260 246 0 8 9592 39420 9630 65410 24947 35693 8275 243 170 235 201 144 3 240 67 67 46 255 14 100 11 117 163
643129 39715 7689 46260 246 0 8 9592 39420 9630 65410 24947 35693 8275 209 209 243 170 235 201 144 3 240 67 67 46 255 14 100 11
643127 39715 7687 46260 246 2 8 9592 39416 9630 65410 24947 35693 8275 243 171 209 209 243 170 235 201 144 3 240 67 67 46 255 14
643125 39715 7685 46260 246 4 8 9592 39416 9630 65410 24947 35693 8275 209 233 243 171 209 209 243 170 235 201 144 3 240 67 67 46
643123 39715 7683 46260 246 4 8 9592 39416 9630 65410 24947 35693 8275 138 224 209 233 243 171 209 209 243 170 235 201 144 3 240 67
643122 39715 7682 46273 246 4 8 9591 39416 9630 65410 24947 35693 8275 172 138 224 209 233 243 171 209 209 243 170 235 201 144 3 240
643119 39715 7679 46273 246 1 8 9591 39416 9630 65410 24947 35693 8275 128 193 3 172 138 224 209 233 243 171 209 209 243 170 235 201
643116 39715 7676 46273 246 193 8 9591 39416 9630 65410 24947 35693 8275 128 225 63 128 193 3 172 138 224 209 233 243 171 209 209 243
643114 39715 7674 46273 246 0 8 9591 39416 9630 65410 24947 35693 8275 138 200 128 225 63 128 193 3 172 138 224 209 233 243 171 209
643104 39715 7664 46273 246 0 8 9591 39416 9630 65410 24947 35693 8275 117 8 37 63 0 64 3 248 235 222 138 200 128 225 63 128
643102 39715 7662 46273 246 0 8 9591 39416 9630 65410 24947 35693 8275 168 64 117 8 37 63 0 64 3 248 235 222 138 200 128 225
643087 39715 7647 46273 246 0 8 9591 39416 9630 65410 24947 35693 8275 117 13 138 200 65 209 233 243 165 209 209 243 164 235 234 168
643085 39715 7645 46273 246 0 8 9591 39416 9630 65410 24947 35693 8275 168 128 117 13 138 200 65 209 233 243 165 209 209 243 164 235
643084 39715 7644 46082 246 0 8 9590 39416 9630 65410 24947 35693 8275 172 168 128 117 13 138 200 65 209 233 243 165 209 209 243 164
643082 39715 7642 46082 246 0 8 9590 39416 9630 65410 24947 35693 8275 116 54 172 168 128 117 13 138 200 65 209 233 243 165 209 209
643080 39715 7640 46082 246 0 8 9590 39416 9630 65410 24947 35693 8275 59 245 116 54 172 168 128 117 13 138 200 65 209 233 243 165
643100 39715 7660 46082 246 0 8 9590 39416 9630 65410 24947 35693 8275 235 234 168 64 117 8 37 63 0 64 3 248 235 222 138 200
643098 39715 7658 46082 246 1 8 9589 39415 9630 65410 24947 35693 8275 243 164 235 234 168 64 117 8 37 63 0 64 3 248 235 222
643096 39715 7656 46082 246 0 8 9589 39415 9630 65410 24947 35693 8275 209 209 243 164 235 234 168 64 117 8 37 63 0 64 3 248
643094 39715 7654 46082 246 1 8 9587 39413 9630 65410 24947 35693 8275 243 165 209 209 243 164 235 234 168 64 117 8 37 63 0 64
643092 39715 7652 46082 246 3 8 9587 39413 9630 65410 24947 35693 8275 209 233 243 165 209 209 243 164 235 234 168 64 117 8 37 63
643091 39715 7651 46082 246 2 8 9587 39413 9630 65410 24947 35693 8275 65 209 233 243 165 209 209 243 164 235 234 168 64 117 8 37
643089 39715 7649 46082 246 0 8 9587 39413 9630 65410 24947 35693 8275 138 200 65 209 233 243 165 209 209 243 164 235 234 168 64 117
643087 39715 7647 46082 246 0 8 9587 39413 9630 65410 24947 35693 8275 117 13 138 200 65 209 233 243 165 209 209 243 164 235 234 168
643085 39715 7645 46082 246 0 8 9587 39413 9630 65410 24947 35693 8275 168 128 117 13 138 200 65 209 233 243 165 209 209 243 164 235
643084 39715 7644 46260 246 0 8 9586 39413 9630 65410 24947 35693 8275 172 168 128 117 13 138 200 65 209 233 243 165 209 209 243 164
643082 39715 7642 46260 246 0 8 9586 39413 9630 65410 24947 35693 8275 116 54 172 168 128 117 13 138 200 65 209 233 243 165 209 209
643080 39715 7640 46260 246 0 8 9586 39413 9630 65410 24947 35693 8275 59 245 116 54 172 168 128 117 13 138 200 65 209 233 243 165
643133 39715 7693 46260 246 0 8 9586 39413 9630 65410 24947 35693 8275 235 201 144 3 240 67 67 46 255 14 100 11 117 163 144 195
643131 39715 7691 46260 246 1 8 9586 39412 9630 65410 24947 35693 8275 243 170 235 201 144 3 240 67 67 46 255 14 100 11 117 163
643129 39715 7689 46260 246 0 8 9586 39412 9630 65410 24947 35693 8275 209 209 243 170 235 201 144 3 240 67 67 46 255 14 100 11
643127 39715 7687 46260 246 13 8 9586 39386 9630 65410 24947 35693 8275 243 171 209 209 243 170 235 201 144 3 240 67 67 46 255 14
643125 39715 7685 46260 246 27 8 9586 39386 9630 65410 24947 35693 8275 209 233 243 171 209 209 243 170 235 201 144 3 240 67 67 46
643123 39715 7683 46260 246 27 8 9586 39386 9630 65410 24947 35693 8275 138 224 209 233 243 171 209 209 243 170 235 201 144 3 240 67
643122 39715 7682 46296 246 27 8 9585 39386 9630 65410 24947 35693 8275 172 138 224 209 233 243 171 209 209 243 170 235 201 144 3 240
643119 39715 7679 46296 246 24 8 9585 39386 9630 65410 24947 35693 8275 128 193 3 172 138 224 209 233 243 171 209 209 243 170 235 201
643116 39715 7676 46296 246 216 8 9585 39386 9630 65410 24947 35693 8275 128 225 63 128 193 3 172 138 224 209 233 243 171 209 209 243
643114 39715 7674 46296 246 0 8 9585 39386 9630 65410 24947 35693 8275 138 200 128 225 63 128 193 3 172 138 224 209 233 243 171 209
643104 39715 7664 46296 246 0 8 9585 39386 9630 65410 24947 35693 8275 117 8 37 63 0 64 3 248 235 222 138 200 128 225 63 128
643102 39715 7662 46296 246 0 8 9585 39386 9630 65410 24947 35693 8275 168 64 117 8 37 63 0 64 3 248 235 222 138 200 128 225
643087 39715 7647 46296 246 0 8 9585 39386 9630 65410 24947 35693 8275 117 13 138 200 65 209 233 243 165 209 209 243 164 235 234 168
643085 39715 7645 46296 246 0 8 9585 39386 9630 65410 24947 35693 8275 168 128 117 13 138 200 65 209 233 243 165 209 209 243 164 235
643084 39715 7644 46080 246 0 8 9584 39386 9630 65410 24947 35693 8275 172 168 128 117 13 138 200 65 209 233 243 165 209 209 243 164
643082 39715 7642 46080 246 0 8 9584 39386 9630 65410 24947 35693 8275 116 54 172 168 128 117 13 138 200 65 209 233 243 165 209 209
643080 39715 7640 46080 246 0 8 9584 39386 9630 65410 24947 35693 8275 59 245 116 54 172 168 128 117 13 138 200 65 209 233 243 165
643100 39715 7660 46080 246 0 8 9584 39386 9630 65410 24947 35693 8275 235 234 168 64 117 8 37 63 0 64 3 248 235 222 138 200
643098 39715 7658 46080 246 1 8 9583 39385 9630 65410 24947 35693 8275 243 164 235 234 168 64 117 8 37 63 0 64 3 248 235 222
643096 39715 7656 46080 246 0 8 9583 39385 9630 65410 24947 35693 8275 209 209 243 164 235 234 168 64 117 8 37 63 0 64 3 248
643094 39715 7654 46080 246 0 8 9583 39385 9630 65410 24947 35693 8275 243 165 209 209 243 164 235 234 168 64 117 8 37 63 0 64
643092 39715 7652 46080 246 1 8 9583 39385 9630 65410 24947 35693 8275 209 233 243 165 209 209 243 164 235 234 168 64 117 8 37 63
643091 39715 7651 46080 246 0 8 9583 39385 9630 65410 24947 35693 8275 65 209 233 243 165 209 209 243 164 235 234 168 64 117 8 37
643089 39715 7649 46080 246 0 8 9583 39385 9630 65410 24947 35693 8275 138 200 65 209 233 243 165 209 209 243 164 235 234 168 64 117
643087 39715 7647 46080 246 0 8 9583 39385 9630 65410 24947 35693 8275 117 13 138 200 65 209 233 243 165 209 209 243 164 235 234 168
643085 39715 7645 46080 246 0 8 9583 39385 9630 65410 24947 35693 8275 168 128 117 13 138 200 65 209 233 243 165 209 209 243 164 235
643084 39715 7644 46260 246 0 8 9582 39385 9630 65410 24947 35693 8275 172 168 128 117 13 138 200 65 209 233 243 165 209 209 243 164
643082 39715 7642 46260 246 0 8 9582 39385 9630 65410 24947 35693 8275 116 54 172 168 128 117 13 138 200 65 209 233 243 165 209 209
643080 39715 7640 46260 246 0 8 9582 39385 9630 65410 24947 35693 8275 59 245 116 54 172 168 128 117 13 138 200 65 209 233 243 165
643133 39715 7693 46260 246 0 8 9582 39385 9630 65410 24947 35693 8275 235 201 144 3 240 67 67 46 255 14 100 11 117 163 144 195
643131 39715 7691 46260 246 1 8 9582 39384 9630 65410 24947 35693 8275 243 170 235 201 144 3 240 67 67 46 255 14 100 11 117 163
643129 39715 7689 46260 246 0 8 9582 39384 9630 65410 24947 35693 8275 209 209 243 170 235 201 144 3 240 67 67 46 255 14 100 11
643127 39715 7687 46260 246 8 8 9582 39368 9630 65410 24947 35693 8275 243 171 209 209 243 170 235 201 144 3 240 67 67 46 255 14
643125 39715 7685 46260 246 17 8 9582 39368 9630 65410 24947 35693 8275 209 233 243 171 209 209 243 170 235 201 144 3 240 67 67 46
643123 39715 7683 180 246 17 8 9582 39368 9630 65410 24947 35693 8275 138 224 209 233 243 171 209 209 243 170 235 201 144 3 240 67
643122 39715 7682 206 246 17 8 9581 39368 9630 65410 24947 35693 8275 172 138 224 209 233 243 171 209 209 243 170 235 201 144 3 240
643119 39715 7679 206 246 14 8 9581 39368 9630 65410 24947 35693 8275 128 193 3 172 138 224 209 233 243 171 209 209 243 170 235 201
643116 39715 7676 206 246 206 8 9581 39368 9630 65410 24947 35693 8275 128 225 63 128 193 3 172 138 224 209 233 243 171 209 209 243
643114 39715 7674 206 246 0 8 9581 39368 9630 65410 24947 35693 8275 138 200 128 225 63 128 193 3 172 138 224 209 233 243 171 209
643104 39715 7664 206 246 0 8 9581 39368 9630 65410 24947 35693 8275 117 8 37 63 0 64 3 248 235 222 138 200 128 225 63 128
643102 39715 7662 206 246 0 8 9581 39368 9630 65410 24947 35693 8275 168 64 117 8 37 63 0 64 3 248 235 222 138 200 128 225
643087 39715 7647 206 246 0 8 9581 39368 9630 65410 24947 35693 8275 117 13 138 200 65 209 233 243 165 209 209 243 164 235 234 168
643085 39715 7645 206 246 0 8 9581 39368 9630 65410 24947 35693 8275 168 128 117 13 138 200 65 209 233 243 165 209 209 243 164 235
643084 39715 7644 0 246 0 8 9580 39368 9630 65410 24947 35693 8275 172 168 128 117 13 138 200 65 209 233 243 165 209 209 243 164
643082 39715 7642 0 246 0 8 9580 39368 9630 65410 24947 35693 8275 116 54 172 168 128 117 13 138 200 65 209 233 243 165 209 209
643080 39715 7640 0 246 0 8 9580 39368 9630 65410 24947 35693 8275 59 245 116 54 172 168 128 117 13 138 200 65 209 233 243 165
643079 39715 7639 0 246 0 8 9580 39368 9630 65410 24947 35693 8275 144 59 245 116 54 172 168 128 117 13 138 200 65 209 233 243
643077 39715 7637 0 246 0 8 9580 39368 9630 65410 24947 35693 8275 3 248 144 59 245 116 54 172 168 128 117 13 138 200 65 209
643076 39715 7636 52 246 0 8 9578 39368 9630 65410 24947 35693 8275 173 3 248 144 59 245 116 54 172 168 128 117 13 138 200 65
643074 39715 7634 52 246 0 8 9578 39360 9630 65410 24947 35693 8275 3 250 173 3 248 144 59 245 116 54 172 168 128 117 13 138
643069 39715 7629 52 246 0 8 9578 39264 9630 65410 24947 35693 8275 46 139 191 156 6 3 250 173 3 248 144 59 245 116 54 172
643067 39715 7627 52 246 0 8 9578 39264 9578 65410 24947 35693 8275 3 232 46 139 191 156 6 3 250 173 3 248 144 59 245 116
643065 39715 7625 52 246 0 8 9578 39264 9576 65410 24947 35693 8275 139 238 3 232 46 139 191 156 6 3 250 173 3 248 144 59
643063 39715 7623 52 246 0 8 9578 39264 9576 65410 24947 35693 8275 115 71 139 238 3 232 46 139 191 156 6 3 250 173 3 248
643059 39715 7619 52 246 0 8 9578 39264 9576 65410 24947 35693 8275 129 251 144 1 115 71 139 238 3 232 46 139 191 156 6 3
643057 39715 7617 52 246 0 8 9578 39264 9576 65410 24947 35693 8275 116 79 129 251 144 1 115 71 139 238 3 232 46 139 191 156
643055 39715 7615 52 246 0 8 9578 39264 9576 65410 24947 35693 8275 11 192 116 79 129 251 144 1 115 71 139 238 3 232 46 139
643054 39715 7614 46517 246 0 8 9576 39264 9576 65410 24947 35693 8275 173 11 192 116 79 129 251 144 1 115 71 139 238 3 232 46
643145 39715 7705 46517 246 0 8 9576 39264 9576 65410 24947 35693 8275 117 163 144 195 144 86 83 81 139 52 232 12 0 89 91 94
643140 39715 7700 46517 246 0 8 9576 39264 9576 65410 24947 35693 8275 46 255 14 100 11 117 163 144 195 144 86 83 81 139 52 232
643139 39715 7699 46517 245 0 8 9576 39264 9576 65410 24947 35693 8275 67 46 255 14 100 11 117 163 144 195 144 86 83 81 139 52
643138 39715 7698 46517 244 0 8 9576 39264 9576 65410 24947 35693 8275 67 67 46 255 14 100 11 117 163 144 195 144 86 83 81 139
643082 39715 7642 46517 244 0 8 9576 39264 9576 65410 24947 35693 8275 116 54 172 168 128 117 13 138 200 65 209 233 243 165 209 209
643080 39715 7640 46517 244 0 8 9576 39264 9576 65410 24947 35693 8275 59 245 116 54 172 168 128 117 13 138 200 65 209 233 243 165
643133 39715 7693 46517 244 0 8 9576 39264 9576 65410 24947 35693 8275 235 201 144 3 240 67 67 46 255 14 100 11 117 163 144 195
643131 39715 7691 46517 244 1 8 9576 39263 9576 65410 24947 35693 8275 243 170 235 201 144 3 240 67 67 46 255 14 100 11 117 163
643129 39715 7689 46517 244 0 8 9576 39263 9576 65410 24947 35693 8275 209 209 243 170 235 201 144 3 240 67 67 46 255 14 100 11
643127 39715 7687 46517 244 10 8 9576 39243 9576 65410 24947 35693 8275 243 171 209 209 243 170 235 201 144 3 240 67 67 46 255 14
643125 39715 7685 46517 244 21 8 9576 39243 9576 65410 24947 35693 8275 209 233 243 171 209 209 243 170 235 201 144 3 240 67 67 46
643123 39715 7683 46517 244 21 8 9576 39243 9576 65410 24947 35693 8275 138 224 209 233 243 171 209 209 243 170 235 201 144 3 240 67
643122 39715 7682 46546 244 21 8 9575 39243 9576 65410 24947 35693 8275 172 138 224 209 233 243 171 209 209 243 170 235 201 144 3 240
643119 39715 7679 46546 244 18 8 9575 39243 9576 65410 24947 35693 8275 128 193 3 172 138 224 209 233 243 171 209 209 243 170 235 201
643116 39715 7676 46546 244 210 8 9575 39243 9576 65410 24947 35693 8275 128 225 63 128 193 3 172 138 224 209 233 243 171 209 209 243
643114 39715 7674 46546 244 0 8 9575 39243 9576 65410 24947 35693 8275 138 200 128 225 63 128 193 3 172 138 224 209 233 243 171 209
643104 39715 7664 46546 244 0 8 9575 39243 9576 65410 24947 35693 8275 117 8 37 63 0 64 3 248 235 222 138 200 128 225 63 128
643102 39715 7662 46546 244 0 8 9575 39243 9576 65410 24947 35693 8275 168 64 117 8 37 63 0 64 3 248 235 222 138 200 128 225
643087 39715 7647 46546 244 0 8 9575 39243 9576 65410 24947 35693 8275 117 13 138 200 65 209 233 243 165 209 209 243 164 235 234 168
643085 39715 7645 46546 244 0 8 9575 39243 9576 65410 24947 35693 8275 168 128 117 13 138 200 65 209 233 243 165 209 209 243 164 235
643084 39715 7644 46337 244 0 8 9574 39243 9576 65410 24947 35693 8275 172 168 128 117 13 138 200 65 209 233 243 165 209 209 243 164
643082 39715 7642 46337 244 0 8 9574 39243 9576 65410 24947 35693 8275 116 54 172 168 128 117 13 138 200 65 209 233 243 165 209 209
643080 39715 7640 46337 244 0 8 9574 39243 9576 65410 24947 35693 8275 59 245 116 54 172 168 128 117 13 138 200 65 209 233 243 165
643100 39715 7660 46337 244 0 8 9574 39243 9576 65410 24947 35693 8275 235 234 168 64 117 8 37 63 0 64 3 248 235 222 138 200
643098 39715 7658 46337 244 0 8 9574 39243 9576 65410 24947 35693 8275 243 164 235 234 168 64 117 8 37 63 0 64 3 248 235 222
643096 39715 7656 46337 244 0 8 9574 39243 9576 65410 24947 35693 8275 209 209 243 164 235 234 168 64 117 8 37 63 0 64 3 248
643094 39715 7654 46337 244 1 8 9572 39241 9576 65410 24947 35693 8275 243 165 209 209 243 164 235 234 168 64 117 8 37 63 0 64
643092 39715 7652 46337 244 2 8 9572 39241 9576 65410 24947 35693 8275 209 233 243 165 209 209 243 164 235 234 168 64 117 8 37 63
643091 39715 7651 46337 244 1 8 9572 39241 9576 65410 24947 35693 8275 65 209 233 243 165 209 209 243 164 235 234 168 64 117 8 37
643089 39715 7649 46337 244 0 8 9572 39241 9576 65410 24947 35693 8275 138 200 65 209 233 243 165 209 209 243 164 235 234 168 64 117
643087 39715 7647 46337 244 0 8 9572 39241 9576 65410 24947 35693 8275 117 13 138 200 65 209 233 243 165 209 209 243 164 235 234 168
643085 39715 7645 46337 244 0 8 9572 39241 9576 65410 24947 35693 8275 168 128 117 13 138 200 65 209 233 243 165 209 209 243 164 235
643084 39715 7644 46517 244 0 8 9571 39241 9576 65410 24947 35693 8275 172 168 128 117 13 138 200 65 209 233 243 165 209 209 243 164
643082 39715 7642 46517 244 0 8 9571 39241 9576 65410 24947 35693 8275 116 54 172 168 128 117 13 138 200 65 209 233 243 165 209 209
643080 39715 7640 46517 244 0 8 9571 39241 9576 65410 24947 35693 8275 59 245 116 54 172 168 128 117 13 138 200 65 209 233 243 165
643133 39715 7693 46517 244 0 8 9571 39241 9576 65410 24947 35693 8275 235 201 144 3 240 67 67 46 255 14 100 11 117 163 144 195
643131 39715 7691 46517 244 0 8 9571 39241 9576 65410 24947 35693 8275 243 170 235 201 144 3 240 67 67 46 255 14 100 11 117 163
643129 39715 7689 46517 244 0 8 9571 39241 9576 65410 24947 35693 8275 209 209 243 170 235 201 144 3 240 67 67 46 255 14 100 11
643127 39715 7687 46517 244 12 8 9571 39217 9576 65410 24947 35693 8275 243 171 209 209 243 170 235 201 144 3 240 67 67 46 255 14
643125 39715 7685 46517 244 24 8 9571 39217 9576 65410 24947 35693 8275 209 233 243 171 209 209 243 170 235 201 144 3 240 67 67 46
643123 39715 7683 46517 244 24 8 9571 39217 9576 65410 24947 35693 8275 138 224 209 233 243 171 209 209 243 170 235 201 144 3 240 67
643122 39715 7682 46549 244 24 8 9570 39217 9576 65410 24947 35693 8275 172 138 224 209 233 243 171 209 209 243 170 235 201 144 3 240
643119 39715 7679 46549 244 21 8 9570 39217 9576 65410 24947 35693 8275 128 193 3 172 138 224 209 233 243 171 209 209 243 170 235 201
643116 39715 7676 46549 244 213 8 9570 39217 9576 65410 24947 35693 8275 128 225 63 128 193 3 172 138 224 209 233 243 171 209 209 243
643114 39715 7674 46549 244 0 8 9570 39217 9576 65410 24947 35693 8275 138 200 128 225 63 128 193 3 172 138 224 209 233 243 171 209
643104 39715 7664 46549 244 0 8 9570 39217 9576 65410 24947 35693 8275 117 8 37 63 0 64 3 248 235 222 138 200 128 225 63 128
643102 39715 7662 46549 244 0 8 9570 39217 9576 65410 24947 35693 8275 168 64 117 8 37 63 0 64 3 248 235 222 138 200 128 225
643087 39715 7647 46549 244 0 8 9570 39217 9576 65410 24947 35693 8275 117 13 138 200 65 209 233 243 165 209 209 243 164 235 234 168
643085 39715 7645 46549 244 0 8 9570 39217 9576 65410 24947 35693 8275 168 128 117 13 138 200 65 209 233 243 165 209 209 243 164 235
643084 39715 7644 46337 244 0 8 9569 39217 9576 65410 24947 35693 8275 172 168 128 117 13 138 200 65 209 233 243 165 209 209 243 164
643082 39715 7642 46337 244 0 8 9569 39217 9576 65410 24947 35693 8275 116 54 172 168 128 117 13 138 200 65 209 233 243 165 209 209
643080 39715 7640 46337 244 0 8 9569 39217 9576 65410 24947 35693 8275 59 245 116 54 172 168 128 117 13 138 200 65 209 233 243 165
643100 39715 7660 46337 244 0 8 9569 39217 9576 65410 24947 35693 8275 235 234 168 64 117 8 37 63 0 64 3 248 235 222 138 200
643098 39715 7658 46337 244 0 8 9569 39217 9576 65410 24947 35693 8275 243 164 235 234 168 64 117 8 37 63 0 64 3 248 235 222
643096 39715 7656 46337 244 0 8 9569 39217 9576 65410 24947 35693 8275 209 209 243 164 235 234 168 64 117 8 37 63 0 64 3 248
643094 39715 7654 46337 244 1 8 9567 39215 9576 65410 24947 35693 8275 243 165 209 209 243 164 235 234 168 64 117 8 37 63 0 64
643092 39715 7652 46337 244 2 8 9567 39215 9576 65410 24947 35693 8275 209 233 243 165 209 209 243 164 235 234 168 64 117 8 37 63
643091 39715 7651 46337 244 1 8 9567 39215 9576 65410 24947 35693 8275 65 209 233 243 165 209 209 243 164 235 234 168 64 117 8 37
643089 39715 7649 46337 244 0 8 9567 39215 9576 65410 24947 35693 8275 138 200 65 209 233 243 165 209 209 243 164 235 234 168 64 117
643087 39715 7647 46337 244 0 8 9567 39215 9576 65410 24947 35693 8275 117 13 138 200 65 209 233 243 165 209 209 243 164 235 234 168
643085 39715 7645 46337 244 0 8 9567 39215 9576 65410 24947 35693 8275 168 128 117 13 138 200 65 209 233 243 165 209 209 243 164 235
643084 39715 7644 46517 244 0 8 9566 39215 9576 65410 24947 35693 8275 172 168 128 117 13 138 200 65 209 233 243 165 209 209 243 164
643082 39715 7642 46517 244 0 8 9566 39215 9576 65410 24947 35693 8275 116 54 172 168 128 117 13 138 200 65 209 233 243 165 209 209
643080 39715 7640 46517 244 0 8 9566 39215 9576 65410 24947 35693 8275 59 245 116 54 172 168 128 117 13 138 200 65 209 233 243 165
643133 39715 7693 46517 244 0 8 9566 39215 9576 65410 24947 35693 8275 235 201 144 3 240 67 67 46 255 14 100 11 117 163 144 195
643131 39715 7691 46517 244 1 8 9566 39214 9576 65410 24947 35693 8275 243 170 235 201 144 3 240 67 67 46 255 14 100 11 117 163
643129 39715 7689 46517 244 0 8 9566 39214 9576 65410 24947 35693 8275 209 209 243 170 235 201 144 3 240 67 67 46 255 14 100 11
643127 39715 7687 46517 244 9 8 9566 39196 9576 65410 24947 35693 8275 243 171 209 209 243 170 235 201 144 3 240 67 67 46 255 14
643125 39715 7685 46517 244 19 8 9566 39196 9576 65410 24947 35693 8275 209 233 243 171 209 209 243 170 235 201 144 3 240 67 67 46
643123 39715 7683 46261 244 19 8 9566 39196 9576 65410 24947 35693 8275 138 224 209 233 243 171 209 209 243 170 235 201 144 3 240 67
643122 39715 7682 46288 244 19 8 9565 39196 9576 65410 24947 35693 8275 172 138 224 209 233 243 171 209 209 243 170 235 201 144 3 240
643119 39715 7679 46288 244 16 8 9565 39196 9576 65410 24947 35693 8275 128 193 3 172 138 224 209 233 243 171 209 209 243 170 235 201
643116 39715 7676 46288 244 208 8 9565 39196 9576 65410 24947 35693 8275 128 225 63 128 193 3 172 138 224 209 233 243 171 209 209 243
643114 39715 7674 46288 244 0 8 9565 39196 9576 65410 24947 35693 8275 138 200 128 225 63 128 193 3 172 138 224 209 233 243 171 209
643104 39715 7664 46288 244 0 8 9565 39196 9576 65410 24947 35693 8275 117 8 37 63 0 64 3 248 235 222 138 200 128 225 63 128
643102 39715 7662 46288 244 0 8 9565 39196 9576 65410 24947 35693 8275 168 64 117 8 37 63 0 64 3 248 235 222 138 200 128 225
643087 39715 7647 46288 244 0 8 9565 39196 9576 65410 24947 35693 8275 117 13 138 200 65 209 233 243 165 209 209 243 164 235 234 168
643085 39715 7645 46288 244 0 8 9565 39196 9576 65410 24947 35693 8275 168 128 117 13 138 200 65 209 233 243 165 209 209 243 164 235
643084 39715 7644 46260 244 0 8 9564 39196 9576 65410 24947 35693 8275 172 168 128 117 13 138 200 65 209 233 243 165 209 209 243 164
643082 39715 7642 46260 244 0 8 9564 39196 9576 65410 24947 35693 8275 116 54 172 168 128 117 13 138 200 65 209 233 243 165 209 209
643080 39715 7640 46260 244 0 8 9564 39196 9576 65410 24947 35693 8275 59 245 116 54 172 168 128 117 13 138 200 65 209 233 243 165
643133 39715 7693 46260 244 0 8 9564 39196 9576 65410 24947 35693 8275 235 201 144 3 240 67 67 46 255 14 100 11 117 163 144 195
643131 39715 7691 46260 244 1 8 9564 39195 9576 65410 24947 35693 8275 243 170 235 201 144 3 240 67 67 46 255 14 100 11 117 163
643129 39715 7689 46260 244 0 8 9564 39195 9576 65410 24947 35693 8275 209 209 243 170 235 201 144 3 240 67 67 46 255 14 100 11
643127 39715 7687 46260 244 4 8 9564 39187 9576 65410 24947 35693 8275 243 171 209 209 243 170 235 201 144 3 240 67 67 46 255 14
643125 39715 7685 46260 244 9 8 9564 39187 9576 65410 24947 35693 8275 209 233 243 171 209 209 243 170 235 201 144 3 240 67 67 46
643123 39715 7683 46516 244 9 8 9564 39187 9576 65410 24947 35693 8275 138 224 209 233 243 171 209 209 243 170 235 201 144 3 240 67
643122 39715 7682 46534 244 9 8 9563 39187 9576 65410 24947 35693 8275 172 138 224 209 233 243 171 209 209 243 170 235 201 144 3 240
643119 39715 7679 46534 244 6 8 9563 39187 9576 65410 24947 35693 8275 128 193 3 172 138 224 209 233 243 171 209 209 243 170 235 201
643116 39715 7676 46534 244 198 8 9563 39187 9576 65410 24947 35693 8275 128 225 63 128 193 3 172 138 224 209 233 243 171 209 209 243
643114 39715 7674 46534 244 0 8 9563 39187 9576 65410 24947 35693 8275 138 200 128 225 63 128 193 3 172 138 224 209 233 243 171 209
643104 39715 7664 46534 244 0 8 9563 39187 9576 65410 24947 35693 8275 117 8 37 63 0 64 3 248 235 222 138 200 128 225 63 128
643102 39715 7662 46534 244 0 8 9563 39187 9576 65410 24947 35693 8275 168 64 117 8 37 63 0 64 3 248 235 222 138 200 128 225
643087 39715 7647 46534 244 0 8 9563 39187 9576 65410 24947 35693 8275 117 13 138 200 65 209 233 243 165 209 209 243 164 235 234 168
643085 39715 7645 46534 244 0 8 9563 39187 9576 65410 24947 35693 8275 168 128 117 13 138 200 65 209 233 243 165 209 209 243 164 235
643084 39715 7644 46517 244 0 8 9562 39187 9576 65410 24947 35693 8275 172 168 128 117 13 138 200 65 209 233 243 165 209 209 243 164
643082 39715 7642 46517 244 0 8 9562 39187 9576 65410 24947 35693 8275 116 54 172 168 128 117 13 138 200 65 209 233 243 165 209 209
643080 39715 7640 46517 244 0 8 9562 39187 9576 65410 24947 35693 8275 59 245 116 54 172 168 128 117 13 138 200 65 209 233 243 165
643133 39715 7693 46517 244 0 8 9562 39187 9576 65410 24947 35693 8275 235 201 144 3 240 67 67 46 255 14 100 11 117 163 144 195
643131 39715 7691 46517 244 0 8 9562 39187 9576 65410 24947 35693 8275 243 170 235 201 144 3 240 67 67 46 255 14 100 11 117 163
643129 39715 7689 46517 244 0 8 9562 39187 9576 65410 24947 35693 8275 209 209 243 170 235 201 144 3 240 67 67 46 255 14 100 11
643127 39715 7687 46517 244 2 8 9562 39183 9576 65410 24947 35693 8275 243 171 209 209 243 170 235 201 144 3 240 67 67 46 255 14
643125 39715 7685 46517 244 4 8 9562 39183 9576 65410 24947 35693 8275 209 233 243 171 209 209 243 170 235 201 144 3 240 67 67 46
643123 39715 7683 46261 244 4 8 9562 39183 9576 65410 24947 35693 8275 138 224 209 233 243 171 209 209 243 170 235 201 144 3 240 67
643122 39715 7682 46273 244 4 8 9561 39183 9576 65410 24947 35693 8275 172 138 224 209 233 243 171 209 209 243 170 235 201 144 3 240
643119 39715 7679 46273 244 1 8 9561 39183 9576 65410 24947 35693 8275 128 193 3 172 138 224 209 233 243 171 209 209 243 170 235 201
643116 39715 7676 46273 244 193 8 9561 39183 9576 65410 24947 35693 8275 128 225 63 128 193 3 172 138 224 209 233 243 171 209 209 243
643114 39715 7674 46273 244 0 8 9561 39183 9576 65410 24947 35693 8275 138 200 128 225 63 128 193 3 172 138 224 209 233 243 171 209
643104 39715 7664 46273 244 0 8 9561 39183 9576 65410 24947 35693 8275 117 8 37 63 0 64 3 248 235 222 138 200 128 225 63 128
643102 39715 7662 46273 244 0 8 9561 39183 9576 65410 24947 35693 8275 168 64 117 8 37 63 0 64 3 248 235 222 138 200 128 225
643087 39715 7647 46273 244 0 8 9561 39183 9576 65410 24947 35693 8275 117 13 138 200 65 209 233 243 165 209 209 243 164 235 234 168
643085 39715 7645 46273 244 0 8 9561 39183 9576 65410 24947 35693 8275 168 128 117 13 138 200 65 209 233 243 165 209 209 243 164 235
643084 39715 7644 46260 244 0 8 9560 39183 9576 65410 24947 35693 8275 172 168 128 117 13 138 200 65 209 233 243 165 209 209 243 164
643082 39715 7642 46260 244 0 8 9560 39183 9576 65410 24947 35693 8275 116 54 172 168 128 117 13 138 200 65 209 233 243 165 209 209
643080 39715 7640 46260 244 0 8 9560 39183 9576 65410 24947 35693 8275 59 245 116 54 172 168 128 117 13 138 200 65 209 233 243 165
643133 39715 7693 46260 244 0 8 9560 39183 9576 65410 24947 35693 8275 235 201 144 3 240 67 67 46 255 14 100 11 117 163 144 195
643131 39715 7691 46260 244 0 8 9560 39183 9576 65410 24947 35693 8275 243 170 235 201 144 3 240 67 67 46 255 14 100 11 117 163
643129 39715 7689 46260 244 0 8 9560 39183 9576 65410 24947 35693 8275 209 209 243 170 235 201 144 3 240 67 67 46 255 14 100 11
643127 39715 7687 46260 244 4 8 9560 39175 9576 65410 24947 35693 8275 243 171 209 209 243 170 235 201 144 3 240 67 67 46 255 14
643125 39715 7685 46260 244 8 8 9560 39175 9576 65410 24947 35693 8275 209 233 243 171 209 209 243 170 235 201 144 3 240 67 67 46
643123 39715 7683 46260 244 8 8 9560 39175 9576 65410 24947 35693 8275 138 224 209 233 243 171 209 209 243 170 235 201 144 3 240 67
643122 39715 7682 46277 244 8 8 9559 39175 9576 65410 24947 35693 8275 172 138 224 209 233 243 171 209 209 243 170 235 201 144 3 240
643119 39715 7679 46277 244 5 8 9559 39175 9576 65410 24947 35693 8275 128 193 3 172 138 224 209 233 243 171 209 209 243 170 235 201
643116 39715 7676 46277 244 197 8 9559 39175 9576 65410 24947 35693 8275 128 225 63 128 193 3 172 138 224 209 233 243 171 209 209 243
643114 39715 7674 46277 244 0 8 9559 39175 9576 65410 24947 35693 8275 138 200 128 225 63 128 193 3 172 138 224 209 233 243 171 209
643104 39715 7664 46277 244 0 8 9559 39175 9576 65410 24947 35693 8275 117 8 37 63 0 64 3 248 235 222 138 200 128 225 63 128
643102 39715 7662 46277 244 0 8 9559 39175 9576 65410 24947 35693 8275 168 64 117 8 37 63 0 64 3 248 235 222 138 200 128 225
643087 39715 7647 46277 244 0 8 9559 39175 9576 65410 24947 35693 8275 117 13 138 200 65 209 233 243 165 209 209 243 164 235 234 168
643085 39715 7645 46277 244 0 8 9559 39175 9576 65410 24947 35693 8275 168 128 117 13 138 200 65 209 233 243 165 209 209 243 164 235
643084 39715 7644 46083 244 0 8 9558 39175 9576 65410 24947 35693 8275 172 168 128 117 13 138 200 65 209 233 243 165 209 209 243 164
643082 39715 7642 46083 244 0 8 9558 39175 9576 65410 24947 35693 8275 116 54 172 168 128 117 13 138 200 65 209 233 243 165 209 209
643080 39715 7640 46083 244 0 8 9558 39175 9576 65410 24947 35693 8275 59 245 116 54 172 168 128 117 13 138 200 65 209 233 243 165
643100 39715 7660 46083 244 0 8 9558 39175 9576 65410 24947 35693 8275 235 234 168 64 117 8 37 63 0 64 3 248 235 222 138 200
643098 39715 7658 46083 244 0 8 9558 39175 9576 65410 24947 35693 8275 243 164 235 234 168 64 117 8 37 63 0 64 3 248 235 222
643096 39715 7656 46083 244 0 8 9558 39175 9576 65410 24947 35693 8275 209 209 243 164 235 234 168 64 117 8 37 63 0 64 3 248
643094 39715 7654 46083 244 2 8 9554 39171 9576 65410 24947 35693 8275 243 165 209 209 243 164 235 234 168 64 117 8 37 63 0 64
643092 39715 7652 46083 244 4 8 9554 39171 9576 65410 24947 35693 8275 209 233 243 165 209 209 243 164 235 234 168 64 117 8 37 63
643091 39715 7651 46083 244 3 8 9554 39171 9576 65410 24947 35693 8275 65 209 233 243 165 209 209 243 164 235 234 168 64 117 8 37
643089 39715 7649 46083 244 0 8 9554 39171 9576 65410 24947 35693 8275 138 200 65 209 233 243 165 209 209 243 164 235 234 168 64 117
643087 39715 7647 46083 244 0 8 9554 39171 9576 65410 24947 35693 8275 117 13 138 200 65 209 233 243 165 209 209 243 164 235 234 168
643085 39715 7645 46083 244 0 8 9554 39171 9576 65410 24947 35693 8275 168 128 117 13 138 200 65 209 233 243 165 209 209 243 164 235
643084 39715 7644 46260 244 0 8 9553 39171 9576 65410 24947 35693 8275 172 168 128 117 13 138 200 65 209 233 243 165 209 209 243 164
643082 39715 7642 46260 244 0 8 9553 39171 9576 65410 24947 35693 8275 116 54 172 168 128 117 13 138 200 65 209 233 243 165 209 209
643080 39715 7640 46260 244 0 8 9553 39171 9576 65410 24947 35693 8275 59 245 116 54 172 168 128 117 13 138 200 65 209 233 243 165
643133 39715 7693 46260 244 0 8 9553 39171 9576 65410 24947 35693 8275 235 201 144 3 240 67 67 46 255 14 100 11 117 163 144 195
643131 39715 7691 46260 244 1 8 9553 39170 9576 65410 24947 35693 8275 243 170 235 201 144 3 240 67 67 46 255 14 100 11 117 163
643129 39715 7689 46260 244 0 8 9553 39170 9576 65410 24947 35693 8275 209 209 243 170 235 201 144 3 240 67 67 46 255 14 100 11
643127 39715 7687 46260 244 3 8 9553 39164 9576 65410 24947 35693 8275 243 171 209 209 243 170 235 201 144 3 240 67 67 46 255 14
643125 39715 7685 46260 244 7 8 9553 39164 9576 65410 24947 35693 8275 209 233 243 171 209 209 243 170 235 201 144 3 240 67 67 46
643123 39715 7683 46516 244 7 8 9553 39164 9576 65410 24947 35693 8275 138 224 209 233 243 171 209 209 243 170 235 201 144 3 240 67
643122 39715 7682 46532 244 7 8 9552 39164 9576 65410 24947 35693 8275 172 138 224 209 233 243 171 209 209 243 170 235 201 144 3 240
643119 39715 7679 46532 244 4 8 9552 39164 9576 65410 24947 35693 8275 128 193 3 172 138 224 209 233 243 171 209 209 243 170 235 201
643116 39715 7676 46532 244 196 8 9552 39164 9576 65410 24947 35693 8275 128 225 63 128 193 3 172 138 224 209 233 243 171 209 209 243
643114 39715 7674 46532 244 0 8 9552 39164 9576 65410 24947 35693 8275 138 200 128 225 63 128 193 3 172 138 224 209 233 243 171 209
643104 39715 7664 46532 244 0 8 9552 39164 9576 65410 24947 35693 8275 117 8 37 63 0 64 3 248 235 222 138 200 128 225 63 128
643102 39715 7662 46532 244 0 8 9552 39164 9576 65410 24947 35693 8275 168 64 117 8 37 63 0 64 3 248 235 222 138 200 128 225
643087 39715 7647 46532 244 0 8 9552 39164 9576 65410 24947 35693 8275 117 13 138 200 65 209 233 243 165 209 209 243 164 235 234 168
643085 39715 7645 46532 244 0 8 9552 39164 9576 65410 24947 35693 8275 168 128 117 13 138 200 65 209 233 243 165 209 209 243 164 235
643084 39715 7644 46517 244 0 8 9551 39164 9576 65410 24947 35693 8275 172 168 128 117 13 138 200 65 209 233 243 165 209 209 243 164
643082 39715 7642 46517 244 0 8 9551 39164 9576 65410 24947 35693 8275 116 54 172 168 128 117 13 138 200 65 209 233 243 165 209 209
643080 39715 7640 46517 244 0 8 9551 39164 9576 65410 24947 35693 8275 59 245 116 54 172 168 128 117 13 138 200 65 209 233 243 165
643133 39715 7693 46517 244 0 8 9551 39164 9576 65410 24947 35693 8275 235 201 144 3 240 67 67 46 255 14 100 11 117 163 144 195
643131 39715 7691 46517 244 1 8 9551 39163 9576 65410 24947 35693 8275 243 170 235 201 144 3 240 67 67 46 255 14 100 11 117 163
643129 39715 7689 46517 244 0 8 9551 39163 9576 65410 24947 35693 8275 209 209 243 170 235 201 144 3 240 67 67 46 255 14 100 11
643127 39715 7687 46517 244 1 8 9551 39161 9576 65410 24947 35693 8275 243 171 209 209 243 170 235 201 144 3 240 67 67 46 255 14
643125 39715 7685 46517 244 3 8 9551 39161 9576 65410 24947 35693 8275 209 233 243 171 209 209 243 170 235 201 144 3 240 67 67 46
643123 39715 7683 46261 244 3 8 9551 39161 9576 65410 24947 35693 8275 138 224 209 233 243 171 209 209 243 170 235 201 144 3 240 67
643122 39715 7682 46272 244 3 8 9550 39161 9576 65410 24947 35693 8275 172 138 224 209 233 243 171 209 209 243 170 235 201 144 3 240
643119 39715 7679 46272 244 0 8 9550 39161 9576 65410 24947 35693 8275 128 193 3 172 138 224 209 233 243 171 209 209 243 170 235 201
643116 39715 7676 46272 244 192 8 9550 39161 9576 65410 24947 35693 8275 128 225 63 128 193 3 172 138 224 209 233 243 171 209 209 243
643114 39715 7674 46272 244 0 8 9550 39161 9576 65410 24947 35693 8275 138 200 128 225 63 128 193 3 172 138 224 209 233 243 171 209
643104 39715 7664 46272 244 0 8 9550 39161 9576 65410 24947 35693 8275 117 8 37 63 0 64 3 248 235 222 138 200 128 225 63 128
643102 39715 7662 46272 244 0 8 9550 39161 9576 65410 24947 35693 8275 168 64 117 8 37 63 0 64 3 248 235 222 138 200 128 225
643087 39715 7647 46272 244 0 8 9550 39161 9576 65410 24947 35693 8275 117 13 138 200 65 209 233 243 165 209 209 243 164 235 234 168
643085 39715 7645 46272 244 0 8 9550 39161 9576 65410 24947 35693 8275 168 128 117 13 138 200 65 209 233 243 165 209 209 243 164 235
643084 39715 7644 46260 244 0 8 9549 39161 9576 65410 24947 35693 8275 172 168 128 117 13 138 200 65 209 233 243 165 209 209 243 164
643082 39715 7642 46260 244 0 8 9549 39161 9576 65410 24947 35693 8275 116 54 172 168 128 117 13 138 200 65 209 233 243 165 209 209
643080 39715 7640 46260 244 0 8 9549 39161 9576 65410 24947 35693 8275 59 245 116 54 172 168 128 117 13 138 200 65 209 233 243 165
643133 39715 7693 46260 244 0 8 9549 39161 9576 65410 24947 35693 8275 235 201 144 3 240 67 67 46 255 14 100 11 117 163 144 195
643131 39715 7691 46260 244 0 8 9549 39161 9576 65410 24947 35693 8275 243 170 235 201 144 3 240 67 67 46 255 14 100 11 117 163
643129 39715 7689 46260 244 0 8 9549 39161 9576 65410 24947 35693 8275 209 209 243 170 235 201 144 3 240 67 67 46 255 14 100 11
643127 39715 7687 46260 244 8 8 9549 39145 9576 65410 24947 35693 8275 243 171 209 209 243 170 235 201 144 3 240 67 67 46 255 14
643125 39715 7685 46260 244 16 8 9549 39145 9576 65410 24947 35693 8275 209 233 243 171 209 209 243 170 235 201 144 3 240 67 67 46
643123 39715 7683 46260 244 16 8 9549 39145 9576 65410 24947 35693 8275 138 224 209 233 243 171 209 209 243 170 235 201 144 3 240 67
643122 39715 7682 46285 244 16 8 9548 39145 9576 65410 24947 35693 8275 172 138 224 209 233 243 171 209 209 243 170 235 201 144 3 240
643119 39715 7679 46285 244 13 8 9548 39145 9576 65410 24947 35693 8275 128 193 3 172 138 224 209 233 243 171 209 209 243 170 235 201
643116 39715 7676 46285 244 205 8 9548 39145 9576 65410 24947 35693 8275 128 225 63 128 193 3 172 138 224 209 233 243 171 209 209 243
643114 39715 7674 46285 244 0 8 9548 39145 9576 65410 24947 35693 8275 138 200 128 225 63 128 193 3 172 138 224 209 233 243 171 209
643104 39715 7664 46285 244 0 8 9548 39145 9576 65410 24947 35693 8275 117 8 37 63 0 64 3 248 235 222 138 200 128 225 63 128
643102 39715 7662 46285 244 0 8 9548 39145 9576 65410 24947 35693 8275 168 64 117 8 37 63 0 64 3 248 235 222 138 200 128 225
643087 39715 7647 46285 244 0 8 9548 39145 9576 65410 24947 35693 8275 117 13 138 200 65 209 233 243 165 209 209 243 164 235 234 168
643085 39715 7645 46285 244 0 8 9548 39145 9576 65410 24947 35693 8275 168 128 117 13 138 200 65 209 233 243 165 209 209 243 164 235
643084 39715 7644 46081 244 0 8 9547 39145 9576 65410 24947 35693 8275 172 168 128 117 13 138 200 65 209 233 243 165 209 209 243 164
643082 39715 7642 46081 244 0 8 9547 39145 9576 65410 24947 35693 8275 116 54 172 168 128 117 13 138 200 65 209 233 243 165 209 209
643080 39715 7640 46081 244 0 8 9547 39145 9576 65410 24947 35693 8275 59 245 116 54 172 168 128 117 13 138 200 65 209 233 243 165
643100 39715 7660 46081 244 0 8 9547 39145 9576 65410 24947 35693 8275 235 234 168 64 117 8 37 63 0 64 3 248 235 222 138 200
643098 39715 7658 46081 244 0 8 9547 39145 9576 65410 24947 35693 8275 243 164 235 234 168 64 117 8 37 63 0 64 3 248 235 222
643096 39715 7656 46081 244 0 8 9547 39145 9576 65410 24947 35693 8275 209 209 243 164 235 234 168 64 117 8 37 63 0 64 3 248
643094 39715 7654 46081 244 1 8 9545 39143 9576 65410 24947 35693 8275 243 165 209 209 243 164 235 234 168 64 117 8 37 63 0 64
643092 39715 7652 46081 244 2 8 9545 39143 9576 65410 24947 35693 8275 209 233 243 165 209 209 243 164 235 234 168 64 117 8 37 63
643091 39715 7651 46081 244 1 8 9545 39143 9576 65410 24947 35693 8275 65 209 233 243 165 209 209 243 164 235 234 168 64 117 8 37
643089 39715 7649 46081 244 0 8 9545 39143 9576 65410 24947 35693 8275 138 200 65 209 233 243 165 209 209 243 164 235 234 168 64 117
643087 39715 7647 46081 244 0 8 9545 39143 9576 65410 24947 35693 8275 117 13 138 200 65 209 233 243 165 209 209 243 164 235 234 168
643085 39715 7645 46081 244 0 8 9545 39143 9576 65410 24947 35693 8275 168 128 117 13 138 200 65 209 233 243 165 209 209 243 164 235
643084 39715 7644 46260 244 0 8 9544 39143 9576 65410 24947 35693 8275 172 168 128 117 13 138 200 65 209 233 243 165 209 209 243 164
643082 39715 7642 46260 244 0 8 9544 39143 9576 65410 24947 35693 8275 116 54 172 168 128 117 13 138 200 65 209 233 243 165 209 209
643080 39715 7640 46260 244 0 8 9544 39143 9576 65410 24947 35693 8275 59 245 116 54 172 168 128 117 13 138 200 65 209 233 243 165
643133 39715 7693 46260 244 0 8 9544 39143 9576 65410 24947 35693 8275 235 201 144 3 240 67 67 46 255 14 100 11 117 163 144 195
643131 39715 7691 46260 244 0 8 9544 39143 9576 65410 24947 35693 8275 243 170 235 201 144 3 240 67 67 46 255 14 100 11 117 163
643129 39715 7689 46260 244 0 8 9544 39143 9576 65410 24947 35693 8275 209 209 243 170 235 201 144 3 240 67 67 46 255 14 100 11
643127 39715 7687 46260 244 4 8 9544 39135 9576 65410 24947 35693 8275 243 171 209 209 243 170 235 201 144 3 240 67 67 46 255 14
643125 39715 7685 46260 244 8 8 9544 39135 9576 65410 24947 35693 8275 209 233 243 171 209 209 243 170 235 201 144 3 240 67 67 46
643123 39715 7683 46260 244 8 8 9544 39135 9576 65410 24947 35693 8275 138 224 209 233 243 171 209 209 243 170 235 201 144 3 240 67
643122 39715 7682 46277 244 8 8 9543 39135 9576 65410 24947 35693 8275 172 138 224 209 233 243 171 209 209 243 170 235 201 144 3 240
643119 39715 7679 46277 244 5 8 9543 39135 9576 65410 24947 35693 8275 128 193 3 172 138 224 209 233 243 171 209 209 243 170 235 201
643116 39715 7676 46277 244 197 8 9543 39135 9576 65410 24947 35693 8275 128 225 63 128 193 3 172 138 224 209 233 243 171 209 209 243
643114 39715 7674 46277 244 0 8 9543 39135 9576 65410 24947 35693 8275 138 200 128 225 63 128 193 3 172 138 224 209 233 243 171 209
643104 39715 7664 46277 244 0 8 9543 39135 9576 65410 24947 35693 8275 117 8 37 63 0 64 3 248 235 222 138 200 128 225 63 128
643102 39715 7662 46277 244 0 8 9543 39135 9576 65410 24947 35693 8275 168 64 117 8 37 63 0 64 3 248 235 222 138 200 128 225
643087 39715 7647 46277 244 0 8 9543 39135 9576 65410 24947 35693 8275 117 13 138 200 65 209 233 243 165 209 209 243 164 235 234 168
643085 39715 7645 46277 244 0 8 9543 39135 9576 65410 24947 35693 8275 168 128 117 13 138 200 65 209 233 243 165 209 209 243 164 235
643084 39715 7644 46081 244 0 8 9542 39135 9576 65410 24947 35693 8275 172 168 128 117 13 138 200 65 209 233 243 165 209 209 243 164
643082 39715 7642 46081 244 0 8 9542 39135 9576 65410 24947 35693 8275 116 54 172 168 128 117 13 138 200 65 209 233 243 165 209 209
643080 39715 7640 46081 244 0 8 9542 39135 9576 65410 24947 35693 8275 59 245 116 54 172 168 128 117 13 138 200 65 209 233 243 165
643100 39715 7660 46081 244 0 8 9542 39135 9576 65410 24947 35693 8275 235 234 168 64 117 8 37 63 0 64 3 248 235 222 138 200
643098 39715 7658 46081 244 0 8 9542 39135 9576 65410 24947 35693 8275 243 164 235 234 168 64 117 8 37 63 0 64 3 248 235 222
643096 39715 7656 46081 244 0 8 9542 39135 9576 65410 24947 35693 8275 209 209 243 164 235 234 168 64 117 8 37 63 0 64 3 248
643094 39715 7654 46081 244 1 8 9540 39133 9576 65410 24947 35693 8275 243 165 209 209 243 164 235 234 168 64 117 8 37 63 0 64
643092 39715 7652 46081 244 2 8 9540 39133 9576 65410 24947 35693 8275 209 233 243 165 209 209 243 164 235 234 168 64 117 8 37 63
643091 39715 7651 46081 244 1 8 9540 39133 9576 65410 24947 35693 8275 65 209 233 243 165 209 209 243 164 235 234 168 64 117 8 37
643089 39715 7649 46081 244 0 8 9540 39133 9576 65410 24947 35693 8275 138 200 65 209 233 243 165 209 209 243 164 235 234 168 64 117
643087 39715 7647 46081 244 0 8 9540 39133 9576 65410 24947 35693 8275 117 13 138 200 65 209 233 243 165 209 209 243 164 235 234 168
643085 39715 7645 46081 244 0 8 9540 39133 9576 65410 24947 35693 8275 168 128 117 13 138 200 65 209 233 243 165 209 209 243 164 235
643084 39715 7644 46260 244 0 8 9539 39133 9576 65410 24947 35693 8275 172 168 128 117 13 138 200 65 209 233 243 165 209 209 243 164
643082 39715 7642 46260 244 0 8 9539 39133 9576 65410 24947 35693 8275 116 54 172 168 128 117 13 138 200 65 209 233 243 165 209 209
643080 39715 7640 46260 244 0 8 9539 39133 9576 65410 24947 35693 8275 59 245 116 54 172 168 128 117 13 138 200 65 209 233 243 165
643133 39715 7693 46260 244 0 8 9539 39133 9576 65410 24947 35693 8275 235 201 144 3 240 67 67 46 255 14 100 11 117 163 144 195
643131 39715 7691 46260 244 1 8 9539 39132 9576 65410 24947 35693 8275 243 170 235 201 144 3 240 67 67 46 255 14 100 11 117 163
643129 39715 7689 46260 244 0 8 9539 39132 9576 65410 24947 35693 8275 209 209 243 170 235 201 144 3 240 67 67 46 255 14 100 11
643127 39715 7687 46260 244 4 8 9539 39124 9576 65410 24947 35693 8275 243 171 209 209 243 170 235 201 144 3 240 67 67 46 255 14
643125 39715 7685 46260 244 9 8 9539 39124 9576 65410 24947 35693 8275 209 233 243 171 209 209 243 170 235 201 144 3 240 67 67 46
643123 39715 7683 46260 244 9 8 9539 39124 9576 65410 24947 35693 8275 138 224 209 233 243 171 209 209 243 170 235 201 144 3 240 67
643122 39715 7682 46278 244 9 8 9538 39124 9576 65410 24947 35693 8275 172 138 224 209 233 243 171 209 209 243 170 235 201 144 3 240
643119 39715 7679 46278 244 6 8 9538 39124 9576 65410 24947 35693 8275 128 193 3 172 138 224 209 233 243 171 209 209 243 170 235 201
643116 39715 7676 46278 244 198 8 9538 39124 9576 65410 24947 35693 8275 128 225 63 128 193 3 172 138 224 209 233 243 171 209 209 243
643114 39715 7674 46278 244 0 8 9538 39124 9576 65410 24947 35693 8275 138 200 128 225 63 128 193 3 172 138 224 209 233 243 171 209
643104 39715 7664 46278 244 0 8 9538 39124 9576 65410 24947 35693 8275 117 8 37 63 0 64 3 248 235 222 138 200 128 225 63 128
643102 39715 7662 46278 244 0 8 9538 39124 9576 65410 24947 35693 8275 168 64 117 8 37 63 0 64 3 248 235 222 138 200 128 225
643087 39715 7647 46278 244 0 8 9538 39124 9576 65410 24947 35693 8275 117 13 138 200 65 209 233 243 165 209 209 243 164 235 234 168
643085 39715 7645 46278 244 0 8 9538 39124 9576 65410 24947 35693 8275 168 128 117 13 138 200 65 209 233 243 165 209 209 243 164 235
643084 39715 7644 46081 244 0 8 9537 39124 9576 65410 24947 35693 8275 172 168 128 117 13 138 200 65 209 233 243 165 209 209 243 164
643082 39715 7642 46081 244 0 8 9537 39124 9576 65410 24947 35693 8275 116 54 172 168 128 117 13 138 200 65 209 233 243 165 209 209
643080 39715 7640 46081 244 0 8 9537 39124 9576 65410 24947 35693 8275 59 245 116 54 172 168 128 117 13 138 200 65 209 233 243 165
643100 39715 7660 46081 244 0 8 9537 39124 9576 65410 24947 35693 8275 235 234 168 64 117 8 37 63 0 64 3 248 235 222 138 200
643098 39715 7658 46081 244 0 8 9537 39124 9576 65410 24947 35693 8275 243 164 235 234 168 64 117 8 37 63 0 64 3 248 235 222
643096 39715 7656 46081 244 0 8 9537 39124 9576 65410 24947 35693 8275 209 209 243 164 235 234 168 64 117 8 37 63 0 64 3 248
643094 39715 7654 46081 244 1 8 9535 39122 9576 65410 24947 35693 8275 243 165 209 209 243 164 235 234 168 64 117 8 37 63 0 64
643092 39715 7652 46081 244 2 8 9535 39122 9576 65410 24947 35693 8275 209 233 243 165 209 209 243 164 235 234 168 64 117 8 37 63
643091 39715 7651 46081 244 1 8 9535 39122 9576 65410 24947 35693 8275 65 209 233 243 165 209 209 243 164 235 234 168 64 117 8 37
643089 39715 7649 46081 244 0 8 9535 39122 9576 65410 24947 35693 8275 138 200 65 209 233 243 165 209 209 243 164 235 234 168 64 117
643087 39715 7647 46081 244 0 8 9535 39122 9576 65410 24947 35693 8275 117 13 138 200 65 209 233 243 165 209 209 243 164 235 234 168
643085 39715 7645 46081 244 0 8 9535 39122 9576 65410 24947 35693 8275 168 128 117 13 138 200 65 209 233 243 165 209 209 243 164 235
643084 39715 7644 46260 244 0 8 9534 39122 9576 65410 24947 35693 8275 172 168 128 117 13 138 200 65 209 233 243 165 209 209 243 164
643082 39715 7642 46260 244 0 8 9534 39122 9576 65410 24947 35693 8275 116 54 172 168 128 117 13 138 200 65 209 233 243 165 209 209
643080 39715 7640 46260 244 0 8 9534 39122 9576 65410 24947 35693 8275 59 245 116 54 172 168 128 117 13 138 200 65 209 233 243 165
643133 39715 7693 46260 244 0 8 9534 39122 9576 65410 24947 35693 8275 235 201 144 3 240 67 67 46 255 14 100 11 117 163 144 195
643131 39715 7691 46260 244 1 8 9534 39121 9576 65410 24947 35693 8275 243 170 235 201 144 3 240 67 67 46 255 14 100 11 117 163
643129 39715 7689 46260 244 0 8 9534 39121 9576 65410 24947 35693 8275 209 209 243 170 235 201 144 3 240 67 67 46 255 14 100 11
643127 39715 7687 46260 244 4 8 9534 39113 9576 65410 24947 35693 8275 243 171 209 209 243 170 235 201 144 3 240 67 67 46 255 14
643125 39715 7685 46260 244 9 8 9534 39113 9576 65410 24947 35693 8275 209 233 243 171 209 209 243 170 235 201 144 3 240 67 67 46
643123 39715 7683 46516 244 9 8 9534 39113 9576 65410 24947 35693 8275 138 224 209 233 243 171 209 209 243 170 235 201 144 3 240 67
643122 39715 7682 46534 244 9 8 9533 39113 9576 65410 24947 35693 8275 172 138 224 209 233 243 171 209 209 243 170 235 201 144 3 240
643119 39715 7679 46534 244 6 8 9533 39113 9576 65410 24947 35693 8275 128 193 3 172 138 224 209 233 243 171 209 209 243 170 235 201
643116 39715 7676 46534 244 198 8 9533 39113 9576 65410 24947 35693 8275 128 225 63 128 193 3 172 138 224 209 233 243 171 209 209 243
643114 39715 7674 46534 244 0 8 9533 39113 9576 65410 24947 35693 8275 138 200 128 225 63 128 193 3 172 138 224 209 233 243 171 209
643104 39715 7664 46534 244 0 8 9533 39113 9576 65410 24947 35693 8275 117 8 37 63 0 64 3 248 235 222 138 200 128 225 63 128
643102 39715 7662 46534 244 0 8 9533 39113 9576 65410 24947 35693 8275 168 64 117 8 37 63 0 64 3 248 235 222 138 200 128 225
643087 39715 7647 46534 244 0 8 9533 39113 9576 65410 24947 35693 8275 117 13 138 200 65 209 233 243 165 209 209 243 164 235 234 168
643085 39715 7645 46534 244 0 8 9533 39113 9576 65410 24947 35693 8275 168 128 117 13 138 200 65 209 233 243 165 209 209 243 164 235
643084 39715 7644 46517 244 0 8 9532 39113 9576 65410 24947 35693 8275 172 168 128 117 13 138 200 65 209 233 243 165 209 209 243 164
643082 39715 7642 46517 244 0 8 9532 39113 9576 65410 24947 35693 8275 116 54 172 168 128 117 13 138 200 65 209 233 243 165 209 209
643080 39715 7640 46517 244 0 8 9532 39113 9576 65410 24947 35693 8275 59 245 116 54 172 168 128 117 13 138 200 65 209 233 243 165
643133 39715 7693 46517 244 0 8 9532 39113 9576 65410 24947 35693 8275 235 201 144 3 240 67 67 46 255 14 100 11 117 163 144 195
643131 39715 7691 46517 244 0 8 9532 39113 9576 65410 24947 35693 8275 243 170 235 201 144 3 240 67 67 46 255 14 100 11 117 163
643129 39715 7689 46517 244 0 8 9532 39113 9576 65410 24947 35693 8275 209 209 243 170 235 201 144 3 240 67 67 46 255 14 100 11
643127 39715 7687 46517 244 8 8 9532 39097 9576 65410 24947 35693 8275 243 171 209 209 243 170 235 201 144 3 240 67 67 46 255 14
643125 39715 7685 46517 244 16 8 9532 39097 9576 65410 24947 35693 8275 209 233 243 171 209 209 243 170 235 201 144 3 240 67 67 46
643123 39715 7683 47029 244 16 8 9532 39097 9576 65410 24947 35693 8275 138 224 209 233 243 171 209 209 243 170 235 201 144 3 240 67
643122 39715 7682 47053 244 16 8 9531 39097 9576 65410 24947 35693 8275 172 138 224 209 233 243 171 209 209 243 170 235 201 144 3 240
643119 39715 7679 47053 244 13 8 9531 39097 9576 65410 24947 35693 8275 128 193 3 172 138 224 209 233 243 171 209 209 243 170 235 201
643116 39715 7676 47053 244 205 8 9531 39097 9576 65410 24947 35693 8275 128 225 63 128 193 3 172 138 224 209 233 243 171 209 209 243
643114 39715 7674 47053 244 0 8 9531 39097 9576 65410 24947 35693 8275 138 200 128 225 63 128 193 3 172 138 224 209 233 243 171 209
643104 39715 7664 47053 244 0 8 9531 39097 9576 65410 24947 35693 8275 117 8 37 63 0 64 3 248 235 222 138 200 128 225 63 128
643102 39715 7662 47053 244 0 8 9531 39097 9576 65410 24947 35693 8275 168 64 117 8 37 63 0 64 3 248 235 222 138 200 128 225
643087 39715 7647 47053 244 0 8 9531 39097 9576 65410 24947 35693 8275 117 13 138 200 65 209 233 243 165 209 209 243 164 235 234 168
643085 39715 7645 47053 244 0 8 9531 39097 9576 65410 24947 35693 8275 168 128 117 13 138 200 65 209 233 243 165 209 209 243 164 235
643084 39715 7644 47031 244 0 8 9530 39097 9576 65410 24947 35693 8275 172 168 128 117 13 138 200 65 209 233 243 165 209 209 243 164
643082 39715 7642 47031 244 0 8 9530 39097 9576 65410 24947 35693 8275 116 54 172 168 128 117 13 138 200 65 209 233 243 165 209 209
643080 39715 7640 47031 244 0 8 9530 39097 9576 65410 24947 35693 8275 59 245 116 54 172 168 128 117 13 138 200 65 209 233 243 165
643133 39715 7693 47031 244 0 8 9530 39097 9576 65410 24947 35693 8275 235 201 144 3 240 67 67 46 255 14 100 11 117 163 144 195
643131 39715 7691 47031 244 1 8 9530 39096 9576 65410 24947 35693 8275 243 170 235 201 144 3 240 67 67 46 255 14 100 11 117 163
643129 39715 7689 47031 244 0 8 9530 39096 9576 65410 24947 35693 8275 209 209 243 170 235 201 144 3 240 67 67 46 255 14 100 11
643127 39715 7687 47031 244 24 8 9530 39048 9576 65410 24947 35693 8275 243 171 209 209 243 170 235 201 144 3 240 67 67 46 255 14
643125 39715 7685 47031 244 49 8 9530 39048 9576 65410 24947 35693 8275 209 233 243 171 209 209 243 170 235 201 144 3 240 67 67 46
643123 39715 7683 183 244 49 8 9530 39048 9576 65410 24947 35693 8275 138 224 209 233 243 171 209 209 243 170 235 201 144 3 240 67
643122 39715 7682 238 244 49 8 9529 39048 9576 65410 24947 35693 8275 172 138 224 209 233 243 171 209 209 243 170 235 201 144 3 240
643119 39715 7679 238 244 46 8 9529 39048 9576 65410 24947 35693 8275 128 193 3 172 138 224 209 233 243 171 209 209 243 170 235 201
643116 39715 7676 238 244 238 8 9529 39048 9576 65410 24947 35693 8275 128 225 63 128 193 3 172 138 224 209 233 243 171 209 209 243
643114 39715 7674 238 244 0 8 9529 39048 9576 65410 24947 35693 8275 138 200 128 225 63 128 193 3 172 138 224 209 233 243 171 209
643104 39715 7664 238 244 0 8 9529 39048 9576 65410 24947 35693 8275 117 8 37 63 0 64 3 248 235 222 138 200 128 225 63 128
643102 39715 7662 238 244 0 8 9529 39048 9576 65410 24947 35693 8275 168 64 117 8 37 63 0 64 3 248 235 222 138 200 128 225
643087 39715 7647 238 244 0 8 9529 39048 9576 65410 24947 35693 8275 117 13 138 200 65 209 233 243 165 209 209 243 164 235 234 168
643085 39715 7645 238 244 0 8 9529 39048 9576 65410 24947 35693 8275 168 128 117 13 138 200 65 209 233 243 165 209 209 243 164 235
643084 39715 7644 0 244 0 8 9528 39048 9576 65410 24947 35693 8275 172 168 128 117 13 138 200 65 209 233 243 165 209 209 243 164
643082 39715 7642 0 244 0 8 9528 39048 9576 65410 24947 35693 8275 116 54 172 168 128 117 13 138 200 65 209 233 243 165 209 209
643080 39715 7640 0 244 0 8 9528 39048 9576 65410 24947 35693 8275 59 245 116 54 172 168 128 117 13 138 200 65 209 233 243 165
643079 39715 7639 0 244 0 8 9528 39048 9576 65410 24947 35693 8275 144 59 245 116 54 172 168 128 117 13 138 200 65 209 233 243
643077 39715 7637 0 244 0 8 9528 39048 9576 65410 24947 35693 8275 3 248 144 59 245 116 54 172 168 128 117 13 138 200 65 209
643076 39715 7636 50 244 0 8 9526 39048 9576 65410 24947 35693 8275 173 3 248 144 59 245 116 54 172 168 128 117 13 138 200 65
643074 39715 7634 50 244 0 8 9526 39040 9576 65410 24947 35693 8275 3 250 173 3 248 144 59 245 116 54 172 168 128 117 13 138
643069 39715 7629 50 244 0 8 9526 38944 9576 65410 24947 35693 8275 46 139 191 156 6 3 250 173 3 248 144 59 245 116 54 172
643067 39715 7627 50 244 0 8 9526 38944 9526 65410 24947 35693 8275 3 232 46 139 191 156 6 3 250 173 3 248 144 59 245 116
643065 39715 7625 50 244 0 8 9526 38944 9524 65410 24947 35693 8275 139 238 3 232 46 139 191 156 6 3 250 173 3 248 144 59
643063 39715 7623 50 244 0 8 9526 38944 9524 65410 24947 35693 8275 115 71 139 238 3 232 46 139 191 156 6 3 250 173 3 248
643059 39715 7619 50 244 0 8 9526 38944 9524 65410 24947 35693 8275 129 251 144 1 115 71 139 238 3 232 46 139 191 156 6 3
643057 39715 7617 50 244 0 8 9526 38944 9524 65410 24947 35693 8275 116 79 129 251 144 1 115 71 139 238 3 232 46 139 191 156
643055 39715 7615 50 244 0 8 9526 38944 9524 65410 24947 35693 8275 11 192 116 79 129 251 144 1 115 71 139 238 3 232 46 139
643054 39715 7614 46517 244 0 8 9524 38944 9524 65410 24947 35693 8275 173 11 192 116 79 129 251 144 1 115 71 139 238 3 232 46
643145 39715 7705 46517 244 0 8 9524 38944 9524 65410 24947 35693 8275 117 163 144 195 144 86 83 81 139 52 232 12 0 89 91 94
643140 39715 7700 46517 244 0 8 9524 38944 9524 65410 24947 35693 8275 46 255 14 100 11 117 163 144 195 144 86 83 81 139 52 232
643139 39715 7699 46517 243 0 8 9524 38944 9524 65410 24947 35693 8275 67 46 255 14 100 11 117 163 144 195 144 86 83 81 139 52
643138 39715 7698 46517 242 0 8 9524 38944 9524 65410 24947 35693 8275 67 67 46 255 14 100 11 117 163 144 195 144 86 83 81 139
643082 39715 7642 46517 242 0 8 9524 38944 9524 65410 24947 35693 8275 116 54 172 168 128 117 13 138 200 65 209 233 243 165 209 209
643080 39715 7640 46517 242 0 8 9524 38944 9524 65410 24947 35693 8275 59 245 116 54 172 168 128 117 13 138 200 65 209 233 243 165
643133 39715 7693 46517 242 0 8 9524 38944 9524 65410 24947 35693 8275 235 201 144 3 240 67 67 46 255 14 100 11 117 163 144 195
643131 39715 7691 46517 242 0 8 9524 38944 9524 65410 24947 35693 8275 243 170 235 201 144 3 240 67 67 46 255 14 100 11 117 163
643129 39715 7689 46517 242 0 8 9524 38944 9524 65410 24947 35693 8275 209 209 243 170 235 201 144 3 240 67 67 46 255 14 100 11
643127 39715 7687 46517 242 11 8 9524 38922 9524 65410 24947 35693 8275 243 171 209 209 243 170 235 201 144 3 240 67 67 46 255 14
643125 39715 7685 46517 242 22 8 9524 38922 9524 65410 24947 35693 8275 209 233 243 171 209 209 243 170 235 201 144 3 240 67 67 46
643123 39715 7683 46517 242 22 8 9524 38922 9524 65410 24947 35693 8275 138 224 209 233 243 171 209 209 243 170 235 201 144 3 240 67
643122 39715 7682 46547 242 22 8 9523 38922 9524 65410 24947 35693 8275 172 138 224 209 233 243 171 209 209 243 170 235 201 144 3 240
643119 39715 7679 46547 242 19 8 9523 38922 9524 65410 24947 35693 8275 128 193 3 172 138 224 209 233 243 171 209 209 243 170 235 201
643116 39715 7676 46547 242 211 8 9523 38922 9524 65410 24947 35693 8275 128 225 63 128 193 3 172 138 224 209 233 243 171 209 209 243
643114 39715 7674 46547 242 0 8 9523 38922 9524 65410 24947 35693 8275 138 200 128 225 63 128 193 3 172 138 224 209 233 243 171 209
643104 39715 7664 46547 242 0 8 9523 38922 9524 65410 24947 35693 8275 117 8 37 63 0 64 3 248 235 222 138 200 128 225 63 128
643102 39715 7662 46547 242 0 8 9523 38922 9524 65410 24947 35693 8275 168 64 117 8 37 63 0 64 3 248 235 222 138 200 128 225
643087 39715 7647 46547 242 0 8 9523 38922 9524 65410 24947 35693 8275 117 13 138 200 65 209 233 243 165 209 209 243 164 235 234 168
643085 39715 7645 46547 242 0 8 9523 38922 9524 65410 24947 35693 8275 168 128 117 13 138 200 65 209 233 243 165 209 209 243 164 235
643084 39715 7644 46338 242 0 8 9522 38922 9524 65410 24947 35693 8275 172 168 128 117 13 138 200 65 209 233 243 165 209 209 243 164
643082 39715 7642 46338 242 0 8 9522 38922 9524 65410 24947 35693 8275 116 54 172 168 128 117 13 138 200 65 209 233 243 165 209 209
643080 39715 7640 46338 242 0 8 9522 38922 9524 65410 24947 35693 8275 59 245 116 54 172 168 128 117 13 138 200 65 209 233 243 165
643100 39715 7660 46338 242 0 8 9522 38922 9524 65410 24947 35693 8275 235 234 168 64 117 8 37 63 0 64 3 248 235 222 138 200
643098 39715 7658 46338 242 1 8 9521 38921 9524 65410 24947 35693 8275 243 164 235 234 168 64 117 8 37 63 0 64 3 248 235 222
643096 39715 7656 46338 242 0 8 9521 38921 9524 65410 24947 35693 8275 209 209 243 164 235 234 168 64 117 8 37 63 0 64 3 248
643094 39715 7654 46338 242 1 8 9519 38919 9524 65410 24947 35693 8275 243 165 209 209 243 164 235 234 168 64 117 8 37 63 0 64
643092 39715 7652 46338 242 3 8 9519 38919 9524 65410 24947 35693 8275 209 233 243 165 209 209 243 164 235 234 168 64 117 8 37 63
643091 39715 7651 46338 242 2 8 9519 38919 9524 65410 24947 35693 8275 65 209 233 243 165 209 209 243 164 235 234 168 64 117 8 37
643089 39715 7649 46338 242 0 8 9519 38919 9524 65410 24947 35693 8275 138 200 65 209 233 243 165 209 209 243 164 235 234 168 64 117
643087 39715 7647 46338 242 0 8 9519 38919 9524 65410 24947 35693 8275 117 13 138 200 65 209 233 243 165 209 209 243 164 235 234 168
643085 39715 7645 46338 242 0 8 9519 38919 9524 65410 24947 35693 8275 168 128 117 13 138 200 65 209 233 243 165 209 209 243 164 235
643084 39715 7644 46517 242 0 8 9518 38919 9524 65410 24947 35693 8275 172 168 128 117 13 138 200 65 209 233 243 165 209 209 243 164
643082 39715 7642 46517 242 0 8 9518 38919 9524 65410 24947 35693 8275 116 54 172 168 128 117 13 138 200 65 209 233 243 165 209 209
643080 39715 7640 46517 242 0 8 9518 38919 9524 65410 24947 35693 8275 59 245 116 54 172 168 128 117 13 138 200 65 209 233 243 165
643133 39715 7693 46517 242 0 8 9518 38919 9524 65410 24947 35693 8275 235 201 144 3 240 67 67 46 255 14 100 11 117 163 144 195
643131 39715 7691 46517 242 1 8 9518 38918 9524 65410 24947 35693 8275 243 170 235 201 144 3 240 67 67 46 255 14 100 11 117 163
643129 39715 7689 46517 242 0 8 9518 38918 9524 65410 24947 35693 8275 209 209 243 170 235 201 144 3 240 67 67 46 255 14 100 11
643127 39715 7687 46517 242 11 8 9518 38896 9524 65410 24947 35693 8275 243 171 209 209 243 170 235 201 144 3 240 67 67 46 255 14
643125 39715 7685 46517 242 23 8 9518 38896 9524 65410 24947 35693 8275 209 233 243 171 209 209 243 170 235 201 144 3 240 67 67 46
643123 39715 7683 46517 242 23 8 9518 38896 9524 65410 24947 35693 8275 138 224 209 233 243 171 209 209 243 170 235 201 144 3 240 67
643122 39715 7682 46548 242 23 8 9517 38896 9524 65410 24947 35693 8275 172 138 224 209 233 243 171 209 209 243 170 235 201 144 3 240
643119 39715 7679 46548 242 20 8 9517 38896 9524 65410 24947 35693 8275 128 193 3 172 138 224 209 233 243 171 209 209 243 170 235 201
643116 39715 7676 46548 242 212 8 9517 38896 9524 65410 24947 35693 8275 128 225 63 128 193 3 172 138 224 209 233 243 171 209 209 243
643114 39715 7674 46548 242 0 8 9517 38896 9524 65410 24947 35693 8275 138 200 128 225 63 128 193 3 172 138 224 209 233 243 171 209
643104 39715 7664 46548 242 0 8 9517 38896 9524 65410 24947 35693 8275 117 8 37 63 0 64 3 248 235 222 138 200 128 225 63 128
643102 39715 7662 46548 242 0 8 9517 38896 9524 65410 24947 35693 8275 168 64 117 8 37 63 0 64 3 248 235 222 138 200 128 225
643087 39715 7647 46548 242 0 8 9517 38896 9524 65410 24947 35693 8275 117 13 138 200 65 209 233 243 165 209 209 243 164 235 234 168
643085 39715 7645 46548 242 0 8 9517 38896 9524 65410 24947 35693 8275 168 128 117 13 138 200 65 209 233 243 165 209 209 243 164 235
643084 39715 7644 46337 242 0 8 9516 38896 9524 65410 24947 35693 8275 172 168 128 117 13 138 200 65 209 233 243 165 209 209 243 164
643082 39715 7642 46337 242 0 8 9516 38896 9524 65410 24947 35693 8275 116 54 172 168 128 117 13 138 200 65 209 233 243 165 209 209
643080 39715 7640 46337 242 0 8 9516 38896 9524 65410 24947 35693 8275 59 245 116 54 172 168 128 117 13 138 200 65 209 233 243 165
643100 39715 7660 46337 242 0 8 9516 38896 9524 65410 24947 35693 8275 235 234 168 64 117 8 37 63 0 64 3 248 235 222 138 200
643098 39715 7658 46337 242 0 8 9516 38896 9524 65410 24947 35693 8275 243 164 235 234 168 64 117 8 37 63 0 64 3 248 235 222
643096 39715 7656 46337 242 0 8 9516 38896 9524 65410 24947 35693 8275 209 209 243 164 235 234 168 64 117 8 37 63 0 64 3 248
643094 39715 7654 46337 242 1 8 9514 38894 9524 65410 24947 35693 8275 243 165 209 209 243 164 235 234 168 64 117 8 37 63 0 64
643092 39715 7652 46337 242 2 8 9514 38894 9524 65410 24947 35693 8275 209 233 243 165 209 209 243 164 235 234 168 64 117 8 37 63
643091 39715 7651 46337 242 1 8 9514 38894 9524 65410 24947 35693 8275 65 209 233 243 165 209 209 243 164 235 234 168 64 117 8 37
643089 39715 7649 46337 242 0 8 9514 38894 9524 65410 24947 35693 8275 138 200 65 209 233 243 165 209 209 243 164 235 234 168 64 117
643087 39715 7647 46337 242 0 8 9514 38894 9524 65410 24947 35693 8275 117 13 138 200 65 209 233 243 165 209 209 243 164 235 234 168
643085 39715 7645 46337 242 0 8 9514 38894 9524 65410 24947 35693 8275 168 128 117 13 138 200 65 209 233 243 165 209 209 243 164 235
643084 39715 7644 46517 242 0 8 9513 38894 9524 65410 24947 35693 8275 172 168 128 117 13 138 200 65 209 233 243 165 209 209 243 164
643082 39715 7642 46517 242 0 8 9513 38894 9524 65410 24947 35693 8275 116 54 172 168 128 117 13 138 200 65 209 233 243 165 209 209
643080 39715 7640 46517 242 0 8 9513 38894 9524 65410 24947 35693 8275 59 245 116 54 172 168 128 117 13 138 200 65 209 233 243 165
643133 39715 7693 46517 242 0 8 9513 38894 9524 65410 24947 35693 8275 235 201 144 3 240 67 67 46 255 14 100 11 117 163 144 195
643131 39715 7691 46517 242 1 8 9513 38893 9524 65410 24947 35693 8275 243 170 235 201 144 3 240 67 67 46 255 14 100 11 117 163
643129 39715 7689 46517 242 0 8 9513 38893 9524 65410 24947 35693 8275 209 209 243 170 235 201 144 3 240 67 67 46 255 14 100 11
643127 39715 7687 46517 242 9 8 9513 38875 9524 65410 24947 35693 8275 243 171 209 209 243 170 235 201 144 3 240 67 67 46 255 14
643125 39715 7685 46517 242 19 8 9513 38875 9524 65410 24947 35693 8275 209 233 243 171 209 209 243 170 235 201 144 3 240 67 67 46
643123 39715 7683 46261 242 19 8 9513 38875 9524 65410 24947 35693 8275 138 224 209 233 243 171 209 209 243 170 235 201 144 3 240 67
643122 39715 7682 46288 242 19 8 9512 38875 9524 65410 24947 35693 8275 172 138 224 209 233 243 171 209 209 243 170 235 201 144 3 240
643119 39715 7679 46288 242 16 8 9512 38875 9524 65410 24947 35693 8275 128 193 3 172 138 224 209 233 243 171 209 209 243 170 235 201
643116 39715 7676 46288 242 208 8 9512 38875 9524 65410 24947 35693 8275 128 225 63 128 193 3 172 138 224 209 233 243 171 209 209 243
643114 39715 7674 46288 242 0 8 9512 38875 9524 65410 24947 35693 8275 138 200 128 225 63 128 193 3 172 138 224 209 233 243 171 209
643104 39715 7664 46288 242 0 8 9512 38875 9524 65410 24947 35693 8275 117 8 37 63 0 64 3 248 235 222 138 200 128 225 63 128
643102 39715 7662 46288 242 0 8 9512 38875 9524 65410 24947 35693 8275 168 64 117 8 37 63 0 64 3 248 235 222 138 200 128 225
643087 39715 7647 46288 242 0 8 9512 38875 9524 65410 24947 35693 8275 117 13 138 200 65 209 233 243 165 209 209 243 164 235 234 168
643085 39715 7645 46288 242 0 8 9512 38875 9524 65410 24947 35693 8275 168 128 117 13 138 200 65 209 233 243 165 209 209 243 164 235
643084 39715 7644 46260 242 0 8 9511 38875 9524 65410 24947 35693 8275 172 168 128 117 13 138 200 65 209 233 243 165 209 209 243 164
643082 39715 7642 46260 242 0 8 9511 38875 9524 65410 24947 35693 8275 116 54 172 168 128 117 13 138 200 65 209 233 243 165 209 209
643080 39715 7640 46260 242 0 8 9511 38875 9524 65410 24947 35693 8275 59 245 116 54 172 168 128 117 13 138 200 65 209 233 243 165
643133 39715 7693 46260 242 0 8 9511 38875 9524 65410 24947 35693 8275 235 201 144 3 240 67 67 46 255 14 100 11 117 163 144 195
643131 39715 7691 46260 242 0 8 9511 38875 9524 65410 24947 35693 8275 243 170 235 201 144 3 240 67 67 46 255 14 100 11 117 163
643129 39715 7689 46260 242 0 8 9511 38875 9524 65410 24947 35693 8275 209 209 243 170 235 201 144 3 240 67 67 46 255 14 100 11
643127 39715 7687 46260 242 4 8 9511 38867 9524 65410 24947 35693 8275 243 171 209 209 243 170 235 201 144 3 240 67 67 46 255 14
643125 39715 7685 46260 242 8 8 9511 38867 9524 65410 24947 35693 8275 209 233 243 171 209 209 243 170 235 201 144 3 240 67 67 46
643123 39715 7683 46516 242 8 8 9511 38867 9524 65410 24947 35693 8275 138 224 209 233 243 171 209 209 243 170 235 201 144 3 240 67
643122 39715 7682 46533 242 8 8 9510 38867 9524 65410 24947 35693 8275 172 138 224 209 233 243 171 209 209 243 170 235 201 144 3 240
643119 39715 7679 46533 242 5 8 9510 38867 9524 65410 24947 35693 8275 128 193 3 172 138 224 209 233 243 171 209 209 243 170 235 201
643116 39715 7676 46533 242 197 8 9510 38867 9524 65410 24947 35693 8275 128 225 63 128 193 3 172 138 224 209 233 243 171 209 209 243
643114 39715 7674 46533 242 0 8 9510 38867 9524 65410 24947 35693 8275 138 200 128 225 63 128 193 3 172 138 224 209 233 243 171 209
643104 39715 7664 46533 242 0 8 9510 38867 9524 65410 24947 35693 8275 117 8 37 63 0 64 3 248 235 222 138 200 128 225 63 128
643102 39715 7662 46533 242 0 8 9510 38867 9524 65410 24947 35693 8275 168 64 117 8 37 63 0 64 3 248 235 222 138 200 128 225
643087 39715 7647 46533 242 0 8 9510 38867 9524 65410 24947 35693 8275 117 13 138 200 65 209 233 243 165 209 209 243 164 235 234 168
643085 39715 7645 46533 242 0 8 9510 38867 9524 65410 24947 35693 8275 168 128 117 13 138 200 65 209 233 243 165 209 209 243 164 235
643084 39715 7644 46517 242 0 8 9509 38867 9524 65410 24947 35693 8275 172 168 128 117 13 138 200 65 209 233 243 165 209 209 243 164
643082 39715 7642 46517 242 0 8 9509 38867 9524 65410 24947 35693 8275 116 54 172 168 128 117 13 138 200 65 209 233 243 165 209 209
643080 39715 7640 46517 242 0 8 9509 38867 9524 65410 24947 35693 8275 59 245 116 54 172 168 128 117 13 138 200 65 209 233 243 165
643133 39715 7693 46517 242 0 8 9509 38867 9524 65410 24947 35693 8275 235 201 144 3 240 67 67 46 255 14 100 11 117 163 144 195
643131 39715 7691 46517 242 0 8 9509 38867 9524 65410 24947 35693 8275 243 170 235 201 144 3 240 67 67 46 255 14 100 11 117 163
643129 39715 7689 46517 242 0 8 9509 38867 9524 65410 24947 35693 8275 209 209 243 170 235 201 144 3 240 67 67 46 255 14 100 11
643127 39715 7687 46517 242 6 8 9509 38855 9524 65410 24947 35693 8275 243 171 209 209 243 170 235 201 144 3 240 67 67 46 255 14
643125 39715 7685 46517 242 12 8 9509 38855 9524 65410 24947 35693 8275 209 233 243 171 209 209 243 170 235 201 144 3 240 67 67 46
643123 39715 7683 46517 242 12 8 9509 38855 9524 65410 24947 35693 8275 138 224 209 233 243 171 209 209 243 170 235 201 144 3 240 67
643122 39715 7682 46537 242 12 8 9508 38855 9524 65410 24947 35693 8275 172 138 224 209 233 243 171 209 209 243 170 235 201 144 3 240
643119 39715 7679 46537 242 9 8 9508 38855 9524 65410 24947 35693 8275 128 193 3 172 138 224 209 233 243 171 209 209 243 170 235 201
643116 39715 7676 46537 242 201 8 9508 38855 9524 65410 24947 35693 8275 128 225 63 128 193 3 172 138 224 209 233 243 171 209 209 243
643114 39715 7674 46537 242 0 8 9508 38855 9524 65410 24947 35693 8275 138 200 128 225 63 128 193 3 172 138 224 209 233 243 171 209
643104 39715 7664 46537 242 0 8 9508 38855 9524 65410 24947 35693 8275 117 8 37 63 0 64 3 248 235 222 138 200 128 225 63 128
643102 39715 7662 46537 242 0 8 9508 38855 9524 65410 24947 35693 8275 168 64 117 8 37 63 0 64 3 248 235 222 138 200 128 225
643087 39715 7647 46537 242 0 8 9508 38855 9524 65410 24947 35693 8275 117 13 138 200 65 209 233 243 165 209 209 243 164 235 234 168
643085 39715 7645 46537 242 0 8 9508 38855 9524 65410 24947 35693 8275 168 128 117 13 138 200 65 209 233 243 165 209 209 243 164 235
643084 39715 7644 46337 242 0 8 9507 38855 9524 65410 24947 35693 8275 172 168 128 117 13 138 200 65 209 233 243 165 209 209 243 164
643082 39715 7642 46337 242 0 8 9507 38855 9524 65410 24947 35693 8275 116 54 172 168 128 117 13 138 200 65 209 233 243 165 209 209
643080 39715 7640 46337 242 0 8 9507 38855 9524 65410 24947 35693 8275 59 245 116 54 172 168 128 117 13 138 200 65 209 233 243 165
643100 39715 7660 46337 242 0 8 9507 38855 9524 65410 24947 35693 8275 235 234 168 64 117 8 37 63 0 64 3 248 235 222 138 200
643098 39715 7658 46337 242 0 8 9507 38855 9524 65410 24947 35693 8275 243 164 235 234 168 64 117 8 37 63 0 64 3 248 235 222
643096 39715 7656 46337 242 0 8 9507 38855 9524 65410 24947 35693 8275 209 209 243 164 235 234 168 64 117 8 37 63 0 64 3 248
643094 39715 7654 46337 242 1 8 9505 38853 9524 65410 24947 35693 8275 243 165 209 209 243 164 235 234 168 64 117 8 37 63 0 64
643092 39715 7652 46337 242 2 8 9505 38853 9524 65410 24947 35693 8275 209 233 243 165 209 209 243 164 235 234 168 64 117 8 37 63
643091 39715 7651 46337 242 1 8 9505 38853 9524 65410 24947 35693 8275 65 209 233 243 165 209 209 243 164 235 234 168 64 117 8 37
643089 39715 7649 46337 242 0 8 9505 38853 9524 65410 24947 35693 8275 138 200 65 209 233 243 165 209 209 243 164 235 234 168 64 117
643087 39715 7647 46337 242 0 8 9505 38853 9524 65410 24947 35693 8275 117 13 138 200 65 209 233 243 165 209 209 243 164 235 234 168
643085 39715 7645 46337 242 0 8 9505 38853 9524 65410 24947 35693 8275 168 128 117 13 138 200 65 209 233 243 165 209 209 243 164 235
643084 39715 7644 46517 242 0 8 9504 38853 9524 65410 24947 35693 8275 172 168 128 117 13 138 200 65 209 233 243 165 209 209 243 164
643082 39715 7642 46517 242 0 8 9504 38853 9524 65410 24947 35693 8275 116 54 172 168 128 117 13 138 200 65 209 233 243 165 209 209
643080 39715 7640 46517 242 0 8 9504 38853 9524 65410 24947 35693 8275 59 245 116 54 172 168 128 117 13 138 200 65 209 233 243 165
643133 39715 7693 46517 242 0 8 9504 38853 9524 65410 24947 35693 8275 235 201 144 3 240 67 67 46 255 14 100 11 117 163 144 195
643131 39715 7691 46517 242 1 8 9504 38852 9524 65410 24947 35693 8275 243 170 235 201 144 3 240 67 67 46 255 14 100 11 117 163
643129 39715 7689 46517 242 0 8 9504 38852 9524 65410 24947 35693 8275 209 209 243 170 235 201 144 3 240 67 67 46 255 14 100 11
643127 39715 7687 46517 242 8 8 9504 38836 9524 65410 24947 35693 8275 243 171 209 209 243 170 235 201 144 3 240 67 67 46 255 14
643125 39715 7685 46517 242 17 8 9504 38836 9524 65410 24947 35693 8275 209 233 243 171 209 209 243 170 235 201 144 3 240 67 67 46
643123 39715 7683 46517 242 17 8 9504 38836 9524 65410 24947 35693 8275 138 224 209 233 243 171 209 209 243 170 235 201 144 3 240 67
643122 39715 7682 46542 242 17 8 9503 38836 9524 65410 24947 35693 8275 172 138 224 209 233 243 171 209 209 243 170 235 201 144 3 240
643119 39715 7679 46542 242 14 8 9503 38836 9524 65410 24947 35693 8275 128 193 3 172 138 224 209 233 243 171 209 209 243 170 235 201
643116 39715 7676 46542 242 206 8 9503 38836 9524 65410 24947 35693 8275 128 225 63 128 193 3 172 138 224 209 233 243 171 209 209 243
643114 39715 7674 46542 242 0 8 9503 38836 9524 65410 24947 35693 8275 138 200 128 225 63 128 193 3 172 138 224 209 233 243 171 209
643104 39715 7664 46542 242 0 8 9503 38836 9524 65410 24947 35693 8275 117 8 37 63 0 64 3 248 235 222 138 200 128 225 63 128
643102 39715 7662 46542 242 0 8 9503 38836 9524 65410 24947 35693 8275 168 64 117 8 37 63 0 64 3 248 235 222 138 200 128 225
643087 39715 7647 46542 242 0 8 9503 38836 9524 65410 24947 35693 8275 117 13 138 200 65 209 233 243 165 209 209 243 164 235 234 168
643085 39715 7645 46542 242 0 8 9503 38836 9524 65410 24947 35693 8275 168 128 117 13 138 200 65 209 233 243 165 209 209 243 164 235
643084 39715 7644 46337 242 0 8 9502 38836 9524 65410 24947 35693 8275 172 168 128 117 13 138 200 65 209 233 243 165 209 209 243 164
643082 39715 7642 46337 242 0 8 9502 38836 9524 65410 24947 35693 8275 116 54 172 168 128 117 13 138 200 65 209 233 243 165 209 209
643080 39715 7640 46337 242 0 8 9502 38836 9524 65410 24947 35693 8275 59 245 116 54 172 168 128 117 13 138 200 65 209 233 243 165
643100 39715 7660 46337 242 0 8 9502 38836 9524 65410 24947 35693 8275 235 234 168 64 117 8 37 63 0 64 3 248 235 222 138 200
643098 39715 7658 46337 242 0 8 9502 38836 9524 65410 24947 35693 8275 243 164 235 234 168 64 117 8 37 63 0 64 3 248 235 222
643096 39715 7656 46337 242 0 8 9502 38836 9524 65410 24947 35693 8275 209 209 243 164 235 234 168 64 117 8 37 63 0 64 3 248
643094 39715 7654 46337 242 1 8 9500 38834 9524 65410 24947 35693 8275 243 165 209 209 243 164 235 234 168 64 117 8 37 63 0 64
643092 39715 7652 46337 242 2 8 9500 38834 9524 65410 24947 35693 8275 209 233 243 165 209 209 243 164 235 234 168 64 117 8 37 63
643091 39715 7651 46337 242 1 8 9500 38834 9524 65410 24947 35693 8275 65 209 233 243 165 209 209 243 164 235 234 168 64 117 8 37
643089 39715 7649 46337 242 0 8 9500 38834 9524 65410 24947 35693 8275 138 200 65 209 233 243 165 209 209 243 164 235 234 168 64 117
643087 39715 7647 46337 242 0 8 9500 38834 9524 65410 24947 35693 8275 117 13 138 200 65 209 233 243 165 209 209 243 164 235 234 168
643085 39715 7645 46337 242 0 8 9500 38834 9524 65410 24947 35693 8275 168 128 117 13 138 200 65 209 233 243 165 209 209 243 164 235
643084 39715 7644 46517 242 0 8 9499 38834 9524 65410 24947 35693 8275 172 168 128 117 13 138 200 65 209 233 243 165 209 209 243 164
643082 39715 7642 46517 242 0 8 9499 38834 9524 65410 24947 35693 8275 116 54 172 168 128 117 13 138 200 65 209 233 243 165 209 209
643080 39715 7640 46517 242 0 8 9499 38834 9524 65410 24947 35693 8275 59 245 116 54 172 168 128 117 13 138 200 65 209 233 243 165
643133 39715 7693 46517 242 0 8 9499 38834 9524 65410 24947 35693 8275 235 201 144 3 240 67 67 46 255 14 100 11 117 163 144 195
643131 39715 7691 46517 242 0 8 9499 38834 9524 65410 24947 35693 8275 243 170 235 201 144 3 240 67 67 46 255 14 100 11 117 163
643129 39715 7689 46517 242 0 8 9499 38834 9524 65410 24947 35693 8275 209 209 243 170 235 201 144 3 240 67 67 46 255 14 100 11
643127 39715 7687 46517 242 28 8 9499 38778 9524 65410 24947 35693 8275 243 171 209 209 243 170 235 201 144 3 240 67 67 46 255 14
643125 39715 7685 46517 242 56 8 9499 38778 9524 65410 24947 35693 8275 209 233 243 171 209 209 243 170 235 201 144 3 240 67 67 46
643123 39715 7683 46261 242 56 8 9499 38778 9524 65410 24947 35693 8275 138 224 209 233 243 171 209 209 243 170 235 201 144 3 240 67
643122 39715 7682 46325 242 56 8 9498 38778 9524 65410 24947 35693 8275 172 138 224 209 233 243 171 209 209 243 170 235 201 144 3 240
643119 39715 7679 46325 242 53 8 9498 38778 9524 65410 24947 35693 8275 128 193 3 172 138 224 209 233 243 171 209 209 243 170 235 201
643116 39715 7676 46325 242 245 8 9498 38778 9524 65410 24947 35693 8275 128 225 63 128 193 3 172 138 224 209 233 243 171 209 209 243
643114 39715 7674 46325 242 0 8 9498 38778 9524 65410 24947 35693 8275 138 200 128 225 63 128 193 3 172 138 224 209 233 243 171 209
643104 39715 7664 46325 242 0 8 9498 38778 9524 65410 24947 35693 8275 117 8 37 63 0 64 3 248 235 222 138 200 128 225 63 128
643102 39715 7662 46325 242 0 8 9498 38778 9524 65410 24947 35693 8275 168 64 117 8 37 63 0 64 3 248 235 222 138 200 128 225
643087 39715 7647 46325 242 0 8 9498 38778 9524 65410 24947 35693 8275 117 13 138 200 65 209 233 243 165 209 209 243 164 235 234 168
643085 39715 7645 46325 242 0 8 9498 38778 9524 65410 24947 35693 8275 168 128 117 13 138 200 65 209 233 243 165 209 209 243 164 235
643084 39715 7644 46081 242 0 8 9497 38778 9524 65410 24947 35693 8275 172 168 128 117 13 138 200 65 209 233 243 165 209 209 243 164
643082 39715 7642 46081 242 0 8 9497 38778 9524 65410 24947 35693 8275 116 54 172 168 128 117 13 138 200 65 209 233 243 165 209 209
643080 39715 7640 46081 242 0 8 9497 38778 9524 65410 24947 35693 8275 59 245 116 54 172 168 128 117 13 138 200 65 209 233 243 165
643100 39715 7660 46081 242 0 8 9497 38778 9524 65410 24947 35693 8275 235 234 168 64 117 8 37 63 0 64 3 248 235 222 138 200
643098 39715 7658 46081 242 0 8 9497 38778 9524 65410 24947 35693 8275 243 164 235 234 168 64 117 8 37 63 0 64 3 248 235 222
643096 39715 7656 46081 242 0 8 9497 38778 9524 65410 24947 35693 8275 209 209 243 164 235 234 168 64 117 8 37 63 0 64 3 248
643094 39715 7654 46081 242 1 8 9495 38776 9524 65410 24947 35693 8275 243 165 209 209 243 164 235 234 168 64 117 8 37 63 0 64
643092 39715 7652 46081 242 2 8 9495 38776 9524 65410 24947 35693 8275 209 233 243 165 209 209 243 164 235 234 168 64 117 8 37 63
643091 39715 7651 46081 242 1 8 9495 38776 9524 65410 24947 35693 8275 65 209 233 243 165 209 209 243 164 235 234 168 64 117 8 37
643089 39715 7649 46081 242 0 8 9495 38776 9524 65410 24947 35693 8275 138 200 65 209 233 243 165 209 209 243 164 235 234 168 64 117
643087 39715 7647 46081 242 0 8 9495 38776 9524 65410 24947 35693 8275 117 13 138 200 65 209 233 243 165 209 209 243 164 235 234 168
643085 39715 7645 46081 242 0 8 9495 38776 9524 65410 24947 35693 8275 168 128 117 13 138 200 65 209 233 243 165 209 209 243 164 235
643084 39715 7644 46260 242 0 8 9494 38776 9524 65410 24947 35693 8275 172 168 128 117 13 138 200 65 209 233 243 165 209 209 243 164
643082 39715 7642 46260 242 0 8 9494 38776 9524 65410 24947 35693 8275 116 54 172 168 128 117 13 138 200 65 209 233 243 165 209 209
643080 39715 7640 46260 242 0 8 9494 38776 9524 65410 24947 35693 8275 59 245 116 54 172 168 128 117 13 138 200 65 209 233 243 165
643133 39715 7693 46260 242 0 8 9494 38776 9524 65410 24947 35693 8275 235 201 144 3 240 67 67 46 255 14 100 11 117 163 144 195
643131 39715 7691 46260 242 1 8 9494 38775 9524 65410 24947 35693 8275 243 170 235 201 144 3 240 67 67 46 255 14 100 11 117 163
643129 39715 7689 46260 242 0 8 9494 38775 9524 65410 24947 35693 8275 209 209 243 170 235 201 144 3 240 67 67 46 255 14 100 11
643127 39715 7687 46260 242 2 8 9494 38771 9524 65410 24947 35693 8275 243 171 209 209 243 170 235 201 144 3 240 67 67 46 255 14
643125 39715 7685 46260 242 5 8 9494 38771 9524 65410 24947 35693 8275 209 233 243 171 209 209 243 170 235 201 144 3 240 67 67 46
643123 39715 7683 46004 242 5 8 9494 38771 9524 65410 24947 35693 8275 138 224 209 233 243 171 209 209 243 170 235 201 144 3 240 67
643122 39715 7682 46018 242 5 8 9493 38771 9524 65410 24947 35693 8275 172 138 224 209 233 243 171 209 209 243 170 235 201 144 3 240
643119 39715 7679 46018 242 2 8 9493 38771 9524 65410 24947 35693 8275 128 193 3 172 138 224 209 233 243 171 209 209 243 170 235 201
643116 39715 7676 46018 242 194 8 9493 38771 9524 65410 24947 35693 8275 128 225 63 128 193 3 172 138 224 209 233 243 171 209 209 243
643114 39715 7674 46018 242 0 8 9493 38771 9524 65410 24947 35693 8275 138 200 128 225 63 128 193 3 172 138 224 209 233 243 171 209
643104 39715 7664 46018 242 0 8 9493 38771 9524 65410 24947 35693 8275 117 8 37 63 0 64 3 248 235 222 138 200 128 225 63 128
643102 39715 7662 46018 242 0 8 9493 38771 9524 65410 24947 35693 8275 168 64 117 8 37 63 0 64 3 248 235 222 138 200 128 225
643087 39715 7647 46018 242 0 8 9493 38771 9524 65410 24947 35693 8275 117 13 138 200 65 209 233 243 165 209 209 243 164 235 234 168
643085 39715 7645 46018 242 0 8 9493 38771 9524 65410 24947 35693 8275 168 128 117 13 138 200 65 209 233 243 165 209 209 243 164 235
643084 39715 7644 46003 242 0 8 9492 38771 9524 65410 24947 35693 8275 172 168 128 117 13 138 200 65 209 233 243 165 209 209 243 164
643082 39715 7642 46003 242 0 8 9492 38771 9524 65410 24947 35693 8275 116 54 172 168 128 117 13 138 200 65 209 233 243 165 209 209
643080 39715 7640 46003 242 0 8 9492 38771 9524 65410 24947 35693 8275 59 245 116 54 172 168 128 117 13 138 200 65 209 233 243 165
643133 39715 7693 46003 242 0 8 9492 38771 9524 65410 24947 35693 8275 235 201 144 3 240 67 67 46 255 14 100 11 117 163 144 195
643131 39715 7691 46003 242 0 8 9492 38771 9524 65410 24947 35693 8275 243 170 235 201 144 3 240 67 67 46 255 14 100 11 117 163
643129 39715 7689 46003 242 0 8 9492 38771 9524 65410 24947 35693 8275 209 209 243 170 235 201 144 3 240 67 67 46 255 14 100 11
643127 39715 7687 46003 242 4 8 9492 38763 9524 65410 24947 35693 8275 243 171 209 209 243 170 235 201 144 3 240 67 67 46 255 14
643125 39715 7685 46003 242 8 8 9492 38763 9524 65410 24947 35693 8275 209 233 243 171 209 209 243 170 235 201 144 3 240 67 67 46
643123 39715 7683 46259 242 8 8 9492 38763 9524 65410 24947 35693 8275 138 224 209 233 243 171 209 209 243 170 235 201 144 3 240 67
643122 39715 7682 46277 242 8 8 9491 38763 9524 65410 24947 35693 8275 172 138 224 209 233 243 171 209 209 243 170 235 201 144 3 240
643119 39715 7679 46277 242 5 8 9491 38763 9524 65410 24947 35693 8275 128 193 3 172 138 224 209 233 243 171 209 209 243 170 235 201
643116 39715 7676 46277 242 197 8 9491 38763 9524 65410 24947 35693 8275 128 225 63 128 193 3 172 138 224 209 233 243 171 209 209 243
643114 39715 7674 46277 242 0 8 9491 38763 9524 65410 24947 35693 8275 138 200 128 225 63 128 193 3 172 138 224 209 233 243 171 209
643104 39715 7664 46277 242 0 8 9491 38763 9524 65410 24947 35693 8275 117 8 37 63 0 64 3 248 235 222 138 200 128 225 63 128
643102 39715 7662 46277 242 0 8 9491 38763 9524 65410 24947 35693 8275 168 64 117 8 37 63 0 64 3 248 235 222 138 200 128 225
643087 39715 7647 46277 242 0 8 9491 38763 9524 65410 24947 35693 8275 117 13 138 200 65 209 233 243 165 209 209 243 164 235 234 168
643085 39715 7645 46277 242 0 8 9491 38763 9524 65410 24947 35693 8275 168 128 117 13 138 200 65 209 233 243 165 209 209 243 164 235
643084 39715 7644 46260 242 0 8 9490 38763 9524 65410 24947 35693 8275 172 168 128 117 13 138 200 65 209 233 243 165 209 209 243 164
643082 39715 7642 46260 242 0 8 9490 38763 9524 65410 24947 35693 8275 116 54 172 168 128 117 13 138 200 65 209 233 243 165 209 209
643080 39715 7640 46260 242 0 8 9490 38763 9524 65410 24947 35693 8275 59 245 116 54 172 168 128 117 13 138 200 65 209 233 243 165
643133 39715 7693 46260 242 0 8 9490 38763 9524 65410 24947 35693 8275 235 201 144 3 240 67 67 46 255 14 100 11 117 163 144 195
643131 39715 7691 46260 242 0 8 9490 38763 9524 65410 24947 35693 8275 243 170 235 201 144 3 240 67 67 46 255 14 100 11 117 163
643129 39715 7689 46260 242 0 8 9490 38763 9524 65410 24947 35693 8275 209 209 243 170 235 201 144 3 240 67 67 46 255 14 100 11
643127 39715 7687 46260 242 3 8 9490 38757 9524 65410 24947 35693 8275 243 171 209 209 243 170 235 201 144 3 240 67 67 46 255 14
643125 39715 7685 46260 242 6 8 9490 38757 9524 65410 24947 35693 8275 209 233 243 171 209 209 243 170 235 201 144 3 240 67 67 46
643123 39715 7683 46004 242 6 8 9490 38757 9524 65410 24947 35693 8275 138 224 209 233 243 171 209 209 243 170 235 201 144 3 240 67
643122 39715 7682 46019 242 6 8 9489 38757 9524 65410 24947 35693 8275 172 138 224 209 233 243 171 209 209 243 170 235 201 144 3 240
643119 39715 7679 46019 242 3 8 9489 38757 9524 65410 24947 35693 8275 128 193 3 172 138 224 209 233 243 171 209 209 243 170 235 201
643116 39715 7676 46019 242 195 8 9489 38757 9524 65410 24947 35693 8275 128 225 63 128 193 3 172 138 224 209 233 243 171 209 209 243
643114 39715 7674 46019 242 0 8 9489 38757 9524 65410 24947 35693 8275 138 200 128 225 63 128 193 3 172 138 224 209 233 243 171 209
643104 39715 7664 46019 242 0 8 9489 38757 9524 65410 24947 35693 8275 117 8 37 63 0 64 3 248 235 222 138 200 128 225 63 128
643102 39715 7662 46019 242 0 8 9489 38757 9524 65410 24947 35693 8275 168 64 117 8 37 63 0 64 3 248 235 222 138 200 128 225
643087 39715 7647 46019 242 0 8 9489 38757 9524 65410 24947 35693 8275 117 13 138 200 65 209 233 243 165 209 209 243 164 235 234 168
643085 39715 7645 46019 242 0 8 9489 38757 9524 65410 24947 35693 8275 168 128 117 13 138 200 65 209 233 243 165 209 209 243 164 235
643084 39715 7644 45826 242 0 8 9488 38757 9524 65410 24947 35693 8275 172 168 128 117 13 138 200 65 209 233 243 165 209 209 243 164
643082 39715 7642 45826 242 0 8 9488 38757 9524 65410 24947 35693 8275 116 54 172 168 128 117 13 138 200 65 209 233 243 165 209 209
643080 39715 7640 45826 242 0 8 9488 38757 9524 65410 24947 35693 8275 59 245 116 54 172 168 128 117 13 138 200 65 209 233 243 165
643100 39715 7660 45826 242 0 8 9488 38757 9524 65410 24947 35693 8275 235 234 168 64 117 8 37 63 0 64 3 248 235 222 138 200
643098 39715 7658 45826 242 1 8 9487 38756 9524 65410 24947 35693 8275 243 164 235 234 168 64 117 8 37 63 0 64 3 248 235 222
643096 39715 7656 45826 242 0 8 9487 38756 9524 65410 24947 35693 8275 209 209 243 164 235 234 168 64 117 8 37 63 0 64 3 248
643094 39715 7654 45826 242 1 8 9485 38754 9524 65410 24947 35693 8275 243 165 209 209 243 164 235 234 168 64 117 8 37 63 0 64
643092 39715 7652 45826 242 3 8 9485 38754 9524 65410 24947 35693 8275 209 233 243 165 209 209 243 164 235 234 168 64 117 8 37 63
643091 39715 7651 45826 242 2 8 9485 38754 9524 65410 24947 35693 8275 65 209 233 243 165 209 209 243 164 235 234 168 64 117 8 37
643089 39715 7649 45826 242 0 8 9485 38754 9524 65410 24947 35693 8275 138 200 65 209 233 243 165 209 209 243 164 235 234 168 64 117
643087 39715 7647 45826 242 0 8 9485 38754 9524 65410 24947 35693 8275 117 13 138 200 65 209 233 243 165 209 209 243 164 235 234 168
643085 39715 7645 45826 242 0 8 9485 38754 9524 65410 24947 35693 8275 168 128 117 13 138 200 65 209 233 243 165 209 209 243 164 235
643084 39715 7644 46003 242 0 8 9484 38754 9524 65410 24947 35693 8275 172 168 128 117 13 138 200 65 209 233 243 165 209 209 243 164
643082 39715 7642 46003 242 0 8 9484 38754 9524 65410 24947 35693 8275 116 54 172 168 128 117 13 138 200 65 209 233 243 165 209 209
643080 39715 7640 46003 242 0 8 9484 38754 9524 65410 24947 35693 8275 59 245 116 54 172 168 128 117 13 138 200 65 209 233 243 165
643133 39715 7693 46003 242 0 8 9484 38754 9524 65410 24947 35693 8275 235 201 144 3 240 67 67 46 255 14 100 11 117 163 144 195
643131 39715 7691 46003 242 0 8 9484 38754 9524 65410 24947 35693 8275 243 170 235 201 144 3 240 67 67 46 255 14 100 11 117 163
643129 39715 7689 46003 242 0 8 9484 38754 9524 65410 24947 35693 8275 209 209 243 170 235 201 144 3 240 67 67 46 255 14 100 11
643127 39715 7687 46003 242 4 8 9484 38746 9524 65410 24947 35693 8275 243 171 209 209 243 170 235 201 144 3 240 67 67 46 255 14
643125 39715 7685 46003 242 8 8 9484 38746 9524 65410 24947 35693 8275 209 233 243 171 209 209 243 170 235 201 144 3 240 67 67 46
643123 39715 7683 46259 242 8 8 9484 38746 9524 65410 24947 35693 8275 138 224 209 233 243 171 209 209 243 170 235 201 144 3 240 67
643122 39715 7682 46277 242 8 8 9483 38746 9524 65410 24947 35693 8275 172 138 224 209 233 243 171 209 209 243 170 235 201 144 3 240
643119 39715 7679 46277 242 5 8 9483 38746 9524 65410 24947 35693 8275 128 193 3 172 138 224 209 233 243 171 209 209 243 170 235 201
643116 39715 7676 46277 242 197 8 9483 38746 9524 65410 24947 35693 8275 128 225 63 128 193 3 172 138 224 209 233 243 171 209 209 243
643114 39715 7674 46277 242 0 8 9483 38746 9524 65410 24947 35693 8275 138 200 128 225 63 128 193 3 172 138 224 209 233 243 171 209
643104 39715 7664 46277 242 0 8 9483 38746 9524 65410 24947 35693 8275 117 8 37 63 0 64 3 248 235 222 138 200 128 225 63 128
643102 39715 7662 46277 242 0 8 9483 38746 9524 65410 24947 35693 8275 168 64 117 8 37 63 0 64 3 248 235 222 138 200 128 225
643087 39715 7647 46277 242 0 8 9483 38746 9524 65410 24947 35693 8275 117 13 138 200 65 209 233 243 165 209 209 243 164 235 234 168
643085 39715 7645 46277 242 0 8 9483 38746 9524 65410 24947 35693 8275 168 128 117 13 138 200 65 209 233 243 165 209 209 243 164 235
643084 39715 7644 46260 242 0 8 9482 38746 9524 65410 24947 35693 8275 172 168 128 117 13 138 200 65 209 233 243 165 209 209 243 164
643082 39715 7642 46260 242 0 8 9482 38746 9524 65410 24947 35693 8275 116 54 172 168 128 117 13 138 200 65 209 233 243 165 209 209
643080 39715 7640 46260 242 0 8 9482 38746 9524 65410 24947 35693 8275 59 245 116 54 172 168 128 117 13 138 200 65 209 233 243 165
643133 39715 7693 46260 242 0 8 9482 38746 9524 65410 24947 35693 8275 235 201 144 3 240 67 67 46 255 14 100 11 117 163 144 195
643131 39715 7691 46260 242 0 8 9482 38746 9524 65410 24947 35693 8275 243 170 235 201 144 3 240 67 67 46 255 14 100 11 117 163
643129 39715 7689 46260 242 0 8 9482 38746 9524 65410 24947 35693 8275 209 209 243 170 235 201 144 3 240 67 67 46 255 14 100 11
643127 39715 7687 46260 242 2 8 9482 38742 9524 65410 24947 35693 8275 243 171 209 209 243 170 235 201 144 3 240 67 67 46 255 14
643125 39715 7685 46260 242 4 8 9482 38742 9524 65410 24947 35693 8275 209 233 243 171 209 209 243 170 235 201 144 3 240 67 67 46
643123 39715 7683 46004 242 4 8 9482 38742 9524 65410 24947 35693 8275 138 224 209 233 243 171 209 209 243 170 235 201 144 3 240 67
643122 39715 7682 46017 242 4 8 9481 38742 9524 65410 24947 35693 8275 172 138 224 209 233 243 171 209 209 243 170 235 201 144 3 240
643119 39715 7679 46017 242 1 8 9481 38742 9524 65410 24947 35693 8275 128 193 3 172 138 224 209 233 243 171 209 209 243 170 235 201
643116 39715 7676 46017 242 193 8 9481 38742 9524 65410 24947 35693 8275 128 225 63 128 193 3 172 138 224 209 233 243 171 209 209 243
643114 39715 7674 46017 242 0 8 9481 38742 9524 65410 24947 35693 8275 138 200 128 225 63 128 193 3 172 138 224 209 233 243 171 209
643104 39715 7664 46017 242 0 8 9481 38742 9524 65410 24947 35693 8275 117 8 37 63 0 64 3 248 235 222 138 200 128 225 63 128
643102 39715 7662 46017 242 0 8 9481 38742 9524 65410 24947 35693 8275 168 64 117 8 37 63 0 64 3 248 235 222 138 200 128 225
643087 39715 7647 46017 242 0 8 9481 38742 9524 65410 24947 35693 8275 117 13 138 200 65 209 233 243 165 209 209 243 164 235 234 168
643085 39715 7645 46017 242 0 8 9481 38742 9524 65410 24947 35693 8275 168 128 117 13 138 200 65 209 233 243 165 209 209 243 164 235
643084 39715 7644 46003 242 0 8 9480 38742 9524 65410 24947 35693 8275 172 168 128 117 13 138 200 65 209 233 243 165 209 209 243 164
643082 39715 7642 46003 242 0 8 9480 38742 9524 65410 24947 35693 8275 116 54 172 168 128 117 13 138 200 65 209 233 243 165 209 209
643080 39715 7640 46003 242 0 8 9480 38742 9524 65410 24947 35693 8275 59 245 116 54 172 168 128 117 13 138 200 65 209 233 243 165
643133 39715 7693 46003 242 0 8 9480 38742 9524 65410 24947 35693 8275 235 201 144 3 240 67 67 46 255 14 100 11 117 163 144 195
643131 39715 7691 46003 242 1 8 9480 38741 9524 65410 24947 35693 8275 243 170 235 201 144 3 240 67 67 46 255 14 100 11 117 163
643129 39715 7689 46003 242 0 8 9480 38741 9524 65410 24947 35693 8275 209 209 243 170 235 201 144 3 240 67 67 46 255 14 100 11
643127 39715 7687 46003 242 4 8 9480 38733 9524 65410 24947 35693 8275 243 171 209 209 243 170 235 201 144 3 240 67 67 46 255 14
643125 39715 7685 46003 242 9 8 9480 38733 9524 65410 24947 35693 8275 209 233 243 171 209 209 243 170 235 201 144 3 240 67 67 46
643123 39715 7683 46259 242 9 8 9480 38733 9524 65410 24947 35693 8275 138 224 209 233 243 171 209 209 243 170 235 201 144 3 240 67
643122 39715 7682 46278 242 9 8 9479 38733 9524 65410 24947 35693 8275 172 138 224 209 233 243 171 209 209 243 170 235 201 144 3 240
643119 39715 7679 46278 242 6 8 9479 38733 9524 65410 24947 35693 8275 128 193 3 172 138 224 209 233 243 171 209 209 243 170 235 201
643116 39715 7676 46278 242 198 8 9479 38733 9524 65410 24947 35693 8275 128 225 63 128 193 3 172 138 224 209 233 243 171 209 209 243
643114 39715 7674 46278 242 0 8 9479 38733 9524 65410 24947 35693 8275 138 200 128 225 63 128 193 3 172 138 224 209 233 243 171 209
643104 39715 7664 46278 242 0 8 9479 38733 9524 65410 24947 35693 8275 117 8 37 63 0 64 3 248 235 222 138 200 128 225 63 128
643102 39715 7662 46278 242 0 8 9479 38733 9524 65410 24947 35693 8275 168 64 117 8 37 63 0 64 3 248 235 222 138 200 128 225
643087 39715 7647 46278 242 0 8 9479 38733 9524 65410 24947 35693 8275 117 13 138 200 65 209 233 243 165 209 209 243 164 235 234 168
643085 39715 7645 46278 242 0 8 9479 38733 9524 65410 24947 35693 8275 168 128 117 13 138 200 65 209 233 243 165 209 209 243 164 235
643084 39715 7644 46260 242 0 8 9478 38733 9524 65410 24947 35693 8275 172 168 128 117 13 138 200 65 209 233 243 165 209 209 243 164
643082 39715 7642 46260 242 0 8 9478 38733 9524 65410 24947 35693 8275 116 54 172 168 128 117 13 138 200 65 209 233 243 165 209 209
643080 39715 7640 46260 242 0 8 9478 38733 9524 65410 24947 35693 8275 59 245 116 54 172 168 128 117 13 138 200 65 209 233 243 165
643133 39715 7693 46260 242 0 8 9478 38733 9524 65410 24947 35693 8275 235 201 144 3 240 67 67 46 255 14 100 11 117 163 144 195
643131 39715 7691 46260 242 1 8 9478 38732 9524 65410 24947 35693 8275 243 170 235 201 144 3 240 67 67 46 255 14 100 11 117 163
643129 39715 7689 46260 242 0 8 9478 38732 9524 65410 24947 35693 8275 209 209 243 170 235 201 144 3 240 67 67 46 255 14 100 11
643127 39715 7687 46260 242 2 8 9478 38728 9524 65410 24947 35693 8275 243 171 209 209 243 170 235 201 144 3 240 67 67 46 255 14
643125 39715 7685 46260 242 5 8 9478 38728 9524 65410 24947 35693 8275 209 233 243 171 209 209 243 170 235 201 144 3 240 67 67 46
643123 39715 7683 180 242 5 8 9478 38728 9524 65410 24947 35693 8275 138 224 209 233 243 171 209 209 243 170 235 201 144 3 240 67
643122 39715 7682 194 242 5 8 9477 38728 9524 65410 24947 35693 8275 172 138 224 209 233 243 171 209 209 243 170 235 201 144 3 240
643119 39715 7679 194 242 2 8 9477 38728 9524 65410 24947 35693 8275 128 193 3 172 138 224 209 233 243 171 209 209 243 170 235 201
643116 39715 7676 194 242 194 8 9477 38728 9524 65410 24947 35693 8275 128 225 63 128 193 3 172 138 224 209 233 243 171 209 209 243
643114 39715 7674 194 242 0 8 9477 38728 9524 65410 24947 35693 8275 138 200 128 225 63 128 193 3 172 138 224 209 233 243 171 209
643104 39715 7664 194 242 0 8 9477 38728 9524 65410 24947 35693 8275 117 8 37 63 0 64 3 248 235 222 138 200 128 225 63 128
643102 39715 7662 194 242 0 8 9477 38728 9524 65410 24947 35693 8275 168 64 117 8 37 63 0 64 3 248 235 222 138 200 128 225
643087 39715 7647 194 242 0 8 9477 38728 9524 65410 24947 35693 8275 117 13 138 200 65 209 233 243 165 209 209 243 164 235 234 168
643085 39715 7645 194 242 0 8 9477 38728 9524 65410 24947 35693 8275 168 128 117 13 138 200 65 209 233 243 165 209 209 243 164 235
643084 39715 7644 0 242 0 8 9476 38728 9524 65410 24947 35693 8275 172 168 128 117 13 138 200 65 209 233 243 165 209 209 243 164
643082 39715 7642 0 242 0 8 9476 38728 9524 65410 24947 35693 8275 116 54 172 168 128 117 13 138 200 65 209 233 243 165 209 209
643080 39715 7640 0 242 0 8 9476 38728 9524 65410 24947 35693 8275 59 245 116 54 172 168 128 117 13 138 200 65 209 233 243 165
643079 39715 7639 0 242 0 8 9476 38728 9524 65410 24947 35693 8275 144 59 245 116 54 172 168 128 117 13 138 200 65 209 233 243
643077 39715 7637 0 242 0 8 9476 38728 9524 65410 24947 35693 8275 3 248 144 59 245 116 54 172 168 128 117 13 138 200 65 209
643076 39715 7636 50 242 0 8 9474 38728 9524 65410 24947 35693 8275 173 3 248 144 59 245 116 54 172 168 128 117 13 138 200 65
643074 39715 7634 50 242 0 8 9474 38720 9524 65410 24947 35693 8275 3 250 173 3 248 144 59 245 116 54 172 168 128 117 13 138
643069 39715 7629 50 242 0 8 9474 38624 9524 65410 24947 35693 8275 46 139 191 156 6 3 250 173 3 248 144 59 245 116 54 172
643067 39715 7627 50 242 0 8 9474 38624 9474 65410 24947 35693 8275 3 232 46 139 191 156 6 3 250 173 3 248 144 59 245 116
643065 39715 7625 50 242 0 8 9474 38624 9472 65410 24947 35693 8275 139 238 3 232 46 139 191 156 6 3 250 173 3 248 144 59
643063 39715 7623 50 242 0 8 9474 38624 9472 65410 24947 35693 8275 115 71 139 238 3 232 46 139 191 156 6 3 250 173 3 248
643059 39715 7619 50 242 0 8 9474 38624 9472 65410 24947 35693 8275 129 251 144 1 115 71 139 238 3 232 46 139 191 156 6 3
643057 39715 7617 50 242 0 8 9474 38624 9472 65410 24947 35693 8275 116 79 129 251 144 1 115 71 139 238 3 232 46 139 191 156
643055 39715 7615 50 242 0 8 9474 38624 9472 65410 24947 35693 8275 11 192 116 79 129 251 144 1 115 71 139 238 3 232 46 139
643054 39715 7614 46517 242 0 8 9472 38624 9472 65410 24947 35693 8275 173 11 192 116 79 129 251 144 1 115 71 139 238 3 232 46
643145 39715 7705 46517 242 0 8 9472 38624 9472 65410 24947 35693 8275 117 163 144 195 144 86 83 81 139 52 232 12 0 89 91 94
643140 39715 7700 46517 242 0 8 9472 38624 9472 65410 24947 35693 8275 46 255 14 100 11 117 163 144 195 144 86 83 81 139 52 232
643139 39715 7699 46517 241 0 8 9472 38624 9472 65410 24947 35693 8275 67 46 255 14 100 11 117 163 144 195 144 86 83 81 139 52
643138 39715 7698 46517 240 0 8 9472 38624 9472 65410 24947 35693 8275 67 67 46 255 14 100 11 117 163 144 195 144 86 83 81 139
643082 39715 7642 46517 240 0 8 9472 38624 9472 65410 24947 35693 8275 116 54 172 168 128 117 13 138 200 65 209 233 243 165 209 209
643080 39715 7640 46517 240 0 8 9472 38624 9472 65410 24947 35693 8275 59 245 116 54 172 168 128 117 13 138 200 65 209 233 243 165
643133 39715 7693 46517 240 0 8 9472 38624 9472 65410 24947 35693 8275 235 201 144 3 240 67 67 46 255 14 100 11 117 163 144 195
643131 39715 7691 46517 240 1 8 9472 38623 9472 65410 24947 35693 8275 243 170 235 201 144 3 240 67 67 46 255 14 100 11 117 163
643129 39715 7689 46517 240 0 8 9472 38623 9472 65410 24947 35693 8275 209 209 243 170 235 201 144 3 240 67 67 46 255 14 100 11
643127 39715 7687 46517 240 11 8 9472 38601 9472 65410 24947 35693 8275 243 171 209 209 243 170 235 201 144 3 240 67 67 46 255 14
643125 39715 7685 46517 240 23 8 9472 38601 9472 65410 24947 35693 8275 209 233 243 171 209 209 243 170 235 201 144 3 240 67 67 46
643123 39715 7683 46517 240 23 8 9472 38601 9472 65410 24947 35693 8275 138 224 209 233 243 171 209 209 243 170 235 201 144 3 240 67
643122 39715 7682 46548 240 23 8 9471 38601 9472 65410 24947 35693 8275 172 138 224 209 233 243 171 209 209 243 170 235 201 144 3 240
643119 39715 7679 46548 240 20 8 9471 38601 9472 65410 24947 35693 8275 128 193 3 172 138 224 209 233 243 171 209 209 243 170 235 201
643116 39715 7676 46548 240 212 8 9471 38601 9472 65410 24947 35693 8275 128 225 63 128 193 3 172 138 224 209 233 243 171 209 209 243
643114 39715 7674 46548 240 0 8 9471 38601 9472 65410 24947 35693 8275 138 200 128 225 63 128 193 3 172 138 224 209 233 243 171 209
643104 39715 7664 46548 240 0 8 9471 38601 9472 65410 24947 35693 8275 117 8 37 63 0 64 3 248 235 222 138 200 128 225 63 128
643102 39715 7662 46548 240 0 8 9471 38601 9472 65410 24947 35693 8275 168 64 117 8 37 63 0 64 3 248 235 222 138 200 128 225
643087 39715 7647 46548 240 0 8 9471 38601 9472 65410 24947 35693 8275 117 13 138 200 65 209 233 243 165 209 209 243 164 235 234 168
643085 39715 7645 46548 240 0 8 9471 38601 9472 65410 24947 35693 8275 168 128 117 13 138 200 65 209 233 243 165 209 209 243 164 235
643084 39715 7644 46338 240 0 8 9470 38601 9472 65410 24947 35693 8275 172 168 128 117 13 138 200 65 209 233 243 165 209 209 243 164
643082 39715 7642 46338 240 0 8 9470 38601 9472 65410 24947 35693 8275 116 54 172 168 128 117 13 138 200 65 209 233 243 165 209 209
643080 39715 7640 46338 240 0 8 9470 38601 9472 65410 24947 35693 8275 59 245 116 54 172 168 128 117 13 138 200 65 209 233 243 165
643100 39715 7660 46338 240 0 8 9470 38601 9472 65410 24947 35693 8275 235 234 168 64 117 8 37 63 0 64 3 248 235 222 138 200
643098 39715 7658 46338 240 1 8 9469 38600 9472 65410 24947 35693 8275 243 164 235 234 168 64 117 8 37 63 0 64 3 248 235 222
643096 39715 7656 46338 240 0 8 9469 38600 9472 65410 24947 35693 8275 209 209 243 164 235 234 168 64 117 8 37 63 0 64 3 248
643094 39715 7654 46338 240 1 8 9467 38598 9472 65410 24947 35693 8275 243 165 209 209 243 164 235 234 168 64 117 8 37 63 0 64
643092 39715 7652 46338 240 3 8 9467 38598 9472 65410 24947 35693 8275 209 233 243 165 209 209 243 164 235 234 168 64 117 8 37 63
643091 39715 7651 46338 240 2 8 9467 38598 9472 65410 24947 35693 8275 65 209 233 243 165 209 209 243 164 235 234 168 64 117 8 37
643089 39715 7649 46338 240 0 8 9467 38598 9472 65410 24947 35693 8275 138 200 65 209 233 243 165 209 209 243 164 235 234 168 64 117
643087 39715 7647 46338 240 0 8 9467 38598 9472 65410 24947 35693 8275 117 13 138 200 65 209 233 243 165 209 209 243 164 235 234 168
643085 39715 7645 46338 240 0 8 9467 38598 9472 65410 24947 35693 8275 168 128 117 13 138 200 65 209 233 243 165 209 209 243 164 235
643084 39715 7644 46517 240 0 8 9466 38598 9472 65410 24947 35693 8275 172 168 128 117 13 138 200 65 209 233 243 165 209 209 243 164
643082 39715 7642 46517 240 0 8 9466 38598 9472 65410 24947 35693 8275 116 54 172 168 128 117 13 138 200 65 209 233 243 165 209 209
643080 39715 7640 46517 240 0 8 9466 38598 9472 65410 24947 35693 8275 59 245 116 54 172 168 128 117 13 138 200 65 209 233 243 165
643133 39715 7693 46517 240 0 8 9466 38598 9472 65410 24947 35693 8275 235 201 144 3 240 67 67 46 255 14 100 11 117 163 144 195
643131 39715 7691 46517 240 1 8 9466 38597 9472 65410 24947 35693 8275 243 170 235 201 144 3 240 67 67 46 255 14 100 11 117 163
643129 39715 7689 46517 240 0 8 9466 38597 9472 65410 24947 35693 8275 209 209 243 170 235 201 144 3 240 67 67 46 255 14 100 11
643127 39715 7687 46517 240 11 8 9466 38575 9472 65410 24947 35693 8275 243 171 209 209 243 170 235 201 144 3 240 67 67 46 255 14
643125 39715 7685 46517 240 23 8 9466 38575 9472 65410 24947 35693 8275 209 233 243 171 209 209 243 170 235 201 144 3 240 67 67 46
643123 39715 7683 46517 240 23 8 9466 38575 9472 65410 24947 35693 8275 138 224 209 233 243 171 209 209 243 170 235 201 144 3 240 67
643122 39715 7682 46548 240 23 8 9465 38575 9472 65410 24947 35693 8275 172 138 224 209 233 243 171 209 209 243 170 235 201 144 3 240
643119 39715 7679 46548 240 20 8 9465 38575 9472 65410 24947 35693 8275 128 193 3 172 138 224 209 233 243 171 209 209 243 170 235 201
643116 39715 7676 46548 240 212 8 9465 38575 9472 65410 24947 35693 8275 128 225 63 128 193 3 172 138 224 209 233 243 171 209 209 243
643114 39715 7674 46548 240 0 8 9465 38575 9472 65410 24947 35693 8275 138 200 128 225 63 128 193 3 172 138 224 209 233 243 171 209
643104 39715 7664 46548 240 0 8 9465 38575 9472 65410 24947 35693 8275 117 8 37 63 0 64 3 248 235 222 138 200 128 225 63 128
643102 39715 7662 46548 240 0 8 9465 38575 9472 65410 24947 35693 8275 168 64 117 8 37 63 0 64 3 248 235 222 138 200 128 225
643087 39715 7647 46548 240 0 8 9465 38575 9472 65410 24947 35693 8275 117 13 138 200 65 209 233 243 165 209 209 243 164 235 234 168
643085 39715 7645 46548 240 0 8 9465 38575 9472 65410 24947 35693 8275 168 128 117 13 138 200 65 209 233 243 165 209 209 243 164 235
643084 39715 7644 46337 240 0 8 9464 38575 9472 65410 24947 35693 8275 172 168 128 117 13 138 200 65 209 233 243 165 209 209 243 164
643082 39715 7642 46337 240 0 8 9464 38575 9472 65410 24947 35693 8275 116 54 172 168 128 117 13 138 200 65 209 233 243 165 209 209
643080 39715 7640 46337 240 0 8 9464 38575 9472 65410 24947 35693 8275 59 245 116 54 172 168 128 117 13 138 200 65 209 233 243 165
643100 39715 7660 46337 240 0 8 9464 38575 9472 65410 24947 35693 8275 235 234 168 64 117 8 37 63 0 64 3 248 235 222 138 200
643098 39715 7658 46337 240 0 8 9464 38575 9472 65410 24947 35693 8275 243 164 235 234 168 64 117 8 37 63 0 64 3 248 235 222
643096 39715 7656 46337 240 0 8 9464 38575 9472 65410 24947 35693 8275 209 209 243 164 235 234 168 64 117 8 37 63 0 64 3 248
643094 39715 7654 46337 240 1 8 9462 38573 9472 65410 24947 35693 8275 243 165 209 209 243 164 235 234 168 64 117 8 37 63 0 64
643092 39715 7652 46337 240 2 8 9462 38573 9472 65410 24947 35693 8275 209 233 243 165 209 209 243 164 235 234 168 64 117 8 37 63
643091 39715 7651 46337 240 1 8 9462 38573 9472 65410 24947 35693 8275 65 209 233 243 165 209 209 243 164 235 234 168 64 117 8 37
643089 39715 7649 46337 240 0 8 9462 38573 9472 65410 24947 35693 8275 138 200 65 209 233 243 165 209 209 243 164 235 234 168 64 117
643087 39715 7647 46337 240 0 8 9462 38573 9472 65410 24947 35693 8275 117 13 138 200 65 209 233 243 165 209 209 243 164 235 234 168
643085 39715 7645 46337 240 0 8 9462 38573 9472 65410 24947 35693 8275 168 128 117 13 138 200 65 209 233 243 165 209 209 243 164 235
643084 39715 7644 46517 240 0 8 9461 38573 9472 65410 24947 35693 8275 172 168 128 117 13 138 200 65 209 233 243 165 209 209 243 164
643082 39715 7642 46517 240 0 8 9461 38573 9472 65410 24947 35693 8275 116 54 172 168 128 117 13 138 200 65 209 233 243 165 209 209
643080 39715 7640 46517 240 0 8 9461 38573 9472 65410 24947 35693 8275 59 245 116 54 172 168 128 117 13 138 200 65 209 233 243 165
643133 39715 7693 46517 240 0 8 9461 38573 9472 65410 24947 35693 8275 235 201 144 3 240 67 67 46 255 14 100 11 117 163 144 195
643131 39715 7691 46517 240 1 8 9461 38572 9472 65410 24947 35693 8275 243 170 235 201 144 3 240 67 67 46 255 14 100 11 117 163
643129 39715 7689 46517 240 0 8 9461 38572 9472 65410 24947 35693 8275 209 209 243 170 235 201 144 3 240 67 67 46 255 14 100 11
643127 39715 7687 46517 240 9 8 9461 38554 9472 65410 24947 35693 8275 243 171 209 209 243 170 235 201 144 3 240 67 67 46 255 14
643125 39715 7685 46517 240 19 8 9461 38554 9472 65410 24947 35693 8275 209 233 243 171 209 209 243 170 235 201 144 3 240 67 67 46
643123 39715 7683 46261 240 19 8 9461 38554 9472 65410 24947 35693 8275 138 224 209 233 243 171 209 209 243 170 235 201 144 3 240 67
643122 39715 7682 46288 240 19 8 9460 38554 9472 65410 24947 35693 8275 172 138 224 209 233 243 171 209 209 243 170 235 201 144 3 240
643119 39715 7679 46288 240 16 8 9460 38554 9472 65410 24947 35693 8275 128 193 3 172 138 224 209 233 243 171 209 209 243 170 235 201
643116 39715 7676 46288 240 208 8 9460 38554 9472 65410 24947 35693 8275 128 225 63 128 193 3 172 138 224 209 233 243 171 209 209 243
643114 39715 7674 46288 240 0 8 9460 38554 9472 65410 24947 35693 8275 138 200 128 225 63 128 193 3 172 138 224 209 233 243 171 209
643104 39715 7664 46288 240 0 8 9460 38554 9472 65410 24947 35693 8275 117 8 37 63 0 64 3 248 235 222 138 200 128 225 63 128
643102 39715 7662 46288 240 0 8 9460 38554 9472 65410 24947 35693 8275 168 64 117 8 37 63 0 64 3 248 235 222 138 200 128 225
643087 39715 7647 46288 240 0 8 9460 38554 9472 65410 24947 35693 8275 117 13 138 200 65 209 233 243 165 209 209 243 164 235 234 168
643085 39715 7645 46288 240 0 8 9460 38554 9472 65410 24947 35693 8275 168 128 117 13 138 200 65 209 233 243 165 209 209 243 164 235
643084 39715 7644 46260 240 0 8 9459 38554 9472 65410 24947 35693 8275 172 168 128 117 13 138 200 65 209 233 243 165 209 209 243 164
643082 39715 7642 46260 240 0 8 9459 38554 9472 65410 24947 35693 8275 116 54 172 168 128 117 13 138 200 65 209 233 243 165 209 209
643080 39715 7640 46260 240 0 8 9459 38554 9472 65410 24947 35693 8275 59 245 116 54 172 168 128 117 13 138 200 65 209 233 243 165
643133 39715 7693 46260 240 0 8 9459 38554 9472 65410 24947 35693 8275 235 201 144 3 240 67 67 46 255 14 100 11 117 163 144 195
643131 39715 7691 46260 240 1 8 9459 38553 9472 65410 24947 35693 8275 243 170 235 201 144 3 240 67 67 46 255 14 100 11 117 163
643129 39715 7689 46260 240 0 8 9459 38553 9472 65410 24947 35693 8275 209 209 243 170 235 201 144 3 240 67 67 46 255 14 100 11
643127 39715 7687 46260 240 3 8 9459 38547 9472 65410 24947 35693 8275 243 171 209 209 243 170 235 201 144 3 240 67 67 46 255 14
643125 39715 7685 46260 240 7 8 9459 38547 9472 65410 24947 35693 8275 209 233 243 171 209 209 243 170 235 201 144 3 240 67 67 46
643123 39715 7683 46516 240 7 8 9459 38547 9472 65410 24947 35693 8275 138 224 209 233 243 171 209 209 243 170 235 201 144 3 240 67
643122 39715 7682 46532 240 7 8 9458 38547 9472 65410 24947 35693 8275 172 138 224 209 233 243 171 209 209 243 170 235 201 144 3 240
643119 39715 7679 46532 240 4 8 9458 38547 9472 65410 24947 35693 8275 128 193 3 172 138 224 209 233 243 171 209 209 243 170 235 201
643116 39715 7676 46532 240 196 8 9458 38547 9472 65410 24947 35693 8275 128 225 63 128 193 3 172 138 224 209 233 243 171 209 209 243
643114 39715 7674 46532 240 0 8 9458 38547 9472 65410 24947 35693 8275 138 200 128 225 63 128 193 3 172 138 224 209 233 243 171 209
643104 39715 7664 46532 240 0 8 9458 38547 9472 65410 24947 35693 8275 117 8 37 63 0 64 3 248 235 222 138 200 128 225 63 128
643102 39715 7662 46532 240 0 8 9458 38547 9472 65410 24947 35693 8275 168 64 117 8 37 63 0 64 3 248 235 222 138 200 128 225
643087 39715 7647 46532 240 0 8 9458 38547 9472 65410 24947 35693 8275 117 13 138 200 65 209 233 243 165 209 209 243 164 235 234 168
643085 39715 7645 46532 240 0 8 9458 38547 9472 65410 24947 35693 8275 168 128 117 13 138 200 65 209 233 243 165 209 209 243 164 235
643084 39715 7644 46517 240 0 8 9457 38547 9472 65410 24947 35693 8275 172 168 128 117 13 138 200 65 209 233 243 165 209 209 243 164
643082 39715 7642 46517 240 0 8 9457 38547 9472 65410 24947 35693 8275 116 54 172 168 128 117 13 138 200 65 209 233 243 165 209 209
643080 39715 7640 46517 240 0 8 9457 38547 9472 65410 24947 35693 8275 59 245 116 54 172 168 128 117 13 138 200 65 209 233 243 165
643133 39715 7693 46517 240 0 8 9457 38547 9472 65410 24947 35693 8275 235 201 144 3 240 67 67 46 255 14 100 11 117 163 144 195
643131 39715 7691 46517 240 0 8 9457 38547 9472 65410 24947 35693 8275 243 170 235 201 144 3 240 67 67 46 255 14 100 11 117 163
643129 39715 7689 46517 240 0 8 9457 38547 9472 65410 24947 35693 8275 209 209 243 170 235 201 144 3 240 67 67 46 255 14 100 11
643127 39715 7687 46517 240 6 8 9457 38535 9472 65410 24947 35693 8275 243 171 209 209 243 170 235 201 144 3 240 67 67 46 255 14
643125 39715 7685 46517 240 12 8 9457 38535 9472 65410 24947 35693 8275 209 233 243 171 209 209 243 170 235 201 144 3 240 67 67 46
643123 39715 7683 46517 240 12 8 9457 38535 9472 65410 24947 35693 8275 138 224 209 233 243 171 209 209 243 170 235 201 144 3 240 67
643122 39715 7682 46537 240 12 8 9456 38535 9472 65410 24947 35693 8275 172 138 224 209 233 243 171 209 209 243 170 235 201 144 3 240
643119 39715 7679 46537 240 9 8 9456 38535 9472 65410 24947 35693 8275 128 193 3 172 138 224 209 233 243 171 209 209 243 170 235 201
643116 39715 7676 46537 240 201 8 9456 38535 9472 65410 24947 35693 8275 128 225 63 128 193 3 172 138 224 209 233 243 171 209 209 243
643114 39715 7674 46537 240 0 8 9456 38535 9472 65410 24947 35693 8275 138 200 128 225 63 128 193 3 172 138 224 209 233 243 171 209
643104 39715 7664 46537 240 0 8 9456 38535 9472 65410 24947 35693 8275 117 8 37 63 0 64 3 248 235 222 138 200 128 225 63 128
643102 39715 7662 46537 240 0 8 9456 38535 9472 65410 24947 35693 8275 168 64 117 8 37 63 0 64 3 248 235 222 138 200 128 225
643087 39715 7647 46537 240 0 8 9456 38535 9472 65410 24947 35693 8275 117 13 138 200 65 209 233 243 165 209 209 243 164 235 234 168
643085 39715 7645 46537 240 0 8 9456 38535 9472 65410 24947 35693 8275 168 128 117 13 138 200 65 209 233 243 165 209 209 243 164 235
643084 39715 7644 46338 240 0 8 9455 38535 9472 65410 24947 35693 8275 172 168 128 117 13 138 200 65 209 233 243 165 209 209 243 164
643082 39715 7642 46338 240 0 8 9455 38535 9472 65410 24947 35693 8275 116 54 172 168 128 117 13 138 200 65 209 233 243 165 209 209
643080 39715 7640 46338 240 0 8 9455 38535 9472 65410 24947 35693 8275 59 245 116 54 172 168 128 117 13 138 200 65 209 233 243 165
643100 39715 7660 46338 240 0 8 9455 38535 9472 65410 24947 35693 8275 235 234 168 64 117 8 37 63 0 64 3 248 235 222 138 200
643098 39715 7658 46338 240 1 8 9454 38534 9472 65410 24947 35693 8275 243 164 235 234 168 64 117 8 37 63 0 64 3 248 235 222
643096 39715 7656 46338 240 0 8 9454 38534 9472 65410 24947 35693 8275 209 209 243 164 235 234 168 64 117 8 37 63 0 64 3 248
643094 39715 7654 46338 240 1 8 9452 38532 9472 65410 24947 35693 8275 243 165 209 209 243 164 235 234 168 64 117 8 37 63 0 64
643092 39715 7652 46338 240 3 8 9452 38532 9472 65410 24947 35693 8275 209 233 243 165 209 209 243 164 235 234 168 64 117 8 37 63
643091 39715 7651 46338 240 2 8 9452 38532 9472 65410 24947 35693 8275 65 209 233 243 165 209 209 243 164 235 234 168 64 117 8 37
643089 39715 7649 46338 240 0 8 9452 38532 9472 65410 24947 35693 8275 138 200 65 209 233 243 165 209 209 243 164 235 234 168 64 117
643087 39715 7647 46338 240 0 8 9452 38532 9472 65410 24947 35693 8275 117 13 138 200 65 209 233 243 165 209 209 243 164 235 234 168
643085 39715 7645 46338 240 0 8 9452 38532 9472 65410 24947 35693 8275 168 128 117 13 138 200 65 209 233 243 165 209 209 243 164 235
643084 39715 7644 46517 240 0 8 9451 38532 9472 65410 24947 35693 8275 172 168 128 117 13 138 200 65 209 233 243 165 209 209 243 164
643082 39715 7642 46517 240 0 8 9451 38532 9472 65410 24947 35693 8275 116 54 172 168 128 117 13 138 200 65 209 233 243 165 209 209
643080 39715 7640 46517 240 0 8 9451 38532 9472 65410 24947 35693 8275 59 245 116 54 172 168 128 117 13 138 200 65 209 233 243 165
643133 39715 7693 46517 240 0 8 9451 38532 9472 65410 24947 35693 8275 235 201 144 3 240 67 67 46 255 14 100 11 117 163 144 195
643131 39715 7691 46517 240 0 8 9451 38532 9472 65410 24947 35693 8275 243 170 235 201 144 3 240 67 67 46 255 14 100 11 117 163
643129 39715 7689 46517 240 0 8 9451 38532 9472 65410 24947 35693 8275 209 209 243 170 235 201 144 3 240 67 67 46 255 14 100 11
643127 39715 7687 46517 240 8 8 9451 38516 9472 65410 24947 35693 8275 243 171 209 209 243 170 235 201 144 3 240 67 67 46 255 14
643125 39715 7685 46517 240 16 8 9451 38516 9472 65410 24947 35693 8275 209 233 243 171 209 209 243 170 235 201 144 3 240 67 67 46
643123 39715 7683 46517 240 16 8 9451 38516 9472 65410 24947 35693 8275 138 224 209 233 243 171 209 209 243 170 235 201 144 3 240 67
643122 39715 7682 46541 240 16 8 9450 38516 9472 65410 24947 35693 8275 172 138 224 209 233 243 171 209 209 243 170 235 201 144 3 240
643119 39715 7679 46541 240 13 8 9450 38516 9472 65410 24947 35693 8275 128 193 3 172 138 224 209 233 243 171 209 209 243 170 235 201
643116 39715 7676 46541 240 205 8 9450 38516 9472 65410 24947 35693 8275 128 225 63 128 193 3 172 138 224 209 233 243 171 209 209 243
643114 39715 7674 46541 240 0 8 9450 38516 9472 65410 24947 35693 8275 138 200 128 225 63 128 193 3 172 138 224 209 233 243 171 209
643104 39715 7664 46541 240 0 8 9450 38516 9472 65410 24947 35693 8275 117 8 37 63 0 64 3 248 235 222 138 200 128 225 63 128
643102 39715 7662 46541 240 0 8 9450 38516 9472 65410 24947 35693 8275 168 64 117 8 37 63 0 64 3 248 235 222 138 200 128 225
643087 39715 7647 46541 240 0 8 9450 38516 9472 65410 24947 35693 8275 117 13 138 200 65 209 233 243 165 209 209 243 164 235 234 168
643085 39715 7645 46541 240 0 8 9450 38516 9472 65410 24947 35693 8275 168 128 117 13 138 200 65 209 233 243 165 209 209 243 164 235
643084 39715 7644 46337 240 0 8 9449 38516 9472 65410 24947 35693 8275 172 168 128 117 13 138 200 65 209 233 243 165 209 209 243 164
643082 39715 7642 46337 240 0 8 9449 38516 9472 65410 24947 35693 8275 116 54 172 168 128 117 13 138 200 65 209 233 243 165 209 209
643080 39715 7640 46337 240 0 8 9449 38516 9472 65410 24947 35693 8275 59 245 116 54 172 168 128 117 13 138 200 65 209 233 243 165
643100 39715 7660 46337 240 0 8 9449 38516 9472 65410 24947 35693 8275 235 234 168 64 117 8 37 63 0 64 3 248 235 222 138 200
643098 39715 7658 46337 240 0 8 9449 38516 9472 65410 24947 35693 8275 243 164 235 234 168 64 117 8 37 63 0 64 3 248 235 222
643096 39715 7656 46337 240 0 8 9449 38516 9472 65410 24947 35693 8275 209 209 243 164 235 234 168 64 117 8 37 63 0 64 3 248
643094 39715 7654 46337 240 1 8 9447 38514 9472 65410 24947 35693 8275 243 165 209 209 243 164 235 234 168 64 117 8 37 63 0 64
643092 39715 7652 46337 240 2 8 9447 38514 9472 65410 24947 35693 8275 209 233 243 165 209 209 243 164 235 234 168 64 117 8 37 63
643091 39715 7651 46337 240 1 8 9447 38514 9472 65410 24947 35693 8275 65 209 233 243 165 209 209 243 164 235 234 168 64 117 8 37
643089 39715 7649 46337 240 0 8 9447 38514 9472 65410 24947 35693 8275 138 200 65 209 233 243 165 209 209 243 164 235 234 168 64 117
643087 39715 7647 46337 240 0 8 9447 38514 9472 65410 24947 35693 8275 117 13 138 200 65 209 233 243 165 209 209 243 164 235 234 168
643085 39715 7645 46337 240 0 8 9447 38514 9472 65410 24947 35693 8275 168 128 117 13 138 200 65 209 233 243 165 209 209 243 164 235
643084 39715 7644 46517 240 0 8 9446 38514 9472 65410 24947 35693 8275 172 168 128 117 13 138 200 65 209 233 243 165 209 209 243 164
643082 39715 7642 46517 240 0 8 9446 38514 9472 65410 24947 35693 8275 116 54 172 168 128 117 13 138 200 65 209 233 243 165 209 209
643080 39715 7640 46517 240 0 8 9446 38514 9472 65410 24947 35693 8275 59 245 116 54 172 168 128 117 13 138 200 65 209 233 243 165
643133 39715 7693 46517 240 0 8 9446 38514 9472 65410 24947 35693 8275 235 201 144 3 240 67 67 46 255 14 100 11 117 163 144 195
643131 39715 7691 46517 240 1 8 9446 38513 9472 65410 24947 35693 8275 243 170 235 201 144 3 240 67 67 46 255 14 100 11 117 163
643129 39715 7689 46517 240 0 8 9446 38513 9472 65410 24947 35693 8275 209 209 243 170 235 201 144 3 240 67 67 46 255 14 100 11
643127 39715 7687 46517 240 27 8 9446 38459 9472 65410 24947 35693 8275 243 171 209 209 243 170 235 201 144 3 240 67 67 46 255 14
643125 39715 7685 46517 240 55 8 9446 38459 9472 65410 24947 35693 8275 209 233 243 171 209 209 243 170 235 201 144 3 240 67 67 46
643123 39715 7683 46517 240 55 8 9446 38459 9472 65410 24947 35693 8275 138 224 209 233 243 171 209 209 243 170 235 201 144 3 240 67
643122 39715 7682 46580 240 55 8 9445 38459 9472 65410 24947 35693 8275 172 138 224 209 233 243 171 209 209 243 170 235 201 144 3 240
643119 39715 7679 46580 240 52 8 9445 38459 9472 65410 24947 35693 8275 128 193 3 172 138 224 209 233 243 171 209 209 243 170 235 201
643116 39715 7676 46580 240 244 8 9445 38459 9472 65410 24947 35693 8275 128 225 63 128 193 3 172 138 224 209 233 243 171 209 209 243
643114 39715 7674 46580 240 0 8 9445 38459 9472 65410 24947 35693 8275 138 200 128 225 63 128 193 3 172 138 224 209 233 243 171 209
643104 39715 7664 46580 240 0 8 9445 38459 9472 65410 24947 35693 8275 117 8 37 63 0 64 3 248 235 222 138 200 128 225 63 128
643102 39715 7662 46580 240 0 8 9445 38459 9472 65410 24947 35693 8275 168 64 117 8 37 63 0 64 3 248 235 222 138 200 128 225
643087 39715 7647 46580 240 0 8 9445 38459 9472 65410 24947 35693 8275 117 13 138 200 65 209 233 243 165 209 209 243 164 235 234 168
643085 39715 7645 46580 240 0 8 9445 38459 9472 65410 24947 35693 8275 168 128 117 13 138 200 65 209 233 243 165 209 209 243 164 235
643084 39715 7644 46337 240 0 8 9444 38459 9472 65410 24947 35693 8275 172 168 128 117 13 138 200 65 209 233 243 165 209 209 243 164
643082 39715 7642 46337 240 0 8 9444 38459 9472 65410 24947 35693 8275 116 54 172 168 128 117 13 138 200 65 209 233 243 165 209 209
643080 39715 7640 46337 240 0 8 9444 38459 9472 65410 24947 35693 8275 59 245 116 54 172 168 128 117 13 138 200 65 209 233 243 165
643100 39715 7660 46337 240 0 8 9444 38459 9472 65410 24947 35693 8275 235 234 168 64 117 8 37 63 0 64 3 248 235 222 138 200
643098 39715 7658 46337 240 0 8 9444 38459 9472 65410 24947 35693 8275 243 164 235 234 168 64 117 8 37 63 0 64 3 248 235 222
643096 39715 7656 46337 240 0 8 9444 38459 9472 65410 24947 35693 8275 209 209 243 164 235 234 168 64 117 8 37 63 0 64 3 248
643094 39715 7654 46337 240 1 8 9442 38457 9472 65410 24947 35693 8275 243 165 209 209 243 164 235 234 168 64 117 8 37 63 0 64
643092 39715 7652 46337 240 2 8 9442 38457 9472 65410 24947 35693 8275 209 233 243 165 209 209 243 164 235 234 168 64 117 8 37 63
643091 39715 7651 46337 240 1 8 9442 38457 9472 65410 24947 35693 8275 65 209 233 243 165 209 209 243 164 235 234 168 64 117 8 37
643089 39715 7649 46337 240 0 8 9442 38457 9472 65410 24947 35693 8275 138 200 65 209 233 243 165 209 209 243 164 235 234 168 64 117
643087 39715 7647 46337 240 0 8 9442 38457 9472 65410 24947 35693 8275 117 13 138 200 65 209 233 243 165 209 209 243 164 235 234 168
643085 39715 7645 46337 240 0 8 9442 38457 9472 65410 24947 35693 8275 168 128 117 13 138 200 65 209 233 243 165 209 209 243 164 235
643084 39715 7644 46517 240 0 8 9441 38457 9472 65410 24947 35693 8275 172 168 128 117 13 138 200 65 209 233 243 165 209 209 243 164
643082 39715 7642 46517 240 0 8 9441 38457 9472 65410 24947 35693 8275 116 54 172 168 128 117 13 138 200 65 209 233 243 165 209 209
643080 39715 7640 46517 240 0 8 9441 38457 9472 65410 24947 35693 8275 59 245 116 54 172 168 128 117 13 138 200 65 209 233 243 165
643133 39715 7693 46517 240 0 8 9441 38457 9472 65410 24947 35693 8275 235 201 144 3 240 67 67 46 255 14 100 11 117 163 144 195
643131 39715 7691 46517 240 1 8 9441 38456 9472 65410 24947 35693 8275 243 170 235 201 144 3 240 67 67 46 255 14 100 11 117 163
643129 39715 7689 46517 240 0 8 9441 38456 9472 65410 24947 35693 8275 209 209 243 170 235 201 144 3 240 67 67 46 255 14 100 11
643127 39715 7687 46517 240 9 8 9441 38438 9472 65410 24947 35693 8275 243 171 209 209 243 170 235 201 144 3 240 67 67 46 255 14
643125 39715 7685 46517 240 19 8 9441 38438 9472 65410 24947 35693 8275 209 233 243 171 209 209 243 170 235 201 144 3 240 67 67 46
643123 39715 7683 46517 240 19 8 9441 38438 9472 65410 24947 35693 8275 138 224 209 233 243 171 209 209 243 170 235 201 144 3 240 67
643122 39715 7682 46544 240 19 8 9440 38438 9472 65410 24947 35693 8275 172 138 224 209 233 243 171 209 209 243 170 235 201 144 3 240
643119 39715 7679 46544 240 16 8 9440 38438 9472 65410 24947 35693 8275 128 193 3 172 138 224 209 233 243 171 209 209 243 170 235 201
643116 39715 7676 46544 240 208 8 9440 38438 9472 65410 24947 35693 8275 128 225 63 128 193 3 172 138 224 209 233 243 171 209 209 243
643114 39715 7674 46544 240 0 8 9440 38438 9472 65410 24947 35693 8275 138 200 128 225 63 128 193 3 172 138 224 209 233 243 171 209
643104 39715 7664 46544 240 0 8 9440 38438 9472 65410 24947 35693 8275 117 8 37 63 0 64 3 248 235 222 138 200 128 225 63 128
643102 39715 7662 46544 240 0 8 9440 38438 9472 65410 24947 35693 8275 168 64 117 8 37 63 0 64 3 248 235 222 138 200 128 225
643087 39715 7647 46544 240 0 8 9440 38438 9472 65410 24947 35693 8275 117 13 138 200 65 209 233 243 165 209 209 243 164 235 234 168
643085 39715 7645 46544 240 0 8 9440 38438 9472 65410 24947 35693 8275 168 128 117 13 138 200 65 209 233 243 165 209 209 243 164 235
643084 39715 7644 46338 240 0 8 9439 38438 9472 65410 24947 35693 8275 172 168 128 117 13 138 200 65 209 233 243 165 209 209 243 164
643082 39715 7642 46338 240 0 8 9439 38438 9472 65410 24947 35693 8275 116 54 172 168 128 117 13 138 200 65 209 233 243 165 209 209
643080 39715 7640 46338 240 0 8 9439 38438 9472 65410 24947 35693 8275 59 245 116 54 172 168 128 117 13 138 200 65 209 233 243 165
643100 39715 7660 46338 240 0 8 9439 38438 9472 65410 24947 35693 8275 235 234 168 64 117 8 37 63 0 64 3 248 235 222 138 200
643098 39715 7658 46338 240 1 8 9438 38437 9472 65410 24947 35693 8275 243 164 235 234 168 64 117 8 37 63 0 64 3 248 235 222
643096 39715 7656 46338 240 0 8 9438 38437 9472 65410 24947 35693 8275 209 209 243 164 235 234 168 64 117 8 37 63 0 64 3 248
643094 39715 7654 46338 240 1 8 9436 38435 9472 65410 24947 35693 8275 243 165 209 209 243 164 235 234 168 64 117 8 37 63 0 64
643092 39715 7652 46338 240 3 8 9436 38435 9472 65410 24947 35693 8275 209 233 243 165 209 209 243 164 235 234 168 64 117 8 37 63
643091 39715 7651 46338 240 2 8 9436 38435 9472 65410 24947 35693 8275 65 209 233 243 165 209 209 243 164 235 234 168 64 117 8 37
643089 39715 7649 46338 240 0 8 9436 38435 9472 65410 24947 35693 8275 138 200 65 209 233 243 165 209 209 243 164 235 234 168 64 117
643087 39715 7647 46338 240 0 8 9436 38435 9472 65410 24947 35693 8275 117 13 138 200 65 209 233 243 165 209 209 243 164 235 234 168
643085 39715 7645 46338 240 0 8 9436 38435 9472 65410 24947 35693 8275 168 128 117 13 138 200 65 209 233 243 165 209 209 243 164 235
643084 39715 7644 46517 240 0 8 9435 38435 9472 65410 24947 35693 8275 172 168 128 117 13 138 200 65 209 233 243 165 209 209 243 164
643082 39715 7642 46517 240 0 8 9435 38435 9472 65410 24947 35693 8275 116 54 172 168 128 117 13 138 200 65 209 233 243 165 209 209
643080 39715 7640 46517 240 0 8 9435 38435 9472 65410 24947 35693 8275 59 245 116 54 172 168 128 117 13 138 200 65 209 233 243 165
643133 39715 7693 46517 240 0 8 9435 38435 9472 65410 24947 35693 8275 235 201 144 3 240 67 67 46 255 14 100 11 117 163 144 195
643131 39715 7691 46517 240 0 8 9435 38435 9472 65410 24947 35693 8275 243 170 235 201 144 3 240 67 67 46 255 14 100 11 117 163
643129 39715 7689 46517 240 0 8 9435 38435 9472 65410 24947 35693 8275 209 209 243 170 235 201 144 3 240 67 67 46 255 14 100 11
643127 39715 7687 46517 240 2 8 9435 38431 9472 65410 24947 35693 8275 243 171 209 209 243 170 235 201 144 3 240 67 67 46 255 14
643125 39715 7685 46517 240 4 8 9435 38431 9472 65410 24947 35693 8275 209 233 243 171 209 209 243 170 235 201 144 3 240 67 67 46
643123 39715 7683 46517 240 4 8 9435 38431 9472 65410 24947 35693 8275 138 224 209 233 243 171 209 209 243 170 235 201 144 3 240 67
643122 39715 7682 46529 240 4 8 9434 38431 9472 65410 24947 35693 8275 172 138 224 209 233 243 171 209 209 243 170 235 201 144 3 240
643119 39715 7679 46529 240 1 8 9434 38431 9472 65410 24947 35693 8275 128 193 3 172 138 224 209 233 243 171 209 209 243 170 235 201
643116 39715 7676 46529 240 193 8 9434 38431 9472 65410 24947 35693 8275 128 225 63 128 193 3 172 138 224 209 233 243 171 209 209 243
643114 39715 7674 46529 240 0 8 9434 38431 9472 65410 24947 35693 8275 138 200 128 225 63 128 193 3 172 138 224 209 233 243 171 209
643104 39715 7664 46529 240 0 8 9434 38431 9472 65410 24947 35693 8275 117 8 37 63 0 64 3 248 235 222 138 200 128 225 63 128
643102 39715 7662 46529 240 0 8 9434 38431 9472 65410 24947 35693 8275 168 64 117 8 37 63 0 64 3 248 235 222 138 200 128 225
643087 39715 7647 46529 240 0 8 9434 38431 9472 65410 24947 35693 8275 117 13 138 200 65 209 233 243 165 209 209 243 164 235 234 168
643085 39715 7645 46529 240 0 8 9434 38431 9472 65410 24947 35693 8275 168 128 117 13 138 200 65 209 233 243 165 209 209 243 164 235
643084 39715 7644 46336 240 0 8 9433 38431 9472 65410 24947 35693 8275 172 168 128 117 13 138 200 65 209 233 243 165 209 209 243 164
643082 39715 7642 46336 240 0 8 9433 38431 9472 65410 24947 35693 8275 116 54 172 168 128 117 13 138 200 65 209 233 243 165 209 209
643080 39715 7640 46336 240 0 8 9433 38431 9472 65410 24947 35693 8275 59 245 116 54 172 168 128 117 13 138 200 65 209 233 243 165
643100 39715 7660 46336 240 0 8 9433 38431 9472 65410 24947 35693 8275 235 234 168 64 117 8 37 63 0 64 3 248 235 222 138 200
643098 39715 7658 46336 240 1 8 9432 38430 9472 65410 24947 35693 8275 243 164 235 234 168 64 117 8 37 63 0 64 3 248 235 222
643096 39715 7656 46336 240 0 8 9432 38430 9472 65410 24947 35693 8275 209 209 243 164 235 234 168 64 117 8 37 63 0 64 3 248
643094 39715 7654 46336 240 0 8 9432 38430 9472 65410 24947 35693 8275 243 165 209 209 243 164 235 234 168 64 117 8 37 63 0 64
643092 39715 7652 46336 240 1 8 9432 38430 9472 65410 24947 35693 8275 209 233 243 165 209 209 243 164 235 234 168 64 117 8 37 63
643091 39715 7651 46336 240 0 8 9432 38430 9472 65410 24947 35693 8275 65 209 233 243 165 209 209 243 164 235 234 168 64 117 8 37
643089 39715 7649 46336 240 0 8 9432 38430 9472 65410 24947 35693 8275 138 200 65 209 233 243 165 209 209 243 164 235 234 168 64 117
643087 39715 7647 46336 240 0 8 9432 38430 9472 65410 24947 35693 8275 117 13 138 200 65 209 233 243 165 209 209 243 164 235 234 168
643085 39715 7645 46336 240 0 8 9432 38430 9472 65410 24947 35693 8275 168 128 117 13 138 200 65 209 233 243 165 209 209 243 164 235
643084 39715 7644 46517 240 0 8 9431 38430 9472 65410 24947 35693 8275 172 168 128 117 13 138 200 65 209 233 243 165 209 209 243 164
643082 39715 7642 46517 240 0 8 9431 38430 9472 65410 24947 35693 8275 116 54 172 168 128 117 13 138 200 65 209 233 243 165 209 209
643080 39715 7640 46517 240 0 8 9431 38430 9472 65410 24947 35693 8275 59 245 116 54 172 168 128 117 13 138 200 65 209 233 243 165
643133 39715 7693 46517 240 0 8 9431 38430 9472 65410 24947 35693 8275 235 201 144 3 240 67 67 46 255 14 100 11 117 163 144 195
643131 39715 7691 46517 240 0 8 9431 38430 9472 65410 24947 35693 8275 243 170 235 201 144 3 240 67 67 46 255 14 100 11 117 163
643129 39715 7689 46517 240 0 8 9431 38430 9472 65410 24947 35693 8275 209 209 243 170 235 201 144 3 240 67 67 46 255 14 100 11
643127 39715 7687 46517 240 11 8 9431 38408 9472 65410 24947 35693 8275 243 171 209 209 243 170 235 201 144 3 240 67 67 46 255 14
643125 39715 7685 46517 240 22 8 9431 38408 9472 65410 24947 35693 8275 209 233 243 171 209 209 243 170 235 201 144 3 240 67 67 46
643123 39715 7683 181 240 22 8 9431 38408 9472 65410 24947 35693 8275 138 224 209 233 243 171 209 209 243 170 235 201 144 3 240 67
643122 39715 7682 211 240 22 8 9430 38408 9472 65410 24947 35693 8275 172 138 224 209 233 243 171 209 209 243 170 235 201 144 3 240
643119 39715 7679 211 240 19 8 9430 38408 9472 65410 24947 35693 8275 128 193 3 172 138 224 209 233 243 171 209 209 243 170 235 201
643116 39715 7676 211 240 211 8 9430 38408 9472 65410 24947 35693 8275 128 225 63 128 193 3 172 138 224 209 233 243 171 209 209 243
643114 39715 7674 211 240 0 8 9430 38408 9472 65410 24947 35693 8275 138 200 128 225 63 128 193 3 172 138 224 209 233 243 171 209
643104 39715 7664 211 240 0 8 9430 38408 9472 65410 24947 35693 8275 117 8 37 63 0 64 3 248 235 222 138 200 128 225 63 128
643102 39715 7662 211 240 0 8 9430 38408 9472 65410 24947 35693 8275 168 64 117 8 37 63 0 64 3 248 235 222 138 200 128 225
643087 39715 7647 211 240 0 8 9430 38408 9472 65410 24947 35693 8275 117 13 138 200 65 209 233 243 165 209 209 243 164 235 234 168
643085 39715 7645 211 240 0 8 9430 38408 9472 65410 24947 35693 8275 168 128 117 13 138 200 65 209 233 243 165 209 209 243 164 235
643084 39715 7644 0 240 0 8 9429 38408 9472 65410 24947 35693 8275 172 168 128 117 13 138 200 65 209 233 243 165 209 209 243 164
643082 39715 7642 0 240 0 8 9429 38408 9472 65410 24947 35693 8275 116 54 172 168 128 117 13 138 200 65 209 233 243 165 209 209
643080 39715 7640 0 240 0 8 9429 38408 9472 65410 24947 35693 8275 59 245 116 54 172 168 128 117 13 138 200 65 209 233 243 165
643079 39715 7639 0 240 0 8 9429 38408 9472 65410 24947 35693 8275 144 59 245 116 54 172 168 128 117 13 138 200 65 209 233 243
643077 39715 7637 0 240 0 8 9429 38408 9472 65410 24947 35693 8275 3 248 144 59 245 116 54 172 168 128 117 13 138 200 65 209
643076 39715 7636 45 240 0 8 9427 38408 9472 65410 24947 35693 8275 173 3 248 144 59 245 116 54 172 168 128 117 13 138 200 65
643074 39715 7634 45 240 0 8 9427 38400 9472 65410 24947 35693 8275 3 250 173 3 248 144 59 245 116 54 172 168 128 117 13 138
643069 39715 7629 45 240 0 8 9427 38304 9472 65410 24947 35693 8275 46 139 191 156 6 3 250 173 3 248 144 59 245 116 54 172
643067 39715 7627 45 240 0 8 9427 38304 9427 65410 24947 35693 8275 3 232 46 139 191 156 6 3 250 173 3 248 144 59 245 116
643065 39715 7625 45 240 0 8 9427 38304 9425 65410 24947 35693 8275 139 238 3 232 46 139 191 156 6 3 250 173 3 248 144 59
643063 39715 7623 45 240 0 8 9427 38304 9425 65410 24947 35693 8275 115 71 139 238 3 232 46 139 191 156 6 3 250 173 3 248
643059 39715 7619 45 240 0 8 9427 38304 9425 65410 24947 35693 8275 129 251 144 1 115 71 139 238 3 232 46 139 191 156 6 3
643057 39715 7617 45 240 0 8 9427 38304 9425 65410 24947 35693 8275 116 79 129 251 144 1 115 71 139 238 3 232 46 139 191 156
643055 39715 7615 45 240 0 8 9427 38304 9425 65410 24947 35693 8275 11 192 116 79 129 251 144 1 115 71 139 238 3 232 46 139
643054 39715 7614 46517 240 0 8 9425 38304 9425 65410 24947 35693 8275 173 11 192 116 79 129 251 144 1 115 71 139 238 3 232 46
643145 39715 7705 46517 240 0 8 9425 38304 9425 65410 24947 35693 8275 117 163 144 195 144 86 83 81 139 52 232 12 0 89 91 94
643140 39715 7700 46517 240 0 8 9425 38304 9425 65410 24947 35693 8275 46 255 14 100 11 117 163 144 195 144 86 83 81 139 52 232
643139 39715 7699 46517 239 0 8 9425 38304 9425 65410 24947 35693 8275 67 46 255 14 100 11 117 163 144 195 144 86 83 81 139 52
643138 39715 7698 46517 238 0 8 9425 38304 9425 65410 24947 35693 8275 67 67 46 255 14 100 11 117 163 144 195 144 86 83 81 139
643082 39715 7642 46517 238 0 8 9425 38304 9425 65410 24947 35693 8275 116 54 172 168 128 117 13 138 200 65 209 233 243 165 209 209
643080 39715 7640 46517 238 0 8 9425 38304 9425 65410 24947 35693 8275 59 245 116 54 172 168 128 117 13 138 200 65 209 233 243 165
643133 39715 7693 46517 238 0 8 9425 38304 9425 65410 24947 35693 8275 235 201 144 3 240 67 67 46 255 14 100 11 117 163 144 195
643131 39715 7691 46517 238 0 8 9425 38304 9425 65410 24947 35693 8275 243 170 235 201 144 3 240 67 67 46 255 14 100 11 117 163
643129 39715 7689 46517 238 0 8 9425 38304 9425 65410 24947 35693 8275 209 209 243 170 235 201 144 3 240 67 67 46 255 14 100 11
