ExecutionTrace 1
1312
643017 39715 7577 39715 14 308 8 2 0 0 65422 34661 35693 8275 139 52 232 12 0 89 91 94 70 70 139 52 11 246 116 115
643016 39715 7576 39715 14 308 8 2 0 0 65424 34661 35693 8275 81 139 52 232 12 0 89 91 94 70 70 139 52 11 246 116
643015 39715 7575 39715 14 308 8 2 0 0 65426 34661 35693 8275 83 81 139 52 232 12 0 89 91 94 70 70 139 52 11 246
643014 39715 7574 39715 14 308 8 2 0 0 65428 34661 35693 8275 86 83 81 139 52 232 12 0 89 91 94 70 70 139 52 11
643004 39715 7564 39715 14 308 8 2 0 0 65428 34661 35693 8275 116 8 233 141 0 144 233 101 9 144 86 83 81 139 52 232
643000 39715 7560 39715 14 308 8 2 0 0 65428 34661 35693 8275 247 199 1 0 116 8 233 141 0 144 233 101 9 144 86 83
642994 39715 7554 39715 14 308 8 2 0 0 65428 34661 35693 8275 116 4 233 81 1 144 247 199 1 0 116 8 233 141 0 144
642990 39715 7550 39715 14 308 8 2 0 0 65428 34661 35693 8275 247 199 0 3 116 4 233 81 1 144 247 199 1 0 116 8
642985 39715 7545 39715 14 308 8 2 0 0 65428 34661 35693 8275 116 3 233 214 3 247 199 0 3 116 4 233 81 1 144 247
642981 39715 7541 39715 14 308 8 2 0 0 65428 34661 35693 8275 247 199 2 0 116 3 233 214 3 247 199 0 3 116 4 233
642977 39715 7537 39715 14 308 8 2 0 0 65428 34661 35693 8275 129 231 3 3 247 199 2 0 116 3 233 214 3 247 199 0
642975 39715 7535 39715 14 308 8 2 0 0 65428 34661 35693 8275 120 33 129 231 3 3 247 199 2 0 116 3 233 214 3 247
642973 39715 7533 39715 14 308 8 2 0 0 65428 34661 35693 8275 11 255 120 33 129 231 3 3 247 199 2 0 116 3 233 214
642972 39715 7532 39715 14 308 8 2 0 0 65428 34661 35693 8275 252 11 255 120 33 129 231 3 3 247 199 2 0 116 3 233
640855 39715 5415 39715 14 308 8 2 0 0 65430 34661 35693 8275 232 66 8 95 94 31 93 195 144 85 30 86 87 140 200 142
640851 39715 5411 39715 14 308 8 8004 0 0 65430 39715 35693 8275 197 54 76 11 232 66 8 95 94 31 93 195 144 85 30 86
640847 39715 5407 39715 14 308 8 8004 0 0 65430 39715 39715 8275 142 6 246 9 197 54 76 11 232 66 8 95 94 31 93 195
640845 39715 5405 39715 14 308 8 8004 3278 0 65430 39715 39715 8275 43 255 142 6 246 9 197 54 76 11 232 66 8 95 94 31
640841 39715 5401 39715 14 0 8 8004 3278 0 65430 39715 39715 8275 139 14 60 11 43 255 142 6 246 9 197 54 76 11 232 66
640837 39715 5397 39715 1742 0 8 8004 3278 0 65430 39715 39715 8275 139 30 62 11 139 14 60 11 43 255 142 6 246 9 197 54
640835 39715 5395 39715 1742 0 8 8004 3278 0 65430 35693 39715 8275 142 216 139 30 62 11 139 14 60 11 43 255 142 6 246 9
640833 39715 5393 308 1742 0 8 8004 3278 0 65430 35693 39715 8275 140 200 142 216 139 30 62 11 139 14 60 11 43 255 142 6
640831 39715 5391 308 1742 0 8 8004 3278 0 65430 35693 39715 8275 117 241 140 200 142 216 139 30 62 11 139 14 60 11 43 255
640830 39715 5390 308 1742 0 8 8004 3278 1 65430 35693 39715 8275 77 117 241 140 200 142 216 139 30 62 11 139 14 60 11 43
640827 39715 5387 308 1740 0 8 8004 3278 1 65430 35693 39715 8275 131 195 2 77 117 241 140 200 142 216 139 30 62 11 139 14
640825 39715 5385 308 1740 8 8 7988 3262 1 65430 35693 39715 8275 243 165 131 195 2 77 117 241 140 200 142 216 139 30 62 11
640823 39715 5383 308 1740 0 8 7988 3262 1 65430 35693 39715 8275 139 202 243 165 131 195 2 77 117 241 140 200 142 216 139 30
640821 39715 5381 308 1740 0 8 7680 3262 1 65430 35693 39715 8275 3 240 139 202 243 165 131 195 2 77 117 241 140 200 142 216
640818 39715 5378 308 1740 0 8 7684 3262 1 65430 35693 39715 8275 46 139 55 3 240 139 202 243 165 131 195 2 77 117 241 140
640831 39715 5391 308 1740 0 8 7684 3262 1 65430 35693 39715 8275 117 241 140 200 142 216 139 30 62 11 139 14 60 11 43 255
640830 39715 5390 308 1740 0 8 7684 3262 2 65430 35693 39715 8275 77 117 241 140 200 142 216 139 30 62 11 139 14 60 11 43
640827 39715 5387 308 1738 0 8 7684 3262 2 65430 35693 39715 8275 131 195 2 77 117 241 140 200 142 216 139 30 62 11 139 14
640825 39715 5385 308 1738 8 8 7668 3246 2 65430 35693 39715 8275 243 165 131 195 2 77 117 241 140 200 142 216 139 30 62 11
640823 39715 5383 308 1738 0 8 7668 3246 2 65430 35693 39715 8275 139 202 243 165 131 195 2 77 117 241 140 200 142 216 139 30
640821 39715 5381 308 1738 0 8 7360 3246 2 65430 35693 39715 8275 3 240 139 202 243 165 131 195 2 77 117 241 140 200 142 216
640818 39715 5378 308 1738 0 8 7364 3246 2 65430 35693 39715 8275 46 139 55 3 240 139 202 243 165 131 195 2 77 117 241 140
640831 39715 5391 308 1738 0 8 7364 3246 2 65430 35693 39715 8275 117 241 140 200 142 216 139 30 62 11 139 14 60 11 43 255
640830 39715 5390 308 1738 0 8 7364 3246 3 65430 35693 39715 8275 77 117 241 140 200 142 216 139 30 62 11 139 14 60 11 43
640827 39715 5387 308 1736 0 8 7364 3246 3 65430 35693 39715 8275 131 195 2 77 117 241 140 200 142 216 139 30 62 11 139 14
640825 39715 5385 308 1736 8 8 7348 3230 3 65430 35693 39715 8275 243 165 131 195 2 77 117 241 140 200 142 216 139 30 62 11
640823 39715 5383 308 1736 0 8 7348 3230 3 65430 35693 39715 8275 139 202 243 165 131 195 2 77 117 241 140 200 142 216 139 30
640821 39715 5381 308 1736 0 8 7040 3230 3 65430 35693 39715 8275 3 240 139 202 243 165 131 195 2 77 117 241 140 200 142 216
640818 39715 5378 308 1736 0 8 7044 3230 3 65430 35693 39715 8275 46 139 55 3 240 139 202 243 165 131 195 2 77 117 241 140
640831 39715 5391 308 1736 0 8 7044 3230 3 65430 35693 39715 8275 117 241 140 200 142 216 139 30 62 11 139 14 60 11 43 255
640830 39715 5390 308 1736 0 8 7044 3230 4 65430 35693 39715 8275 77 117 241 140 200 142 216 139 30 62 11 139 14 60 11 43
640827 39715 5387 308 1734 0 8 7044 3230 4 65430 35693 39715 8275 131 195 2 77 117 241 140 200 142 216 139 30 62 11 139 14
640825 39715 5385 308 1734 8 8 7028 3214 4 65430 35693 39715 8275 243 165 131 195 2 77 117 241 140 200 142 216 139 30 62 11
640823 39715 5383 308 1734 0 8 7028 3214 4 65430 35693 39715 8275 139 202 243 165 131 195 2 77 117 241 140 200 142 216 139 30
640821 39715 5381 308 1734 0 8 6720 3214 4 65430 35693 39715 8275 3 240 139 202 243 165 131 195 2 77 117 241 140 200 142 216
640818 39715 5378 308 1734 0 8 6724 3214 4 65430 35693 39715 8275 46 139 55 3 240 139 202 243 165 131 195 2 77 117 241 140
640831 39715 5391 308 1734 0 8 6724 3214 4 65430 35693 39715 8275 117 241 140 200 142 216 139 30 62 11 139 14 60 11 43 255
640830 39715 5390 308 1734 0 8 6724 3214 5 65430 35693 39715 8275 77 117 241 140 200 142 216 139 30 62 11 139 14 60 11 43
640827 39715 5387 308 1732 0 8 6724 3214 5 65430 35693 39715 8275 131 195 2 77 117 241 140 200 142 216 139 30 62 11 139 14
640825 39715 5385 308 1732 8 8 6708 3198 5 65430 35693 39715 8275 243 165 131 195 2 77 117 241 140 200 142 216 139 30 62 11
640823 39715 5383 308 1732 0 8 6708 3198 5 65430 35693 39715 8275 139 202 243 165 131 195 2 77 117 241 140 200 142 216 139 30
640821 39715 5381 308 1732 0 8 6400 3198 5 65430 35693 39715 8275 3 240 139 202 243 165 131 195 2 77 117 241 140 200 142 216
640818 39715 5378 308 1732 0 8 6404 3198 5 65430 35693 39715 8275 46 139 55 3 240 139 202 243 165 131 195 2 77 117 241 140
640831 39715 5391 308 1732 0 8 6404 3198 5 65430 35693 39715 8275 117 241 140 200 142 216 139 30 62 11 139 14 60 11 43 255
640830 39715 5390 308 1732 0 8 6404 3198 6 65430 35693 39715 8275 77 117 241 140 200 142 216 139 30 62 11 139 14 60 11 43
640827 39715 5387 308 1730 0 8 6404 3198 6 65430 35693 39715 8275 131 195 2 77 117 241 140 200 142 216 139 30 62 11 139 14
640825 39715 5385 308 1730 8 8 6388 3182 6 65430 35693 39715 8275 243 165 131 195 2 77 117 241 140 200 142 216 139 30 62 11
640823 39715 5383 308 1730 0 8 6388 3182 6 65430 35693 39715 8275 139 202 243 165 131 195 2 77 117 241 140 200 142 216 139 30
640821 39715 5381 308 1730 0 8 6080 3182 6 65430 35693 39715 8275 3 240 139 202 243 165 131 195 2 77 117 241 140 200 142 216
640818 39715 5378 308 1730 0 8 6084 3182 6 65430 35693 39715 8275 46 139 55 3 240 139 202 243 165 131 195 2 77 117 241 140
640831 39715 5391 308 1730 0 8 6084 3182 6 65430 35693 39715 8275 117 241 140 200 142 216 139 30 62 11 139 14 60 11 43 255
640830 39715 5390 308 1730 0 8 6084 3182 7 65430 35693 39715 8275 77 117 241 140 200 142 216 139 30 62 11 139 14 60 11 43
640827 39715 5387 308 1728 0 8 6084 3182 7 65430 35693 39715 8275 131 195 2 77 117 241 140 200 142 216 139 30 62 11 139 14
640825 39715 5385 308 1728 8 8 6068 3166 7 65430 35693 39715 8275 243 165 131 195 2 77 117 241 140 200 142 216 139 30 62 11
640823 39715 5383 308 1728 0 8 6068 3166 7 65430 35693 39715 8275 139 202 243 165 131 195 2 77 117 241 140 200 142 216 139 30
640821 39715 5381 308 1728 0 8 5760 3166 7 65430 35693 39715 8275 3 240 139 202 243 165 131 195 2 77 117 241 140 200 142 216
640818 39715 5378 308 1728 0 8 5764 3166 7 65430 35693 39715 8275 46 139 55 3 240 139 202 243 165 131 195 2 77 117 241 140
640831 39715 5391 308 1728 0 8 5764 3166 7 65430 35693 39715 8275 117 241 140 200 142 216 139 30 62 11 139 14 60 11 43 255
640830 39715 5390 308 1728 0 8 5764 3166 8 65430 35693 39715 8275 77 117 241 140 200 142 216 139 30 62 11 139 14 60 11 43
640827 39715 5387 308 1726 0 8 5764 3166 8 65430 35693 39715 8275 131 195 2 77 117 241 140 200 142 216 139 30 62 11 139 14
640825 39715 5385 308 1726 8 8 5748 3150 8 65430 35693 39715 8275 243 165 131 195 2 77 117 241 140 200 142 216 139 30 62 11
640823 39715 5383 308 1726 0 8 5748 3150 8 65430 35693 39715 8275 139 202 243 165 131 195 2 77 117 241 140 200 142 216 139 30
640821 39715 5381 308 1726 0 8 5440 3150 8 65430 35693 39715 8275 3 240 139 202 243 165 131 195 2 77 117 241 140 200 142 216
640818 39715 5378 308 1726 0 8 5444 3150 8 65430 35693 39715 8275 46 139 55 3 240 139 202 243 165 131 195 2 77 117 241 140
640831 39715 5391 308 1726 0 8 5444 3150 8 65430 35693 39715 8275 117 241 140 200 142 216 139 30 62 11 139 14 60 11 43 255
640830 39715 5390 308 1726 0 8 5444 3150 9 65430 35693 39715 8275 77 117 241 140 200 142 216 139 30 62 11 139 14 60 11 43
640827 39715 5387 308 1724 0 8 5444 3150 9 65430 35693 39715 8275 131 195 2 77 117 241 140 200 142 216 139 30 62 11 139 14
640825 39715 5385 308 1724 8 8 5428 3134 9 65430 35693 39715 8275 243 165 131 195 2 77 117 241 140 200 142 216 139 30 62 11
640823 39715 5383 308 1724 0 8 5428 3134 9 65430 35693 39715 8275 139 202 243 165 131 195 2 77 117 241 140 200 142 216 139 30
640821 39715 5381 308 1724 0 8 5120 3134 9 65430 35693 39715 8275 3 240 139 202 243 165 131 195 2 77 117 241 140 200 142 216
640818 39715 5378 308 1724 0 8 5124 3134 9 65430 35693 39715 8275 46 139 55 3 240 139 202 243 165 131 195 2 77 117 241 140
640831 39715 5391 308 1724 0 8 5124 3134 9 65430 35693 39715 8275 117 241 140 200 142 216 139 30 62 11 139 14 60 11 43 255
640830 39715 5390 308 1724 0 8 5124 3134 10 65430 35693 39715 8275 77 117 241 140 200 142 216 139 30 62 11 139 14 60 11 43
640827 39715 5387 308 1722 0 8 5124 3134 10 65430 35693 39715 8275 131 195 2 77 117 241 140 200 142 216 139 30 62 11 139 14
640825 39715 5385 308 1722 8 8 5108 3118 10 65430 35693 39715 8275 243 165 131 195 2 77 117 241 140 200 142 216 139 30 62 11
640823 39715 5383 308 1722 0 8 5108 3118 10 65430 35693 39715 8275 139 202 243 165 131 195 2 77 117 241 140 200 142 216 139 30
640821 39715 5381 308 1722 0 8 4800 3118 10 65430 35693 39715 8275 3 240 139 202 243 165 131 195 2 77 117 241 140 200 142 216
640818 39715 5378 308 1722 0 8 4804 3118 10 65430 35693 39715 8275 46 139 55 3 240 139 202 243 165 131 195 2 77 117 241 140
640831 39715 5391 308 1722 0 8 4804 3118 10 65430 35693 39715 8275 117 241 140 200 142 216 139 30 62 11 139 14 60 11 43 255
640830 39715 5390 308 1722 0 8 4804 3118 11 65430 35693 39715 8275 77 117 241 140 200 142 216 139 30 62 11 139 14 60 11 43
640827 39715 5387 308 1720 0 8 4804 3118 11 65430 35693 39715 8275 131 195 2 77 117 241 140 200 142 216 139 30 62 11 139 14
640825 39715 5385 308 1720 8 8 4788 3102 11 65430 35693 39715 8275 243 165 131 195 2 77 117 241 140 200 142 216 139 30 62 11
640823 39715 5383 308 1720 308 8 4788 3102 11 65430 35693 39715 8275 139 202 243 165 131 195 2 77 117 241 140 200 142 216 139 30
640821 39715 5381 308 1720 308 8 4480 3102 11 65430 35693 39715 8275 3 240 139 202 243 165 131 195 2 77 117 241 140 200 142 216
640818 39715 5378 308 1720 308 8 1 3102 11 65430 35693 39715 8275 46 139 55 3 240 139 202 243 165 131 195 2 77 117 241 140
640817 39715 5377 308 1720 308 8 1 3102 11 65430 35693 39715 8275 144 46 139 55 3 240 139 202 243 165 131 195 2 77 117 241
640814 39715 5374 308 1720 308 8 1 0 11 65430 35693 39715 8275 191 30 12 144 46 139 55 3 240 139 202 243 165 131 195 2
640810 39715 5370 308 1720 308 8 1 0 11 65430 39715 39715 8275 142 30 246 9 191 30 12 144 46 139 55 3 240 139 202 243
640807 39715 5367 308 1720 308 8 1 0 11 65430 39715 39715 8275 163 80 11 142 30 246 9 191 30 12 144 46 139 55 3 240
640805 39715 5365 308 1720 308 17 1 0 11 65430 39715 39715 8275 209 234 163 80 11 142 30 246 9 191 30 12 144 46 139 55
640804 39715 5364 308 1720 308 16 1 0 11 65430 39715 39715 8275 66 209 234 163 80 11 142 30 246 9 191 30 12 144 46 139
640799 39715 5359 308 1720 308 14 1 0 11 65430 39715 39715 8275 46 139 22 70 11 66 209 234 163 80 11 142 30 246 9 191
640795 39715 5355 308 1720 308 14 1 0 11 65430 39715 39715 8275 137 30 82 11 46 139 22 70 11 66 209 234 163 80 11 142
640791 39715 5351 308 28 308 14 1 0 11 65430 39715 39715 8275 129 195 156 6 137 30 82 11 46 139 22 70 11 66 209 234
640786 39715 5346 308 28 308 14 1 0 65446 65430 39715 39715 8275 46 139 46 68 11 129 195 156 6 137 30 82 11 46 139 22
640784 39715 5344 308 14 308 14 1 0 65446 65430 39715 39715 8275 209 227 46 139 46 68 11 129 195 156 6 137 30 82 11 46
640782 39715 5342 3 14 308 14 1 0 65446 65430 39715 39715 8275 139 193 209 227 46 139 46 68 11 129 195 156 6 137 30 82
640780 39715 5340 3 0 308 14 1 0 65446 65430 39715 39715 8275 139 218 139 193 209 227 46 139 46 68 11 129 195 156 6 137
640776 39715 5336 3 0 308 14 1 0 65446 65430 39715 39715 8275 137 22 62 11 139 218 139 193 209 227 46 139 46 68 11 129
640772 39715 5332 3 0 308 14 1 0 65446 65430 39715 39715 8275 137 14 60 11 137 22 62 11 139 218 139 193 209 227 46 139
640768 39715 5328 3 0 308 14 1 0 65446 65430 39715 39715 8275 137 30 58 11 137 14 60 11 137 22 62 11 139 218 139 193
802877 50178 29 3 0 308 14 1 0 65446 65424 39715 39715 8275 207 0 0 0 0 0 0 0 0 0 0 0 0 0 0 0
802873 50178 25 3 1742 0 8 1 0 65446 65424 39715 39715 8275 254 56 76 0 207 0 0 0 0 0 0 0 0 0 0 0
802864 50178 16 3 1742 0 8 1 0 65446 65424 39715 39715 8275 235 7 254 56 77 0 202 8 0 254 56 76 0 207 0 0
640766 39715 5326 3 1742 0 8 1 0 65446 65430 39715 39715 8275 205 51 137 30 58 11 137 14 60 11 137 22 62 11 139 218
640763 39715 5323 14 1742 0 8 1 0 65446 65430 39715 39715 8275 184 3 0 205 51 137 30 58 11 137 14 60 11 137 22 62
640760 39715 5320 14 1742 0 8 1 0 65446 65430 39715 39715 8275 163 66 11 184 3 0 205 51 137 30 58 11 137 14 60 11
640757 39715 5317 308 1742 0 8 1 0 65446 65430 39715 39715 8275 161 62 11 163 66 11 184 3 0 205 51 137 30 58 11 137
640754 39715 5314 308 1742 0 8 1 0 65446 65430 39715 39715 8275 163 64 11 161 62 11 163 66 11 184 3 0 205 51 137 30
640751 39715 5311 39715 1742 0 8 1 0 65446 65430 39715 39715 8275 161 60 11 163 64 11 161 62 11 163 66 11 184 3 0 205
640749 39715 5309 39715 1742 0 8 1 0 65446 65430 39715 35693 8275 142 192 161 60 11 163 64 11 161 62 11 163 66 11 184 3
640747 39715 5307 39715 1742 0 8 1 0 65446 65430 39715 35693 8275 116 109 142 192 161 60 11 163 64 11 161 62 11 163 66 11
640742 39715 5302 39715 1742 0 8 1 0 65446 65430 39715 35693 8275 128 62 113 14 0 116 109 142 192 161 60 11 163 64 11 161
640740 39715 5300 39715 1742 0 8 1 0 65446 65430 8275 35693 8275 142 216 128 62 113 14 0 116 109 142 192 161 60 11 163 64
640738 39715 5298 308 1742 0 8 1 0 65446 65430 8275 35693 8275 140 200 142 216 128 62 113 14 0 116 109 142 192 161 60 11
640737 39715 5297 308 1742 0 8 1 0 65446 65432 8275 35693 8275 87 140 200 142 216 128 62 113 14 0 116 109 142 192 161 60
640736 39715 5296 308 1742 0 8 1 0 65446 65434 8275 35693 8275 86 87 140 200 142 216 128 62 113 14 0 116 109 142 192 161
640735 39715 5295 308 1742 0 8 1 0 65446 65436 8275 35693 8275 30 86 87 140 200 142 216 128 62 113 14 0 116 109 142 192
640734 39715 5294 308 1742 0 8 1 0 65446 65438 8275 35693 8275 85 30 86 87 140 200 142 216 128 62 113 14 0 116 109 142
640659 39715 5219 308 1742 0 8 1 0 65446 65440 8275 35693 8275 232 72 0 232 55 21 232 2 1 46 161 60 11 196 126 6
640924 39715 5484 308 1742 0 8 1 0 65446 65438 8275 35693 8275 195 144 46 128 62 113 14 0 116 58 85 30 46 161 64 11
640923 39715 5483 308 1742 0 8 1 0 0 65436 8275 35693 8275 93 195 144 46 128 62 113 14 0 116 58 85 30 46 161 64
640922 39715 5482 308 1742 0 8 1 0 0 65434 39715 35693 8275 31 93 195 144 46 128 62 113 14 0 116 58 85 30 46 161
640921 39715 5481 308 1742 0 8 3278 0 0 65432 39715 35693 8275 94 31 93 195 144 46 128 62 113 14 0 116 58 85 30 46
640920 39715 5480 308 1742 0 8 3278 8004 0 65430 39715 35693 8275 95 94 31 93 195 144 46 128 62 113 14 0 116 58 85 30
640918 39715 5478 308 1742 0 8 3278 8004 0 65430 39715 35693 8275 117 242 95 94 31 93 195 144 46 128 62 113 14 0 116 58
640917 39715 5477 308 1742 0 8 3278 8004 1 65430 39715 35693 8275 77 117 242 95 94 31 93 195 144 46 128 62 113 14 0 116
640914 39715 5474 308 1740 0 8 3278 8004 1 65430 39715 35693 8275 131 195 2 77 117 242 95 94 31 93 195 144 46 128 62 113
640912 39715 5472 308 1740 8 8 3262 7988 1 65430 39715 35693 8275 243 165 131 195 2 77 117 242 95 94 31 93 195 144 46 128
640910 39715 5470 308 1740 0 8 3262 7988 1 65430 39715 35693 8275 139 202 243 165 131 195 2 77 117 242 95 94 31 93 195 144
640908 39715 5468 308 1740 0 8 3262 7680 1 65430 39715 35693 8275 3 248 139 202 243 165 131 195 2 77 117 242 95 94 31 93
640906 39715 5466 308 1740 0 8 3262 7684 1 65430 39715 35693 8275 139 63 3 248 139 202 243 165 131 195 2 77 117 242 95 94
640918 39715 5478 308 1740 0 8 3262 7684 1 65430 39715 35693 8275 117 242 95 94 31 93 195 144 46 128 62 113 14 0 116 58
640917 39715 5477 308 1740 0 8 3262 7684 2 65430 39715 35693 8275 77 117 242 95 94 31 93 195 144 46 128 62 113 14 0 116
640914 39715 5474 308 1738 0 8 3262 7684 2 65430 39715 35693 8275 131 195 2 77 117 242 95 94 31 93 195 144 46 128 62 113
640912 39715 5472 308 1738 8 8 3246 7668 2 65430 39715 35693 8275 243 165 131 195 2 77 117 242 95 94 31 93 195 144 46 128
640910 39715 5470 308 1738 0 8 3246 7668 2 65430 39715 35693 8275 139 202 243 165 131 195 2 77 117 242 95 94 31 93 195 144
640908 39715 5468 308 1738 0 8 3246 7360 2 65430 39715 35693 8275 3 248 139 202 243 165 131 195 2 77 117 242 95 94 31 93
640906 39715 5466 308 1738 0 8 3246 7364 2 65430 39715 35693 8275 139 63 3 248 139 202 243 165 131 195 2 77 117 242 95 94
640918 39715 5478 308 1738 0 8 3246 7364 2 65430 39715 35693 8275 117 242 95 94 31 93 195 144 46 128 62 113 14 0 116 58
640917 39715 5477 308 1738 0 8 3246 7364 3 65430 39715 35693 8275 77 117 242 95 94 31 93 195 144 46 128 62 113 14 0 116
640914 39715 5474 308 1736 0 8 3246 7364 3 65430 39715 35693 8275 131 195 2 77 117 242 95 94 31 93 195 144 46 128 62 113
640912 39715 5472 308 1736 8 8 3230 7348 3 65430 39715 35693 8275 243 165 131 195 2 77 117 242 95 94 31 93 195 144 46 128
640910 39715 5470 308 1736 0 8 3230 7348 3 65430 39715 35693 8275 139 202 243 165 131 195 2 77 117 242 95 94 31 93 195 144
640908 39715 5468 308 1736 0 8 3230 7040 3 65430 39715 35693 8275 3 248 139 202 243 165 131 195 2 77 117 242 95 94 31 93
640906 39715 5466 308 1736 0 8 3230 7044 3 65430 39715 35693 8275 139 63 3 248 139 202 243 165 131 195 2 77 117 242 95 94
640918 39715 5478 308 1736 0 8 3230 7044 3 65430 39715 35693 8275 117 242 95 94 31 93 195 144 46 128 62 113 14 0 116 58
640917 39715 5477 308 1736 0 8 3230 7044 4 65430 39715 35693 8275 77 117 242 95 94 31 93 195 144 46 128 62 113 14 0 116
640914 39715 5474 308 1734 0 8 3230 7044 4 65430 39715 35693 8275 131 195 2 77 117 242 95 94 31 93 195 144 46 128 62 113
640912 39715 5472 308 1734 8 8 3214 7028 4 65430 39715 35693 8275 243 165 131 195 2 77 117 242 95 94 31 93 195 144 46 128
640910 39715 5470 308 1734 0 8 3214 7028 4 65430 39715 35693 8275 139 202 243 165 131 195 2 77 117 242 95 94 31 93 195 144
640908 39715 5468 308 1734 0 8 3214 6720 4 65430 39715 35693 8275 3 248 139 202 243 165 131 195 2 77 117 242 95 94 31 93
640906 39715 5466 308 1734 0 8 3214 6724 4 65430 39715 35693 8275 139 63 3 248 139 202 243 165 131 195 2 77 117 242 95 94
640918 39715 5478 308 1734 0 8 3214 6724 4 65430 39715 35693 8275 117 242 95 94 31 93 195 144 46 128 62 113 14 0 116 58
640917 39715 5477 308 1734 0 8 3214 6724 5 65430 39715 35693 8275 77 117 242 95 94 31 93 195 144 46 128 62 113 14 0 116
640914 39715 5474 308 1732 0 8 3214 6724 5 65430 39715 35693 8275 131 195 2 77 117 242 95 94 31 93 195 144 46 128 62 113
640912 39715 5472 308 1732 8 8 3198 6708 5 65430 39715 35693 8275 243 165 131 195 2 77 117 242 95 94 31 93 195 144 46 128
640910 39715 5470 308 1732 0 8 3198 6708 5 65430 39715 35693 8275 139 202 243 165 131 195 2 77 117 242 95 94 31 93 195 144
640908 39715 5468 308 1732 0 8 3198 6400 5 65430 39715 35693 8275 3 248 139 202 243 165 131 195 2 77 117 242 95 94 31 93
640906 39715 5466 308 1732 0 8 3198 6404 5 65430 39715 35693 8275 139 63 3 248 139 202 243 165 131 195 2 77 117 242 95 94
640918 39715 5478 308 1732 0 8 3198 6404 5 65430 39715 35693 8275 117 242 95 94 31 93 195 144 46 128 62 113 14 0 116 58
640917 39715 5477 308 1732 0 8 3198 6404 6 65430 39715 35693 8275 77 117 242 95 94 31 93 195 144 46 128 62 113 14 0 116
640914 39715 5474 308 1730 0 8 3198 6404 6 65430 39715 35693 8275 131 195 2 77 117 242 95 94 31 93 195 144 46 128 62 113
640912 39715 5472 308 1730 8 8 3182 6388 6 65430 39715 35693 8275 243 165 131 195 2 77 117 242 95 94 31 93 195 144 46 128
640910 39715 5470 308 1730 0 8 3182 6388 6 65430 39715 35693 8275 139 202 243 165 131 195 2 77 117 242 95 94 31 93 195 144
640908 39715 5468 308 1730 0 8 3182 6080 6 65430 39715 35693 8275 3 248 139 202 243 165 131 195 2 77 117 242 95 94 31 93
640906 39715 5466 308 1730 0 8 3182 6084 6 65430 39715 35693 8275 139 63 3 248 139 202 243 165 131 195 2 77 117 242 95 94
640918 39715 5478 308 1730 0 8 3182 6084 6 65430 39715 35693 8275 117 242 95 94 31 93 195 144 46 128 62 113 14 0 116 58
640917 39715 5477 308 1730 0 8 3182 6084 7 65430 39715 35693 8275 77 117 242 95 94 31 93 195 144 46 128 62 113 14 0 116
640914 39715 5474 308 1728 0 8 3182 6084 7 65430 39715 35693 8275 131 195 2 77 117 242 95 94 31 93 195 144 46 128 62 113
640912 39715 5472 308 1728 8 8 3166 6068 7 65430 39715 35693 8275 243 165 131 195 2 77 117 242 95 94 31 93 195 144 46 128
640910 39715 5470 308 1728 0 8 3166 6068 7 65430 39715 35693 8275 139 202 243 165 131 195 2 77 117 242 95 94 31 93 195 144
640908 39715 5468 308 1728 0 8 3166 5760 7 65430 39715 35693 8275 3 248 139 202 243 165 131 195 2 77 117 242 95 94 31 93
640906 39715 5466 308 1728 0 8 3166 5764 7 65430 39715 35693 8275 139 63 3 248 139 202 243 165 131 195 2 77 117 242 95 94
640918 39715 5478 308 1728 0 8 3166 5764 7 65430 39715 35693 8275 117 242 95 94 31 93 195 144 46 128 62 113 14 0 116 58
640917 39715 5477 308 1728 0 8 3166 5764 8 65430 39715 35693 8275 77 117 242 95 94 31 93 195 144 46 128 62 113 14 0 116
640914 39715 5474 308 1726 0 8 3166 5764 8 65430 39715 35693 8275 131 195 2 77 117 242 95 94 31 93 195 144 46 128 62 113
640912 39715 5472 308 1726 8 8 3150 5748 8 65430 39715 35693 8275 243 165 131 195 2 77 117 242 95 94 31 93 195 144 46 128
640910 39715 5470 308 1726 0 8 3150 5748 8 65430 39715 35693 8275 139 202 243 165 131 195 2 77 117 242 95 94 31 93 195 144
640908 39715 5468 308 1726 0 8 3150 5440 8 65430 39715 35693 8275 3 248 139 202 243 165 131 195 2 77 117 242 95 94 31 93
640906 39715 5466 308 1726 0 8 3150 5444 8 65430 39715 35693 8275 139 63 3 248 139 202 243 165 131 195 2 77 117 242 95 94
640918 39715 5478 308 1726 0 8 3150 5444 8 65430 39715 35693 8275 117 242 95 94 31 93 195 144 46 128 62 113 14 0 116 58
640917 39715 5477 308 1726 0 8 3150 5444 9 65430 39715 35693 8275 77 117 242 95 94 31 93 195 144 46 128 62 113 14 0 116
640914 39715 5474 308 1724 0 8 3150 5444 9 65430 39715 35693 8275 131 195 2 77 117 242 95 94 31 93 195 144 46 128 62 113
640912 39715 5472 308 1724 8 8 3134 5428 9 65430 39715 35693 8275 243 165 131 195 2 77 117 242 95 94 31 93 195 144 46 128
640910 39715 5470 308 1724 0 8 3134 5428 9 65430 39715 35693 8275 139 202 243 165 131 195 2 77 117 242 95 94 31 93 195 144
640908 39715 5468 308 1724 0 8 3134 5120 9 65430 39715 35693 8275 3 248 139 202 243 165 131 195 2 77 117 242 95 94 31 93
640906 39715 5466 308 1724 0 8 3134 5124 9 65430 39715 35693 8275 139 63 3 248 139 202 243 165 131 195 2 77 117 242 95 94
640918 39715 5478 308 1724 0 8 3134 5124 9 65430 39715 35693 8275 117 242 95 94 31 93 195 144 46 128 62 113 14 0 116 58
640917 39715 5477 308 1724 0 8 3134 5124 10 65430 39715 35693 8275 77 117 242 95 94 31 93 195 144 46 128 62 113 14 0 116
640914 39715 5474 308 1722 0 8 3134 5124 10 65430 39715 35693 8275 131 195 2 77 117 242 95 94 31 93 195 144 46 128 62 113
640912 39715 5472 308 1722 8 8 3118 5108 10 65430 39715 35693 8275 243 165 131 195 2 77 117 242 95 94 31 93 195 144 46 128
640910 39715 5470 308 1722 0 8 3118 5108 10 65430 39715 35693 8275 139 202 243 165 131 195 2 77 117 242 95 94 31 93 195 144
640908 39715 5468 308 1722 0 8 3118 4800 10 65430 39715 35693 8275 3 248 139 202 243 165 131 195 2 77 117 242 95 94 31 93
640906 39715 5466 308 1722 0 8 3118 4804 10 65430 39715 35693 8275 139 63 3 248 139 202 243 165 131 195 2 77 117 242 95 94
640918 39715 5478 308 1722 0 8 3118 4804 10 65430 39715 35693 8275 117 242 95 94 31 93 195 144 46 128 62 113 14 0 116 58
640917 39715 5477 308 1722 0 8 3118 4804 11 65430 39715 35693 8275 77 117 242 95 94 31 93 195 144 46 128 62 113 14 0 116
640914 39715 5474 308 1720 0 8 3118 4804 11 65430 39715 35693 8275 131 195 2 77 117 242 95 94 31 93 195 144 46 128 62 113
640912 39715 5472 308 1720 8 8 3102 4788 11 65430 39715 35693 8275 243 165 131 195 2 77 117 242 95 94 31 93 195 144 46 128
640910 39715 5470 308 1720 8275 8 3102 4788 11 65430 39715 35693 8275 139 202 243 165 131 195 2 77 117 242 95 94 31 93 195 144
640908 39715 5468 308 1720 8275 8 3102 4480 11 65430 39715 35693 8275 3 248 139 202 243 165 131 195 2 77 117 242 95 94 31 93
640906 39715 5466 308 1720 8275 8 3102 0 11 65430 39715 35693 8275 139 63 3 248 139 202 243 165 131 195 2 77 117 242 95 94
640901 39715 5461 308 1720 8275 8 3102 0 65446 65430 39715 35693 8275 46 139 46 68 11 139 63 3 248 139 202 243 165 131 195 2
640899 39715 5459 308 1720 8275 17 3102 0 65446 65430 39715 35693 8275 209 234 46 139 46 68 11 139 63 3 248 139 202 243 165 131
640898 39715 5458 308 1720 8275 16 3102 0 65446 65430 39715 35693 8275 66 209 234 46 139 46 68 11 139 63 3 248 139 202 243 165
640893 39715 5453 308 1720 8275 16 3102 0 65446 65430 39715 35693 8275 46 139 22 70 11 66 209 234 46 139 46 68 11 139 63 3
640890 39715 5450 308 1720 8275 16 1 0 65446 65430 39715 35693 8275 190 30 12 46 139 22 70 11 66 209 234 46 139 46 68 11
640886 39715 5446 308 1720 8275 16 1 0 65446 65430 39715 35693 8275 142 6 246 9 190 30 12 46 139 22 70 11 66 209 234 46
640882 39715 5442 308 7 8275 16 1 0 65446 65430 39715 35693 8275 139 30 82 11 142 6 246 9 190 30 12 46 139 22 70 11
640879 39715 5439 39715 7 8275 16 1 0 65446 65430 39715 35693 8275 161 80 11 139 30 82 11 142 6 246 9 190 30 12 46 139
640877 39715 5437 39715 7 8275 16 1 0 65446 65430 39715 35693 8275 116 41 161 80 11 139 30 82 11 142 6 246 9 190 30 12
640872 39715 5432 39715 7 8275 16 1 0 65446 65430 39715 35693 8275 128 62 113 14 0 116 41 161 80 11 139 30 82 11 142 6
640870 39715 5430 39715 7 8275 16 1 0 65446 65430 8275 35693 8275 142 216 128 62 113 14 0 116 41 161 80 11 139 30 82 11
640868 39715 5428 15 7 8275 16 1 0 65446 65430 8275 35693 8275 140 200 142 216 128 62 113 14 0 116 41 161 80 11 139 30
640867 39715 5427 15 7 8275 16 1 0 65446 65432 8275 35693 8275 87 140 200 142 216 128 62 113 14 0 116 41 161 80 11 139
640866 39715 5426 15 7 8275 16 1 0 65446 65434 8275 35693 8275 86 87 140 200 142 216 128 62 113 14 0 116 41 161 80 11
640865 39715 5425 15 7 8275 16 1 0 65446 65436 8275 35693 8275 30 86 87 140 200 142 216 128 62 113 14 0 116 41 161 80
640864 39715 5424 15 7 8275 16 1 0 65446 65438 8275 35693 8275 85 30 86 87 140 200 142 216 128 62 113 14 0 116 41 161
640656 39715 5216 15 7 8275 16 1 0 65446 65440 8275 35693 8275 232 205 0 232 72 0 232 55 21 232 2 1 46 161 60 11
640654 39715 5214 15 7 8275 16 1 0 65446 65440 8275 35693 8275 116 37 232 205 0 232 72 0 232 55 21 232 2 1 46 161
640648 39715 5208 15 7 8275 16 1 0 65446 65440 8275 35693 8275 46 128 62 113 14 0 116 37 232 205 0 232 72 0 232 55
640647 39715 5207 15 7 8275 16 1 0 65446 65442 8275 35693 8275 87 46 128 62 113 14 0 116 37 232 205 0 232 72 0 232
640646 39715 5206 15 7 8275 16 1 0 65446 65444 8275 35693 8275 86 87 46 128 62 113 14 0 116 37 232 205 0 232 72 0
640645 39715 5205 15 7 8275 16 1 0 65446 65446 8275 35693 8275 30 86 87 46 128 62 113 14 0 116 37 232 205 0 232 72
640643 39715 5203 15 7 8275 16 1 0 65472 65446 8275 35693 8275 139 236 30 86 87 46 128 62 113 14 0 116 37 232 205 0
640642 39715 5202 15 7 8275 16 1 0 65472 65448 8275 35693 8275 85 139 236 30 86 87 46 128 62 113 14 0 116 37 232 205
635455 39715 15 15 7 8275 16 1 0 65472 65448 8275 35693 8275 233 64 20 233 127 20 233 228 50 233 69 53 233 148 21 233
118154 6694 11050 15 7 8275 16 1 0 65472 65444 8275 35693 8275 203 46 255 54 247 42 184 18 0 80 203 46 255 54 247 42
118153 6694 11049 15 7 8275 16 1 0 65472 65446 8275 35693 8275 80 203 46 255 54 247 42 184 18 0 80 203 46 255 54 247
118150 6694 11046 42882 7 8275 16 1 0 65472 65446 8275 35693 8275 184 15 0 80 203 46 255 54 247 42 184 18 0 80 203 46
118145 6694 11041 42882 7 8275 16 1 0 65472 65448 8275 35693 8275 46 255 54 247 42 184 15 0 80 203 46 255 54 247 42 184
119862 7407 1350 42882 7 8275 16 1 0 65472 65452 8275 35693 8275 154 33 43 38 26 131 196 8 162 112 185 128 62 112 185 0
119861 7407 1349 42882 7 8275 16 1 0 65472 65454 8275 35693 8275 80 154 33 43 38 26 131 196 8 162 112 185 128 62 112 185
119858 7407 1346 44248 7 8275 16 1 0 65472 65454 8275 35693 8275 184 130 167 80 154 33 43 38 26 131 196 8 162 112 185 128
119857 7407 1345 44248 7 8275 16 1 0 65472 65456 8275 35693 8275 30 184 130 167 80 154 33 43 38 26 131 196 8 162 112 185
119856 7407 1344 44248 7 8275 16 1 0 65472 65458 8275 35693 8275 80 30 184 130 167 80 154 33 43 38 26 131 196 8 162 112
119853 7407 1341 0 7 8275 16 1 0 65472 65458 8275 35693 8275 184 216 172 80 30 184 130 167 80 154 33 43 38 26 131 196
119852 7407 1340 0 7 8275 16 1 0 65472 65460 8275 35693 8275 30 184 216 172 80 30 184 130 167 80 154 33 43 38 26 131
119791 7407 1279 0 7 8275 16 1 0 65472 65460 8275 35693 8275 117 59 128 62 79 1 255 116 52 160 79 1 152 139 216 138
119786 7407 1274 0 7 8275 16 1 0 65472 65460 8275 35693 8275 128 62 44 197 2 117 59 128 62 79 1 255 116 52 160 79
119778 7407 1266 0 7 8275 16 1 0 65472 65460 8275 35693 8275 116 6 184 255 255 233 52 6 128 62 44 197 2 117 59 128
119773 7407 1261 0 7 8275 16 1 0 65472 65460 8275 35693 8275 128 62 81 1 0 116 6 184 255 255 233 52 6 128 62 44
119740 7407 1228 0 7 8275 16 1 0 65472 65460 8275 35693 8275 235 31 128 62 44 197 4 117 7 154 77 0 14 32 235 17
119735 7407 1223 0 7 8275 16 1 0 65472 65460 8275 35693 8275 198 6 126 1 0 235 31 128 62 44 197 4 117 7 154 77
119723 7407 1211 0 7 8275 16 1 0 65472 65460 8275 35693 8275 116 10 198 6 171 0 0 154 108 35 205 16 198 6 126 1
119718 7407 1206 0 7 8275 16 1 0 65472 65460 8275 35693 8275 128 62 171 0 0 116 10 198 6 171 0 0 154 108 35 205
119716 7407 1204 0 7 8275 16 1 0 65472 65460 8275 35693 8275 117 17 128 62 171 0 0 116 10 198 6 171 0 0 154 108
119714 7407 1202 0 7 8275 16 1 0 65472 65460 8275 35693 8275 11 192 117 17 128 62 171 0 0 116 10 198 6 171 0 0
119712 7407 1200 0 7 8275 16 1 0 65472 65460 8275 35693 8275 180 0 11 192 117 17 128 62 171 0 0 116 10 198 6 171
119709 7407 1197 0 7 8275 16 1 0 65472 65460 8275 35693 8275 160 170 0 180 0 11 192 117 17 128 62 171 0 0 116 10
78831 4920 111 0 7 8275 16 1 0 65472 65456 8275 35693 8275 203 85 139 236 86 190 224 172 70 70 199 4 255 255 70 70
78830 4920 110 0 7 8275 16 1 0 65454 65454 8275 35693 8275 93 203 85 139 236 86 190 224 172 70 70 199 4 255 255 70
78779 4920 59 0 7 8275 16 1 0 65454 65454 8275 35693 8275 116 49 128 62 44 197 1 116 7 128 62 44 197 5 117 35
78774 4920 54 0 7 8275 16 1 0 65454 65454 8275 35693 8275 128 62 176 196 0 116 49 128 62 44 197 1 116 7 128 62
78772 4920 52 0 7 8275 16 1 0 65454 65454 8275 35693 8275 117 7 128 62 176 196 0 116 49 128 62 44 197 1 116 7
78767 4920 47 0 7 8275 16 1 0 65454 65454 8275 35693 8275 128 62 175 196 0 117 7 128 62 176 196 0 116 49 128 62
78765 4920 45 0 7 8275 16 1 0 65454 65454 8275 35693 8275 117 14 128 62 175 196 0 117 7 128 62 176 196 0 116 49
78760 4920 40 0 7 8275 16 1 0 65454 65454 8275 35693 8275 128 62 174 196 0 117 14 128 62 175 196 0 117 7 128 62
78755 4920 35 0 7 8275 16 1 0 65454 65454 8275 35693 8275 198 6 218 172 1 128 62 174 196 0 117 14 128 62 175 196
98664 5650 8264 0 7 8275 16 1 0 65454 65450 8275 35693 8275 203 85 139 236 86 87 154 136 8 56 19 154 219 10 56 19
98663 5650 8263 0 7 8275 16 1 0 65448 65448 8275 35693 8275 93 203 85 139 236 86 87 154 136 8 56 19 154 219 10 56
98661 5650 8261 0 7 8275 16 1 0 65448 65444 8275 35693 8275 139 229 93 203 85 139 236 86 87 154 136 8 56 19 154 219
98660 5650 8260 0 7 8275 16 54994 0 65448 65442 8275 35693 8275 94 139 229 93 203 85 139 236 86 87 154 136 8 56 19 154
98659 5650 8259 0 7 8275 16 54994 0 65448 65440 8275 35693 8275 95 94 139 229 93 203 85 139 236 86 87 154 136 8 56 19
98637 5650 8237 0 7 8275 16 54994 0 65448 65440 8275 35693 8275 117 20 184 4 0 80 184 1 0 80 154 83 43 38 26 89
98632 5650 8232 0 7 8275 16 54994 0 65448 65440 8275 35693 8275 128 62 44 197 0 117 20 184 4 0 80 184 1 0 80 154
98609 5650 8209 0 7 8275 16 54994 0 65448 65440 8275 35693 8275 116 21 131 126 252 0 117 15 184 78 167 80 154 227 21 239
98605 5650 8205 0 7 8275 16 54994 0 65448 65440 8275 35693 8275 11 6 80 167 116 21 131 126 252 0 117 15 184 78 167 80
98602 5650 8202 0 7 8275 16 54994 0 65448 65440 8275 35693 8275 161 78 167 11 6 80 167 116 21 131 126 252 0 117 15 184
98600 5650 8200 0 7 8275 16 54994 0 65448 65440 8275 35693 8275 124 232 161 78 167 11 6 80 167 116 21 131 126 252 0 117
98596 5650 8196 0 7 8275 16 54994 0 65448 65440 8275 35693 8275 131 126 254 8 124 232 161 78 167 11 6 80 167 116 21 131
98593 5650 8193 0 7 8275 16 54994 0 65448 65440 8275 35693 8275 255 70 254 131 126 254 8 124 232 161 78 167 11 6 80 167
98586 5650 8186 0 7 8275 16 54994 0 65448 65440 8275 35693 8275 116 5 199 70 252 1 0 255 70 254 131 126 254 8 124 232
98581 5650 8181 0 7 8275 16 54994 0 65448 65440 8275 35693 8275 128 191 199 185 0 116 5 199 70 252 1 0 255 70 254 131
98578 5650 8178 0 6 8275 16 54994 0 65448 65440 8275 35693 8275 139 94 254 128 191 199 185 0 116 5 199 70 252 1 0 255
98600 5650 8200 0 6 8275 16 54994 0 65448 65440 8275 35693 8275 124 232 161 78 167 11 6 80 167 116 21 131 126 252 0 117
98596 5650 8196 0 6 8275 16 54994 0 65448 65440 8275 35693 8275 131 126 254 8 124 232 161 78 167 11 6 80 167 116 21 131
98593 5650 8193 0 6 8275 16 54994 0 65448 65440 8275 35693 8275 255 70 254 131 126 254 8 124 232 161 78 167 11 6 80 167
98586 5650 8186 0 6 8275 16 54994 0 65448 65440 8275 35693 8275 116 5 199 70 252 1 0 255 70 254 131 126 254 8 124 232
98581 5650 8181 0 6 8275 16 54994 0 65448 65440 8275 35693 8275 128 191 199 185 0 116 5 199 70 252 1 0 255 70 254 131
98578 5650 8178 0 5 8275 16 54994 0 65448 65440 8275 35693 8275 139 94 254 128 191 199 185 0 116 5 199 70 252 1 0 255
98600 5650 8200 0 5 8275 16 54994 0 65448 65440 8275 35693 8275 124 232 161 78 167 11 6 80 167 116 21 131 126 252 0 117
98596 5650 8196 0 5 8275 16 54994 0 65448 65440 8275 35693 8275 131 126 254 8 124 232 161 78 167 11 6 80 167 116 21 131
98593 5650 8193 0 5 8275 16 54994 0 65448 65440 8275 35693 8275 255 70 254 131 126 254 8 124 232 161 78 167 11 6 80 167
98586 5650 8186 0 5 8275 16 54994 0 65448 65440 8275 35693 8275 116 5 199 70 252 1 0 255 70 254 131 126 254 8 124 232
98581 5650 8181 0 5 8275 16 54994 0 65448 65440 8275 35693 8275 128 191 199 185 0 116 5 199 70 252 1 0 255 70 254 131
98578 5650 8178 0 4 8275 16 54994 0 65448 65440 8275 35693 8275 139 94 254 128 191 199 185 0 116 5 199 70 252 1 0 255
98600 5650 8200 0 4 8275 16 54994 0 65448 65440 8275 35693 8275 124 232 161 78 167 11 6 80 167 116 21 131 126 252 0 117
98596 5650 8196 0 4 8275 16 54994 0 65448 65440 8275 35693 8275 131 126 254 8 124 232 161 78 167 11 6 80 167 116 21 131
98593 5650 8193 0 4 8275 16 54994 0 65448 65440 8275 35693 8275 255 70 254 131 126 254 8 124 232 161 78 167 11 6 80 167
98586 5650 8186 0 4 8275 16 54994 0 65448 65440 8275 35693 8275 116 5 199 70 252 1 0 255 70 254 131 126 254 8 124 232
98581 5650 8181 0 4 8275 16 54994 0 65448 65440 8275 35693 8275 128 191 199 185 0 116 5 199 70 252 1 0 255 70 254 131
98578 5650 8178 0 3 8275 16 54994 0 65448 65440 8275 35693 8275 139 94 254 128 191 199 185 0 116 5 199 70 252 1 0 255
98600 5650 8200 0 3 8275 16 54994 0 65448 65440 8275 35693 8275 124 232 161 78 167 11 6 80 167 116 21 131 126 252 0 117
98596 5650 8196 0 3 8275 16 54994 0 65448 65440 8275 35693 8275 131 126 254 8 124 232 161 78 167 11 6 80 167 116 21 131
98593 5650 8193 0 3 8275 16 54994 0 65448 65440 8275 35693 8275 255 70 254 131 126 254 8 124 232 161 78 167 11 6 80 167
98586 5650 8186 0 3 8275 16 54994 0 65448 65440 8275 35693 8275 116 5 199 70 252 1 0 255 70 254 131 126 254 8 124 232
98581 5650 8181 0 3 8275 16 54994 0 65448 65440 8275 35693 8275 128 191 199 185 0 116 5 199 70 252 1 0 255 70 254 131
98578 5650 8178 0 2 8275 16 54994 0 65448 65440 8275 35693 8275 139 94 254 128 191 199 185 0 116 5 199 70 252 1 0 255
98600 5650 8200 0 2 8275 16 54994 0 65448 65440 8275 35693 8275 124 232 161 78 167 11 6 80 167 116 21 131 126 252 0 117
98596 5650 8196 0 2 8275 16 54994 0 65448 65440 8275 35693 8275 131 126 254 8 124 232 161 78 167 11 6 80 167 116 21 131
98593 5650 8193 0 2 8275 16 54994 0 65448 65440 8275 35693 8275 255 70 254 131 126 254 8 124 232 161 78 167 11 6 80 167
98586 5650 8186 0 2 8275 16 54994 0 65448 65440 8275 35693 8275 116 5 199 70 252 1 0 255 70 254 131 126 254 8 124 232
98581 5650 8181 0 2 8275 16 54994 0 65448 65440 8275 35693 8275 128 191 199 185 0 116 5 199 70 252 1 0 255 70 254 131
98578 5650 8178 0 1 8275 16 54994 0 65448 65440 8275 35693 8275 139 94 254 128 191 199 185 0 116 5 199 70 252 1 0 255
98600 5650 8200 0 1 8275 16 54994 0 65448 65440 8275 35693 8275 124 232 161 78 167 11 6 80 167 116 21 131 126 252 0 117
98596 5650 8196 0 1 8275 16 54994 0 65448 65440 8275 35693 8275 131 126 254 8 124 232 161 78 167 11 6 80 167 116 21 131
98593 5650 8193 0 1 8275 16 54994 0 65448 65440 8275 35693 8275 255 70 254 131 126 254 8 124 232 161 78 167 11 6 80 167
98586 5650 8186 0 1 8275 16 54994 0 65448 65440 8275 35693 8275 116 5 199 70 252 1 0 255 70 254 131 126 254 8 124 232
98581 5650 8181 0 1 8275 16 54994 0 65448 65440 8275 35693 8275 128 191 199 185 0 116 5 199 70 252 1 0 255 70 254 131
98578 5650 8178 0 0 8275 16 54994 0 65448 65440 8275 35693 8275 139 94 254 128 191 199 185 0 116 5 199 70 252 1 0 255
98600 5650 8200 0 0 8275 16 54994 0 65448 65440 8275 35693 8275 124 232 161 78 167 11 6 80 167 116 21 131 126 252 0 117
98596 5650 8196 0 0 8275 16 54994 0 65448 65440 8275 35693 8275 131 126 254 8 124 232 161 78 167 11 6 80 167 116 21 131
98593 5650 8193 0 0 8275 16 54994 0 65448 65440 8275 35693 8275 255 70 254 131 126 254 8 124 232 161 78 167 11 6 80 167
98586 5650 8186 0 0 8275 16 54994 0 65448 65440 8275 35693 8275 116 5 199 70 252 1 0 255 70 254 131 126 254 8 124 232
98581 5650 8181 0 0 8275 16 54994 0 65448 65440 8275 35693 8275 128 191 199 185 0 116 5 199 70 252 1 0 255 70 254 131
98578 5650 8178 0 1742 8275 16 54994 0 65448 65440 8275 35693 8275 139 94 254 128 191 199 185 0 116 5 199 70 252 1 0 255
98600 5650 8200 0 1742 8275 16 54994 0 65448 65440 8275 35693 8275 124 232 161 78 167 11 6 80 167 116 21 131 126 252 0 117
98596 5650 8196 0 1742 8275 16 54994 0 65448 65440 8275 35693 8275 131 126 254 8 124 232 161 78 167 11 6 80 167 116 21 131
98576 5650 8176 0 1742 8275 16 54994 0 65448 65440 8275 35693 8275 235 18 139 94 254 128 191 199 185 0 116 5 199 70 252 1
98573 5650 8173 0 1742 8275 16 54994 0 65448 65440 8275 35693 8275 137 70 254 235 18 139 94 254 128 191 199 185 0 116 5 199
98570 5650 8170 0 1742 8275 16 54994 0 65448 65440 8275 35693 8275 137 70 252 137 70 254 235 18 139 94 254 128 191 199 185 0
98568 5650 8168 308 1742 8275 16 54994 0 65448 65440 8275 35693 8275 51 192 137 70 252 137 70 254 235 18 139 94 254 128 191 199
98567 5650 8167 308 1742 53858 16 54994 0 65448 65438 8275 35693 8275 89 51 192 137 70 252 137 70 254 235 18 139 94 254 128 191
98566 5650 8166 308 1742 0 16 54994 0 65448 65436 8275 35693 8275 89 89 51 192 137 70 252 137 70 254 235 18 139 94 254 128
642030 39715 6590 308 1742 0 16 54994 0 65448 65432 8275 35693 8275 203 144 232 65 1 138 208 60 32 118 19 46 10 6 110 11
642029 39715 6589 308 1742 0 16 54994 0 740 65430 8275 35693 8275 93 203 144 232 65 1 138 208 60 32 118 19 46 10 6 110
642028 39715 6588 308 1742 0 16 54994 0 740 65428 39715 35693 8275 31 93 203 144 232 65 1 138 208 60 32 118 19 46 10 6
642027 39715 6587 308 1742 0 16 54994 0 740 65426 39715 35693 8275 7 31 93 203 144 232 65 1 138 208 60 32 118 19 46 10
642026 39715 6586 308 1742 0 16 8004 0 740 65424 39715 35693 8275 94 7 31 93 203 144 232 65 1 138 208 60 32 118 19 46
642025 39715 6585 308 1742 0 16 8004 8004 740 65422 39715 35693 8275 95 94 7 31 93 203 144 232 65 1 138 208 60 32 118 19
649539 39715 14099 308 1742 0 16 8004 8004 740 65420 39715 35693 8275 195 0 0 31 31 31 31 31 31 0 31 244 242 240 239 237
640992 39715 5552 308 1742 0 16 8004 8004 740 65418 39715 35693 8275 195 144 85 139 236 30 6 86 87 46 198 6 99 14 0 46
640991 39715 5551 308 1742 0 16 8004 8004 740 65416 39715 35693 8275 93 195 144 85 139 236 30 6 86 87 46 198 6 99 14 0
640990 39715 5550 308 1742 0 16 8004 8004 740 65414 39715 35693 8275 31 93 195 144 85 139 236 30 6 86 87 46 198 6 99 14
646174 39715 10734 308 1742 0 16 8004 8004 740 65412 39715 35693 8275 195 144 78 120 3 233 158 0 36 254 46 163 98 11 209 232
646173 39715 10733 308 1742 0 16 8004 8004 740 65410 35693 35693 8275 31 195 144 78 120 3 233 158 0 36 254 46 163 98 11 209
646172 39715 10732 308 1742 0 16 8004 8004 740 65408 35693 40960 8275 7 31 195 144 78 120 3 233 158 0 36 254 46 163 98 11
646171 39715 10731 308 1742 0 16 8004 8004 0 65406 35693 40960 8275 93 7 31 195 144 78 120 3 233 158 0 36 254 46 163 98
646169 39715 10729 308 1742 0 16 8004 8004 0 65406 35693 40960 8275 117 233 93 7 31 195 144 78 120 3 233 158 0 36 254 46
646168 39715 10728 308 1742 0 16 8004 8004 1 65406 35693 40960 8275 77 117 233 93 7 31 195 144 78 120 3 233 158 0 36 254
646165 39715 10725 308 1740 0 16 8004 8004 1 65406 35693 40960 8275 131 195 2 77 117 233 93 7 31 195 144 78 120 3 233 158
646163 39715 10723 308 1740 0 16 8004 8004 1 65406 35693 40960 8275 243 164 131 195 2 77 117 233 93 7 31 195 144 78 120 3
646161 39715 10721 308 1740 0 16 8004 8004 1 65406 35693 40960 8275 209 209 243 164 131 195 2 77 117 233 93 7 31 195 144 78
646159 39715 10719 308 1740 8 16 7988 7988 1 65406 35693 40960 8275 243 165 209 209 243 164 131 195 2 77 117 233 93 7 31 195
646157 39715 10717 308 1740 16 16 7988 7988 1 65406 35693 40960 8275 209 233 243 165 209 209 243 164 131 195 2 77 117 233 93 7
646155 39715 10715 308 1740 0 16 7988 7988 1 65406 35693 40960 8275 139 202 209 233 243 165 209 209 243 164 131 195 2 77 117 233
646153 39715 10713 308 1740 0 16 7684 7988 1 65406 35693 40960 8275 139 247 139 202 209 233 243 165 209 209 243 164 131 195 2 77
646151 39715 10711 308 1740 0 16 7684 7680 1 65406 35693 40960 8275 3 248 139 247 139 202 209 233 243 165 209 209 243 164 131 195
646148 39715 10708 308 1740 0 16 7684 7684 1 65406 35693 40960 8275 46 139 63 3 248 139 247 139 202 209 233 243 165 209 209 243
646169 39715 10729 308 1740 0 16 7684 7684 1 65406 35693 40960 8275 117 233 93 7 31 195 144 78 120 3 233 158 0 36 254 46
646168 39715 10728 308 1740 0 16 7684 7684 2 65406 35693 40960 8275 77 117 233 93 7 31 195 144 78 120 3 233 158 0 36 254
646165 39715 10725 308 1738 0 16 7684 7684 2 65406 35693 40960 8275 131 195 2 77 117 233 93 7 31 195 144 78 120 3 233 158
646163 39715 10723 308 1738 0 16 7684 7684 2 65406 35693 40960 8275 243 164 131 195 2 77 117 233 93 7 31 195 144 78 120 3
646161 39715 10721 308 1738 0 16 7684 7684 2 65406 35693 40960 8275 209 209 243 164 131 195 2 77 117 233 93 7 31 195 144 78
646159 39715 10719 308 1738 8 16 7668 7668 2 65406 35693 40960 8275 243 165 209 209 243 164 131 195 2 77 117 233 93 7 31 195
646157 39715 10717 308 1738 16 16 7668 7668 2 65406 35693 40960 8275 209 233 243 165 209 209 243 164 131 195 2 77 117 233 93 7
646155 39715 10715 308 1738 0 16 7668 7668 2 65406 35693 40960 8275 139 202 209 233 243 165 209 209 243 164 131 195 2 77 117 233
646153 39715 10713 308 1738 0 16 7364 7668 2 65406 35693 40960 8275 139 247 139 202 209 233 243 165 209 209 243 164 131 195 2 77
646151 39715 10711 308 1738 0 16 7364 7360 2 65406 35693 40960 8275 3 248 139 247 139 202 209 233 243 165 209 209 243 164 131 195
646148 39715 10708 308 1738 0 16 7364 7364 2 65406 35693 40960 8275 46 139 63 3 248 139 247 139 202 209 233 243 165 209 209 243
646169 39715 10729 308 1738 0 16 7364 7364 2 65406 35693 40960 8275 117 233 93 7 31 195 144 78 120 3 233 158 0 36 254 46
646168 39715 10728 308 1738 0 16 7364 7364 3 65406 35693 40960 8275 77 117 233 93 7 31 195 144 78 120 3 233 158 0 36 254
646165 39715 10725 308 1736 0 16 7364 7364 3 65406 35693 40960 8275 131 195 2 77 117 233 93 7 31 195 144 78 120 3 233 158
646163 39715 10723 308 1736 0 16 7364 7364 3 65406 35693 40960 8275 243 164 131 195 2 77 117 233 93 7 31 195 144 78 120 3
646161 39715 10721 308 1736 0 16 7364 7364 3 65406 35693 40960 8275 209 209 243 164 131 195 2 77 117 233 93 7 31 195 144 78
646159 39715 10719 308 1736 8 16 7348 7348 3 65406 35693 40960 8275 243 165 209 209 243 164 131 195 2 77 117 233 93 7 31 195
646157 39715 10717 308 1736 16 16 7348 7348 3 65406 35693 40960 8275 209 233 243 165 209 209 243 164 131 195 2 77 117 233 93 7
646155 39715 10715 308 1736 0 16 7348 7348 3 65406 35693 40960 8275 139 202 209 233 243 165 209 209 243 164 131 195 2 77 117 233
646153 39715 10713 308 1736 0 16 7044 7348 3 65406 35693 40960 8275 139 247 139 202 209 233 243 165 209 209 243 164 131 195 2 77
646151 39715 10711 308 1736 0 16 7044 7040 3 65406 35693 40960 8275 3 248 139 247 139 202 209 233 243 165 209 209 243 164 131 195
646148 39715 10708 308 1736 0 16 7044 7044 3 65406 35693 40960 8275 46 139 63 3 248 139 247 139 202 209 233 243 165 209 209 243
646169 39715 10729 308 1736 0 16 7044 7044 3 65406 35693 40960 8275 117 233 93 7 31 195 144 78 120 3 233 158 0 36 254 46
646168 39715 10728 308 1736 0 16 7044 7044 4 65406 35693 40960 8275 77 117 233 93 7 31 195 144 78 120 3 233 158 0 36 254
646165 39715 10725 308 1734 0 16 7044 7044 4 65406 35693 40960 8275 131 195 2 77 117 233 93 7 31 195 144 78 120 3 233 158
646163 39715 10723 308 1734 0 16 7044 7044 4 65406 35693 40960 8275 243 164 131 195 2 77 117 233 93 7 31 195 144 78 120 3
646161 39715 10721 308 1734 0 16 7044 7044 4 65406 35693 40960 8275 209 209 243 164 131 195 2 77 117 233 93 7 31 195 144 78
646159 39715 10719 308 1734 8 16 7028 7028 4 65406 35693 40960 8275 243 165 209 209 243 164 131 195 2 77 117 233 93 7 31 195
646157 39715 10717 308 1734 16 16 7028 7028 4 65406 35693 40960 8275 209 233 243 165 209 209 243 164 131 195 2 77 117 233 93 7
646155 39715 10715 308 1734 0 16 7028 7028 4 65406 35693 40960 8275 139 202 209 233 243 165 209 209 243 164 131 195 2 77 117 233
646153 39715 10713 308 1734 0 16 6724 7028 4 65406 35693 40960 8275 139 247 139 202 209 233 243 165 209 209 243 164 131 195 2 77
646151 39715 10711 308 1734 0 16 6724 6720 4 65406 35693 40960 8275 3 248 139 247 139 202 209 233 243 165 209 209 243 164 131 195
646148 39715 10708 308 1734 0 16 6724 6724 4 65406 35693 40960 8275 46 139 63 3 248 139 247 139 202 209 233 243 165 209 209 243
646169 39715 10729 308 1734 0 16 6724 6724 4 65406 35693 40960 8275 117 233 93 7 31 195 144 78 120 3 233 158 0 36 254 46
646168 39715 10728 308 1734 0 16 6724 6724 5 65406 35693 40960 8275 77 117 233 93 7 31 195 144 78 120 3 233 158 0 36 254
646165 39715 10725 308 1732 0 16 6724 6724 5 65406 35693 40960 8275 131 195 2 77 117 233 93 7 31 195 144 78 120 3 233 158
646163 39715 10723 308 1732 0 16 6724 6724 5 65406 35693 40960 8275 243 164 131 195 2 77 117 233 93 7 31 195 144 78 120 3
646161 39715 10721 308 1732 0 16 6724 6724 5 65406 35693 40960 8275 209 209 243 164 131 195 2 77 117 233 93 7 31 195 144 78
646159 39715 10719 308 1732 8 16 6708 6708 5 65406 35693 40960 8275 243 165 209 209 243 164 131 195 2 77 117 233 93 7 31 195
646157 39715 10717 308 1732 16 16 6708 6708 5 65406 35693 40960 8275 209 233 243 165 209 209 243 164 131 195 2 77 117 233 93 7
646155 39715 10715 308 1732 0 16 6708 6708 5 65406 35693 40960 8275 139 202 209 233 243 165 209 209 243 164 131 195 2 77 117 233
646153 39715 10713 308 1732 0 16 6404 6708 5 65406 35693 40960 8275 139 247 139 202 209 233 243 165 209 209 243 164 131 195 2 77
646151 39715 10711 308 1732 0 16 6404 6400 5 65406 35693 40960 8275 3 248 139 247 139 202 209 233 243 165 209 209 243 164 131 195
646148 39715 10708 308 1732 0 16 6404 6404 5 65406 35693 40960 8275 46 139 63 3 248 139 247 139 202 209 233 243 165 209 209 243
646169 39715 10729 308 1732 0 16 6404 6404 5 65406 35693 40960 8275 117 233 93 7 31 195 144 78 120 3 233 158 0 36 254 46
646168 39715 10728 308 1732 0 16 6404 6404 6 65406 35693 40960 8275 77 117 233 93 7 31 195 144 78 120 3 233 158 0 36 254
646165 39715 10725 308 1730 0 16 6404 6404 6 65406 35693 40960 8275 131 195 2 77 117 233 93 7 31 195 144 78 120 3 233 158
646163 39715 10723 308 1730 0 16 6404 6404 6 65406 35693 40960 8275 243 164 131 195 2 77 117 233 93 7 31 195 144 78 120 3
646161 39715 10721 308 1730 0 16 6404 6404 6 65406 35693 40960 8275 209 209 243 164 131 195 2 77 117 233 93 7 31 195 144 78
646159 39715 10719 308 1730 8 16 6388 6388 6 65406 35693 40960 8275 243 165 209 209 243 164 131 195 2 77 117 233 93 7 31 195
646157 39715 10717 308 1730 16 16 6388 6388 6 65406 35693 40960 8275 209 233 243 165 209 209 243 164 131 195 2 77 117 233 93 7
646155 39715 10715 308 1730 0 16 6388 6388 6 65406 35693 40960 8275 139 202 209 233 243 165 209 209 243 164 131 195 2 77 117 233
646153 39715 10713 308 1730 0 16 6084 6388 6 65406 35693 40960 8275 139 247 139 202 209 233 243 165 209 209 243 164 131 195 2 77
646151 39715 10711 308 1730 0 16 6084 6080 6 65406 35693 40960 8275 3 248 139 247 139 202 209 233 243 165 209 209 243 164 131 195
646148 39715 10708 308 1730 0 16 6084 6084 6 65406 35693 40960 8275 46 139 63 3 248 139 247 139 202 209 233 243 165 209 209 243
646169 39715 10729 308 1730 0 16 6084 6084 6 65406 35693 40960 8275 117 233 93 7 31 195 144 78 120 3 233 158 0 36 254 46
646168 39715 10728 308 1730 0 16 6084 6084 7 65406 35693 40960 8275 77 117 233 93 7 31 195 144 78 120 3 233 158 0 36 254
646165 39715 10725 308 1728 0 16 6084 6084 7 65406 35693 40960 8275 131 195 2 77 117 233 93 7 31 195 144 78 120 3 233 158
646163 39715 10723 308 1728 0 16 6084 6084 7 65406 35693 40960 8275 243 164 131 195 2 77 117 233 93 7 31 195 144 78 120 3
646161 39715 10721 308 1728 0 16 6084 6084 7 65406 35693 40960 8275 209 209 243 164 131 195 2 77 117 233 93 7 31 195 144 78
646159 39715 10719 308 1728 8 16 6068 6068 7 65406 35693 40960 8275 243 165 209 209 243 164 131 195 2 77 117 233 93 7 31 195
646157 39715 10717 308 1728 16 16 6068 6068 7 65406 35693 40960 8275 209 233 243 165 209 209 243 164 131 195 2 77 117 233 93 7
646155 39715 10715 308 1728 0 16 6068 6068 7 65406 35693 40960 8275 139 202 209 233 243 165 209 209 243 164 131 195 2 77 117 233
646153 39715 10713 308 1728 0 16 5764 6068 7 65406 35693 40960 8275 139 247 139 202 209 233 243 165 209 209 243 164 131 195 2 77
646151 39715 10711 308 1728 0 16 5764 5760 7 65406 35693 40960 8275 3 248 139 247 139 202 209 233 243 165 209 209 243 164 131 195
646148 39715 10708 308 1728 0 16 5764 5764 7 65406 35693 40960 8275 46 139 63 3 248 139 247 139 202 209 233 243 165 209 209 243
646169 39715 10729 308 1728 0 16 5764 5764 7 65406 35693 40960 8275 117 233 93 7 31 195 144 78 120 3 233 158 0 36 254 46
646168 39715 10728 308 1728 0 16 5764 5764 8 65406 35693 40960 8275 77 117 233 93 7 31 195 144 78 120 3 233 158 0 36 254
646165 39715 10725 308 1726 0 16 5764 5764 8 65406 35693 40960 8275 131 195 2 77 117 233 93 7 31 195 144 78 120 3 233 158
646163 39715 10723 308 1726 0 16 5764 5764 8 65406 35693 40960 8275 243 164 131 195 2 77 117 233 93 7 31 195 144 78 120 3
646161 39715 10721 308 1726 0 16 5764 5764 8 65406 35693 40960 8275 209 209 243 164 131 195 2 77 117 233 93 7 31 195 144 78
646159 39715 10719 308 1726 8 16 5748 5748 8 65406 35693 40960 8275 243 165 209 209 243 164 131 195 2 77 117 233 93 7 31 195
646157 39715 10717 308 1726 16 16 5748 5748 8 65406 35693 40960 8275 209 233 243 165 209 209 243 164 131 195 2 77 117 233 93 7
646155 39715 10715 308 1726 0 16 5748 5748 8 65406 35693 40960 8275 139 202 209 233 243 165 209 209 243 164 131 195 2 77 117 233
646153 39715 10713 308 1726 0 16 5444 5748 8 65406 35693 40960 8275 139 247 139 202 209 233 243 165 209 209 243 164 131 195 2 77
646151 39715 10711 308 1726 0 16 5444 5440 8 65406 35693 40960 8275 3 248 139 247 139 202 209 233 243 165 209 209 243 164 131 195
646148 39715 10708 308 1726 0 16 5444 5444 8 65406 35693 40960 8275 46 139 63 3 248 139 247 139 202 209 233 243 165 209 209 243
646169 39715 10729 308 1726 0 16 5444 5444 8 65406 35693 40960 8275 117 233 93 7 31 195 144 78 120 3 233 158 0 36 254 46
646168 39715 10728 308 1726 0 16 5444 5444 9 65406 35693 40960 8275 77 117 233 93 7 31 195 144 78 120 3 233 158 0 36 254
646165 39715 10725 308 1724 0 16 5444 5444 9 65406 35693 40960 8275 131 195 2 77 117 233 93 7 31 195 144 78 120 3 233 158
646163 39715 10723 308 1724 0 16 5444 5444 9 65406 35693 40960 8275 243 164 131 195 2 77 117 233 93 7 31 195 144 78 120 3
646161 39715 10721 308 1724 0 16 5444 5444 9 65406 35693 40960 8275 209 209 243 164 131 195 2 77 117 233 93 7 31 195 144 78
646159 39715 10719 308 1724 8 16 5428 5428 9 65406 35693 40960 8275 243 165 209 209 243 164 131 195 2 77 117 233 93 7 31 195
646157 39715 10717 308 1724 16 16 5428 5428 9 65406 35693 40960 8275 209 233 243 165 209 209 243 164 131 195 2 77 117 233 93 7
646155 39715 10715 308 1724 0 16 5428 5428 9 65406 35693 40960 8275 139 202 209 233 243 165 209 209 243 164 131 195 2 77 117 233
646153 39715 10713 308 1724 0 16 5124 5428 9 65406 35693 40960 8275 139 247 139 202 209 233 243 165 209 209 243 164 131 195 2 77
646151 39715 10711 308 1724 0 16 5124 5120 9 65406 35693 40960 8275 3 248 139 247 139 202 209 233 243 165 209 209 243 164 131 195
646148 39715 10708 308 1724 0 16 5124 5124 9 65406 35693 40960 8275 46 139 63 3 248 139 247 139 202 209 233 243 165 209 209 243
646169 39715 10729 308 1724 0 16 5124 5124 9 65406 35693 40960 8275 117 233 93 7 31 195 144 78 120 3 233 158 0 36 254 46
646168 39715 10728 308 1724 0 16 5124 5124 10 65406 35693 40960 8275 77 117 233 93 7 31 195 144 78 120 3 233 158 0 36 254
646165 39715 10725 308 1722 0 16 5124 5124 10 65406 35693 40960 8275 131 195 2 77 117 233 93 7 31 195 144 78 120 3 233 158
646163 39715 10723 308 1722 0 16 5124 5124 10 65406 35693 40960 8275 243 164 131 195 2 77 117 233 93 7 31 195 144 78 120 3
646161 39715 10721 308 1722 0 16 5124 5124 10 65406 35693 40960 8275 209 209 243 164 131 195 2 77 117 233 93 7 31 195 144 78
646159 39715 10719 308 1722 8 16 5108 5108 10 65406 35693 40960 8275 243 165 209 209 243 164 131 195 2 77 117 233 93 7 31 195
646157 39715 10717 308 1722 16 16 5108 5108 10 65406 35693 40960 8275 209 233 243 165 209 209 243 164 131 195 2 77 117 233 93 7
646155 39715 10715 308 1722 0 16 5108 5108 10 65406 35693 40960 8275 139 202 209 233 243 165 209 209 243 164 131 195 2 77 117 233
646153 39715 10713 308 1722 0 16 4804 5108 10 65406 35693 40960 8275 139 247 139 202 209 233 243 165 209 209 243 164 131 195 2 77
646151 39715 10711 308 1722 0 16 4804 4800 10 65406 35693 40960 8275 3 248 139 247 139 202 209 233 243 165 209 209 243 164 131 195
646148 39715 10708 308 1722 0 16 4804 4804 10 65406 35693 40960 8275 46 139 63 3 248 139 247 139 202 209 233 243 165 209 209 243
646169 39715 10729 308 1722 0 16 4804 4804 10 65406 35693 40960 8275 117 233 93 7 31 195 144 78 120 3 233 158 0 36 254 46
646168 39715 10728 308 1722 0 16 4804 4804 11 65406 35693 40960 8275 77 117 233 93 7 31 195 144 78 120 3 233 158 0 36 254
646165 39715 10725 308 1720 0 16 4804 4804 11 65406 35693 40960 8275 131 195 2 77 117 233 93 7 31 195 144 78 120 3 233 158
646163 39715 10723 308 1720 0 16 4804 4804 11 65406 35693 40960 8275 243 164 131 195 2 77 117 233 93 7 31 195 144 78 120 3
646161 39715 10721 308 1720 0 16 4804 4804 11 65406 35693 40960 8275 209 209 243 164 131 195 2 77 117 233 93 7 31 195 144 78
646159 39715 10719 308 1720 8 16 4788 4788 11 65406 35693 40960 8275 243 165 209 209 243 164 131 195 2 77 117 233 93 7 31 195
646157 39715 10717 308 1720 16 16 4788 4788 11 65406 35693 40960 8275 209 233 243 165 209 209 243 164 131 195 2 77 117 233 93 7
646155 39715 10715 308 1720 11 16 4788 4788 11 65406 35693 40960 8275 139 202 209 233 243 165 209 209 243 164 131 195 2 77 117 233
646153 39715 10713 308 1720 11 16 65535 4788 11 65406 35693 40960 8275 139 247 139 202 209 233 243 165 209 209 243 164 131 195 2 77
646151 39715 10711 308 1720 11 16 65535 4480 11 65406 35693 40960 8275 3 248 139 247 139 202 209 233 243 165 209 209 243 164 131 195
646148 39715 10708 308 1720 11 16 65535 8004 11 65406 35693 40960 8275 46 139 63 3 248 139 247 139 202 209 233 243 165 209 209 243
646147 39715 10707 308 1720 11 16 65535 8004 11 65406 35693 40960 8275 144 46 139 63 3 248 139 247 139 202 209 233 243 165 209 209
646145 39715 10705 308 1720 11 16 65535 8004 11 65406 35693 40960 8275 121 29 144 46 139 63 3 248 139 247 139 202 209 233 243 165
646144 39715 10704 308 1720 11 16 0 8004 11 65406 35693 40960 8275 78 121 29 144 46 139 63 3 248 139 247 139 202 209 233 243
646139 39715 10699 308 1720 11 16 8004 8004 11 65406 35693 40960 8275 46 139 54 188 9 78 121 29 144 46 139 63 3 248 139 247
646137 39715 10697 308 1720 11 16 8004 8004 740 65406 35693 40960 8275 139 233 46 139 54 188 9 78 121 29 144 46 139 63 3 248
646133 39715 10693 308 28 11 16 8004 8004 740 65406 35693 40960 8275 129 195 156 6 139 233 46 139 54 188 9 78 121 29 144 46
646131 39715 10691 308 14 11 16 8004 8004 740 65406 35693 40960 8275 209 227 129 195 156 6 139 233 46 139 54 188 9 78 121 29
646126 39715 10686 308 14 11 16 8004 8004 740 65406 35693 35693 8275 46 142 6 244 9 209 227 129 195 156 6 139 233 46 139 54
646121 39715 10681 308 14 11 16 8004 8004 740 65406 39715 35693 8275 46 142 30 246 9 46 142 6 244 9 209 227 129 195 156 6
646120 39715 10680 308 14 11 16 8004 8004 740 65408 39715 35693 8275 85 46 142 30 246 9 46 142 6 244 9 209 227 129 195 156
646119 39715 10679 308 14 11 16 8004 8004 740 65410 39715 35693 8275 6 85 46 142 30 246 9 46 142 6 244 9 209 227 129 195
646118 39715 10678 308 14 11 16 8004 8004 740 65412 39715 35693 8275 30 6 85 46 142 30 246 9 46 142 6 244 9 209 227 129
640987 39715 5547 308 14 11 16 8004 8004 740 65414 39715 35693 8275 232 8 20 31 93 195 144 85 139 236 30 6 86 87 46 198
640982 39715 5542 308 14 11 16 8004 8004 740 65414 39715 35693 8275 46 137 22 74 11 232 8 20 31 93 195 144 85 139 236 30
640977 39715 5537 308 14 11 16 8004 8004 740 65414 39715 35693 8275 46 137 14 72 11 46 137 22 74 11 232 8 20 31 93 195
640972 39715 5532 308 14 11 16 8004 8004 740 65414 39715 35693 8275 46 139 22 70 11 46 137 14 72 11 46 137 22 74 11 232
640967 39715 5527 308 14 0 16 8004 8004 740 65414 39715 35693 8275 46 139 14 68 11 46 139 22 70 11 46 137 14 72 11 46
640962 39715 5522 308 1742 0 16 8004 8004 740 65414 39715 35693 8275 46 139 30 62 11 46 139 14 68 11 46 139 22 70 11 46
640958 39715 5518 308 1742 0 16 8004 8004 740 65414 39715 35693 8275 46 161 60 11 46 139 30 62 11 46 139 14 68 11 46 139
646174 39715 10734 308 1742 0 16 8004 8004 740 65412 39715 35693 8275 195 144 78 120 3 233 158 0 36 254 46 163 98 11 209 232
646173 39715 10733 308 1742 0 16 8004 8004 740 65410 35693 35693 8275 31 195 144 78 120 3 233 158 0 36 254 46 163 98 11 209
646172 39715 10732 308 1742 0 16 8004 8004 740 65408 35693 40960 8275 7 31 195 144 78 120 3 233 158 0 36 254 46 163 98 11
646171 39715 10731 308 1742 0 16 8004 8004 0 65406 35693 40960 8275 93 7 31 195 144 78 120 3 233 158 0 36 254 46 163 98
646169 39715 10729 308 1742 0 16 8004 8004 0 65406 35693 40960 8275 117 233 93 7 31 195 144 78 120 3 233 158 0 36 254 46
646168 39715 10728 308 1742 0 16 8004 8004 1 65406 35693 40960 8275 77 117 233 93 7 31 195 144 78 120 3 233 158 0 36 254
646165 39715 10725 308 1740 0 16 8004 8004 1 65406 35693 40960 8275 131 195 2 77 117 233 93 7 31 195 144 78 120 3 233 158
646163 39715 10723 308 1740 0 16 8004 8004 1 65406 35693 40960 8275 243 164 131 195 2 77 117 233 93 7 31 195 144 78 120 3
646161 39715 10721 308 1740 0 16 8004 8004 1 65406 35693 40960 8275 209 209 243 164 131 195 2 77 117 233 93 7 31 195 144 78
646159 39715 10719 308 1740 8 16 7988 7988 1 65406 35693 40960 8275 243 165 209 209 243 164 131 195 2 77 117 233 93 7 31 195
646157 39715 10717 308 1740 16 16 7988 7988 1 65406 35693 40960 8275 209 233 243 165 209 209 243 164 131 195 2 77 117 233 93 7
646155 39715 10715 308 1740 0 16 7988 7988 1 65406 35693 40960 8275 139 202 209 233 243 165 209 209 243 164 131 195 2 77 117 233
646153 39715 10713 308 1740 0 16 7684 7988 1 65406 35693 40960 8275 139 247 139 202 209 233 243 165 209 209 243 164 131 195 2 77
646151 39715 10711 308 1740 0 16 7684 7680 1 65406 35693 40960 8275 3 248 139 247 139 202 209 233 243 165 209 209 243 164 131 195
646148 39715 10708 308 1740 0 16 7684 7684 1 65406 35693 40960 8275 46 139 63 3 248 139 247 139 202 209 233 243 165 209 209 243
646169 39715 10729 308 1740 0 16 7684 7684 1 65406 35693 40960 8275 117 233 93 7 31 195 144 78 120 3 233 158 0 36 254 46
646168 39715 10728 308 1740 0 16 7684 7684 2 65406 35693 40960 8275 77 117 233 93 7 31 195 144 78 120 3 233 158 0 36 254
646165 39715 10725 308 1738 0 16 7684 7684 2 65406 35693 40960 8275 131 195 2 77 117 233 93 7 31 195 144 78 120 3 233 158
646163 39715 10723 308 1738 0 16 7684 7684 2 65406 35693 40960 8275 243 164 131 195 2 77 117 233 93 7 31 195 144 78 120 3
646161 39715 10721 308 1738 0 16 7684 7684 2 65406 35693 40960 8275 209 209 243 164 131 195 2 77 117 233 93 7 31 195 144 78
646159 39715 10719 308 1738 8 16 7668 7668 2 65406 35693 40960 8275 243 165 209 209 243 164 131 195 2 77 117 233 93 7 31 195
646157 39715 10717 308 1738 16 16 7668 7668 2 65406 35693 40960 8275 209 233 243 165 209 209 243 164 131 195 2 77 117 233 93 7
646155 39715 10715 308 1738 0 16 7668 7668 2 65406 35693 40960 8275 139 202 209 233 243 165 209 209 243 164 131 195 2 77 117 233
646153 39715 10713 308 1738 0 16 7364 7668 2 65406 35693 40960 8275 139 247 139 202 209 233 243 165 209 209 243 164 131 195 2 77
646151 39715 10711 308 1738 0 16 7364 7360 2 65406 35693 40960 8275 3 248 139 247 139 202 209 233 243 165 209 209 243 164 131 195
646148 39715 10708 308 1738 0 16 7364 7364 2 65406 35693 40960 8275 46 139 63 3 248 139 247 139 202 209 233 243 165 209 209 243
646169 39715 10729 308 1738 0 16 7364 7364 2 65406 35693 40960 8275 117 233 93 7 31 195 144 78 120 3 233 158 0 36 254 46
646168 39715 10728 308 1738 0 16 7364 7364 3 65406 35693 40960 8275 77 117 233 93 7 31 195 144 78 120 3 233 158 0 36 254
646165 39715 10725 308 1736 0 16 7364 7364 3 65406 35693 40960 8275 131 195 2 77 117 233 93 7 31 195 144 78 120 3 233 158
646163 39715 10723 308 1736 0 16 7364 7364 3 65406 35693 40960 8275 243 164 131 195 2 77 117 233 93 7 31 195 144 78 120 3
646161 39715 10721 308 1736 0 16 7364 7364 3 65406 35693 40960 8275 209 209 243 164 131 195 2 77 117 233 93 7 31 195 144 78
646159 39715 10719 308 1736 8 16 7348 7348 3 65406 35693 40960 8275 243 165 209 209 243 164 131 195 2 77 117 233 93 7 31 195
646157 39715 10717 308 1736 16 16 7348 7348 3 65406 35693 40960 8275 209 233 243 165 209 209 243 164 131 195 2 77 117 233 93 7
646155 39715 10715 308 1736 0 16 7348 7348 3 65406 35693 40960 8275 139 202 209 233 243 165 209 209 243 164 131 195 2 77 117 233
646153 39715 10713 308 1736 0 16 7044 7348 3 65406 35693 40960 8275 139 247 139 202 209 233 243 165 209 209 243 164 131 195 2 77
646151 39715 10711 308 1736 0 16 7044 7040 3 65406 35693 40960 8275 3 248 139 247 139 202 209 233 243 165 209 209 243 164 131 195
646148 39715 10708 308 1736 0 16 7044 7044 3 65406 35693 40960 8275 46 139 63 3 248 139 247 139 202 209 233 243 165 209 209 243
646169 39715 10729 308 1736 0 16 7044 7044 3 65406 35693 40960 8275 117 233 93 7 31 195 144 78 120 3 233 158 0 36 254 46
646168 39715 10728 308 1736 0 16 7044 7044 4 65406 35693 40960 8275 77 117 233 93 7 31 195 144 78 120 3 233 158 0 36 254
646165 39715 10725 308 1734 0 16 7044 7044 4 65406 35693 40960 8275 131 195 2 77 117 233 93 7 31 195 144 78 120 3 233 158
646163 39715 10723 308 1734 0 16 7044 7044 4 65406 35693 40960 8275 243 164 131 195 2 77 117 233 93 7 31 195 144 78 120 3
646161 39715 10721 308 1734 0 16 7044 7044 4 65406 35693 40960 8275 209 209 243 164 131 195 2 77 117 233 93 7 31 195 144 78
646159 39715 10719 308 1734 8 16 7028 7028 4 65406 35693 40960 8275 243 165 209 209 243 164 131 195 2 77 117 233 93 7 31 195
646157 39715 10717 308 1734 16 16 7028 7028 4 65406 35693 40960 8275 209 233 243 165 209 209 243 164 131 195 2 77 117 233 93 7
646155 39715 10715 308 1734 0 16 7028 7028 4 65406 35693 40960 8275 139 202 209 233 243 165 209 209 243 164 131 195 2 77 117 233
646153 39715 10713 308 1734 0 16 6724 7028 4 65406 35693 40960 8275 139 247 139 202 209 233 243 165 209 209 243 164 131 195 2 77
646151 39715 10711 308 1734 0 16 6724 6720 4 65406 35693 40960 8275 3 248 139 247 139 202 209 233 243 165 209 209 243 164 131 195
646148 39715 10708 308 1734 0 16 6724 6724 4 65406 35693 40960 8275 46 139 63 3 248 139 247 139 202 209 233 243 165 209 209 243
646169 39715 10729 308 1734 0 16 6724 6724 4 65406 35693 40960 8275 117 233 93 7 31 195 144 78 120 3 233 158 0 36 254 46
646168 39715 10728 308 1734 0 16 6724 6724 5 65406 35693 40960 8275 77 117 233 93 7 31 195 144 78 120 3 233 158 0 36 254
646165 39715 10725 308 1732 0 16 6724 6724 5 65406 35693 40960 8275 131 195 2 77 117 233 93 7 31 195 144 78 120 3 233 158
646163 39715 10723 308 1732 0 16 6724 6724 5 65406 35693 40960 8275 243 164 131 195 2 77 117 233 93 7 31 195 144 78 120 3
646161 39715 10721 308 1732 0 16 6724 6724 5 65406 35693 40960 8275 209 209 243 164 131 195 2 77 117 233 93 7 31 195 144 78
646159 39715 10719 308 1732 8 16 6708 6708 5 65406 35693 40960 8275 243 165 209 209 243 164 131 195 2 77 117 233 93 7 31 195
646157 39715 10717 308 1732 16 16 6708 6708 5 65406 35693 40960 8275 209 233 243 165 209 209 243 164 131 195 2 77 117 233 93 7
646155 39715 10715 308 1732 0 16 6708 6708 5 65406 35693 40960 8275 139 202 209 233 243 165 209 209 243 164 131 195 2 77 117 233
646153 39715 10713 308 1732 0 16 6404 6708 5 65406 35693 40960 8275 139 247 139 202 209 233 243 165 209 209 243 164 131 195 2 77
646151 39715 10711 308 1732 0 16 6404 6400 5 65406 35693 40960 8275 3 248 139 247 139 202 209 233 243 165 209 209 243 164 131 195
646148 39715 10708 308 1732 0 16 6404 6404 5 65406 35693 40960 8275 46 139 63 3 248 139 247 139 202 209 233 243 165 209 209 243
646169 39715 10729 308 1732 0 16 6404 6404 5 65406 35693 40960 8275 117 233 93 7 31 195 144 78 120 3 233 158 0 36 254 46
646168 39715 10728 308 1732 0 16 6404 6404 6 65406 35693 40960 8275 77 117 233 93 7 31 195 144 78 120 3 233 158 0 36 254
646165 39715 10725 308 1730 0 16 6404 6404 6 65406 35693 40960 8275 131 195 2 77 117 233 93 7 31 195 144 78 120 3 233 158
646163 39715 10723 308 1730 0 16 6404 6404 6 65406 35693 40960 8275 243 164 131 195 2 77 117 233 93 7 31 195 144 78 120 3
646161 39715 10721 308 1730 0 16 6404 6404 6 65406 35693 40960 8275 209 209 243 164 131 195 2 77 117 233 93 7 31 195 144 78
646159 39715 10719 308 1730 8 16 6388 6388 6 65406 35693 40960 8275 243 165 209 209 243 164 131 195 2 77 117 233 93 7 31 195
646157 39715 10717 308 1730 16 16 6388 6388 6 65406 35693 40960 8275 209 233 243 165 209 209 243 164 131 195 2 77 117 233 93 7
646155 39715 10715 308 1730 0 16 6388 6388 6 65406 35693 40960 8275 139 202 209 233 243 165 209 209 243 164 131 195 2 77 117 233
646153 39715 10713 308 1730 0 16 6084 6388 6 65406 35693 40960 8275 139 247 139 202 209 233 243 165 209 209 243 164 131 195 2 77
646151 39715 10711 308 1730 0 16 6084 6080 6 65406 35693 40960 8275 3 248 139 247 139 202 209 233 243 165 209 209 243 164 131 195
646148 39715 10708 308 1730 0 16 6084 6084 6 65406 35693 40960 8275 46 139 63 3 248 139 247 139 202 209 233 243 165 209 209 243
646169 39715 10729 308 1730 0 16 6084 6084 6 65406 35693 40960 8275 117 233 93 7 31 195 144 78 120 3 233 158 0 36 254 46
646168 39715 10728 308 1730 0 16 6084 6084 7 65406 35693 40960 8275 77 117 233 93 7 31 195 144 78 120 3 233 158 0 36 254
646165 39715 10725 308 1728 0 16 6084 6084 7 65406 35693 40960 8275 131 195 2 77 117 233 93 7 31 195 144 78 120 3 233 158
646163 39715 10723 308 1728 0 16 6084 6084 7 65406 35693 40960 8275 243 164 131 195 2 77 117 233 93 7 31 195 144 78 120 3
646161 39715 10721 308 1728 0 16 6084 6084 7 65406 35693 40960 8275 209 209 243 164 131 195 2 77 117 233 93 7 31 195 144 78
646159 39715 10719 308 1728 8 16 6068 6068 7 65406 35693 40960 8275 243 165 209 209 243 164 131 195 2 77 117 233 93 7 31 195
646157 39715 10717 308 1728 16 16 6068 6068 7 65406 35693 40960 8275 209 233 243 165 209 209 243 164 131 195 2 77 117 233 93 7
646155 39715 10715 308 1728 0 16 6068 6068 7 65406 35693 40960 8275 139 202 209 233 243 165 209 209 243 164 131 195 2 77 117 233
646153 39715 10713 308 1728 0 16 5764 6068 7 65406 35693 40960 8275 139 247 139 202 209 233 243 165 209 209 243 164 131 195 2 77
646151 39715 10711 308 1728 0 16 5764 5760 7 65406 35693 40960 8275 3 248 139 247 139 202 209 233 243 165 209 209 243 164 131 195
646148 39715 10708 308 1728 0 16 5764 5764 7 65406 35693 40960 8275 46 139 63 3 248 139 247 139 202 209 233 243 165 209 209 243
646169 39715 10729 308 1728 0 16 5764 5764 7 65406 35693 40960 8275 117 233 93 7 31 195 144 78 120 3 233 158 0 36 254 46
646168 39715 10728 308 1728 0 16 5764 5764 8 65406 35693 40960 8275 77 117 233 93 7 31 195 144 78 120 3 233 158 0 36 254
646165 39715 10725 308 1726 0 16 5764 5764 8 65406 35693 40960 8275 131 195 2 77 117 233 93 7 31 195 144 78 120 3 233 158
646163 39715 10723 308 1726 0 16 5764 5764 8 65406 35693 40960 8275 243 164 131 195 2 77 117 233 93 7 31 195 144 78 120 3
646161 39715 10721 308 1726 0 16 5764 5764 8 65406 35693 40960 8275 209 209 243 164 131 195 2 77 117 233 93 7 31 195 144 78
646159 39715 10719 308 1726 8 16 5748 5748 8 65406 35693 40960 8275 243 165 209 209 243 164 131 195 2 77 117 233 93 7 31 195
646157 39715 10717 308 1726 16 16 5748 5748 8 65406 35693 40960 8275 209 233 243 165 209 209 243 164 131 195 2 77 117 233 93 7
646155 39715 10715 308 1726 0 16 5748 5748 8 65406 35693 40960 8275 139 202 209 233 243 165 209 209 243 164 131 195 2 77 117 233
646153 39715 10713 308 1726 0 16 5444 5748 8 65406 35693 40960 8275 139 247 139 202 209 233 243 165 209 209 243 164 131 195 2 77
646151 39715 10711 308 1726 0 16 5444 5440 8 65406 35693 40960 8275 3 248 139 247 139 202 209 233 243 165 209 209 243 164 131 195
646148 39715 10708 308 1726 0 16 5444 5444 8 65406 35693 40960 8275 46 139 63 3 248 139 247 139 202 209 233 243 165 209 209 243
646169 39715 10729 308 1726 0 16 5444 5444 8 65406 35693 40960 8275 117 233 93 7 31 195 144 78 120 3 233 158 0 36 254 46
646168 39715 10728 308 1726 0 16 5444 5444 9 65406 35693 40960 8275 77 117 233 93 7 31 195 144 78 120 3 233 158 0 36 254
646165 39715 10725 308 1724 0 16 5444 5444 9 65406 35693 40960 8275 131 195 2 77 117 233 93 7 31 195 144 78 120 3 233 158
646163 39715 10723 308 1724 0 16 5444 5444 9 65406 35693 40960 8275 243 164 131 195 2 77 117 233 93 7 31 195 144 78 120 3
646161 39715 10721 308 1724 0 16 5444 5444 9 65406 35693 40960 8275 209 209 243 164 131 195 2 77 117 233 93 7 31 195 144 78
646159 39715 10719 308 1724 8 16 5428 5428 9 65406 35693 40960 8275 243 165 209 209 243 164 131 195 2 77 117 233 93 7 31 195
646157 39715 10717 308 1724 16 16 5428 5428 9 65406 35693 40960 8275 209 233 243 165 209 209 243 164 131 195 2 77 117 233 93 7
646155 39715 10715 308 1724 0 16 5428 5428 9 65406 35693 40960 8275 139 202 209 233 243 165 209 209 243 164 131 195 2 77 117 233
646153 39715 10713 308 1724 0 16 5124 5428 9 65406 35693 40960 8275 139 247 139 202 209 233 243 165 209 209 243 164 131 195 2 77
646151 39715 10711 308 1724 0 16 5124 5120 9 65406 35693 40960 8275 3 248 139 247 139 202 209 233 243 165 209 209 243 164 131 195
646148 39715 10708 308 1724 0 16 5124 5124 9 65406 35693 40960 8275 46 139 63 3 248 139 247 139 202 209 233 243 165 209 209 243
646169 39715 10729 308 1724 0 16 5124 5124 9 65406 35693 40960 8275 117 233 93 7 31 195 144 78 120 3 233 158 0 36 254 46
646168 39715 10728 308 1724 0 16 5124 5124 10 65406 35693 40960 8275 77 117 233 93 7 31 195 144 78 120 3 233 158 0 36 254
646165 39715 10725 308 1722 0 16 5124 5124 10 65406 35693 40960 8275 131 195 2 77 117 233 93 7 31 195 144 78 120 3 233 158
646163 39715 10723 308 1722 0 16 5124 5124 10 65406 35693 40960 8275 243 164 131 195 2 77 117 233 93 7 31 195 144 78 120 3
646161 39715 10721 308 1722 0 16 5124 5124 10 65406 35693 40960 8275 209 209 243 164 131 195 2 77 117 233 93 7 31 195 144 78
646159 39715 10719 308 1722 8 16 5108 5108 10 65406 35693 40960 8275 243 165 209 209 243 164 131 195 2 77 117 233 93 7 31 195
646157 39715 10717 308 1722 16 16 5108 5108 10 65406 35693 40960 8275 209 233 243 165 209 209 243 164 131 195 2 77 117 233 93 7
646155 39715 10715 308 1722 0 16 5108 5108 10 65406 35693 40960 8275 139 202 209 233 243 165 209 209 243 164 131 195 2 77 117 233
646153 39715 10713 308 1722 0 16 4804 5108 10 65406 35693 40960 8275 139 247 139 202 209 233 243 165 209 209 243 164 131 195 2 77
646151 39715 10711 308 1722 0 16 4804 4800 10 65406 35693 40960 8275 3 248 139 247 139 202 209 233 243 165 209 209 243 164 131 195
646148 39715 10708 308 1722 0 16 4804 4804 10 65406 35693 40960 8275 46 139 63 3 248 139 247 139 202 209 233 243 165 209 209 243
646169 39715 10729 308 1722 0 16 4804 4804 10 65406 35693 40960 8275 117 233 93 7 31 195 144 78 120 3 233 158 0 36 254 46
646168 39715 10728 308 1722 0 16 4804 4804 11 65406 35693 40960 8275 77 117 233 93 7 31 195 144 78 120 3 233 158 0 36 254
646165 39715 10725 308 1720 0 16 4804 4804 11 65406 35693 40960 8275 131 195 2 77 117 233 93 7 31 195 144 78 120 3 233 158
646163 39715 10723 308 1720 0 16 4804 4804 11 65406 35693 40960 8275 243 164 131 195 2 77 117 233 93 7 31 195 144 78 120 3
646161 39715 10721 308 1720 0 16 4804 4804 11 65406 35693 40960 8275 209 209 243 164 131 195 2 77 117 233 93 7 31 195 144 78
646159 39715 10719 308 1720 8 16 4788 4788 11 65406 35693 40960 8275 243 165 209 209 243 164 131 195 2 77 117 233 93 7 31 195
646157 39715 10717 308 1720 16 16 4788 4788 11 65406 35693 40960 8275 209 233 243 165 209 209 243 164 131 195 2 77 117 233 93 7
646155 39715 10715 308 1720 11 16 4788 4788 11 65406 35693 40960 8275 139 202 209 233 243 165 209 209 243 164 131 195 2 77 117 233
646153 39715 10713 308 1720 11 16 65535 4788 11 65406 35693 40960 8275 139 247 139 202 209 233 243 165 209 209 243 164 131 195 2 77
646151 39715 10711 308 1720 11 16 65535 4480 11 65406 35693 40960 8275 3 248 139 247 139 202 209 233 243 165 209 209 243 164 131 195
646148 39715 10708 308 1720 11 16 65535 47270 11 65406 35693 40960 8275 46 139 63 3 248 139 247 139 202 209 233 243 165 209 209 243
646147 39715 10707 308 1720 11 16 65535 47270 11 65406 35693 40960 8275 144 46 139 63 3 248 139 247 139 202 209 233 243 165 209 209
646145 39715 10705 308 1720 11 16 65535 47270 11 65406 35693 40960 8275 121 29 144 46 139 63 3 248 139 247 139 202 209 233 243 165
646144 39715 10704 308 1720 11 16 0 47270 11 65406 35693 40960 8275 78 121 29 144 46 139 63 3 248 139 247 139 202 209 233 243
646139 39715 10699 308 1720 11 16 47270 47270 11 65406 35693 40960 8275 46 139 54 188 9 78 121 29 144 46 139 63 3 248 139 247
646137 39715 10697 308 1720 11 16 47270 47270 740 65406 35693 40960 8275 139 233 46 139 54 188 9 78 121 29 144 46 139 63 3 248
646133 39715 10693 308 28 11 16 47270 47270 740 65406 35693 40960 8275 129 195 156 6 139 233 46 139 54 188 9 78 121 29 144 46
646131 39715 10691 308 14 11 16 47270 47270 740 65406 35693 40960 8275 209 227 129 195 156 6 139 233 46 139 54 188 9 78 121 29
646126 39715 10686 308 14 11 16 47270 47270 740 65406 35693 35693 8275 46 142 6 244 9 209 227 129 195 156 6 139 233 46 139 54
646121 39715 10681 308 14 11 16 47270 47270 740 65406 39715 35693 8275 46 142 30 246 9 46 142 6 244 9 209 227 129 195 156 6
646120 39715 10680 308 14 11 16 47270 47270 740 65408 39715 35693 8275 85 46 142 30 246 9 46 142 6 244 9 209 227 129 195 156
646119 39715 10679 308 14 11 16 47270 47270 740 65410 39715 35693 8275 6 85 46 142 30 246 9 46 142 6 244 9 209 227 129 195
646118 39715 10678 308 14 11 16 47270 47270 740 65412 39715 35693 8275 30 6 85 46 142 30 246 9 46 142 6 244 9 209 227 129
640955 39715 5515 308 14 11 16 47270 47270 740 65414 39715 35693 8275 232 40 20 46 161 60 11 46 139 30 62 11 46 139 14 68
640950 39715 5510 308 14 11 228 47270 47270 740 65414 39715 35693 8275 46 139 22 74 11 232 40 20 46 161 60 11 46 139 30 62
640945 39715 5505 308 14 0 228 47270 47270 740 65414 39715 35693 8275 46 139 14 72 11 46 139 22 74 11 232 40 20 46 161 60
640940 39715 5500 308 1988 0 228 47270 47270 740 65414 39715 35693 8275 46 139 30 66 11 46 139 14 72 11 46 139 22 74 11 232
640936 39715 5496 2 1988 0 228 47270 47270 740 65414 39715 35693 8275 46 161 64 11 46 139 30 66 11 46 139 14 72 11 46 139
640935 39715 5495 2 1988 0 228 47270 47270 740 65416 39715 35693 8275 30 46 161 64 11 46 139 30 66 11 46 139 14 72 11 46
640934 39715 5494 2 1988 0 228 47270 47270 740 65418 39715 35693 8275 85 30 46 161 64 11 46 139 30 66 11 46 139 14 72 11
640932 39715 5492 2 1988 0 228 47270 47270 740 65418 39715 35693 8275 116 58 85 30 46 161 64 11 46 139 30 66 11 46 139 14
640926 39715 5486 2 1988 0 228 47270 47270 740 65418 39715 35693 8275 46 128 62 113 14 0 116 58 85 30 46 161 64 11 46 139
649536 39715 14096 2 1988 0 228 47270 47270 740 65420 39715 35693 8275 232 91 222 195 0 0 31 31 31 31 31 31 0 31 244 242
646174 39715 10734 2 1988 0 228 47270 47270 740 65418 39715 35693 8275 195 144 78 120 3 233 158 0 36 254 46 163 98 11 209 232
646173 39715 10733 2 1988 0 228 47270 47270 740 65416 35693 35693 8275 31 195 144 78 120 3 233 158 0 36 254 46 163 98 11 209
646172 39715 10732 2 1988 0 228 47270 47270 740 65414 35693 40960 8275 7 31 195 144 78 120 3 233 158 0 36 254 46 163 98 11
646171 39715 10731 2 1988 0 228 47270 47270 0 65412 35693 40960 8275 93 7 31 195 144 78 120 3 233 158 0 36 254 46 163 98
646169 39715 10729 2 1988 0 228 47270 47270 0 65412 35693 40960 8275 117 233 93 7 31 195 144 78 120 3 233 158 0 36 254 46
646168 39715 10728 2 1988 0 228 47270 47270 1 65412 35693 40960 8275 77 117 233 93 7 31 195 144 78 120 3 233 158 0 36 254
646165 39715 10725 2 1986 0 228 47270 47270 1 65412 35693 40960 8275 131 195 2 77 117 233 93 7 31 195 144 78 120 3 233 158
646163 39715 10723 2 1986 0 228 47270 47270 1 65412 35693 40960 8275 243 164 131 195 2 77 117 233 93 7 31 195 144 78 120 3
646161 39715 10721 2 1986 0 228 47270 47270 1 65412 35693 40960 8275 209 209 243 164 131 195 2 77 117 233 93 7 31 195 144 78
646159 39715 10719 2 1986 114 228 47042 47042 1 65412 35693 40960 8275 243 165 209 209 243 164 131 195 2 77 117 233 93 7 31 195
646157 39715 10717 2 1986 228 228 47042 47042 1 65412 35693 40960 8275 209 233 243 165 209 209 243 164 131 195 2 77 117 233 93 7
646155 39715 10715 2 1986 0 228 47042 47042 1 65412 35693 40960 8275 139 202 209 233 243 165 209 209 243 164 131 195 2 77 117 233
646153 39715 10713 2 1986 0 228 46950 47042 1 65412 35693 40960 8275 139 247 139 202 209 233 243 165 209 209 243 164 131 195 2 77
646151 39715 10711 2 1986 0 228 46950 47040 1 65412 35693 40960 8275 3 248 139 247 139 202 209 233 243 165 209 209 243 164 131 195
646148 39715 10708 2 1986 0 228 46950 46950 1 65412 35693 40960 8275 46 139 63 3 248 139 247 139 202 209 233 243 165 209 209 243
646169 39715 10729 2 1986 0 228 46950 46950 1 65412 35693 40960 8275 117 233 93 7 31 195 144 78 120 3 233 158 0 36 254 46
646168 39715 10728 2 1986 0 228 46950 46950 2 65412 35693 40960 8275 77 117 233 93 7 31 195 144 78 120 3 233 158 0 36 254
646165 39715 10725 2 1984 0 228 46950 46950 2 65412 35693 40960 8275 131 195 2 77 117 233 93 7 31 195 144 78 120 3 233 158
646163 39715 10723 2 1984 0 228 46950 46950 2 65412 35693 40960 8275 243 164 131 195 2 77 117 233 93 7 31 195 144 78 120 3
646161 39715 10721 2 1984 0 228 46950 46950 2 65412 35693 40960 8275 209 209 243 164 131 195 2 77 117 233 93 7 31 195 144 78
646159 39715 10719 2 1984 58 228 46834 46834 2 65412 35693 40960 8275 243 165 209 209 243 164 131 195 2 77 117 233 93 7 31 195
564179 35104 2515 2 1984 58 228 46834 46834 2 65406 35693 40960 8275 207 250 46 255 46 47 1 41 16 52 16 57 16 218 18 52
564178 35104 2514 32 1984 58 228 46834 46834 2 65404 35693 40960 8275 88 207 250 46 255 46 47 1 41 16 52 16 57 16 218 18
564176 35104 2512 32 1984 58 228 46834 46834 2 65404 35693 40960 8275 230 32 88 207 250 46 255 46 47 1 41 16 52 16 57 16
564174 35104 2510 2 1984 58 228 46834 46834 2 65404 35693 40960 8275 176 32 230 32 88 207 250 46 255 46 47 1 41 16 52 16
564173 35104 2509 2 1984 58 228 46834 46834 2 65406 35693 40960 8275 80 176 32 230 32 88 207 250 46 255 46 47 1 41 16 52
564171 35104 2507 2 1984 58 228 46834 46834 2 65406 35693 40960 8275 114 7 80 176 32 230 32 88 207 250 46 255 46 47 1 41
564164 35104 2500 2 1984 58 228 46834 46834 2 65406 35693 40960 8275 46 129 6 229 0 6 64 114 7 80 176 32 230 32 88 207
564163 35104 2499 0 1984 58 228 46834 46834 2 65404 35693 40960 8275 88 46 129 6 229 0 6 64 114 7 80 176 32 230 32 88
564162 35104 2498 0 65535 58 228 46834 46834 2 65402 35693 40960 8275 91 88 46 129 6 229 0 6 64 114 7 80 176 32 230 32
564161 35104 2497 0 65535 58 228 46834 46834 2 65400 35693 40960 8275 89 91 88 46 129 6 229 0 6 64 114 7 80 176 32 230
564160 35104 2496 0 65535 58 228 46834 46834 2 65398 35693 40960 8275 90 89 91 88 46 129 6 229 0 6 64 114 7 80 176 32
564159 35104 2495 0 65535 58 228 357 46834 2 65396 35693 40960 8275 94 90 89 91 88 46 129 6 229 0 6 64 114 7 80 176
564158 35104 2494 0 65535 58 228 357 46834 2 65394 35104 40960 8275 31 94 90 89 91 88 46 129 6 229 0 6 64 114 7 80
564157 35104 2493 0 65535 58 228 357 46834 2 65392 35104 34710 8275 7 31 94 90 89 91 88 46 129 6 229 0 6 64 114 7
564153 35104 2489 0 65535 58 228 357 46834 2 65392 35104 34710 8275 120 2 235 188 7 31 94 90 89 91 88 46 129 6 229 0
564152 35104 2488 0 0 58 228 357 46834 2 65392 35104 34710 8275 75 120 2 235 188 7 31 94 90 89 91 88 46 129 6 229
564150 35104 2486 0 0 58 228 357 46834 2 65392 35104 34710 8275 209 235 75 120 2 235 188 7 31 94 90 89 91 88 46 129
564099 35104 2435 0 0 58 228 357 46834 2 65392 35104 34710 8275 235 49 144 139 143 4 1 3 200 137 143 4 1 209 235 180
564097 35104 2433 0 0 58 228 357 46834 2 65392 35104 34710 8275 117 3 235 49 144 139 143 4 1 3 200 137 143 4 1 209
564095 35104 2431 0 0 58 228 357 46834 2 65392 35104 34710 8275 11 192 117 3 235 49 144 139 143 4 1 3 200 137 143 4
564091 35104 2427 0 0 58 228 357 46834 2 65392 35104 34710 8275 139 135 242 0 11 192 117 3 235 49 144 139 143 4 1 3
564089 35104 2425 0 0 58 228 357 46834 2 65392 35104 34710 8275 209 227 139 135 242 0 11 192 117 3 235 49 144 139 143 4
564155 35104 2491 0 0 58 228 357 46834 2 65392 35104 34710 8275 235 188 7 31 94 90 89 91 88 46 129 6 229 0 6 64
564153 35104 2489 0 0 58 228 357 46834 2 65392 35104 34710 8275 120 2 235 188 7 31 94 90 89 91 88 46 129 6 229 0
564152 35104 2488 0 1 58 228 357 46834 2 65392 35104 34710 8275 75 120 2 235 188 7 31 94 90 89 91 88 46 129 6 229
564150 35104 2486 0 2 58 228 357 46834 2 65392 35104 34710 8275 209 235 75 120 2 235 188 7 31 94 90 89 91 88 46 129
564099 35104 2435 0 2 58 228 357 46834 2 65392 35104 34710 8275 235 49 144 139 143 4 1 3 200 137 143 4 1 209 235 180
564097 35104 2433 0 2 58 228 357 46834 2 65392 35104 34710 8275 117 3 235 49 144 139 143 4 1 3 200 137 143 4 1 209
564095 35104 2431 0 2 58 228 357 46834 2 65392 35104 34710 8275 11 192 117 3 235 49 144 139 143 4 1 3 200 137 143 4
564091 35104 2427 0 2 58 228 357 46834 2 65392 35104 34710 8275 139 135 242 0 11 192 117 3 235 49 144 139 143 4 1 3
564089 35104 2425 0 1 58 228 357 46834 2 65392 35104 34710 8275 209 227 139 135 242 0 11 192 117 3 235 49 144 139 143 4
564155 35104 2491 0 1 58 228 357 46834 2 65392 35104 34710 8275 235 188 7 31 94 90 89 91 88 46 129 6 229 0 6 64
564153 35104 2489 0 1 58 228 357 46834 2 65392 35104 34710 8275 120 2 235 188 7 31 94 90 89 91 88 46 129 6 229 0
564152 35104 2488 0 2 58 228 357 46834 2 65392 35104 34710 8275 75 120 2 235 188 7 31 94 90 89 91 88 46 129 6 229
564150 35104 2486 0 4 58 228 357 46834 2 65392 35104 34710 8275 209 235 75 120 2 235 188 7 31 94 90 89 91 88 46 129
564099 35104 2435 0 4 58 228 357 46834 2 65392 35104 34710 8275 235 49 144 139 143 4 1 3 200 137 143 4 1 209 235 180
564097 35104 2433 0 4 58 228 357 46834 2 65392 35104 34710 8275 117 3 235 49 144 139 143 4 1 3 200 137 143 4 1 209
564095 35104 2431 0 4 58 228 357 46834 2 65392 35104 34710 8275 11 192 117 3 235 49 144 139 143 4 1 3 200 137 143 4
564091 35104 2427 0 4 58 228 357 46834 2 65392 35104 34710 8275 139 135 242 0 11 192 117 3 235 49 144 139 143 4 1 3
564089 35104 2425 0 2 58 228 357 46834 2 65392 35104 34710 8275 209 227 139 135 242 0 11 192 117 3 235 49 144 139 143 4
564155 35104 2491 0 2 58 228 357 46834 2 65392 35104 34710 8275 235 188 7 31 94 90 89 91 88 46 129 6 229 0 6 64
564153 35104 2489 0 2 58 228 357 46834 2 65392 35104 34710 8275 120 2 235 188 7 31 94 90 89 91 88 46 129 6 229 0
564152 35104 2488 0 3 58 228 357 46834 2 65392 35104 34710 8275 75 120 2 235 188 7 31 94 90 89 91 88 46 129 6 229
564150 35104 2486 0 6 58 228 357 46834 2 65392 35104 34710 8275 209 235 75 120 2 235 188 7 31 94 90 89 91 88 46 129
564099 35104 2435 0 6 58 228 357 46834 2 65392 35104 34710 8275 235 49 144 139 143 4 1 3 200 137 143 4 1 209 235 180
564097 35104 2433 0 6 58 228 357 46834 2 65392 35104 34710 8275 117 3 235 49 144 139 143 4 1 3 200 137 143 4 1 209
564095 35104 2431 0 6 58 228 357 46834 2 65392 35104 34710 8275 11 192 117 3 235 49 144 139 143 4 1 3 200 137 143 4
564091 35104 2427 0 6 58 228 357 46834 2 65392 35104 34710 8275 139 135 242 0 11 192 117 3 235 49 144 139 143 4 1 3
564089 35104 2425 0 3 58 228 357 46834 2 65392 35104 34710 8275 209 227 139 135 242 0 11 192 117 3 235 49 144 139 143 4
564155 35104 2491 0 3 58 228 357 46834 2 65392 35104 34710 8275 235 188 7 31 94 90 89 91 88 46 129 6 229 0 6 64
564153 35104 2489 0 3 58 228 357 46834 2 65392 35104 34710 8275 120 2 235 188 7 31 94 90 89 91 88 46 129 6 229 0
564152 35104 2488 0 4 58 228 357 46834 2 65392 35104 34710 8275 75 120 2 235 188 7 31 94 90 89 91 88 46 129 6 229
564150 35104 2486 0 8 58 228 357 46834 2 65392 35104 34710 8275 209 235 75 120 2 235 188 7 31 94 90 89 91 88 46 129
564099 35104 2435 0 8 58 228 357 46834 2 65392 35104 34710 8275 235 49 144 139 143 4 1 3 200 137 143 4 1 209 235 180
564097 35104 2433 0 8 58 228 357 46834 2 65392 35104 34710 8275 117 3 235 49 144 139 143 4 1 3 200 137 143 4 1 209
564095 35104 2431 0 8 58 228 357 46834 2 65392 35104 34710 8275 11 192 117 3 235 49 144 139 143 4 1 3 200 137 143 4
564091 35104 2427 0 8 58 228 357 46834 2 65392 35104 34710 8275 139 135 242 0 11 192 117 3 235 49 144 139 143 4 1 3
564089 35104 2425 0 4 58 228 357 46834 2 65392 35104 34710 8275 209 227 139 135 242 0 11 192 117 3 235 49 144 139 143 4
564155 35104 2491 0 4 58 228 357 46834 2 65392 35104 34710 8275 235 188 7 31 94 90 89 91 88 46 129 6 229 0 6 64
564153 35104 2489 0 4 58 228 357 46834 2 65392 35104 34710 8275 120 2 235 188 7 31 94 90 89 91 88 46 129 6 229 0
564152 35104 2488 0 5 58 228 357 46834 2 65392 35104 34710 8275 75 120 2 235 188 7 31 94 90 89 91 88 46 129 6 229
564150 35104 2486 0 10 58 228 357 46834 2 65392 35104 34710 8275 209 235 75 120 2 235 188 7 31 94 90 89 91 88 46 129
564099 35104 2435 0 10 58 228 357 46834 2 65392 35104 34710 8275 235 49 144 139 143 4 1 3 200 137 143 4 1 209 235 180
564097 35104 2433 0 10 58 228 357 46834 2 65392 35104 34710 8275 117 3 235 49 144 139 143 4 1 3 200 137 143 4 1 209
564095 35104 2431 0 10 58 228 357 46834 2 65392 35104 34710 8275 11 192 117 3 235 49 144 139 143 4 1 3 200 137 143 4
564091 35104 2427 0 10 58 228 357 46834 2 65392 35104 34710 8275 139 135 242 0 11 192 117 3 235 49 144 139 143 4 1 3
564089 35104 2425 0 5 58 228 357 46834 2 65392 35104 34710 8275 209 227 139 135 242 0 11 192 117 3 235 49 144 139 143 4
564155 35104 2491 0 5 58 228 357 46834 2 65392 35104 34710 8275 235 188 7 31 94 90 89 91 88 46 129 6 229 0 6 64
564153 35104 2489 0 5 58 228 357 46834 2 65392 35104 34710 8275 120 2 235 188 7 31 94 90 89 91 88 46 129 6 229 0
564152 35104 2488 0 6 58 228 357 46834 2 65392 35104 34710 8275 75 120 2 235 188 7 31 94 90 89 91 88 46 129 6 229
564150 35104 2486 0 12 58 228 357 46834 2 65392 35104 34710 8275 209 235 75 120 2 235 188 7 31 94 90 89 91 88 46 129
564099 35104 2435 0 12 58 228 357 46834 2 65392 35104 34710 8275 235 49 144 139 143 4 1 3 200 137 143 4 1 209 235 180
564097 35104 2433 0 12 58 228 357 46834 2 65392 35104 34710 8275 117 3 235 49 144 139 143 4 1 3 200 137 143 4 1 209
564095 35104 2431 0 12 58 228 357 46834 2 65392 35104 34710 8275 11 192 117 3 235 49 144 139 143 4 1 3 200 137 143 4
564091 35104 2427 0 12 58 228 357 46834 2 65392 35104 34710 8275 139 135 242 0 11 192 117 3 235 49 144 139 143 4 1 3
564089 35104 2425 0 6 58 228 357 46834 2 65392 35104 34710 8275 209 227 139 135 242 0 11 192 117 3 235 49 144 139 143 4
564155 35104 2491 0 6 58 228 357 46834 2 65392 35104 34710 8275 235 188 7 31 94 90 89 91 88 46 129 6 229 0 6 64
564153 35104 2489 0 6 58 228 357 46834 2 65392 35104 34710 8275 120 2 235 188 7 31 94 90 89 91 88 46 129 6 229 0
564152 35104 2488 0 7 58 228 357 46834 2 65392 35104 34710 8275 75 120 2 235 188 7 31 94 90 89 91 88 46 129 6 229
564150 35104 2486 0 14 58 228 357 46834 2 65392 35104 34710 8275 209 235 75 120 2 235 188 7 31 94 90 89 91 88 46 129
564099 35104 2435 0 14 58 228 357 46834 2 65392 35104 34710 8275 235 49 144 139 143 4 1 3 200 137 143 4 1 209 235 180
564097 35104 2433 0 14 58 228 357 46834 2 65392 35104 34710 8275 117 3 235 49 144 139 143 4 1 3 200 137 143 4 1 209
564095 35104 2431 0 14 58 228 357 46834 2 65392 35104 34710 8275 11 192 117 3 235 49 144 139 143 4 1 3 200 137 143 4
564091 35104 2427 0 14 58 228 357 46834 2 65392 35104 34710 8275 139 135 242 0 11 192 117 3 235 49 144 139 143 4 1 3
564089 35104 2425 0 7 58 228 357 46834 2 65392 35104 34710 8275 209 227 139 135 242 0 11 192 117 3 235 49 144 139 143 4
564155 35104 2491 0 7 58 228 357 46834 2 65392 35104 34710 8275 235 188 7 31 94 90 89 91 88 46 129 6 229 0 6 64
564153 35104 2489 0 7 58 228 357 46834 2 65392 35104 34710 8275 120 2 235 188 7 31 94 90 89 91 88 46 129 6 229 0
564152 35104 2488 0 8 58 228 357 46834 2 65392 35104 34710 8275 75 120 2 235 188 7 31 94 90 89 91 88 46 129 6 229
564150 35104 2486 0 16 58 228 357 46834 2 65392 35104 34710 8275 209 235 75 120 2 235 188 7 31 94 90 89 91 88 46 129
564099 35104 2435 0 16 58 228 357 46834 2 65392 35104 34710 8275 235 49 144 139 143 4 1 3 200 137 143 4 1 209 235 180
564097 35104 2433 0 16 58 228 357 46834 2 65392 35104 34710 8275 117 3 235 49 144 139 143 4 1 3 200 137 143 4 1 209
564095 35104 2431 0 16 58 228 357 46834 2 65392 35104 34710 8275 11 192 117 3 235 49 144 139 143 4 1 3 200 137 143 4
564091 35104 2427 35072 16 58 228 357 46834 2 65392 35104 34710 8275 139 135 242 0 11 192 117 3 235 49 144 139 143 4 1 3
564089 35104 2425 35072 8 58 228 357 46834 2 65392 35104 34710 8275 209 227 139 135 242 0 11 192 117 3 235 49 144 139 143 4
564086 35104 2422 35072 1984 58 228 357 46834 2 65392 35104 34710 8275 187 8 0 209 227 139 135 242 0 11 192 117 3 235 49 144
563995 35104 2331 35072 1984 58 228 357 46834 2 65392 35104 34710 8275 235 89 144 160 23 0 0 6 24 0 115 79 254 14 25 0
563993 35104 2329 35072 1984 58 228 357 46834 2 65392 35104 34710 8275 117 3 235 89 144 160 23 0 0 6 24 0 115 79 254 14
563988 35104 2324 35072 1984 58 228 357 46834 2 65392 35104 34710 8275 128 62 23 0 0 117 3 235 89 144 160 23 0 0 6 24
563469 35104 1805 35072 1984 58 228 357 46834 2 65392 35104 34710 8275 233 4 2 140 200 142 192 139 54 26 0 198 6 21 0 1
563467 35104 1803 35072 1984 58 228 357 46834 2 65392 35104 34710 8275 117 3 233 4 2 140 200 142 192 139 54 26 0 198 6 21
563462 35104 1798 35072 1984 58 228 357 46834 2 65392 35104 34710 8275 128 62 20 0 0 117 3 233 4 2 140 200 142 192 139 54
563460 35104 1796 35072 1984 58 228 357 46834 2 65392 35104 34710 8275 116 40 128 62 20 0 0 117 3 233 4 2 140 200 142 192
563456 35104 1792 35072 1984 58 228 357 46834 2 65392 35104 34710 8275 254 14 22 1 116 40 128 62 20 0 0 117 3 233 4 2
563454 35104 1790 35072 1984 58 228 357 46834 2 65392 35104 34710 8275 116 46 254 14 22 1 116 40 128 62 20 0 0 117 3 233
563449 35104 1785 35072 1984 58 228 357 46834 2 65392 35104 34710 8275 128 62 22 1 0 116 46 254 14 22 1 116 40 128 62 20
563445 35104 1781 35072 1984 58 228 46834 46834 2 65392 35104 34710 8275 139 54 41 1 128 62 22 1 0 116 46 254 14 22 1 116
563441 35104 1777 35072 1984 58 228 46834 46834 2 65392 35104 40960 8275 142 6 45 1 139 54 41 1 128 62 22 1 0 116 46 254
563438 35104 1774 35072 1984 58 228 46834 46834 2 65392 35104 40960 8275 162 21 0 142 6 45 1 139 54 41 1 128 62 22 1 0
563436 35104 1772 35104 1984 58 228 46834 46834 2 65392 35104 40960 8275 50 192 162 21 0 142 6 45 1 139 54 41 1 128 62 22
563434 35104 1770 35104 1984 58 228 46834 46834 2 65392 35104 40960 8275 117 26 50 192 162 21 0 142 6 45 1 139 54 41 1 128
563429 35104 1765 35104 1984 58 228 46834 46834 2 65392 35104 40960 8275 128 62 19 0 1 117 26 50 192 162 21 0 142 6 45 1
563425 35104 1761 35104 1984 58 228 46834 46834 2 65392 35104 40960 8275 255 6 15 0 128 62 19 0 1 117 26 50 192 162 21 0
563423 35104 1759 35104 1984 58 228 46834 46834 2 65392 35693 40960 8275 142 216 255 6 15 0 128 62 19 0 1 117 26 50 192 162
563421 35104 1757 2 1984 58 228 46834 46834 2 65392 35693 40960 8275 140 200 142 216 255 6 15 0 128 62 19 0 1 117 26 50
563420 35104 1756 2 1984 58 228 46834 46834 2 65394 35693 40960 8275 6 140 200 142 216 255 6 15 0 128 62 19 0 1 117 26
563419 35104 1755 2 1984 58 228 46834 46834 2 65396 35693 40960 8275 30 6 140 200 142 216 255 6 15 0 128 62 19 0 1 117
563418 35104 1754 2 1984 58 228 46834 46834 2 65398 35693 40960 8275 86 30 6 140 200 142 216 255 6 15 0 128 62 19 0 1
563417 35104 1753 2 1984 58 228 46834 46834 2 65400 35693 40960 8275 82 86 30 6 140 200 142 216 255 6 15 0 128 62 19 0
563416 35104 1752 2 1984 58 228 46834 46834 2 65402 35693 40960 8275 81 82 86 30 6 140 200 142 216 255 6 15 0 128 62 19
563415 35104 1751 2 1984 58 228 46834 46834 2 65404 35693 40960 8275 83 81 82 86 30 6 140 200 142 216 255 6 15 0 128 62
563414 35104 1750 2 1984 58 228 46834 46834 2 65406 35693 40960 8275 80 83 81 82 86 30 6 140 200 142 216 255 6 15 0 128
563413 35104 1749 2 1984 58 228 46834 46834 2 65406 35693 40960 8275 250 80 83 81 82 86 30 6 140 200 142 216 255 6 15 0
646159 39715 10719 2 1984 114 228 46722 46722 2 65412 35693 40960 8275 243 165 209 209 243 164 131 195 2 77 117 233 93 7 31 195
646157 39715 10717 2 1984 228 228 46722 46722 2 65412 35693 40960 8275 209 233 243 165 209 209 243 164 131 195 2 77 117 233 93 7
646155 39715 10715 2 1984 0 228 46722 46722 2 65412 35693 40960 8275 139 202 209 233 243 165 209 209 243 164 131 195 2 77 117 233
646153 39715 10713 2 1984 0 228 46630 46722 2 65412 35693 40960 8275 139 247 139 202 209 233 243 165 209 209 243 164 131 195 2 77
646151 39715 10711 2 1984 0 228 46630 46720 2 65412 35693 40960 8275 3 248 139 247 139 202 209 233 243 165 209 209 243 164 131 195
646148 39715 10708 2 1984 0 228 46630 46630 2 65412 35693 40960 8275 46 139 63 3 248 139 247 139 202 209 233 243 165 209 209 243
646169 39715 10729 2 1984 0 228 46630 46630 2 65412 35693 40960 8275 117 233 93 7 31 195 144 78 120 3 233 158 0 36 254 46
646168 39715 10728 2 1984 0 228 46630 46630 3 65412 35693 40960 8275 77 117 233 93 7 31 195 144 78 120 3 233 158 0 36 254
646165 39715 10725 2 1982 0 228 46630 46630 3 65412 35693 40960 8275 131 195 2 77 117 233 93 7 31 195 144 78 120 3 233 158
646163 39715 10723 2 1982 0 228 46630 46630 3 65412 35693 40960 8275 243 164 131 195 2 77 117 233 93 7 31 195 144 78 120 3
646161 39715 10721 2 1982 0 228 46630 46630 3 65412 35693 40960 8275 209 209 243 164 131 195 2 77 117 233 93 7 31 195 144 78
646159 39715 10719 2 1982 114 228 46402 46402 3 65412 35693 40960 8275 243 165 209 209 243 164 131 195 2 77 117 233 93 7 31 195
646157 39715 10717 2 1982 228 228 46402 46402 3 65412 35693 40960 8275 209 233 243 165 209 209 243 164 131 195 2 77 117 233 93 7
646155 39715 10715 2 1982 0 228 46402 46402 3 65412 35693 40960 8275 139 202 209 233 243 165 209 209 243 164 131 195 2 77 117 233
646153 39715 10713 2 1982 0 228 46310 46402 3 65412 35693 40960 8275 139 247 139 202 209 233 243 165 209 209 243 164 131 195 2 77
646151 39715 10711 2 1982 0 228 46310 46400 3 65412 35693 40960 8275 3 248 139 247 139 202 209 233 243 165 209 209 243 164 131 195
646148 39715 10708 2 1982 0 228 46310 46310 3 65412 35693 40960 8275 46 139 63 3 248 139 247 139 202 209 233 243 165 209 209 243
646169 39715 10729 2 1982 0 228 46310 46310 3 65412 35693 40960 8275 117 233 93 7 31 195 144 78 120 3 233 158 0 36 254 46
646168 39715 10728 2 1982 0 228 46310 46310 4 65412 35693 40960 8275 77 117 233 93 7 31 195 144 78 120 3 233 158 0 36 254
646165 39715 10725 2 1980 0 228 46310 46310 4 65412 35693 40960 8275 131 195 2 77 117 233 93 7 31 195 144 78 120 3 233 158
646163 39715 10723 2 1980 0 228 46310 46310 4 65412 35693 40960 8275 243 164 131 195 2 77 117 233 93 7 31 195 144 78 120 3
646161 39715 10721 2 1980 0 228 46310 46310 4 65412 35693 40960 8275 209 209 243 164 131 195 2 77 117 233 93 7 31 195 144 78
646159 39715 10719 2 1980 114 228 46082 46082 4 65412 35693 40960 8275 243 165 209 209 243 164 131 195 2 77 117 233 93 7 31 195
646157 39715 10717 2 1980 228 228 46082 46082 4 65412 35693 40960 8275 209 233 243 165 209 209 243 164 131 195 2 77 117 233 93 7
646155 39715 10715 2 1980 0 228 46082 46082 4 65412 35693 40960 8275 139 202 209 233 243 165 209 209 243 164 131 195 2 77 117 233
646153 39715 10713 2 1980 0 228 45990 46082 4 65412 35693 40960 8275 139 247 139 202 209 233 243 165 209 209 243 164 131 195 2 77
646151 39715 10711 2 1980 0 228 45990 46080 4 65412 35693 40960 8275 3 248 139 247 139 202 209 233 243 165 209 209 243 164 131 195
646148 39715 10708 2 1980 0 228 45990 45990 4 65412 35693 40960 8275 46 139 63 3 248 139 247 139 202 209 233 243 165 209 209 243
646169 39715 10729 2 1980 0 228 45990 45990 4 65412 35693 40960 8275 117 233 93 7 31 195 144 78 120 3 233 158 0 36 254 46
646168 39715 10728 2 1980 0 228 45990 45990 5 65412 35693 40960 8275 77 117 233 93 7 31 195 144 78 120 3 233 158 0 36 254
646165 39715 10725 2 1978 0 228 45990 45990 5 65412 35693 40960 8275 131 195 2 77 117 233 93 7 31 195 144 78 120 3 233 158
646163 39715 10723 2 1978 0 228 45990 45990 5 65412 35693 40960 8275 243 164 131 195 2 77 117 233 93 7 31 195 144 78 120 3
646161 39715 10721 2 1978 0 228 45990 45990 5 65412 35693 40960 8275 209 209 243 164 131 195 2 77 117 233 93 7 31 195 144 78
646159 39715 10719 2 1978 114 228 45762 45762 5 65412 35693 40960 8275 243 165 209 209 243 164 131 195 2 77 117 233 93 7 31 195
646157 39715 10717 2 1978 228 228 45762 45762 5 65412 35693 40960 8275 209 233 243 165 209 209 243 164 131 195 2 77 117 233 93 7
646155 39715 10715 2 1978 0 228 45762 45762 5 65412 35693 40960 8275 139 202 209 233 243 165 209 209 243 164 131 195 2 77 117 233
646153 39715 10713 2 1978 0 228 45670 45762 5 65412 35693 40960 8275 139 247 139 202 209 233 243 165 209 209 243 164 131 195 2 77
646151 39715 10711 2 1978 0 228 45670 45760 5 65412 35693 40960 8275 3 248 139 247 139 202 209 233 243 165 209 209 243 164 131 195
646148 39715 10708 2 1978 0 228 45670 45670 5 65412 35693 40960 8275 46 139 63 3 248 139 247 139 202 209 233 243 165 209 209 243
646169 39715 10729 2 1978 0 228 45670 45670 5 65412 35693 40960 8275 117 233 93 7 31 195 144 78 120 3 233 158 0 36 254 46
646168 39715 10728 2 1978 0 228 45670 45670 6 65412 35693 40960 8275 77 117 233 93 7 31 195 144 78 120 3 233 158 0 36 254
646165 39715 10725 2 1976 0 228 45670 45670 6 65412 35693 40960 8275 131 195 2 77 117 233 93 7 31 195 144 78 120 3 233 158
646163 39715 10723 2 1976 0 228 45670 45670 6 65412 35693 40960 8275 243 164 131 195 2 77 117 233 93 7 31 195 144 78 120 3
646161 39715 10721 2 1976 0 228 45670 45670 6 65412 35693 40960 8275 209 209 243 164 131 195 2 77 117 233 93 7 31 195 144 78
646159 39715 10719 2 1976 114 228 45442 45442 6 65412 35693 40960 8275 243 165 209 209 243 164 131 195 2 77 117 233 93 7 31 195
646157 39715 10717 2 1976 228 228 45442 45442 6 65412 35693 40960 8275 209 233 243 165 209 209 243 164 131 195 2 77 117 233 93 7
646155 39715 10715 2 1976 0 228 45442 45442 6 65412 35693 40960 8275 139 202 209 233 243 165 209 209 243 164 131 195 2 77 117 233
646153 39715 10713 2 1976 0 228 45350 45442 6 65412 35693 40960 8275 139 247 139 202 209 233 243 165 209 209 243 164 131 195 2 77
646151 39715 10711 2 1976 0 228 45350 45440 6 65412 35693 40960 8275 3 248 139 247 139 202 209 233 243 165 209 209 243 164 131 195
646148 39715 10708 2 1976 0 228 45350 45350 6 65412 35693 40960 8275 46 139 63 3 248 139 247 139 202 209 233 243 165 209 209 243
646169 39715 10729 2 1976 0 228 45350 45350 6 65412 35693 40960 8275 117 233 93 7 31 195 144 78 120 3 233 158 0 36 254 46
646168 39715 10728 2 1976 0 228 45350 45350 7 65412 35693 40960 8275 77 117 233 93 7 31 195 144 78 120 3 233 158 0 36 254
646165 39715 10725 2 1974 0 228 45350 45350 7 65412 35693 40960 8275 131 195 2 77 117 233 93 7 31 195 144 78 120 3 233 158
646163 39715 10723 2 1974 0 228 45350 45350 7 65412 35693 40960 8275 243 164 131 195 2 77 117 233 93 7 31 195 144 78 120 3
646161 39715 10721 2 1974 0 228 45350 45350 7 65412 35693 40960 8275 209 209 243 164 131 195 2 77 117 233 93 7 31 195 144 78
646159 39715 10719 2 1974 114 228 45122 45122 7 65412 35693 40960 8275 243 165 209 209 243 164 131 195 2 77 117 233 93 7 31 195
646157 39715 10717 2 1974 228 228 45122 45122 7 65412 35693 40960 8275 209 233 243 165 209 209 243 164 131 195 2 77 117 233 93 7
646155 39715 10715 2 1974 0 228 45122 45122 7 65412 35693 40960 8275 139 202 209 233 243 165 209 209 243 164 131 195 2 77 117 233
646153 39715 10713 2 1974 0 228 45030 45122 7 65412 35693 40960 8275 139 247 139 202 209 233 243 165 209 209 243 164 131 195 2 77
646151 39715 10711 2 1974 0 228 45030 45120 7 65412 35693 40960 8275 3 248 139 247 139 202 209 233 243 165 209 209 243 164 131 195
646148 39715 10708 2 1974 0 228 45030 45030 7 65412 35693 40960 8275 46 139 63 3 248 139 247 139 202 209 233 243 165 209 209 243
646169 39715 10729 2 1974 0 228 45030 45030 7 65412 35693 40960 8275 117 233 93 7 31 195 144 78 120 3 233 158 0 36 254 46
646168 39715 10728 2 1974 0 228 45030 45030 8 65412 35693 40960 8275 77 117 233 93 7 31 195 144 78 120 3 233 158 0 36 254
646165 39715 10725 2 1972 0 228 45030 45030 8 65412 35693 40960 8275 131 195 2 77 117 233 93 7 31 195 144 78 120 3 233 158
646163 39715 10723 2 1972 0 228 45030 45030 8 65412 35693 40960 8275 243 164 131 195 2 77 117 233 93 7 31 195 144 78 120 3
646161 39715 10721 2 1972 0 228 45030 45030 8 65412 35693 40960 8275 209 209 243 164 131 195 2 77 117 233 93 7 31 195 144 78
646159 39715 10719 2 1972 114 228 44802 44802 8 65412 35693 40960 8275 243 165 209 209 243 164 131 195 2 77 117 233 93 7 31 195
646157 39715 10717 2 1972 228 228 44802 44802 8 65412 35693 40960 8275 209 233 243 165 209 209 243 164 131 195 2 77 117 233 93 7
646155 39715 10715 2 1972 0 228 44802 44802 8 65412 35693 40960 8275 139 202 209 233 243 165 209 209 243 164 131 195 2 77 117 233
646153 39715 10713 2 1972 0 228 44710 44802 8 65412 35693 40960 8275 139 247 139 202 209 233 243 165 209 209 243 164 131 195 2 77
646151 39715 10711 2 1972 0 228 44710 44800 8 65412 35693 40960 8275 3 248 139 247 139 202 209 233 243 165 209 209 243 164 131 195
646148 39715 10708 2 1972 0 228 44710 44710 8 65412 35693 40960 8275 46 139 63 3 248 139 247 139 202 209 233 243 165 209 209 243
646169 39715 10729 2 1972 0 228 44710 44710 8 65412 35693 40960 8275 117 233 93 7 31 195 144 78 120 3 233 158 0 36 254 46
646168 39715 10728 2 1972 0 228 44710 44710 9 65412 35693 40960 8275 77 117 233 93 7 31 195 144 78 120 3 233 158 0 36 254
646165 39715 10725 2 1970 0 228 44710 44710 9 65412 35693 40960 8275 131 195 2 77 117 233 93 7 31 195 144 78 120 3 233 158
646163 39715 10723 2 1970 0 228 44710 44710 9 65412 35693 40960 8275 243 164 131 195 2 77 117 233 93 7 31 195 144 78 120 3
646161 39715 10721 2 1970 0 228 44710 44710 9 65412 35693 40960 8275 209 209 243 164 131 195 2 77 117 233 93 7 31 195 144 78
646159 39715 10719 2 1970 114 228 44482 44482 9 65412 35693 40960 8275 243 165 209 209 243 164 131 195 2 77 117 233 93 7 31 195
646157 39715 10717 2 1970 228 228 44482 44482 9 65412 35693 40960 8275 209 233 243 165 209 209 243 164 131 195 2 77 117 233 93 7
646155 39715 10715 2 1970 0 228 44482 44482 9 65412 35693 40960 8275 139 202 209 233 243 165 209 209 243 164 131 195 2 77 117 233
646153 39715 10713 2 1970 0 228 44390 44482 9 65412 35693 40960 8275 139 247 139 202 209 233 243 165 209 209 243 164 131 195 2 77
646151 39715 10711 2 1970 0 228 44390 44480 9 65412 35693 40960 8275 3 248 139 247 139 202 209 233 243 165 209 209 243 164 131 195
646148 39715 10708 2 1970 0 228 44390 44390 9 65412 35693 40960 8275 46 139 63 3 248 139 247 139 202 209 233 243 165 209 209 243
646169 39715 10729 2 1970 0 228 44390 44390 9 65412 35693 40960 8275 117 233 93 7 31 195 144 78 120 3 233 158 0 36 254 46
646168 39715 10728 2 1970 0 228 44390 44390 10 65412 35693 40960 8275 77 117 233 93 7 31 195 144 78 120 3 233 158 0 36 254
646165 39715 10725 2 1968 0 228 44390 44390 10 65412 35693 40960 8275 131 195 2 77 117 233 93 7 31 195 144 78 120 3 233 158
646163 39715 10723 2 1968 0 228 44390 44390 10 65412 35693 40960 8275 243 164 131 195 2 77 117 233 93 7 31 195 144 78 120 3
646161 39715 10721 2 1968 0 228 44390 44390 10 65412 35693 40960 8275 209 209 243 164 131 195 2 77 117 233 93 7 31 195 144 78
646159 39715 10719 2 1968 114 228 44162 44162 10 65412 35693 40960 8275 243 165 209 209 243 164 131 195 2 77 117 233 93 7 31 195
646157 39715 10717 2 1968 228 228 44162 44162 10 65412 35693 40960 8275 209 233 243 165 209 209 243 164 131 195 2 77 117 233 93 7
646155 39715 10715 2 1968 0 228 44162 44162 10 65412 35693 40960 8275 139 202 209 233 243 165 209 209 243 164 131 195 2 77 117 233
646153 39715 10713 2 1968 0 228 44070 44162 10 65412 35693 40960 8275 139 247 139 202 209 233 243 165 209 209 243 164 131 195 2 77
646151 39715 10711 2 1968 0 228 44070 44160 10 65412 35693 40960 8275 3 248 139 247 139 202 209 233 243 165 209 209 243 164 131 195
646148 39715 10708 2 1968 0 228 44070 44070 10 65412 35693 40960 8275 46 139 63 3 248 139 247 139 202 209 233 243 165 209 209 243
646169 39715 10729 2 1968 0 228 44070 44070 10 65412 35693 40960 8275 117 233 93 7 31 195 144 78 120 3 233 158 0 36 254 46
646168 39715 10728 2 1968 0 228 44070 44070 11 65412 35693 40960 8275 77 117 233 93 7 31 195 144 78 120 3 233 158 0 36 254
646165 39715 10725 2 1966 0 228 44070 44070 11 65412 35693 40960 8275 131 195 2 77 117 233 93 7 31 195 144 78 120 3 233 158
646163 39715 10723 2 1966 0 228 44070 44070 11 65412 35693 40960 8275 243 164 131 195 2 77 117 233 93 7 31 195 144 78 120 3
646161 39715 10721 2 1966 0 228 44070 44070 11 65412 35693 40960 8275 209 209 243 164 131 195 2 77 117 233 93 7 31 195 144 78
646159 39715 10719 2 1966 114 228 43842 43842 11 65412 35693 40960 8275 243 165 209 209 243 164 131 195 2 77 117 233 93 7 31 195
646157 39715 10717 2 1966 228 228 43842 43842 11 65412 35693 40960 8275 209 233 243 165 209 209 243 164 131 195 2 77 117 233 93 7
646155 39715 10715 2 1966 0 228 43842 43842 11 65412 35693 40960 8275 139 202 209 233 243 165 209 209 243 164 131 195 2 77 117 233
646153 39715 10713 2 1966 0 228 43750 43842 11 65412 35693 40960 8275 139 247 139 202 209 233 243 165 209 209 243 164 131 195 2 77
646151 39715 10711 2 1966 0 228 43750 43840 11 65412 35693 40960 8275 3 248 139 247 139 202 209 233 243 165 209 209 243 164 131 195
646148 39715 10708 2 1966 0 228 43750 43750 11 65412 35693 40960 8275 46 139 63 3 248 139 247 139 202 209 233 243 165 209 209 243
646169 39715 10729 2 1966 0 228 43750 43750 11 65412 35693 40960 8275 117 233 93 7 31 195 144 78 120 3 233 158 0 36 254 46
646168 39715 10728 2 1966 0 228 43750 43750 12 65412 35693 40960 8275 77 117 233 93 7 31 195 144 78 120 3 233 158 0 36 254
646165 39715 10725 2 1964 0 228 43750 43750 12 65412 35693 40960 8275 131 195 2 77 117 233 93 7 31 195 144 78 120 3 233 158
646163 39715 10723 2 1964 0 228 43750 43750 12 65412 35693 40960 8275 243 164 131 195 2 77 117 233 93 7 31 195 144 78 120 3
646161 39715 10721 2 1964 0 228 43750 43750 12 65412 35693 40960 8275 209 209 243 164 131 195 2 77 117 233 93 7 31 195 144 78
646159 39715 10719 2 1964 114 228 43522 43522 12 65412 35693 40960 8275 243 165 209 209 243 164 131 195 2 77 117 233 93 7 31 195
646157 39715 10717 2 1964 228 228 43522 43522 12 65412 35693 40960 8275 209 233 243 165 209 209 243 164 131 195 2 77 117 233 93 7
646155 39715 10715 2 1964 0 228 43522 43522 12 65412 35693 40960 8275 139 202 209 233 243 165 209 209 243 164 131 195 2 77 117 233
646153 39715 10713 2 1964 0 228 43430 43522 12 65412 35693 40960 8275 139 247 139 202 209 233 243 165 209 209 243 164 131 195 2 77
646151 39715 10711 2 1964 0 228 43430 43520 12 65412 35693 40960 8275 3 248 139 247 139 202 209 233 243 165 209 209 243 164 131 195
646148 39715 10708 2 1964 0 228 43430 43430 12 65412 35693 40960 8275 46 139 63 3 248 139 247 139 202 209 233 243 165 209 209 243
646169 39715 10729 2 1964 0 228 43430 43430 12 65412 35693 40960 8275 117 233 93 7 31 195 144 78 120 3 233 158 0 36 254 46
646168 39715 10728 2 1964 0 228 43430 43430 13 65412 35693 40960 8275 77 117 233 93 7 31 195 144 78 120 3 233 158 0 36 254
646165 39715 10725 2 1962 0 228 43430 43430 13 65412 35693 40960 8275 131 195 2 77 117 233 93 7 31 195 144 78 120 3 233 158
646163 39715 10723 2 1962 0 228 43430 43430 13 65412 35693 40960 8275 243 164 131 195 2 77 117 233 93 7 31 195 144 78 120 3
646161 39715 10721 2 1962 0 228 43430 43430 13 65412 35693 40960 8275 209 209 243 164 131 195 2 77 117 233 93 7 31 195 144 78
646159 39715 10719 2 1962 114 228 43202 43202 13 65412 35693 40960 8275 243 165 209 209 243 164 131 195 2 77 117 233 93 7 31 195
646157 39715 10717 2 1962 228 228 43202 43202 13 65412 35693 40960 8275 209 233 243 165 209 209 243 164 131 195 2 77 117 233 93 7
646155 39715 10715 2 1962 0 228 43202 43202 13 65412 35693 40960 8275 139 202 209 233 243 165 209 209 243 164 131 195 2 77 117 233
646153 39715 10713 2 1962 0 228 43110 43202 13 65412 35693 40960 8275 139 247 139 202 209 233 243 165 209 209 243 164 131 195 2 77
646151 39715 10711 2 1962 0 228 43110 43200 13 65412 35693 40960 8275 3 248 139 247 139 202 209 233 243 165 209 209 243 164 131 195
646148 39715 10708 2 1962 0 228 43110 43110 13 65412 35693 40960 8275 46 139 63 3 248 139 247 139 202 209 233 243 165 209 209 243
646169 39715 10729 2 1962 0 228 43110 43110 13 65412 35693 40960 8275 117 233 93 7 31 195 144 78 120 3 233 158 0 36 254 46
646168 39715 10728 2 1962 0 228 43110 43110 14 65412 35693 40960 8275 77 117 233 93 7 31 195 144 78 120 3 233 158 0 36 254
646165 39715 10725 2 1960 0 228 43110 43110 14 65412 35693 40960 8275 131 195 2 77 117 233 93 7 31 195 144 78 120 3 233 158
646163 39715 10723 2 1960 0 228 43110 43110 14 65412 35693 40960 8275 243 164 131 195 2 77 117 233 93 7 31 195 144 78 120 3
646161 39715 10721 2 1960 0 228 43110 43110 14 65412 35693 40960 8275 209 209 243 164 131 195 2 77 117 233 93 7 31 195 144 78
646159 39715 10719 2 1960 114 228 42882 42882 14 65412 35693 40960 8275 243 165 209 209 243 164 131 195 2 77 117 233 93 7 31 195
646157 39715 10717 2 1960 228 228 42882 42882 14 65412 35693 40960 8275 209 233 243 165 209 209 243 164 131 195 2 77 117 233 93 7
646155 39715 10715 2 1960 0 228 42882 42882 14 65412 35693 40960 8275 139 202 209 233 243 165 209 209 243 164 131 195 2 77 117 233
646153 39715 10713 2 1960 0 228 42790 42882 14 65412 35693 40960 8275 139 247 139 202 209 233 243 165 209 209 243 164 131 195 2 77
646151 39715 10711 2 1960 0 228 42790 42880 14 65412 35693 40960 8275 3 248 139 247 139 202 209 233 243 165 209 209 243 164 131 195
646148 39715 10708 2 1960 0 228 42790 42790 14 65412 35693 40960 8275 46 139 63 3 248 139 247 139 202 209 233 243 165 209 209 243
646169 39715 10729 2 1960 0 228 42790 42790 14 65412 35693 40960 8275 117 233 93 7 31 195 144 78 120 3 233 158 0 36 254 46
646168 39715 10728 2 1960 0 228 42790 42790 15 65412 35693 40960 8275 77 117 233 93 7 31 195 144 78 120 3 233 158 0 36 254
646165 39715 10725 2 1958 0 228 42790 42790 15 65412 35693 40960 8275 131 195 2 77 117 233 93 7 31 195 144 78 120 3 233 158
646163 39715 10723 2 1958 0 228 42790 42790 15 65412 35693 40960 8275 243 164 131 195 2 77 117 233 93 7 31 195 144 78 120 3
646161 39715 10721 2 1958 0 228 42790 42790 15 65412 35693 40960 8275 209 209 243 164 131 195 2 77 117 233 93 7 31 195 144 78
646159 39715 10719 2 1958 114 228 42562 42562 15 65412 35693 40960 8275 243 165 209 209 243 164 131 195 2 77 117 233 93 7 31 195
646157 39715 10717 2 1958 228 228 42562 42562 15 65412 35693 40960 8275 209 233 243 165 209 209 243 164 131 195 2 77 117 233 93 7
646155 39715 10715 2 1958 0 228 42562 42562 15 65412 35693 40960 8275 139 202 209 233 243 165 209 209 243 164 131 195 2 77 117 233
646153 39715 10713 2 1958 0 228 42470 42562 15 65412 35693 40960 8275 139 247 139 202 209 233 243 165 209 209 243 164 131 195 2 77
646151 39715 10711 2 1958 0 228 42470 42560 15 65412 35693 40960 8275 3 248 139 247 139 202 209 233 243 165 209 209 243 164 131 195
646148 39715 10708 2 1958 0 228 42470 42470 15 65412 35693 40960 8275 46 139 63 3 248 139 247 139 202 209 233 243 165 209 209 243
646169 39715 10729 2 1958 0 228 42470 42470 15 65412 35693 40960 8275 117 233 93 7 31 195 144 78 120 3 233 158 0 36 254 46
646168 39715 10728 2 1958 0 228 42470 42470 16 65412 35693 40960 8275 77 117 233 93 7 31 195 144 78 120 3 233 158 0 36 254
646165 39715 10725 2 1956 0 228 42470 42470 16 65412 35693 40960 8275 131 195 2 77 117 233 93 7 31 195 144 78 120 3 233 158
646163 39715 10723 2 1956 0 228 42470 42470 16 65412 35693 40960 8275 243 164 131 195 2 77 117 233 93 7 31 195 144 78 120 3
646161 39715 10721 2 1956 0 228 42470 42470 16 65412 35693 40960 8275 209 209 243 164 131 195 2 77 117 233 93 7 31 195 144 78
646159 39715 10719 2 1956 114 228 42242 42242 16 65412 35693 40960 8275 243 165 209 209 243 164 131 195 2 77 117 233 93 7 31 195
646157 39715 10717 2 1956 228 228 42242 42242 16 65412 35693 40960 8275 209 233 243 165 209 209 243 164 131 195 2 77 117 233 93 7
646155 39715 10715 2 1956 0 228 42242 42242 16 65412 35693 40960 8275 139 202 209 233 243 165 209 209 243 164 131 195 2 77 117 233
646153 39715 10713 2 1956 0 228 42150 42242 16 65412 35693 40960 8275 139 247 139 202 209 233 243 165 209 209 243 164 131 195 2 77
646151 39715 10711 2 1956 0 228 42150 42240 16 65412 35693 40960 8275 3 248 139 247 139 202 209 233 243 165 209 209 243 164 131 195
646148 39715 10708 2 1956 0 228 42150 42150 16 65412 35693 40960 8275 46 139 63 3 248 139 247 139 202 209 233 243 165 209 209 243
646169 39715 10729 2 1956 0 228 42150 42150 16 65412 35693 40960 8275 117 233 93 7 31 195 144 78 120 3 233 158 0 36 254 46
646168 39715 10728 2 1956 0 228 42150 42150 17 65412 35693 40960 8275 77 117 233 93 7 31 195 144 78 120 3 233 158 0 36 254
646165 39715 10725 2 1954 0 228 42150 42150 17 65412 35693 40960 8275 131 195 2 77 117 233 93 7 31 195 144 78 120 3 233 158
646163 39715 10723 2 1954 0 228 42150 42150 17 65412 35693 40960 8275 243 164 131 195 2 77 117 233 93 7 31 195 144 78 120 3
646161 39715 10721 2 1954 0 228 42150 42150 17 65412 35693 40960 8275 209 209 243 164 131 195 2 77 117 233 93 7 31 195 144 78
646159 39715 10719 2 1954 114 228 41922 41922 17 65412 35693 40960 8275 243 165 209 209 243 164 131 195 2 77 117 233 93 7 31 195
646157 39715 10717 2 1954 228 228 41922 41922 17 65412 35693 40960 8275 209 233 243 165 209 209 243 164 131 195 2 77 117 233 93 7
646155 39715 10715 2 1954 0 228 41922 41922 17 65412 35693 40960 8275 139 202 209 233 243 165 209 209 243 164 131 195 2 77 117 233
646153 39715 10713 2 1954 0 228 41830 41922 17 65412 35693 40960 8275 139 247 139 202 209 233 243 165 209 209 243 164 131 195 2 77
646151 39715 10711 2 1954 0 228 41830 41920 17 65412 35693 40960 8275 3 248 139 247 139 202 209 233 243 165 209 209 243 164 131 195
646148 39715 10708 2 1954 0 228 41830 41830 17 65412 35693 40960 8275 46 139 63 3 248 139 247 139 202 209 233 243 165 209 209 243
646169 39715 10729 2 1954 0 228 41830 41830 17 65412 35693 40960 8275 117 233 93 7 31 195 144 78 120 3 233 158 0 36 254 46
646168 39715 10728 2 1954 0 228 41830 41830 18 65412 35693 40960 8275 77 117 233 93 7 31 195 144 78 120 3 233 158 0 36 254
646165 39715 10725 2 1952 0 228 41830 41830 18 65412 35693 40960 8275 131 195 2 77 117 233 93 7 31 195 144 78 120 3 233 158
646163 39715 10723 2 1952 0 228 41830 41830 18 65412 35693 40960 8275 243 164 131 195 2 77 117 233 93 7 31 195 144 78 120 3
646161 39715 10721 2 1952 0 228 41830 41830 18 65412 35693 40960 8275 209 209 243 164 131 195 2 77 117 233 93 7 31 195 144 78
646159 39715 10719 2 1952 114 228 41602 41602 18 65412 35693 40960 8275 243 165 209 209 243 164 131 195 2 77 117 233 93 7 31 195
646157 39715 10717 2 1952 228 228 41602 41602 18 65412 35693 40960 8275 209 233 243 165 209 209 243 164 131 195 2 77 117 233 93 7
646155 39715 10715 2 1952 0 228 41602 41602 18 65412 35693 40960 8275 139 202 209 233 243 165 209 209 243 164 131 195 2 77 117 233
646153 39715 10713 2 1952 0 228 41510 41602 18 65412 35693 40960 8275 139 247 139 202 209 233 243 165 209 209 243 164 131 195 2 77
646151 39715 10711 2 1952 0 228 41510 41600 18 65412 35693 40960 8275 3 248 139 247 139 202 209 233 243 165 209 209 243 164 131 195
646148 39715 10708 2 1952 0 228 41510 41510 18 65412 35693 40960 8275 46 139 63 3 248 139 247 139 202 209 233 243 165 209 209 243
646169 39715 10729 2 1952 0 228 41510 41510 18 65412 35693 40960 8275 117 233 93 7 31 195 144 78 120 3 233 158 0 36 254 46
646168 39715 10728 2 1952 0 228 41510 41510 19 65412 35693 40960 8275 77 117 233 93 7 31 195 144 78 120 3 233 158 0 36 254
646165 39715 10725 2 1950 0 228 41510 41510 19 65412 35693 40960 8275 131 195 2 77 117 233 93 7 31 195 144 78 120 3 233 158
646163 39715 10723 2 1950 0 228 41510 41510 19 65412 35693 40960 8275 243 164 131 195 2 77 117 233 93 7 31 195 144 78 120 3
646161 39715 10721 2 1950 0 228 41510 41510 19 65412 35693 40960 8275 209 209 243 164 131 195 2 77 117 233 93 7 31 195 144 78
646159 39715 10719 2 1950 114 228 41282 41282 19 65412 35693 40960 8275 243 165 209 209 243 164 131 195 2 77 117 233 93 7 31 195
646157 39715 10717 2 1950 228 228 41282 41282 19 65412 35693 40960 8275 209 233 243 165 209 209 243 164 131 195 2 77 117 233 93 7
646155 39715 10715 2 1950 0 228 41282 41282 19 65412 35693 40960 8275 139 202 209 233 243 165 209 209 243 164 131 195 2 77 117 233
646153 39715 10713 2 1950 0 228 41190 41282 19 65412 35693 40960 8275 139 247 139 202 209 233 243 165 209 209 243 164 131 195 2 77
646151 39715 10711 2 1950 0 228 41190 41280 19 65412 35693 40960 8275 3 248 139 247 139 202 209 233 243 165 209 209 243 164 131 195
646148 39715 10708 2 1950 0 228 41190 41190 19 65412 35693 40960 8275 46 139 63 3 248 139 247 139 202 209 233 243 165 209 209 243
646169 39715 10729 2 1950 0 228 41190 41190 19 65412 35693 40960 8275 117 233 93 7 31 195 144 78 120 3 233 158 0 36 254 46
646168 39715 10728 2 1950 0 228 41190 41190 20 65412 35693 40960 8275 77 117 233 93 7 31 195 144 78 120 3 233 158 0 36 254
646165 39715 10725 2 1948 0 228 41190 41190 20 65412 35693 40960 8275 131 195 2 77 117 233 93 7 31 195 144 78 120 3 233 158
646163 39715 10723 2 1948 0 228 41190 41190 20 65412 35693 40960 8275 243 164 131 195 2 77 117 233 93 7 31 195 144 78 120 3
646161 39715 10721 2 1948 0 228 41190 41190 20 65412 35693 40960 8275 209 209 243 164 131 195 2 77 117 233 93 7 31 195 144 78
646159 39715 10719 2 1948 114 228 40962 40962 20 65412 35693 40960 8275 243 165 209 209 243 164 131 195 2 77 117 233 93 7 31 195
646157 39715 10717 2 1948 228 228 40962 40962 20 65412 35693 40960 8275 209 233 243 165 209 209 243 164 131 195 2 77 117 233 93 7
646155 39715 10715 2 1948 0 228 40962 40962 20 65412 35693 40960 8275 139 202 209 233 243 165 209 209 243 164 131 195 2 77 117 233
646153 39715 10713 2 1948 0 228 40870 40962 20 65412 35693 40960 8275 139 247 139 202 209 233 243 165 209 209 243 164 131 195 2 77
646151 39715 10711 2 1948 0 228 40870 40960 20 65412 35693 40960 8275 3 248 139 247 139 202 209 233 243 165 209 209 243 164 131 195
646148 39715 10708 2 1948 0 228 40870 40870 20 65412 35693 40960 8275 46 139 63 3 248 139 247 139 202 209 233 243 165 209 209 243
646169 39715 10729 2 1948 0 228 40870 40870 20 65412 35693 40960 8275 117 233 93 7 31 195 144 78 120 3 233 158 0 36 254 46
646168 39715 10728 2 1948 0 228 40870 40870 21 65412 35693 40960 8275 77 117 233 93 7 31 195 144 78 120 3 233 158 0 36 254
646165 39715 10725 2 1946 0 228 40870 40870 21 65412 35693 40960 8275 131 195 2 77 117 233 93 7 31 195 144 78 120 3 233 158
646163 39715 10723 2 1946 0 228 40870 40870 21 65412 35693 40960 8275 243 164 131 195 2 77 117 233 93 7 31 195 144 78 120 3
646161 39715 10721 2 1946 0 228 40870 40870 21 65412 35693 40960 8275 209 209 243 164 131 195 2 77 117 233 93 7 31 195 144 78
646159 39715 10719 2 1946 114 228 40642 40642 21 65412 35693 40960 8275 243 165 209 209 243 164 131 195 2 77 117 233 93 7 31 195
646157 39715 10717 2 1946 228 228 40642 40642 21 65412 35693 40960 8275 209 233 243 165 209 209 243 164 131 195 2 77 117 233 93 7
646155 39715 10715 2 1946 0 228 40642 40642 21 65412 35693 40960 8275 139 202 209 233 243 165 209 209 243 164 131 195 2 77 117 233
646153 39715 10713 2 1946 0 228 40550 40642 21 65412 35693 40960 8275 139 247 139 202 209 233 243 165 209 209 243 164 131 195 2 77
646151 39715 10711 2 1946 0 228 40550 40640 21 65412 35693 40960 8275 3 248 139 247 139 202 209 233 243 165 209 209 243 164 131 195
646148 39715 10708 2 1946 0 228 40550 40550 21 65412 35693 40960 8275 46 139 63 3 248 139 247 139 202 209 233 243 165 209 209 243
646169 39715 10729 2 1946 0 228 40550 40550 21 65412 35693 40960 8275 117 233 93 7 31 195 144 78 120 3 233 158 0 36 254 46
646168 39715 10728 2 1946 0 228 40550 40550 22 65412 35693 40960 8275 77 117 233 93 7 31 195 144 78 120 3 233 158 0 36 254
646165 39715 10725 2 1944 0 228 40550 40550 22 65412 35693 40960 8275 131 195 2 77 117 233 93 7 31 195 144 78 120 3 233 158
646163 39715 10723 2 1944 0 228 40550 40550 22 65412 35693 40960 8275 243 164 131 195 2 77 117 233 93 7 31 195 144 78 120 3
646161 39715 10721 2 1944 0 228 40550 40550 22 65412 35693 40960 8275 209 209 243 164 131 195 2 77 117 233 93 7 31 195 144 78
646159 39715 10719 2 1944 114 228 40322 40322 22 65412 35693 40960 8275 243 165 209 209 243 164 131 195 2 77 117 233 93 7 31 195
646157 39715 10717 2 1944 228 228 40322 40322 22 65412 35693 40960 8275 209 233 243 165 209 209 243 164 131 195 2 77 117 233 93 7
646155 39715 10715 2 1944 0 228 40322 40322 22 65412 35693 40960 8275 139 202 209 233 243 165 209 209 243 164 131 195 2 77 117 233
646153 39715 10713 2 1944 0 228 40230 40322 22 65412 35693 40960 8275 139 247 139 202 209 233 243 165 209 209 243 164 131 195 2 77
646151 39715 10711 2 1944 0 228 40230 40320 22 65412 35693 40960 8275 3 248 139 247 139 202 209 233 243 165 209 209 243 164 131 195
646148 39715 10708 2 1944 0 228 40230 40230 22 65412 35693 40960 8275 46 139 63 3 248 139 247 139 202 209 233 243 165 209 209 243
646169 39715 10729 2 1944 0 228 40230 40230 22 65412 35693 40960 8275 117 233 93 7 31 195 144 78 120 3 233 158 0 36 254 46
646168 39715 10728 2 1944 0 228 40230 40230 23 65412 35693 40960 8275 77 117 233 93 7 31 195 144 78 120 3 233 158 0 36 254
646165 39715 10725 2 1942 0 228 40230 40230 23 65412 35693 40960 8275 131 195 2 77 117 233 93 7 31 195 144 78 120 3 233 158
646163 39715 10723 2 1942 0 228 40230 40230 23 65412 35693 40960 8275 243 164 131 195 2 77 117 233 93 7 31 195 144 78 120 3
646161 39715 10721 2 1942 0 228 40230 40230 23 65412 35693 40960 8275 209 209 243 164 131 195 2 77 117 233 93 7 31 195 144 78
646159 39715 10719 2 1942 114 228 40002 40002 23 65412 35693 40960 8275 243 165 209 209 243 164 131 195 2 77 117 233 93 7 31 195
646157 39715 10717 2 1942 228 228 40002 40002 23 65412 35693 40960 8275 209 233 243 165 209 209 243 164 131 195 2 77 117 233 93 7
646155 39715 10715 2 1942 0 228 40002 40002 23 65412 35693 40960 8275 139 202 209 233 243 165 209 209 243 164 131 195 2 77 117 233
646153 39715 10713 2 1942 0 228 39910 40002 23 65412 35693 40960 8275 139 247 139 202 209 233 243 165 209 209 243 164 131 195 2 77
646151 39715 10711 2 1942 0 228 39910 40000 23 65412 35693 40960 8275 3 248 139 247 139 202 209 233 243 165 209 209 243 164 131 195
646148 39715 10708 2 1942 0 228 39910 39910 23 65412 35693 40960 8275 46 139 63 3 248 139 247 139 202 209 233 243 165 209 209 243
646169 39715 10729 2 1942 0 228 39910 39910 23 65412 35693 40960 8275 117 233 93 7 31 195 144 78 120 3 233 158 0 36 254 46
646168 39715 10728 2 1942 0 228 39910 39910 24 65412 35693 40960 8275 77 117 233 93 7 31 195 144 78 120 3 233 158 0 36 254
646165 39715 10725 2 1940 0 228 39910 39910 24 65412 35693 40960 8275 131 195 2 77 117 233 93 7 31 195 144 78 120 3 233 158
646163 39715 10723 2 1940 0 228 39910 39910 24 65412 35693 40960 8275 243 164 131 195 2 77 117 233 93 7 31 195 144 78 120 3
646161 39715 10721 2 1940 0 228 39910 39910 24 65412 35693 40960 8275 209 209 243 164 131 195 2 77 117 233 93 7 31 195 144 78
646159 39715 10719 2 1940 114 228 39682 39682 24 65412 35693 40960 8275 243 165 209 209 243 164 131 195 2 77 117 233 93 7 31 195
646157 39715 10717 2 1940 228 228 39682 39682 24 65412 35693 40960 8275 209 233 243 165 209 209 243 164 131 195 2 77 117 233 93 7
646155 39715 10715 2 1940 0 228 39682 39682 24 65412 35693 40960 8275 139 202 209 233 243 165 209 209 243 164 131 195 2 77 117 233
646153 39715 10713 2 1940 0 228 39590 39682 24 65412 35693 40960 8275 139 247 139 202 209 233 243 165 209 209 243 164 131 195 2 77
646151 39715 10711 2 1940 0 228 39590 39680 24 65412 35693 40960 8275 3 248 139 247 139 202 209 233 243 165 209 209 243 164 131 195
646148 39715 10708 2 1940 0 228 39590 39590 24 65412 35693 40960 8275 46 139 63 3 248 139 247 139 202 209 233 243 165 209 209 243
646169 39715 10729 2 1940 0 228 39590 39590 24 65412 35693 40960 8275 117 233 93 7 31 195 144 78 120 3 233 158 0 36 254 46
646168 39715 10728 2 1940 0 228 39590 39590 25 65412 35693 40960 8275 77 117 233 93 7 31 195 144 78 120 3 233 158 0 36 254
646165 39715 10725 2 1938 0 228 39590 39590 25 65412 35693 40960 8275 131 195 2 77 117 233 93 7 31 195 144 78 120 3 233 158
646163 39715 10723 2 1938 0 228 39590 39590 25 65412 35693 40960 8275 243 164 131 195 2 77 117 233 93 7 31 195 144 78 120 3
646161 39715 10721 2 1938 0 228 39590 39590 25 65412 35693 40960 8275 209 209 243 164 131 195 2 77 117 233 93 7 31 195 144 78
646159 39715 10719 2 1938 114 228 39362 39362 25 65412 35693 40960 8275 243 165 209 209 243 164 131 195 2 77 117 233 93 7 31 195
646157 39715 10717 2 1938 228 228 39362 39362 25 65412 35693 40960 8275 209 233 243 165 209 209 243 164 131 195 2 77 117 233 93 7
646155 39715 10715 2 1938 0 228 39362 39362 25 65412 35693 40960 8275 139 202 209 233 243 165 209 209 243 164 131 195 2 77 117 233
646153 39715 10713 2 1938 0 228 39270 39362 25 65412 35693 40960 8275 139 247 139 202 209 233 243 165 209 209 243 164 131 195 2 77
646151 39715 10711 2 1938 0 228 39270 39360 25 65412 35693 40960 8275 3 248 139 247 139 202 209 233 243 165 209 209 243 164 131 195
646148 39715 10708 2 1938 0 228 39270 39270 25 65412 35693 40960 8275 46 139 63 3 248 139 247 139 202 209 233 243 165 209 209 243
646169 39715 10729 2 1938 0 228 39270 39270 25 65412 35693 40960 8275 117 233 93 7 31 195 144 78 120 3 233 158 0 36 254 46
646168 39715 10728 2 1938 0 228 39270 39270 26 65412 35693 40960 8275 77 117 233 93 7 31 195 144 78 120 3 233 158 0 36 254
646165 39715 10725 2 1936 0 228 39270 39270 26 65412 35693 40960 8275 131 195 2 77 117 233 93 7 31 195 144 78 120 3 233 158
646163 39715 10723 2 1936 0 228 39270 39270 26 65412 35693 40960 8275 243 164 131 195 2 77 117 233 93 7 31 195 144 78 120 3
646161 39715 10721 2 1936 0 228 39270 39270 26 65412 35693 40960 8275 209 209 243 164 131 195 2 77 117 233 93 7 31 195 144 78
646159 39715 10719 2 1936 114 228 39042 39042 26 65412 35693 40960 8275 243 165 209 209 243 164 131 195 2 77 117 233 93 7 31 195
646157 39715 10717 2 1936 228 228 39042 39042 26 65412 35693 40960 8275 209 233 243 165 209 209 243 164 131 195 2 77 117 233 93 7
646155 39715 10715 2 1936 0 228 39042 39042 26 65412 35693 40960 8275 139 202 209 233 243 165 209 209 243 164 131 195 2 77 117 233
646153 39715 10713 2 1936 0 228 38950 39042 26 65412 35693 40960 8275 139 247 139 202 209 233 243 165 209 209 243 164 131 195 2 77
646151 39715 10711 2 1936 0 228 38950 39040 26 65412 35693 40960 8275 3 248 139 247 139 202 209 233 243 165 209 209 243 164 131 195
646148 39715 10708 2 1936 0 228 38950 38950 26 65412 35693 40960 8275 46 139 63 3 248 139 247 139 202 209 233 243 165 209 209 243
646169 39715 10729 2 1936 0 228 38950 38950 26 65412 35693 40960 8275 117 233 93 7 31 195 144 78 120 3 233 158 0 36 254 46
646168 39715 10728 2 1936 0 228 38950 38950 27 65412 35693 40960 8275 77 117 233 93 7 31 195 144 78 120 3 233 158 0 36 254
646165 39715 10725 2 1934 0 228 38950 38950 27 65412 35693 40960 8275 131 195 2 77 117 233 93 7 31 195 144 78 120 3 233 158
646163 39715 10723 2 1934 0 228 38950 38950 27 65412 35693 40960 8275 243 164 131 195 2 77 117 233 93 7 31 195 144 78 120 3
646161 39715 10721 2 1934 0 228 38950 38950 27 65412 35693 40960 8275 209 209 243 164 131 195 2 77 117 233 93 7 31 195 144 78
646159 39715 10719 2 1934 114 228 38722 38722 27 65412 35693 40960 8275 243 165 209 209 243 164 131 195 2 77 117 233 93 7 31 195
646157 39715 10717 2 1934 228 228 38722 38722 27 65412 35693 40960 8275 209 233 243 165 209 209 243 164 131 195 2 77 117 233 93 7
646155 39715 10715 2 1934 0 228 38722 38722 27 65412 35693 40960 8275 139 202 209 233 243 165 209 209 243 164 131 195 2 77 117 233
646153 39715 10713 2 1934 0 228 38630 38722 27 65412 35693 40960 8275 139 247 139 202 209 233 243 165 209 209 243 164 131 195 2 77
646151 39715 10711 2 1934 0 228 38630 38720 27 65412 35693 40960 8275 3 248 139 247 139 202 209 233 243 165 209 209 243 164 131 195
646148 39715 10708 2 1934 0 228 38630 38630 27 65412 35693 40960 8275 46 139 63 3 248 139 247 139 202 209 233 243 165 209 209 243
646169 39715 10729 2 1934 0 228 38630 38630 27 65412 35693 40960 8275 117 233 93 7 31 195 144 78 120 3 233 158 0 36 254 46
646168 39715 10728 2 1934 0 228 38630 38630 28 65412 35693 40960 8275 77 117 233 93 7 31 195 144 78 120 3 233 158 0 36 254
646165 39715 10725 2 1932 0 228 38630 38630 28 65412 35693 40960 8275 131 195 2 77 117 233 93 7 31 195 144 78 120 3 233 158
646163 39715 10723 2 1932 0 228 38630 38630 28 65412 35693 40960 8275 243 164 131 195 2 77 117 233 93 7 31 195 144 78 120 3
646161 39715 10721 2 1932 0 228 38630 38630 28 65412 35693 40960 8275 209 209 243 164 131 195 2 77 117 233 93 7 31 195 144 78
646159 39715 10719 2 1932 114 228 38402 38402 28 65412 35693 40960 8275 243 165 209 209 243 164 131 195 2 77 117 233 93 7 31 195
646157 39715 10717 2 1932 228 228 38402 38402 28 65412 35693 40960 8275 209 233 243 165 209 209 243 164 131 195 2 77 117 233 93 7
646155 39715 10715 2 1932 0 228 38402 38402 28 65412 35693 40960 8275 139 202 209 233 243 165 209 209 243 164 131 195 2 77 117 233
646153 39715 10713 2 1932 0 228 38310 38402 28 65412 35693 40960 8275 139 247 139 202 209 233 243 165 209 209 243 164 131 195 2 77
646151 39715 10711 2 1932 0 228 38310 38400 28 65412 35693 40960 8275 3 248 139 247 139 202 209 233 243 165 209 209 243 164 131 195
646148 39715 10708 2 1932 0 228 38310 38310 28 65412 35693 40960 8275 46 139 63 3 248 139 247 139 202 209 233 243 165 209 209 243
646169 39715 10729 2 1932 0 228 38310 38310 28 65412 35693 40960 8275 117 233 93 7 31 195 144 78 120 3 233 158 0 36 254 46
646168 39715 10728 2 1932 0 228 38310 38310 29 65412 35693 40960 8275 77 117 233 93 7 31 195 144 78 120 3 233 158 0 36 254
646165 39715 10725 2 1930 0 228 38310 38310 29 65412 35693 40960 8275 131 195 2 77 117 233 93 7 31 195 144 78 120 3 233 158
646163 39715 10723 2 1930 0 228 38310 38310 29 65412 35693 40960 8275 243 164 131 195 2 77 117 233 93 7 31 195 144 78 120 3
646161 39715 10721 2 1930 0 228 38310 38310 29 65412 35693 40960 8275 209 209 243 164 131 195 2 77 117 233 93 7 31 195 144 78
646159 39715 10719 2 1930 114 228 38082 38082 29 65412 35693 40960 8275 243 165 209 209 243 164 131 195 2 77 117 233 93 7 31 195
646157 39715 10717 2 1930 228 228 38082 38082 29 65412 35693 40960 8275 209 233 243 165 209 209 243 164 131 195 2 77 117 233 93 7
646155 39715 10715 2 1930 0 228 38082 38082 29 65412 35693 40960 8275 139 202 209 233 243 165 209 209 243 164 131 195 2 77 117 233
646153 39715 10713 2 1930 0 228 37990 38082 29 65412 35693 40960 8275 139 247 139 202 209 233 243 165 209 209 243 164 131 195 2 77
646151 39715 10711 2 1930 0 228 37990 38080 29 65412 35693 40960 8275 3 248 139 247 139 202 209 233 243 165 209 209 243 164 131 195
646148 39715 10708 2 1930 0 228 37990 37990 29 65412 35693 40960 8275 46 139 63 3 248 139 247 139 202 209 233 243 165 209 209 243
646169 39715 10729 2 1930 0 228 37990 37990 29 65412 35693 40960 8275 117 233 93 7 31 195 144 78 120 3 233 158 0 36 254 46
646168 39715 10728 2 1930 0 228 37990 37990 30 65412 35693 40960 8275 77 117 233 93 7 31 195 144 78 120 3 233 158 0 36 254
646165 39715 10725 2 1928 0 228 37990 37990 30 65412 35693 40960 8275 131 195 2 77 117 233 93 7 31 195 144 78 120 3 233 158
646163 39715 10723 2 1928 0 228 37990 37990 30 65412 35693 40960 8275 243 164 131 195 2 77 117 233 93 7 31 195 144 78 120 3
646161 39715 10721 2 1928 0 228 37990 37990 30 65412 35693 40960 8275 209 209 243 164 131 195 2 77 117 233 93 7 31 195 144 78
646159 39715 10719 2 1928 114 228 37762 37762 30 65412 35693 40960 8275 243 165 209 209 243 164 131 195 2 77 117 233 93 7 31 195
646157 39715 10717 2 1928 228 228 37762 37762 30 65412 35693 40960 8275 209 233 243 165 209 209 243 164 131 195 2 77 117 233 93 7
646155 39715 10715 2 1928 0 228 37762 37762 30 65412 35693 40960 8275 139 202 209 233 243 165 209 209 243 164 131 195 2 77 117 233
646153 39715 10713 2 1928 0 228 37670 37762 30 65412 35693 40960 8275 139 247 139 202 209 233 243 165 209 209 243 164 131 195 2 77
646151 39715 10711 2 1928 0 228 37670 37760 30 65412 35693 40960 8275 3 248 139 247 139 202 209 233 243 165 209 209 243 164 131 195
646148 39715 10708 2 1928 0 228 37670 37670 30 65412 35693 40960 8275 46 139 63 3 248 139 247 139 202 209 233 243 165 209 209 243
646169 39715 10729 2 1928 0 228 37670 37670 30 65412 35693 40960 8275 117 233 93 7 31 195 144 78 120 3 233 158 0 36 254 46
646168 39715 10728 2 1928 0 228 37670 37670 31 65412 35693 40960 8275 77 117 233 93 7 31 195 144 78 120 3 233 158 0 36 254
646165 39715 10725 2 1926 0 228 37670 37670 31 65412 35693 40960 8275 131 195 2 77 117 233 93 7 31 195 144 78 120 3 233 158
646163 39715 10723 2 1926 0 228 37670 37670 31 65412 35693 40960 8275 243 164 131 195 2 77 117 233 93 7 31 195 144 78 120 3
646161 39715 10721 2 1926 0 228 37670 37670 31 65412 35693 40960 8275 209 209 243 164 131 195 2 77 117 233 93 7 31 195 144 78
646159 39715 10719 2 1926 114 228 37442 37442 31 65412 35693 40960 8275 243 165 209 209 243 164 131 195 2 77 117 233 93 7 31 195
646157 39715 10717 2 1926 228 228 37442 37442 31 65412 35693 40960 8275 209 233 243 165 209 209 243 164 131 195 2 77 117 233 93 7
646155 39715 10715 2 1926 0 228 37442 37442 31 65412 35693 40960 8275 139 202 209 233 243 165 209 209 243 164 131 195 2 77 117 233
646153 39715 10713 2 1926 0 228 37350 37442 31 65412 35693 40960 8275 139 247 139 202 209 233 243 165 209 209 243 164 131 195 2 77
646151 39715 10711 2 1926 0 228 37350 37440 31 65412 35693 40960 8275 3 248 139 247 139 202 209 233 243 165 209 209 243 164 131 195
646148 39715 10708 2 1926 0 228 37350 37350 31 65412 35693 40960 8275 46 139 63 3 248 139 247 139 202 209 233 243 165 209 209 243
646169 39715 10729 2 1926 0 228 37350 37350 31 65412 35693 40960 8275 117 233 93 7 31 195 144 78 120 3 233 158 0 36 254 46
646168 39715 10728 2 1926 0 228 37350 37350 32 65412 35693 40960 8275 77 117 233 93 7 31 195 144 78 120 3 233 158 0 36 254
646165 39715 10725 2 1924 0 228 37350 37350 32 65412 35693 40960 8275 131 195 2 77 117 233 93 7 31 195 144 78 120 3 233 158
646163 39715 10723 2 1924 0 228 37350 37350 32 65412 35693 40960 8275 243 164 131 195 2 77 117 233 93 7 31 195 144 78 120 3
646161 39715 10721 2 1924 0 228 37350 37350 32 65412 35693 40960 8275 209 209 243 164 131 195 2 77 117 233 93 7 31 195 144 78
646159 39715 10719 2 1924 114 228 37122 37122 32 65412 35693 40960 8275 243 165 209 209 243 164 131 195 2 77 117 233 93 7 31 195
646157 39715 10717 2 1924 228 228 37122 37122 32 65412 35693 40960 8275 209 233 243 165 209 209 243 164 131 195 2 77 117 233 93 7
646155 39715 10715 2 1924 0 228 37122 37122 32 65412 35693 40960 8275 139 202 209 233 243 165 209 209 243 164 131 195 2 77 117 233
646153 39715 10713 2 1924 0 228 37030 37122 32 65412 35693 40960 8275 139 247 139 202 209 233 243 165 209 209 243 164 131 195 2 77
646151 39715 10711 2 1924 0 228 37030 37120 32 65412 35693 40960 8275 3 248 139 247 139 202 209 233 243 165 209 209 243 164 131 195
646148 39715 10708 2 1924 0 228 37030 37030 32 65412 35693 40960 8275 46 139 63 3 248 139 247 139 202 209 233 243 165 209 209 243
646169 39715 10729 2 1924 0 228 37030 37030 32 65412 35693 40960 8275 117 233 93 7 31 195 144 78 120 3 233 158 0 36 254 46
646168 39715 10728 2 1924 0 228 37030 37030 33 65412 35693 40960 8275 77 117 233 93 7 31 195 144 78 120 3 233 158 0 36 254
646165 39715 10725 2 1922 0 228 37030 37030 33 65412 35693 40960 8275 131 195 2 77 117 233 93 7 31 195 144 78 120 3 233 158
646163 39715 10723 2 1922 0 228 37030 37030 33 65412 35693 40960 8275 243 164 131 195 2 77 117 233 93 7 31 195 144 78 120 3
646161 39715 10721 2 1922 0 228 37030 37030 33 65412 35693 40960 8275 209 209 243 164 131 195 2 77 117 233 93 7 31 195 144 78
646159 39715 10719 2 1922 114 228 36802 36802 33 65412 35693 40960 8275 243 165 209 209 243 164 131 195 2 77 117 233 93 7 31 195
646157 39715 10717 2 1922 228 228 36802 36802 33 65412 35693 40960 8275 209 233 243 165 209 209 243 164 131 195 2 77 117 233 93 7
646155 39715 10715 2 1922 0 228 36802 36802 33 65412 35693 40960 8275 139 202 209 233 243 165 209 209 243 164 131 195 2 77 117 233
646153 39715 10713 2 1922 0 228 36710 36802 33 65412 35693 40960 8275 139 247 139 202 209 233 243 165 209 209 243 164 131 195 2 77
646151 39715 10711 2 1922 0 228 36710 36800 33 65412 35693 40960 8275 3 248 139 247 139 202 209 233 243 165 209 209 243 164 131 195
646148 39715 10708 2 1922 0 228 36710 36710 33 65412 35693 40960 8275 46 139 63 3 248 139 247 139 202 209 233 243 165 209 209 243
646169 39715 10729 2 1922 0 228 36710 36710 33 65412 35693 40960 8275 117 233 93 7 31 195 144 78 120 3 233 158 0 36 254 46
646168 39715 10728 2 1922 0 228 36710 36710 34 65412 35693 40960 8275 77 117 233 93 7 31 195 144 78 120 3 233 158 0 36 254
646165 39715 10725 2 1920 0 228 36710 36710 34 65412 35693 40960 8275 131 195 2 77 117 233 93 7 31 195 144 78 120 3 233 158
646163 39715 10723 2 1920 0 228 36710 36710 34 65412 35693 40960 8275 243 164 131 195 2 77 117 233 93 7 31 195 144 78 120 3
646161 39715 10721 2 1920 0 228 36710 36710 34 65412 35693 40960 8275 209 209 243 164 131 195 2 77 117 233 93 7 31 195 144 78
646159 39715 10719 2 1920 114 228 36482 36482 34 65412 35693 40960 8275 243 165 209 209 243 164 131 195 2 77 117 233 93 7 31 195
646157 39715 10717 2 1920 228 228 36482 36482 34 65412 35693 40960 8275 209 233 243 165 209 209 243 164 131 195 2 77 117 233 93 7
646155 39715 10715 2 1920 0 228 36482 36482 34 65412 35693 40960 8275 139 202 209 233 243 165 209 209 243 164 131 195 2 77 117 233
646153 39715 10713 2 1920 0 228 36390 36482 34 65412 35693 40960 8275 139 247 139 202 209 233 243 165 209 209 243 164 131 195 2 77
646151 39715 10711 2 1920 0 228 36390 36480 34 65412 35693 40960 8275 3 248 139 247 139 202 209 233 243 165 209 209 243 164 131 195
646148 39715 10708 2 1920 0 228 36390 36390 34 65412 35693 40960 8275 46 139 63 3 248 139 247 139 202 209 233 243 165 209 209 243
646169 39715 10729 2 1920 0 228 36390 36390 34 65412 35693 40960 8275 117 233 93 7 31 195 144 78 120 3 233 158 0 36 254 46
646168 39715 10728 2 1920 0 228 36390 36390 35 65412 35693 40960 8275 77 117 233 93 7 31 195 144 78 120 3 233 158 0 36 254
646165 39715 10725 2 1918 0 228 36390 36390 35 65412 35693 40960 8275 131 195 2 77 117 233 93 7 31 195 144 78 120 3 233 158
646163 39715 10723 2 1918 0 228 36390 36390 35 65412 35693 40960 8275 243 164 131 195 2 77 117 233 93 7 31 195 144 78 120 3
646161 39715 10721 2 1918 0 228 36390 36390 35 65412 35693 40960 8275 209 209 243 164 131 195 2 77 117 233 93 7 31 195 144 78
646159 39715 10719 2 1918 114 228 36162 36162 35 65412 35693 40960 8275 243 165 209 209 243 164 131 195 2 77 117 233 93 7 31 195
646157 39715 10717 2 1918 228 228 36162 36162 35 65412 35693 40960 8275 209 233 243 165 209 209 243 164 131 195 2 77 117 233 93 7
646155 39715 10715 2 1918 0 228 36162 36162 35 65412 35693 40960 8275 139 202 209 233 243 165 209 209 243 164 131 195 2 77 117 233
646153 39715 10713 2 1918 0 228 36070 36162 35 65412 35693 40960 8275 139 247 139 202 209 233 243 165 209 209 243 164 131 195 2 77
646151 39715 10711 2 1918 0 228 36070 36160 35 65412 35693 40960 8275 3 248 139 247 139 202 209 233 243 165 209 209 243 164 131 195
646148 39715 10708 2 1918 0 228 36070 36070 35 65412 35693 40960 8275 46 139 63 3 248 139 247 139 202 209 233 243 165 209 209 243
646169 39715 10729 2 1918 0 228 36070 36070 35 65412 35693 40960 8275 117 233 93 7 31 195 144 78 120 3 233 158 0 36 254 46
646168 39715 10728 2 1918 0 228 36070 36070 36 65412 35693 40960 8275 77 117 233 93 7 31 195 144 78 120 3 233 158 0 36 254
646165 39715 10725 2 1916 0 228 36070 36070 36 65412 35693 40960 8275 131 195 2 77 117 233 93 7 31 195 144 78 120 3 233 158
646163 39715 10723 2 1916 0 228 36070 36070 36 65412 35693 40960 8275 243 164 131 195 2 77 117 233 93 7 31 195 144 78 120 3
646161 39715 10721 2 1916 0 228 36070 36070 36 65412 35693 40960 8275 209 209 243 164 131 195 2 77 117 233 93 7 31 195 144 78
646159 39715 10719 2 1916 114 228 35842 35842 36 65412 35693 40960 8275 243 165 209 209 243 164 131 195 2 77 117 233 93 7 31 195
646157 39715 10717 2 1916 228 228 35842 35842 36 65412 35693 40960 8275 209 233 243 165 209 209 243 164 131 195 2 77 117 233 93 7
646155 39715 10715 2 1916 0 228 35842 35842 36 65412 35693 40960 8275 139 202 209 233 243 165 209 209 243 164 131 195 2 77 117 233
646153 39715 10713 2 1916 0 228 35750 35842 36 65412 35693 40960 8275 139 247 139 202 209 233 243 165 209 209 243 164 131 195 2 77
646151 39715 10711 2 1916 0 228 35750 35840 36 65412 35693 40960 8275 3 248 139 247 139 202 209 233 243 165 209 209 243 164 131 195
646148 39715 10708 2 1916 0 228 35750 35750 36 65412 35693 40960 8275 46 139 63 3 248 139 247 139 202 209 233 243 165 209 209 243
646169 39715 10729 2 1916 0 228 35750 35750 36 65412 35693 40960 8275 117 233 93 7 31 195 144 78 120 3 233 158 0 36 254 46
646168 39715 10728 2 1916 0 228 35750 35750 37 65412 35693 40960 8275 77 117 233 93 7 31 195 144 78 120 3 233 158 0 36 254
646165 39715 10725 2 1914 0 228 35750 35750 37 65412 35693 40960 8275 131 195 2 77 117 233 93 7 31 195 144 78 120 3 233 158
646163 39715 10723 2 1914 0 228 35750 35750 37 65412 35693 40960 8275 243 164 131 195 2 77 117 233 93 7 31 195 144 78 120 3
646161 39715 10721 2 1914 0 228 35750 35750 37 65412 35693 40960 8275 209 209 243 164 131 195 2 77 117 233 93 7 31 195 144 78
646159 39715 10719 2 1914 114 228 35522 35522 37 65412 35693 40960 8275 243 165 209 209 243 164 131 195 2 77 117 233 93 7 31 195
646157 39715 10717 2 1914 228 228 35522 35522 37 65412 35693 40960 8275 209 233 243 165 209 209 243 164 131 195 2 77 117 233 93 7
646155 39715 10715 2 1914 0 228 35522 35522 37 65412 35693 40960 8275 139 202 209 233 243 165 209 209 243 164 131 195 2 77 117 233
646153 39715 10713 2 1914 0 228 35430 35522 37 65412 35693 40960 8275 139 247 139 202 209 233 243 165 209 209 243 164 131 195 2 77
646151 39715 10711 2 1914 0 228 35430 35520 37 65412 35693 40960 8275 3 248 139 247 139 202 209 233 243 165 209 209 243 164 131 195
646148 39715 10708 2 1914 0 228 35430 35430 37 65412 35693 40960 8275 46 139 63 3 248 139 247 139 202 209 233 243 165 209 209 243
646169 39715 10729 2 1914 0 228 35430 35430 37 65412 35693 40960 8275 117 233 93 7 31 195 144 78 120 3 233 158 0 36 254 46
646168 39715 10728 2 1914 0 228 35430 35430 38 65412 35693 40960 8275 77 117 233 93 7 31 195 144 78 120 3 233 158 0 36 254
646165 39715 10725 2 1912 0 228 35430 35430 38 65412 35693 40960 8275 131 195 2 77 117 233 93 7 31 195 144 78 120 3 233 158
646163 39715 10723 2 1912 0 228 35430 35430 38 65412 35693 40960 8275 243 164 131 195 2 77 117 233 93 7 31 195 144 78 120 3
646161 39715 10721 2 1912 0 228 35430 35430 38 65412 35693 40960 8275 209 209 243 164 131 195 2 77 117 233 93 7 31 195 144 78
646159 39715 10719 2 1912 114 228 35202 35202 38 65412 35693 40960 8275 243 165 209 209 243 164 131 195 2 77 117 233 93 7 31 195
646157 39715 10717 2 1912 228 228 35202 35202 38 65412 35693 40960 8275 209 233 243 165 209 209 243 164 131 195 2 77 117 233 93 7
646155 39715 10715 2 1912 0 228 35202 35202 38 65412 35693 40960 8275 139 202 209 233 243 165 209 209 243 164 131 195 2 77 117 233
646153 39715 10713 2 1912 0 228 35110 35202 38 65412 35693 40960 8275 139 247 139 202 209 233 243 165 209 209 243 164 131 195 2 77
646151 39715 10711 2 1912 0 228 35110 35200 38 65412 35693 40960 8275 3 248 139 247 139 202 209 233 243 165 209 209 243 164 131 195
646148 39715 10708 2 1912 0 228 35110 35110 38 65412 35693 40960 8275 46 139 63 3 248 139 247 139 202 209 233 243 165 209 209 243
646169 39715 10729 2 1912 0 228 35110 35110 38 65412 35693 40960 8275 117 233 93 7 31 195 144 78 120 3 233 158 0 36 254 46
646168 39715 10728 2 1912 0 228 35110 35110 39 65412 35693 40960 8275 77 117 233 93 7 31 195 144 78 120 3 233 158 0 36 254
646165 39715 10725 2 1910 0 228 35110 35110 39 65412 35693 40960 8275 131 195 2 77 117 233 93 7 31 195 144 78 120 3 233 158
646163 39715 10723 2 1910 0 228 35110 35110 39 65412 35693 40960 8275 243 164 131 195 2 77 117 233 93 7 31 195 144 78 120 3
646161 39715 10721 2 1910 0 228 35110 35110 39 65412 35693 40960 8275 209 209 243 164 131 195 2 77 117 233 93 7 31 195 144 78
646159 39715 10719 2 1910 114 228 34882 34882 39 65412 35693 40960 8275 243 165 209 209 243 164 131 195 2 77 117 233 93 7 31 195
646157 39715 10717 2 1910 228 228 34882 34882 39 65412 35693 40960 8275 209 233 243 165 209 209 243 164 131 195 2 77 117 233 93 7
646155 39715 10715 2 1910 0 228 34882 34882 39 65412 35693 40960 8275 139 202 209 233 243 165 209 209 243 164 131 195 2 77 117 233
646153 39715 10713 2 1910 0 228 34790 34882 39 65412 35693 40960 8275 139 247 139 202 209 233 243 165 209 209 243 164 131 195 2 77
646151 39715 10711 2 1910 0 228 34790 34880 39 65412 35693 40960 8275 3 248 139 247 139 202 209 233 243 165 209 209 243 164 131 195
646148 39715 10708 2 1910 0 228 34790 34790 39 65412 35693 40960 8275 46 139 63 3 248 139 247 139 202 209 233 243 165 209 209 243
646169 39715 10729 2 1910 0 228 34790 34790 39 65412 35693 40960 8275 117 233 93 7 31 195 144 78 120 3 233 158 0 36 254 46
646168 39715 10728 2 1910 0 228 34790 34790 40 65412 35693 40960 8275 77 117 233 93 7 31 195 144 78 120 3 233 158 0 36 254
646165 39715 10725 2 1908 0 228 34790 34790 40 65412 35693 40960 8275 131 195 2 77 117 233 93 7 31 195 144 78 120 3 233 158
646163 39715 10723 2 1908 0 228 34790 34790 40 65412 35693 40960 8275 243 164 131 195 2 77 117 233 93 7 31 195 144 78 120 3
646161 39715 10721 2 1908 0 228 34790 34790 40 65412 35693 40960 8275 209 209 243 164 131 195 2 77 117 233 93 7 31 195 144 78
646159 39715 10719 2 1908 114 228 34562 34562 40 65412 35693 40960 8275 243 165 209 209 243 164 131 195 2 77 117 233 93 7 31 195
646157 39715 10717 2 1908 228 228 34562 34562 40 65412 35693 40960 8275 209 233 243 165 209 209 243 164 131 195 2 77 117 233 93 7
646155 39715 10715 2 1908 0 228 34562 34562 40 65412 35693 40960 8275 139 202 209 233 243 165 209 209 243 164 131 195 2 77 117 233
646153 39715 10713 2 1908 0 228 34470 34562 40 65412 35693 40960 8275 139 247 139 202 209 233 243 165 209 209 243 164 131 195 2 77
646151 39715 10711 2 1908 0 228 34470 34560 40 65412 35693 40960 8275 3 248 139 247 139 202 209 233 243 165 209 209 243 164 131 195
646148 39715 10708 2 1908 0 228 34470 34470 40 65412 35693 40960 8275 46 139 63 3 248 139 247 139 202 209 233 243 165 209 209 243
646169 39715 10729 2 1908 0 228 34470 34470 40 65412 35693 40960 8275 117 233 93 7 31 195 144 78 120 3 233 158 0 36 254 46
646168 39715 10728 2 1908 0 228 34470 34470 41 65412 35693 40960 8275 77 117 233 93 7 31 195 144 78 120 3 233 158 0 36 254
646165 39715 10725 2 1906 0 228 34470 34470 41 65412 35693 40960 8275 131 195 2 77 117 233 93 7 31 195 144 78 120 3 233 158
646163 39715 10723 2 1906 0 228 34470 34470 41 65412 35693 40960 8275 243 164 131 195 2 77 117 233 93 7 31 195 144 78 120 3
646161 39715 10721 2 1906 0 228 34470 34470 41 65412 35693 40960 8275 209 209 243 164 131 195 2 77 117 233 93 7 31 195 144 78
646159 39715 10719 2 1906 114 228 34242 34242 41 65412 35693 40960 8275 243 165 209 209 243 164 131 195 2 77 117 233 93 7 31 195
646157 39715 10717 2 1906 228 228 34242 34242 41 65412 35693 40960 8275 209 233 243 165 209 209 243 164 131 195 2 77 117 233 93 7
646155 39715 10715 2 1906 0 228 34242 34242 41 65412 35693 40960 8275 139 202 209 233 243 165 209 209 243 164 131 195 2 77 117 233
646153 39715 10713 2 1906 0 228 34150 34242 41 65412 35693 40960 8275 139 247 139 202 209 233 243 165 209 209 243 164 131 195 2 77
646151 39715 10711 2 1906 0 228 34150 34240 41 65412 35693 40960 8275 3 248 139 247 139 202 209 233 243 165 209 209 243 164 131 195
646148 39715 10708 2 1906 0 228 34150 34150 41 65412 35693 40960 8275 46 139 63 3 248 139 247 139 202 209 233 243 165 209 209 243
646169 39715 10729 2 1906 0 228 34150 34150 41 65412 35693 40960 8275 117 233 93 7 31 195 144 78 120 3 233 158 0 36 254 46
646168 39715 10728 2 1906 0 228 34150 34150 42 65412 35693 40960 8275 77 117 233 93 7 31 195 144 78 120 3 233 158 0 36 254
646165 39715 10725 2 1904 0 228 34150 34150 42 65412 35693 40960 8275 131 195 2 77 117 233 93 7 31 195 144 78 120 3 233 158
646163 39715 10723 2 1904 0 228 34150 34150 42 65412 35693 40960 8275 243 164 131 195 2 77 117 233 93 7 31 195 144 78 120 3
646161 39715 10721 2 1904 0 228 34150 34150 42 65412 35693 40960 8275 209 209 243 164 131 195 2 77 117 233 93 7 31 195 144 78
646159 39715 10719 2 1904 114 228 33922 33922 42 65412 35693 40960 8275 243 165 209 209 243 164 131 195 2 77 117 233 93 7 31 195
646157 39715 10717 2 1904 228 228 33922 33922 42 65412 35693 40960 8275 209 233 243 165 209 209 243 164 131 195 2 77 117 233 93 7
646155 39715 10715 2 1904 0 228 33922 33922 42 65412 35693 40960 8275 139 202 209 233 243 165 209 209 243 164 131 195 2 77 117 233
646153 39715 10713 2 1904 0 228 33830 33922 42 65412 35693 40960 8275 139 247 139 202 209 233 243 165 209 209 243 164 131 195 2 77
646151 39715 10711 2 1904 0 228 33830 33920 42 65412 35693 40960 8275 3 248 139 247 139 202 209 233 243 165 209 209 243 164 131 195
646148 39715 10708 2 1904 0 228 33830 33830 42 65412 35693 40960 8275 46 139 63 3 248 139 247 139 202 209 233 243 165 209 209 243
646169 39715 10729 2 1904 0 228 33830 33830 42 65412 35693 40960 8275 117 233 93 7 31 195 144 78 120 3 233 158 0 36 254 46
646168 39715 10728 2 1904 0 228 33830 33830 43 65412 35693 40960 8275 77 117 233 93 7 31 195 144 78 120 3 233 158 0 36 254
646165 39715 10725 2 1902 0 228 33830 33830 43 65412 35693 40960 8275 131 195 2 77 117 233 93 7 31 195 144 78 120 3 233 158
646163 39715 10723 2 1902 0 228 33830 33830 43 65412 35693 40960 8275 243 164 131 195 2 77 117 233 93 7 31 195 144 78 120 3
646161 39715 10721 2 1902 0 228 33830 33830 43 65412 35693 40960 8275 209 209 243 164 131 195 2 77 117 233 93 7 31 195 144 78
646159 39715 10719 2 1902 114 228 33602 33602 43 65412 35693 40960 8275 243 165 209 209 243 164 131 195 2 77 117 233 93 7 31 195
646157 39715 10717 2 1902 228 228 33602 33602 43 65412 35693 40960 8275 209 233 243 165 209 209 243 164 131 195 2 77 117 233 93 7
646155 39715 10715 2 1902 0 228 33602 33602 43 65412 35693 40960 8275 139 202 209 233 243 165 209 209 243 164 131 195 2 77 117 233
646153 39715 10713 2 1902 0 228 33510 33602 43 65412 35693 40960 8275 139 247 139 202 209 233 243 165 209 209 243 164 131 195 2 77
646151 39715 10711 2 1902 0 228 33510 33600 43 65412 35693 40960 8275 3 248 139 247 139 202 209 233 243 165 209 209 243 164 131 195
646148 39715 10708 2 1902 0 228 33510 33510 43 65412 35693 40960 8275 46 139 63 3 248 139 247 139 202 209 233 243 165 209 209 243
646169 39715 10729 2 1902 0 228 33510 33510 43 65412 35693 40960 8275 117 233 93 7 31 195 144 78 120 3 233 158 0 36 254 46
646168 39715 10728 2 1902 0 228 33510 33510 44 65412 35693 40960 8275 77 117 233 93 7 31 195 144 78 120 3 233 158 0 36 254
646165 39715 10725 2 1900 0 228 33510 33510 44 65412 35693 40960 8275 131 195 2 77 117 233 93 7 31 195 144 78 120 3 233 158
646163 39715 10723 2 1900 0 228 33510 33510 44 65412 35693 40960 8275 243 164 131 195 2 77 117 233 93 7 31 195 144 78 120 3
646161 39715 10721 2 1900 0 228 33510 33510 44 65412 35693 40960 8275 209 209 243 164 131 195 2 77 117 233 93 7 31 195 144 78
646159 39715 10719 2 1900 114 228 33282 33282 44 65412 35693 40960 8275 243 165 209 209 243 164 131 195 2 77 117 233 93 7 31 195
646157 39715 10717 2 1900 228 228 33282 33282 44 65412 35693 40960 8275 209 233 243 165 209 209 243 164 131 195 2 77 117 233 93 7
646155 39715 10715 2 1900 0 228 33282 33282 44 65412 35693 40960 8275 139 202 209 233 243 165 209 209 243 164 131 195 2 77 117 233
646153 39715 10713 2 1900 0 228 33190 33282 44 65412 35693 40960 8275 139 247 139 202 209 233 243 165 209 209 243 164 131 195 2 77
646151 39715 10711 2 1900 0 228 33190 33280 44 65412 35693 40960 8275 3 248 139 247 139 202 209 233 243 165 209 209 243 164 131 195
646148 39715 10708 2 1900 0 228 33190 33190 44 65412 35693 40960 8275 46 139 63 3 248 139 247 139 202 209 233 243 165 209 209 243
646169 39715 10729 2 1900 0 228 33190 33190 44 65412 35693 40960 8275 117 233 93 7 31 195 144 78 120 3 233 158 0 36 254 46
646168 39715 10728 2 1900 0 228 33190 33190 45 65412 35693 40960 8275 77 117 233 93 7 31 195 144 78 120 3 233 158 0 36 254
646165 39715 10725 2 1898 0 228 33190 33190 45 65412 35693 40960 8275 131 195 2 77 117 233 93 7 31 195 144 78 120 3 233 158
646163 39715 10723 2 1898 0 228 33190 33190 45 65412 35693 40960 8275 243 164 131 195 2 77 117 233 93 7 31 195 144 78 120 3
646161 39715 10721 2 1898 0 228 33190 33190 45 65412 35693 40960 8275 209 209 243 164 131 195 2 77 117 233 93 7 31 195 144 78
646159 39715 10719 2 1898 114 228 32962 32962 45 65412 35693 40960 8275 243 165 209 209 243 164 131 195 2 77 117 233 93 7 31 195
646157 39715 10717 2 1898 228 228 32962 32962 45 65412 35693 40960 8275 209 233 243 165 209 209 243 164 131 195 2 77 117 233 93 7
646155 39715 10715 2 1898 0 228 32962 32962 45 65412 35693 40960 8275 139 202 209 233 243 165 209 209 243 164 131 195 2 77 117 233
646153 39715 10713 2 1898 0 228 32870 32962 45 65412 35693 40960 8275 139 247 139 202 209 233 243 165 209 209 243 164 131 195 2 77
646151 39715 10711 2 1898 0 228 32870 32960 45 65412 35693 40960 8275 3 248 139 247 139 202 209 233 243 165 209 209 243 164 131 195
646148 39715 10708 2 1898 0 228 32870 32870 45 65412 35693 40960 8275 46 139 63 3 248 139 247 139 202 209 233 243 165 209 209 243
646169 39715 10729 2 1898 0 228 32870 32870 45 65412 35693 40960 8275 117 233 93 7 31 195 144 78 120 3 233 158 0 36 254 46
646168 39715 10728 2 1898 0 228 32870 32870 46 65412 35693 40960 8275 77 117 233 93 7 31 195 144 78 120 3 233 158 0 36 254
646165 39715 10725 2 1896 0 228 32870 32870 46 65412 35693 40960 8275 131 195 2 77 117 233 93 7 31 195 144 78 120 3 233 158
646163 39715 10723 2 1896 0 228 32870 32870 46 65412 35693 40960 8275 243 164 131 195 2 77 117 233 93 7 31 195 144 78 120 3
646161 39715 10721 2 1896 0 228 32870 32870 46 65412 35693 40960 8275 209 209 243 164 131 195 2 77 117 233 93 7 31 195 144 78
646159 39715 10719 2 1896 114 228 32642 32642 46 65412 35693 40960 8275 243 165 209 209 243 164 131 195 2 77 117 233 93 7 31 195
646157 39715 10717 2 1896 228 228 32642 32642 46 65412 35693 40960 8275 209 233 243 165 209 209 243 164 131 195 2 77 117 233 93 7
646155 39715 10715 2 1896 0 228 32642 32642 46 65412 35693 40960 8275 139 202 209 233 243 165 209 209 243 164 131 195 2 77 117 233
646153 39715 10713 2 1896 0 228 32550 32642 46 65412 35693 40960 8275 139 247 139 202 209 233 243 165 209 209 243 164 131 195 2 77
646151 39715 10711 2 1896 0 228 32550 32640 46 65412 35693 40960 8275 3 248 139 247 139 202 209 233 243 165 209 209 243 164 131 195
646148 39715 10708 2 1896 0 228 32550 32550 46 65412 35693 40960 8275 46 139 63 3 248 139 247 139 202 209 233 243 165 209 209 243
646169 39715 10729 2 1896 0 228 32550 32550 46 65412 35693 40960 8275 117 233 93 7 31 195 144 78 120 3 233 158 0 36 254 46
646168 39715 10728 2 1896 0 228 32550 32550 47 65412 35693 40960 8275 77 117 233 93 7 31 195 144 78 120 3 233 158 0 36 254
646165 39715 10725 2 1894 0 228 32550 32550 47 65412 35693 40960 8275 131 195 2 77 117 233 93 7 31 195 144 78 120 3 233 158
646163 39715 10723 2 1894 0 228 32550 32550 47 65412 35693 40960 8275 243 164 131 195 2 77 117 233 93 7 31 195 144 78 120 3
646161 39715 10721 2 1894 0 228 32550 32550 47 65412 35693 40960 8275 209 209 243 164 131 195 2 77 117 233 93 7 31 195 144 78
646159 39715 10719 2 1894 114 228 32322 32322 47 65412 35693 40960 8275 243 165 209 209 243 164 131 195 2 77 117 233 93 7 31 195
646157 39715 10717 2 1894 228 228 32322 32322 47 65412 35693 40960 8275 209 233 243 165 209 209 243 164 131 195 2 77 117 233 93 7
646155 39715 10715 2 1894 0 228 32322 32322 47 65412 35693 40960 8275 139 202 209 233 243 165 209 209 243 164 131 195 2 77 117 233
646153 39715 10713 2 1894 0 228 32230 32322 47 65412 35693 40960 8275 139 247 139 202 209 233 243 165 209 209 243 164 131 195 2 77
646151 39715 10711 2 1894 0 228 32230 32320 47 65412 35693 40960 8275 3 248 139 247 139 202 209 233 243 165 209 209 243 164 131 195
646148 39715 10708 2 1894 0 228 32230 32230 47 65412 35693 40960 8275 46 139 63 3 248 139 247 139 202 209 233 243 165 209 209 243
646169 39715 10729 2 1894 0 228 32230 32230 47 65412 35693 40960 8275 117 233 93 7 31 195 144 78 120 3 233 158 0 36 254 46
646168 39715 10728 2 1894 0 228 32230 32230 48 65412 35693 40960 8275 77 117 233 93 7 31 195 144 78 120 3 233 158 0 36 254
646165 39715 10725 2 1892 0 228 32230 32230 48 65412 35693 40960 8275 131 195 2 77 117 233 93 7 31 195 144 78 120 3 233 158
646163 39715 10723 2 1892 0 228 32230 32230 48 65412 35693 40960 8275 243 164 131 195 2 77 117 233 93 7 31 195 144 78 120 3
646161 39715 10721 2 1892 0 228 32230 32230 48 65412 35693 40960 8275 209 209 243 164 131 195 2 77 117 233 93 7 31 195 144 78
646159 39715 10719 2 1892 114 228 32002 32002 48 65412 35693 40960 8275 243 165 209 209 243 164 131 195 2 77 117 233 93 7 31 195
646157 39715 10717 2 1892 228 228 32002 32002 48 65412 35693 40960 8275 209 233 243 165 209 209 243 164 131 195 2 77 117 233 93 7
646155 39715 10715 2 1892 0 228 32002 32002 48 65412 35693 40960 8275 139 202 209 233 243 165 209 209 243 164 131 195 2 77 117 233
646153 39715 10713 2 1892 0 228 31910 32002 48 65412 35693 40960 8275 139 247 139 202 209 233 243 165 209 209 243 164 131 195 2 77
646151 39715 10711 2 1892 0 228 31910 32000 48 65412 35693 40960 8275 3 248 139 247 139 202 209 233 243 165 209 209 243 164 131 195
646148 39715 10708 2 1892 0 228 31910 31910 48 65412 35693 40960 8275 46 139 63 3 248 139 247 139 202 209 233 243 165 209 209 243
646169 39715 10729 2 1892 0 228 31910 31910 48 65412 35693 40960 8275 117 233 93 7 31 195 144 78 120 3 233 158 0 36 254 46
646168 39715 10728 2 1892 0 228 31910 31910 49 65412 35693 40960 8275 77 117 233 93 7 31 195 144 78 120 3 233 158 0 36 254
646165 39715 10725 2 1890 0 228 31910 31910 49 65412 35693 40960 8275 131 195 2 77 117 233 93 7 31 195 144 78 120 3 233 158
646163 39715 10723 2 1890 0 228 31910 31910 49 65412 35693 40960 8275 243 164 131 195 2 77 117 233 93 7 31 195 144 78 120 3
646161 39715 10721 2 1890 0 228 31910 31910 49 65412 35693 40960 8275 209 209 243 164 131 195 2 77 117 233 93 7 31 195 144 78
646159 39715 10719 2 1890 114 228 31682 31682 49 65412 35693 40960 8275 243 165 209 209 243 164 131 195 2 77 117 233 93 7 31 195
646157 39715 10717 2 1890 228 228 31682 31682 49 65412 35693 40960 8275 209 233 243 165 209 209 243 164 131 195 2 77 117 233 93 7
646155 39715 10715 2 1890 0 228 31682 31682 49 65412 35693 40960 8275 139 202 209 233 243 165 209 209 243 164 131 195 2 77 117 233
646153 39715 10713 2 1890 0 228 31590 31682 49 65412 35693 40960 8275 139 247 139 202 209 233 243 165 209 209 243 164 131 195 2 77
646151 39715 10711 2 1890 0 228 31590 31680 49 65412 35693 40960 8275 3 248 139 247 139 202 209 233 243 165 209 209 243 164 131 195
646148 39715 10708 2 1890 0 228 31590 31590 49 65412 35693 40960 8275 46 139 63 3 248 139 247 139 202 209 233 243 165 209 209 243
646169 39715 10729 2 1890 0 228 31590 31590 49 65412 35693 40960 8275 117 233 93 7 31 195 144 78 120 3 233 158 0 36 254 46
646168 39715 10728 2 1890 0 228 31590 31590 50 65412 35693 40960 8275 77 117 233 93 7 31 195 144 78 120 3 233 158 0 36 254
646165 39715 10725 2 1888 0 228 31590 31590 50 65412 35693 40960 8275 131 195 2 77 117 233 93 7 31 195 144 78 120 3 233 158
646163 39715 10723 2 1888 0 228 31590 31590 50 65412 35693 40960 8275 243 164 131 195 2 77 117 233 93 7 31 195 144 78 120 3
646161 39715 10721 2 1888 0 228 31590 31590 50 65412 35693 40960 8275 209 209 243 164 131 195 2 77 117 233 93 7 31 195 144 78
646159 39715 10719 2 1888 14 228 31562 31562 50 65412 35693 40960 8275 243 165 209 209 243 164 131 195 2 77 117 233 93 7 31 195
