ExecutionTrace 1
1000
97850 5650 7450 0 7 54956 0 54994 0 65448 65440 8275 35693 8275 160 50 172 180 0 11 192 117 91 160 169 196 180 0 11 192
97853 5650 7453 0 7 54956 0 54994 0 65448 65440 8275 35693 8275 180 0 11 192 117 91 160 169 196 180 0 11 192 117 82 128
97855 5650 7455 0 7 54956 0 54994 0 65448 65440 8275 35693 8275 11 192 117 91 160 169 196 180 0 11 192 117 82 128 62 174
97857 5650 7457 0 7 54956 0 54994 0 65448 65440 8275 35693 8275 117 91 160 169 196 180 0 11 192 117 82 128 62 174 236 0
97859 5650 7459 0 7 54956 0 54994 0 65448 65440 8275 35693 8275 160 169 196 180 0 11 192 117 82 128 62 174 236 0 116 33
97862 5650 7462 0 7 54956 0 54994 0 65448 65440 8275 35693 8275 180 0 11 192 117 82 128 62 174 236 0 116 33 70 70 199
97864 5650 7464 0 7 54956 0 54994 0 65448 65440 8275 35693 8275 11 192 117 82 128 62 174 236 0 116 33 70 70 199 4 64
97866 5650 7466 0 7 54956 0 54994 0 65448 65440 8275 35693 8275 117 82 128 62 174 236 0 116 33 70 70 199 4 64 0 70
97868 5650 7468 0 7 54956 0 54994 0 65448 65440 8275 35693 8275 128 62 174 236 0 116 33 70 70 199 4 64 0 70 70 199
97873 5650 7473 0 7 54956 0 54994 0 65448 65440 8275 35693 8275 116 33 70 70 199 4 64 0 70 70 199 4 40 0 70 70
97908 5650 7508 0 7 54956 0 54994 0 65448 65440 8275 35693 8275 128 62 235 171 0 116 35 70 70 199 4 64 0 70 70 199
97913 5650 7513 0 7 54956 0 54994 0 65448 65440 8275 35693 8275 116 35 70 70 199 4 64 0 70 70 199 4 40 0 70 70
97950 5650 7550 0 7 54956 0 54994 0 65448 65440 8275 35693 8275 160 242 236 180 0 11 192 117 82 160 90 173 180 0 11 192
97953 5650 7553 0 7 54956 0 54994 0 65448 65440 8275 35693 8275 180 0 11 192 117 82 160 90 173 180 0 11 192 117 73 160
97955 5650 7555 0 7 54956 0 54994 0 65448 65440 8275 35693 8275 11 192 117 82 160 90 173 180 0 11 192 117 73 160 203 171
97957 5650 7557 0 7 54956 0 54994 0 65448 65440 8275 35693 8275 117 82 160 90 173 180 0 11 192 117 73 160 203 171 180 0
97959 5650 7559 0 7 54956 0 54994 0 65448 65440 8275 35693 8275 160 90 173 180 0 11 192 117 73 160 203 171 180 0 11 192
97962 5650 7562 0 7 54956 0 54994 0 65448 65440 8275 35693 8275 180 0 11 192 117 73 160 203 171 180 0 11 192 117 64 128
97964 5650 7564 0 7 54956 0 54994 0 65448 65440 8275 35693 8275 11 192 117 73 160 203 171 180 0 11 192 117 64 128 62 210
97966 5650 7566 0 7 54956 0 54994 0 65448 65440 8275 35693 8275 117 73 160 203 171 180 0 11 192 117 64 128 62 210 185 0
97968 5650 7568 0 7 54956 0 54994 0 65448 65440 8275 35693 8275 160 203 171 180 0 11 192 117 64 128 62 210 185 0 116 26
97971 5650 7571 0 7 54956 0 54994 0 65448 65440 8275 35693 8275 180 0 11 192 117 64 128 62 210 185 0 116 26 70 70 199
97973 5650 7573 0 7 54956 0 54994 0 65448 65440 8275 35693 8275 11 192 117 64 128 62 210 185 0 116 26 70 70 199 4 200
97975 5650 7575 0 7 54956 0 54994 0 65448 65440 8275 35693 8275 117 64 128 62 210 185 0 116 26 70 70 199 4 200 0 70
97977 5650 7577 0 7 54956 0 54994 0 65448 65440 8275 35693 8275 128 62 210 185 0 116 26 70 70 199 4 200 0 70 70 199
97982 5650 7582 0 7 54956 0 54994 0 65448 65440 8275 35693 8275 116 26 70 70 199 4 200 0 70 70 199 4 48 0 70 70
98010 5650 7610 0 7 54956 0 54994 0 65448 65440 8275 35693 8275 128 62 173 236 0 116 24 70 70 199 4 200 0 70 70 199
98015 5650 7615 0 7 54956 0 54994 0 65448 65440 8275 35693 8275 116 24 70 70 199 4 200 0 70 70 199 4 48 0 70 70
98041 5650 7641 0 7 54956 0 54994 0 65448 65440 8275 35693 8275 160 50 172 180 0 11 192 117 101 160 169 196 180 0 11 192
98044 5650 7644 0 7 54956 0 54994 0 65448 65440 8275 35693 8275 180 0 11 192 117 101 160 169 196 180 0 11 192 117 92 128
98046 5650 7646 0 7 54956 0 54994 0 65448 65440 8275 35693 8275 11 192 117 101 160 169 196 180 0 11 192 117 92 128 62 226
98048 5650 7648 0 7 54956 0 54994 0 65448 65440 8275 35693 8275 117 101 160 169 196 180 0 11 192 117 92 128 62 226 236 0
98050 5650 7650 0 7 54956 0 54994 0 65448 65440 8275 35693 8275 160 169 196 180 0 11 192 117 92 128 62 226 236 0 116 38
98053 5650 7653 0 7 54956 0 54994 0 65448 65440 8275 35693 8275 180 0 11 192 117 92 128 62 226 236 0 116 38 70 70 199
98055 5650 7655 0 7 54956 0 54994 0 65448 65440 8275 35693 8275 11 192 117 92 128 62 226 236 0 116 38 70 70 199 4 144
98057 5650 7657 0 7 54956 0 54994 0 65448 65440 8275 35693 8275 117 92 128 62 226 236 0 116 38 70 70 199 4 144 0 70
98059 5650 7659 0 7 54956 0 54994 0 65448 65440 8275 35693 8275 128 62 226 236 0 116 38 70 70 199 4 144 0 70 70 199
98064 5650 7664 0 7 54956 0 54994 0 65448 65440 8275 35693 8275 116 38 70 70 199 4 144 0 70 70 199 4 40 0 70 70
98104 5650 7704 0 7 54956 0 54994 0 65448 65440 8275 35693 8275 128 62 19 172 0 116 40 70 70 199 4 144 0 70 70 199
98109 5650 7709 0 7 54956 0 54994 0 65448 65440 8275 35693 8275 116 40 70 70 199 4 144 0 70 70 199 4 40 0 70 70
98151 5650 7751 0 7 54956 0 54994 0 65448 65440 8275 35693 8275 86 154 32 45 235 12 89 139 240 199 70 254 0 0 233 225
98152 5650 7752 0 7 54956 0 54994 0 65448 65438 8275 35693 8275 154 32 45 235 12 89 139 240 199 70 254 0 0 233 225 0
64464 3307 11552 0 7 54956 0 54994 0 65448 65434 8275 35693 8275 85 139 236 76 76 86 87 139 118 6 128 62 32 172 0 116
64465 3307 11553 0 7 54956 0 54994 0 65448 65432 8275 35693 8275 139 236 76 76 86 87 139 118 6 128 62 32 172 0 116 101
64467 3307 11555 0 7 54956 0 54994 0 65432 65432 8275 35693 8275 76 76 86 87 139 118 6 128 62 32 172 0 116 101 160 32
64468 3307 11556 0 7 54956 0 54994 0 65432 65431 8275 35693 8275 76 86 87 139 118 6 128 62 32 172 0 116 101 160 32 172
64469 3307 11557 0 7 54956 0 54994 0 65432 65430 8275 35693 8275 86 87 139 118 6 128 62 32 172 0 116 101 160 32 172 180
64470 3307 11558 0 7 54956 0 54994 0 65432 65428 8275 35693 8275 87 139 118 6 128 62 32 172 0 116 101 160 32 172 180 0
64471 3307 11559 0 7 54956 0 54994 0 65432 65426 8275 35693 8275 139 118 6 128 62 32 172 0 116 101 160 32 172 180 0 72
64474 3307 11562 0 7 54956 0 54994 0 65432 65426 8275 35693 8275 128 62 32 172 0 116 101 160 32 172 180 0 72 139 248 70
64479 3307 11567 0 7 54956 0 54994 0 65432 65426 8275 35693 8275 116 101 160 32 172 180 0 72 139 248 70 70 199 4 255 255
64582 3307 11670 0 7 54956 0 54994 0 65432 65426 8275 35693 8275 128 62 33 172 0 116 101 160 33 172 180 0 72 139 248 70
64587 3307 11675 0 7 54956 0 54994 0 65432 65426 8275 35693 8275 116 101 160 33 172 180 0 72 139 248 70 70 199 4 255 255
64690 3307 11778 0 7 54956 0 54994 0 65432 65426 8275 35693 8275 128 62 34 172 0 116 101 160 34 172 180 0 72 139 248 70
64695 3307 11783 0 7 54956 0 54994 0 65432 65426 8275 35693 8275 116 101 160 34 172 180 0 72 139 248 70 70 199 4 255 255
64798 3307 11886 0 7 54956 0 54994 0 65432 65426 8275 35693 8275 128 62 123 167 0 117 3 233 143 0 160 123 167 180 0 72
64803 3307 11891 0 7 54956 0 54994 0 65432 65426 8275 35693 8275 117 3 233 143 0 160 123 167 180 0 72 139 248 70 70 199
64805 3307 11893 0 7 54956 0 54994 0 65432 65426 8275 35693 8275 233 143 0 160 123 167 180 0 72 139 248 70 70 199 4 255
64951 3307 12039 0 7 54956 0 54994 0 65432 65426 8275 35693 8275 128 62 126 167 0 117 3 233 143 0 160 126 167 180 0 72
64956 3307 12044 0 7 54956 0 54994 0 65432 65426 8275 35693 8275 117 3 233 143 0 160 126 167 180 0 72 139 248 70 70 199
64958 3307 12046 0 7 54956 0 54994 0 65432 65426 8275 35693 8275 233 143 0 160 126 167 180 0 72 139 248 70 70 199 4 255
65104 3307 12192 0 7 54956 0 54994 0 65432 65426 8275 35693 8275 128 62 185 171 0 117 3 233 143 0 160 185 171 180 0 72
65109 3307 12197 0 7 54956 0 54994 0 65432 65426 8275 35693 8275 117 3 233 143 0 160 185 171 180 0 72 139 248 70 70 199
65111 3307 12199 0 7 54956 0 54994 0 65432 65426 8275 35693 8275 233 143 0 160 185 171 180 0 72 139 248 70 70 199 4 255
65257 3307 12345 0 7 54956 0 54994 0 65432 65426 8275 35693 8275 128 62 188 171 0 117 3 233 143 0 160 188 171 180 0 72
65262 3307 12350 0 7 54956 0 54994 0 65432 65426 8275 35693 8275 117 3 233 143 0 160 188 171 180 0 72 139 248 70 70 199
65264 3307 12352 0 7 54956 0 54994 0 65432 65426 8275 35693 8275 233 143 0 160 188 171 180 0 72 139 248 70 70 199 4 255
65410 3307 12498 0 7 54956 0 54994 0 65432 65426 8275 35693 8275 128 62 83 167 0 117 3 233 24 1 160 83 167 180 0 72
65415 3307 12503 0 7 54956 0 54994 0 65432 65426 8275 35693 8275 117 3 233 24 1 160 83 167 180 0 72 139 248 139 223 209
65417 3307 12505 0 7 54956 0 54994 0 65432 65426 8275 35693 8275 233 24 1 160 83 167 180 0 72 139 248 139 223 209 227 139
65700 3307 12788 0 7 54956 0 54994 0 65432 65426 8275 35693 8275 128 62 85 167 0 117 3 233 17 1 160 85 167 180 0 72
65705 3307 12793 0 7 54956 0 54994 0 65432 65426 8275 35693 8275 117 3 233 17 1 160 85 167 180 0 72 139 248 139 223 209
65707 3307 12795 0 7 54956 0 54994 0 65432 65426 8275 35693 8275 233 17 1 160 85 167 180 0 72 139 248 139 223 209 227 139
65983 3307 13071 0 7 54956 0 54994 0 65432 65426 8275 35693 8275 128 62 87 167 0 117 3 233 241 0 160 87 167 180 0 72
65988 3307 13076 0 7 54956 0 54994 0 65432 65426 8275 35693 8275 117 3 233 241 0 160 87 167 180 0 72 139 248 139 223 209
65990 3307 13078 0 7 54956 0 54994 0 65432 65426 8275 35693 8275 233 241 0 160 87 167 180 0 72 139 248 139 223 209 227 139
66234 3307 13322 0 7 54956 0 54994 0 65432 65426 8275 35693 8275 139 198 95 94 139 229 93 203 85 139 236 76 76 86 87 139
66236 3307 13324 54994 7 54956 0 54994 0 65432 65426 8275 35693 8275 95 94 139 229 93 203 85 139 236 76 76 86 87 139 118 6
66237 3307 13325 54994 7 54956 0 54994 0 65432 65428 8275 35693 8275 94 139 229 93 203 85 139 236 76 76 86 87 139 118 6 128
66238 3307 13326 54994 7 54956 0 54994 0 65432 65430 8275 35693 8275 139 229 93 203 85 139 236 76 76 86 87 139 118 6 128 62
66240 3307 13328 54994 7 54956 0 54994 0 65432 65432 8275 35693 8275 93 203 85 139 236 76 76 86 87 139 118 6 128 62 211 196
66241 3307 13329 54994 7 54956 0 54994 0 65448 65434 8275 35693 8275 203 85 139 236 76 76 86 87 139 118 6 128 62 211 196 0
98157 5650 7757 54994 7 54956 0 54994 0 65448 65438 8275 35693 8275 89 139 240 199 70 254 0 0 233 225 0 139 94 254 128 191
98158 5650 7758 54994 7 54994 0 54994 0 65448 65440 8275 35693 8275 139 240 199 70 254 0 0 233 225 0 139 94 254 128 191 199
98160 5650 7760 54994 7 54994 0 54994 0 65448 65440 8275 35693 8275 199 70 254 0 0 233 225 0 139 94 254 128 191 199 185 0
98165 5650 7765 54994 7 54994 0 54994 0 65448 65440 8275 35693 8275 233 225 0 139 94 254 128 191 199 185 0 117 3 233 209 0
98393 5650 7993 54994 7 54994 0 54994 0 65448 65440 8275 35693 8275 131 126 254 8 125 3 233 22 255 128 62 174 196 0 116 19
98397 5650 7997 54994 7 54994 0 54994 0 65448 65440 8275 35693 8275 125 3 233 22 255 128 62 174 196 0 116 19 184 150 0 80
98399 5650 7999 54994 7 54994 0 54994 0 65448 65440 8275 35693 8275 233 22 255 128 62 174 196 0 116 19 184 150 0 80 51 192
98168 5650 7768 54994 7 54994 0 54994 0 65448 65440 8275 35693 8275 139 94 254 128 191 199 185 0 117 3 233 209 0 138 135 94
98171 5650 7771 54994 0 54994 0 54994 0 65448 65440 8275 35693 8275 128 191 199 185 0 117 3 233 209 0 138 135 94 171 180 0
98176 5650 7776 54994 0 54994 0 54994 0 65448 65440 8275 35693 8275 117 3 233 209 0 138 135 94 171 180 0 187 3 0 153 247
98178 5650 7778 54994 0 54994 0 54994 0 65448 65440 8275 35693 8275 233 209 0 138 135 94 171 180 0 187 3 0 153 247 251 209
98390 5650 7990 54994 0 54994 0 54994 0 65448 65440 8275 35693 8275 255 70 254 131 126 254 8 125 3 233 22 255 128 62 174 196
98393 5650 7993 54994 0 54994 0 54994 0 65448 65440 8275 35693 8275 131 126 254 8 125 3 233 22 255 128 62 174 196 0 116 19
98397 5650 7997 54994 0 54994 0 54994 0 65448 65440 8275 35693 8275 125 3 233 22 255 128 62 174 196 0 116 19 184 150 0 80
98399 5650 7999 54994 0 54994 0 54994 0 65448 65440 8275 35693 8275 233 22 255 128 62 174 196 0 116 19 184 150 0 80 51 192
98168 5650 7768 54994 0 54994 0 54994 0 65448 65440 8275 35693 8275 139 94 254 128 191 199 185 0 117 3 233 209 0 138 135 94
98171 5650 7771 54994 1 54994 0 54994 0 65448 65440 8275 35693 8275 128 191 199 185 0 117 3 233 209 0 138 135 94 171 180 0
98176 5650 7776 54994 1 54994 0 54994 0 65448 65440 8275 35693 8275 117 3 233 209 0 138 135 94 171 180 0 187 3 0 153 247
98178 5650 7778 54994 1 54994 0 54994 0 65448 65440 8275 35693 8275 233 209 0 138 135 94 171 180 0 187 3 0 153 247 251 209
98390 5650 7990 54994 1 54994 0 54994 0 65448 65440 8275 35693 8275 255 70 254 131 126 254 8 125 3 233 22 255 128 62 174 196
98393 5650 7993 54994 1 54994 0 54994 0 65448 65440 8275 35693 8275 131 126 254 8 125 3 233 22 255 128 62 174 196 0 116 19
98397 5650 7997 54994 1 54994 0 54994 0 65448 65440 8275 35693 8275 125 3 233 22 255 128 62 174 196 0 116 19 184 150 0 80
98399 5650 7999 54994 1 54994 0 54994 0 65448 65440 8275 35693 8275 233 22 255 128 62 174 196 0 116 19 184 150 0 80 51 192
98168 5650 7768 54994 1 54994 0 54994 0 65448 65440 8275 35693 8275 139 94 254 128 191 199 185 0 117 3 233 209 0 138 135 94
98171 5650 7771 54994 2 54994 0 54994 0 65448 65440 8275 35693 8275 128 191 199 185 0 117 3 233 209 0 138 135 94 171 180 0
98176 5650 7776 54994 2 54994 0 54994 0 65448 65440 8275 35693 8275 117 3 233 209 0 138 135 94 171 180 0 187 3 0 153 247
98178 5650 7778 54994 2 54994 0 54994 0 65448 65440 8275 35693 8275 233 209 0 138 135 94 171 180 0 187 3 0 153 247 251 209
98390 5650 7990 54994 2 54994 0 54994 0 65448 65440 8275 35693 8275 255 70 254 131 126 254 8 125 3 233 22 255 128 62 174 196
98393 5650 7993 54994 2 54994 0 54994 0 65448 65440 8275 35693 8275 131 126 254 8 125 3 233 22 255 128 62 174 196 0 116 19
98397 5650 7997 54994 2 54994 0 54994 0 65448 65440 8275 35693 8275 125 3 233 22 255 128 62 174 196 0 116 19 184 150 0 80
98399 5650 7999 54994 2 54994 0 54994 0 65448 65440 8275 35693 8275 233 22 255 128 62 174 196 0 116 19 184 150 0 80 51 192
98168 5650 7768 54994 2 54994 0 54994 0 65448 65440 8275 35693 8275 139 94 254 128 191 199 185 0 117 3 233 209 0 138 135 94
98171 5650 7771 54994 3 54994 0 54994 0 65448 65440 8275 35693 8275 128 191 199 185 0 117 3 233 209 0 138 135 94 171 180 0
98176 5650 7776 54994 3 54994 0 54994 0 65448 65440 8275 35693 8275 117 3 233 209 0 138 135 94 171 180 0 187 3 0 153 247
98178 5650 7778 54994 3 54994 0 54994 0 65448 65440 8275 35693 8275 233 209 0 138 135 94 171 180 0 187 3 0 153 247 251 209
98390 5650 7990 54994 3 54994 0 54994 0 65448 65440 8275 35693 8275 255 70 254 131 126 254 8 125 3 233 22 255 128 62 174 196
98393 5650 7993 54994 3 54994 0 54994 0 65448 65440 8275 35693 8275 131 126 254 8 125 3 233 22 255 128 62 174 196 0 116 19
98397 5650 7997 54994 3 54994 0 54994 0 65448 65440 8275 35693 8275 125 3 233 22 255 128 62 174 196 0 116 19 184 150 0 80
98399 5650 7999 54994 3 54994 0 54994 0 65448 65440 8275 35693 8275 233 22 255 128 62 174 196 0 116 19 184 150 0 80 51 192
98168 5650 7768 54994 3 54994 0 54994 0 65448 65440 8275 35693 8275 139 94 254 128 191 199 185 0 117 3 233 209 0 138 135 94
98171 5650 7771 54994 4 54994 0 54994 0 65448 65440 8275 35693 8275 128 191 199 185 0 117 3 233 209 0 138 135 94 171 180 0
98176 5650 7776 54994 4 54994 0 54994 0 65448 65440 8275 35693 8275 117 3 233 209 0 138 135 94 171 180 0 187 3 0 153 247
98178 5650 7778 54994 4 54994 0 54994 0 65448 65440 8275 35693 8275 233 209 0 138 135 94 171 180 0 187 3 0 153 247 251 209
98390 5650 7990 54994 4 54994 0 54994 0 65448 65440 8275 35693 8275 255 70 254 131 126 254 8 125 3 233 22 255 128 62 174 196
98393 5650 7993 54994 4 54994 0 54994 0 65448 65440 8275 35693 8275 131 126 254 8 125 3 233 22 255 128 62 174 196 0 116 19
98397 5650 7997 54994 4 54994 0 54994 0 65448 65440 8275 35693 8275 125 3 233 22 255 128 62 174 196 0 116 19 184 150 0 80
98399 5650 7999 54994 4 54994 0 54994 0 65448 65440 8275 35693 8275 233 22 255 128 62 174 196 0 116 19 184 150 0 80 51 192
98168 5650 7768 54994 4 54994 0 54994 0 65448 65440 8275 35693 8275 139 94 254 128 191 199 185 0 117 3 233 209 0 138 135 94
98171 5650 7771 54994 5 54994 0 54994 0 65448 65440 8275 35693 8275 128 191 199 185 0 117 3 233 209 0 138 135 94 171 180 0
98176 5650 7776 54994 5 54994 0 54994 0 65448 65440 8275 35693 8275 117 3 233 209 0 138 135 94 171 180 0 187 3 0 153 247
98178 5650 7778 54994 5 54994 0 54994 0 65448 65440 8275 35693 8275 233 209 0 138 135 94 171 180 0 187 3 0 153 247 251 209
98390 5650 7990 54994 5 54994 0 54994 0 65448 65440 8275 35693 8275 255 70 254 131 126 254 8 125 3 233 22 255 128 62 174 196
98393 5650 7993 54994 5 54994 0 54994 0 65448 65440 8275 35693 8275 131 126 254 8 125 3 233 22 255 128 62 174 196 0 116 19
98397 5650 7997 54994 5 54994 0 54994 0 65448 65440 8275 35693 8275 125 3 233 22 255 128 62 174 196 0 116 19 184 150 0 80
98399 5650 7999 54994 5 54994 0 54994 0 65448 65440 8275 35693 8275 233 22 255 128 62 174 196 0 116 19 184 150 0 80 51 192
98168 5650 7768 54994 5 54994 0 54994 0 65448 65440 8275 35693 8275 139 94 254 128 191 199 185 0 117 3 233 209 0 138 135 94
98171 5650 7771 54994 6 54994 0 54994 0 65448 65440 8275 35693 8275 128 191 199 185 0 117 3 233 209 0 138 135 94 171 180 0
98176 5650 7776 54994 6 54994 0 54994 0 65448 65440 8275 35693 8275 117 3 233 209 0 138 135 94 171 180 0 187 3 0 153 247
98178 5650 7778 54994 6 54994 0 54994 0 65448 65440 8275 35693 8275 233 209 0 138 135 94 171 180 0 187 3 0 153 247 251 209
98390 5650 7990 54994 6 54994 0 54994 0 65448 65440 8275 35693 8275 255 70 254 131 126 254 8 125 3 233 22 255 128 62 174 196
98393 5650 7993 54994 6 54994 0 54994 0 65448 65440 8275 35693 8275 131 126 254 8 125 3 233 22 255 128 62 174 196 0 116 19
98397 5650 7997 54994 6 54994 0 54994 0 65448 65440 8275 35693 8275 125 3 233 22 255 128 62 174 196 0 116 19 184 150 0 80
98399 5650 7999 54994 6 54994 0 54994 0 65448 65440 8275 35693 8275 233 22 255 128 62 174 196 0 116 19 184 150 0 80 51 192
98168 5650 7768 54994 6 54994 0 54994 0 65448 65440 8275 35693 8275 139 94 254 128 191 199 185 0 117 3 233 209 0 138 135 94
98171 5650 7771 54994 7 54994 0 54994 0 65448 65440 8275 35693 8275 128 191 199 185 0 117 3 233 209 0 138 135 94 171 180 0
98176 5650 7776 54994 7 54994 0 54994 0 65448 65440 8275 35693 8275 117 3 233 209 0 138 135 94 171 180 0 187 3 0 153 247
98178 5650 7778 54994 7 54994 0 54994 0 65448 65440 8275 35693 8275 233 209 0 138 135 94 171 180 0 187 3 0 153 247 251 209
98390 5650 7990 54994 7 54994 0 54994 0 65448 65440 8275 35693 8275 255 70 254 131 126 254 8 125 3 233 22 255 128 62 174 196
98393 5650 7993 54994 7 54994 0 54994 0 65448 65440 8275 35693 8275 131 126 254 8 125 3 233 22 255 128 62 174 196 0 116 19
98397 5650 7997 54994 7 54994 0 54994 0 65448 65440 8275 35693 8275 125 3 233 22 255 128 62 174 196 0 116 19 184 150 0 80
98402 5650 8002 54994 7 54994 0 54994 0 65448 65440 8275 35693 8275 128 62 174 196 0 116 19 184 150 0 80 51 192 80 184 51
98407 5650 8007 54994 7 54994 0 54994 0 65448 65440 8275 35693 8275 116 19 184 150 0 80 51 192 80 184 51 172 80 154 44 46
98428 5650 8028 54994 7 54994 0 54994 0 65448 65440 8275 35693 8275 86 154 220 36 56 19 89 154 112 0 56 19 128 62 78 1
98429 5650 8029 54994 7 54994 0 54994 0 65448 65438 8275 35693 8275 154 220 36 56 19 89 154 112 0 56 19 128 62 78 1 0
88156 4920 9436 54994 7 54994 0 54994 0 65448 65434 8275 35693 8275 85 139 236 76 76 86 87 139 118 6 70 70 199 4 255 255
88157 4920 9437 54994 7 54994 0 54994 0 65448 65432 8275 35693 8275 139 236 76 76 86 87 139 118 6 70 70 199 4 255 255 70
88159 4920 9439 54994 7 54994 0 54994 0 65432 65432 8275 35693 8275 76 76 86 87 139 118 6 70 70 199 4 255 255 70 70 161
88160 4920 9440 54994 7 54994 0 54994 0 65432 65431 8275 35693 8275 76 86 87 139 118 6 70 70 199 4 255 255 70 70 161 188
88161 4920 9441 54994 7 54994 0 54994 0 65432 65430 8275 35693 8275 86 87 139 118 6 70 70 199 4 255 255 70 70 161 188 196
88162 4920 9442 54994 7 54994 0 54994 0 65432 65428 8275 35693 8275 87 139 118 6 70 70 199 4 255 255 70 70 161 188 196 139
88163 4920 9443 54994 7 54994 0 54994 0 65432 65426 8275 35693 8275 139 118 6 70 70 199 4 255 255 70 70 161 188 196 139 22
88166 4920 9446 54994 7 54994 0 54994 0 65432 65426 8275 35693 8275 70 70 199 4 255 255 70 70 161 188 196 139 22 186 196 137
88167 4920 9447 54994 7 54994 0 54995 0 65432 65426 8275 35693 8275 70 199 4 255 255 70 70 161 188 196 139 22 186 196 137 68
88168 4920 9448 54994 7 54994 0 54996 0 65432 65426 8275 35693 8275 199 4 255 255 70 70 161 188 196 139 22 186 196 137 68 2
88172 4920 9452 54994 7 54994 0 54996 0 65432 65426 8275 35693 8275 70 70 161 188 196 139 22 186 196 137 68 2 137 20 70 70
88173 4920 9453 54994 7 54994 0 54997 0 65432 65426 8275 35693 8275 70 161 188 196 139 22 186 196 137 68 2 137 20 70 70 128
88174 4920 9454 54994 7 54994 0 54998 0 65432 65426 8275 35693 8275 161 188 196 139 22 186 196 137 68 2 137 20 70 70 128 62
88177 4920 9457 25609 7 54994 0 54998 0 65432 65426 8275 35693 8275 139 22 186 196 137 68 2 137 20 70 70 128 62 50 172 0
88181 4920 9461 25609 7 54994 0 54998 0 65432 65426 8275 35693 8275 137 68 2 137 20 70 70 128 62 50 172 0 116 10 128 62
88184 4920 9464 25609 7 54994 0 54998 0 65432 65426 8275 35693 8275 137 20 70 70 128 62 50 172 0 116 10 128 62 241 236 0
88186 4920 9466 25609 7 54994 0 54998 0 65432 65426 8275 35693 8275 70 70 128 62 50 172 0 116 10 128 62 241 236 0 116 3
88187 4920 9467 25609 7 54994 0 54999 0 65432 65426 8275 35693 8275 70 128 62 50 172 0 116 10 128 62 241 236 0 116 3 233
88188 4920 9468 25609 7 54994 0 55000 0 65432 65426 8275 35693 8275 128 62 50 172 0 116 10 128 62 241 236 0 116 3 233 38
88193 4920 9473 25609 7 54994 0 55000 0 65432 65426 8275 35693 8275 116 10 128 62 241 236 0 116 3 233 38 1 128 62 50 172
88205 4920 9485 25609 7 54994 0 55000 0 65432 65426 8275 35693 8275 128 62 50 172 0 116 10 128 62 209 172 0 116 3 233 21
88210 4920 9490 25609 7 54994 0 55000 0 65432 65426 8275 35693 8275 116 10 128 62 209 172 0 116 3 233 21 1 160 227 196 34
88222 4920 9502 25609 7 54994 0 55000 0 65432 65426 8275 35693 8275 160 227 196 34 6 241 236 180 0 11 192 116 3 233 5 1
88225 4920 9505 25600 7 54994 0 55000 0 65432 65426 8275 35693 8275 34 6 241 236 180 0 11 192 116 3 233 5 1 128 62 227
88229 4920 9509 25600 7 54994 0 55000 0 65432 65426 8275 35693 8275 180 0 11 192 116 3 233 5 1 128 62 227 196 0 116 10
88231 4920 9511 0 7 54994 0 55000 0 65432 65426 8275 35693 8275 11 192 116 3 233 5 1 128 62 227 196 0 116 10 128 62
88233 4920 9513 0 7 54994 0 55000 0 65432 65426 8275 35693 8275 116 3 233 5 1 128 62 227 196 0 116 10 128 62 209 172
88238 4920 9518 0 7 54994 0 55000 0 65432 65426 8275 35693 8275 128 62 227 196 0 116 10 128 62 209 172 0 116 3 233 244
88243 4920 9523 0 7 54994 0 55000 0 65432 65426 8275 35693 8275 116 10 128 62 209 172 0 116 3 233 244 0 128 62 252 171
88255 4920 9535 0 7 54994 0 55000 0 65432 65426 8275 35693 8275 128 62 252 171 0 116 27 70 70 199 4 216 255 70 70 199
88260 4920 9540 0 7 54994 0 55000 0 65432 65426 8275 35693 8275 116 27 70 70 199 4 216 255 70 70 199 4 40 0 70 70
88289 4920 9569 0 7 54994 0 55000 0 65432 65426 8275 35693 8275 128 62 164 236 0 116 35 70 70 199 4 216 255 70 70 199
88294 4920 9574 0 7 54994 0 55000 0 65432 65426 8275 35693 8275 116 35 70 70 199 4 216 255 70 70 199 4 40 0 70 70
88331 4920 9611 0 7 54994 0 55000 0 65432 65426 8275 35693 8275 128 62 246 171 0 116 27 70 70 199 4 216 255 70 70 199
88336 4920 9616 0 7 54994 0 55000 0 65432 65426 8275 35693 8275 116 27 70 70 199 4 216 255 70 70 199 4 40 0 70 70
88365 4920 9645 0 7 54994 0 55000 0 65432 65426 8275 35693 8275 128 62 9 172 0 116 26 70 70 199 4 216 255 70 70 199
88370 4920 9650 0 7 54994 0 55000 0 65432 65426 8275 35693 8275 116 26 70 70 199 4 216 255 70 70 199 4 40 0 70 70
88398 4920 9678 0 7 54994 0 55000 0 65432 65426 8275 35693 8275 128 62 1 172 0 116 26 70 70 199 4 216 255 70 70 199
88403 4920 9683 0 7 54994 0 55000 0 65432 65426 8275 35693 8275 116 26 70 70 199 4 216 255 70 70 199 4 40 0 70 70
88431 4920 9711 0 7 54994 0 55000 0 65432 65426 8275 35693 8275 128 62 25 172 0 116 30 70 70 199 4 216 255 70 70 199
88436 4920 9716 0 7 54994 0 55000 0 65432 65426 8275 35693 8275 116 30 70 70 199 4 216 255 70 70 199 4 40 0 70 70
88468 4920 9748 0 7 54994 0 55000 0 65432 65426 8275 35693 8275 128 62 202 171 0 116 24 70 70 199 4 216 255 70 70 199
88473 4920 9753 0 7 54994 0 55000 0 65432 65426 8275 35693 8275 116 24 70 70 199 4 216 255 70 70 199 4 40 0 70 70
88499 4920 9779 0 7 54994 0 55000 0 65432 65426 8275 35693 8275 128 62 50 172 0 116 10 128 62 242 236 0 116 3 233 38
88504 4920 9784 0 7 54994 0 55000 0 65432 65426 8275 35693 8275 116 10 128 62 242 236 0 116 3 233 38 1 128 62 50 172
88516 4920 9796 0 7 54994 0 55000 0 65432 65426 8275 35693 8275 128 62 50 172 0 116 10 128 62 90 173 0 116 3 233 21
88521 4920 9801 0 7 54994 0 55000 0 65432 65426 8275 35693 8275 116 10 128 62 90 173 0 116 3 233 21 1 160 54 197 34
88533 4920 9813 0 7 54994 0 55000 0 65432 65426 8275 35693 8275 160 54 197 34 6 242 236 180 0 11 192 116 3 233 5 1
88536 4920 9816 0 7 54994 0 55000 0 65432 65426 8275 35693 8275 34 6 242 236 180 0 11 192 116 3 233 5 1 128 62 54
88540 4920 9820 0 7 54994 0 55000 0 65432 65426 8275 35693 8275 180 0 11 192 116 3 233 5 1 128 62 54 197 0 116 10
88542 4920 9822 0 7 54994 0 55000 0 65432 65426 8275 35693 8275 11 192 116 3 233 5 1 128 62 54 197 0 116 10 128 62
88544 4920 9824 0 7 54994 0 55000 0 65432 65426 8275 35693 8275 116 3 233 5 1 128 62 54 197 0 116 10 128 62 90 173
88549 4920 9829 0 7 54994 0 55000 0 65432 65426 8275 35693 8275 128 62 54 197 0 116 10 128 62 90 173 0 116 3 233 244
88554 4920 9834 0 7 54994 0 55000 0 65432 65426 8275 35693 8275 116 10 128 62 90 173 0 116 3 233 244 0 128 62 253 171
88566 4920 9846 0 7 54994 0 55000 0 65432 65426 8275 35693 8275 128 62 253 171 0 116 27 70 70 199 4 168 0 70 70 199
88571 4920 9851 0 7 54994 0 55000 0 65432 65426 8275 35693 8275 116 27 70 70 199 4 168 0 70 70 199 4 40 0 70 70
88600 4920 9880 0 7 54994 0 55000 0 65432 65426 8275 35693 8275 128 62 165 236 0 116 35 70 70 199 4 168 0 70 70 199
88605 4920 9885 0 7 54994 0 55000 0 65432 65426 8275 35693 8275 116 35 70 70 199 4 168 0 70 70 199 4 40 0 70 70
88642 4920 9922 0 7 54994 0 55000 0 65432 65426 8275 35693 8275 128 62 247 171 0 116 27 70 70 199 4 168 0 70 70 199
88647 4920 9927 0 7 54994 0 55000 0 65432 65426 8275 35693 8275 116 27 70 70 199 4 168 0 70 70 199 4 40 0 70 70
88676 4920 9956 0 7 54994 0 55000 0 65432 65426 8275 35693 8275 128 62 10 172 0 116 26 70 70 199 4 168 0 70 70 199
88681 4920 9961 0 7 54994 0 55000 0 65432 65426 8275 35693 8275 116 26 70 70 199 4 168 0 70 70 199 4 40 0 70 70
88709 4920 9989 0 7 54994 0 55000 0 65432 65426 8275 35693 8275 128 62 2 172 0 116 26 70 70 199 4 168 0 70 70 199
88714 4920 9994 0 7 54994 0 55000 0 65432 65426 8275 35693 8275 116 26 70 70 199 4 168 0 70 70 199 4 40 0 70 70
88742 4920 10022 0 7 54994 0 55000 0 65432 65426 8275 35693 8275 128 62 26 172 0 116 30 70 70 199 4 168 0 70 70 199
88747 4920 10027 0 7 54994 0 55000 0 65432 65426 8275 35693 8275 116 30 70 70 199 4 168 0 70 70 199 4 40 0 70 70
88779 4920 10059 0 7 54994 0 55000 0 65432 65426 8275 35693 8275 128 62 203 171 0 116 24 70 70 199 4 168 0 70 70 199
88784 4920 10064 0 7 54994 0 55000 0 65432 65426 8275 35693 8275 116 24 70 70 199 4 168 0 70 70 199 4 40 0 70 70
88810 4920 10090 0 7 54994 0 55000 0 65432 65426 8275 35693 8275 160 50 172 180 0 11 192 116 3 233 239 0 128 62 15 197
88813 4920 10093 0 7 54994 0 55000 0 65432 65426 8275 35693 8275 180 0 11 192 116 3 233 239 0 128 62 15 197 0 116 27
88815 4920 10095 0 7 54994 0 55000 0 65432 65426 8275 35693 8275 11 192 116 3 233 239 0 128 62 15 197 0 116 27 70 70
88817 4920 10097 0 7 54994 0 55000 0 65432 65426 8275 35693 8275 116 3 233 239 0 128 62 15 197 0 116 27 70 70 199 4
88822 4920 10102 0 7 54994 0 55000 0 65432 65426 8275 35693 8275 128 62 15 197 0 116 27 70 70 199 4 64 0 70 70 199
88827 4920 10107 0 7 54994 0 55000 0 65432 65426 8275 35693 8275 116 27 70 70 199 4 64 0 70 70 199 4 40 0 70 70
88856 4920 10136 0 7 54994 0 55000 0 65432 65426 8275 35693 8275 128 62 196 171 0 116 30 70 70 199 4 64 0 70 70 199
88861 4920 10141 0 7 54994 0 55000 0 65432 65426 8275 35693 8275 116 30 70 70 199 4 64 0 70 70 199 4 40 0 70 70
88863 4920 10143 0 7 54994 0 55000 0 65432 65426 8275 35693 8275 70 70 199 4 64 0 70 70 199 4 40 0 70 70 160 133
88864 4920 10144 0 7 54994 0 55001 0 65432 65426 8275 35693 8275 70 199 4 64 0 70 70 199 4 40 0 70 70 160 133 1
88865 4920 10145 0 7 54994 0 55002 0 65432 65426 8275 35693 8275 199 4 64 0 70 70 199 4 40 0 70 70 160 133 1 180
88869 4920 10149 0 7 54994 0 55002 0 65432 65426 8275 35693 8275 70 70 199 4 40 0 70 70 160 133 1 180 0 137 4 70
88870 4920 10150 0 7 54994 0 55003 0 65432 65426 8275 35693 8275 70 199 4 40 0 70 70 160 133 1 180 0 137 4 70 70
88871 4920 10151 0 7 54994 0 55004 0 65432 65426 8275 35693 8275 199 4 40 0 70 70 160 133 1 180 0 137 4 70 70 199
88875 4920 10155 0 7 54994 0 55004 0 65432 65426 8275 35693 8275 70 70 160 133 1 180 0 137 4 70 70 199 4 10 0 233
88876 4920 10156 0 7 54994 0 55005 0 65432 65426 8275 35693 8275 70 160 133 1 180 0 137 4 70 70 199 4 10 0 233 168
88877 4920 10157 0 7 54994 0 55006 0 65432 65426 8275 35693 8275 160 133 1 180 0 137 4 70 70 199 4 10 0 233 168 0
88880 4920 10160 0 7 54994 0 55006 0 65432 65426 8275 35693 8275 180 0 137 4 70 70 199 4 10 0 233 168 0 128 62 10
88882 4920 10162 0 7 54994 0 55006 0 65432 65426 8275 35693 8275 137 4 70 70 199 4 10 0 233 168 0 128 62 10 197 0
88884 4920 10164 0 7 54994 0 55006 0 65432 65426 8275 35693 8275 70 70 199 4 10 0 233 168 0 128 62 10 197 0 116 27
88885 4920 10165 0 7 54994 0 55007 0 65432 65426 8275 35693 8275 70 199 4 10 0 233 168 0 128 62 10 197 0 116 27 70
88886 4920 10166 0 7 54994 0 55008 0 65432 65426 8275 35693 8275 199 4 10 0 233 168 0 128 62 10 197 0 116 27 70 70
88890 4920 10170 0 7 54994 0 55008 0 65432 65426 8275 35693 8275 233 168 0 128 62 10 197 0 116 27 70 70 199 4 64 0
89061 4920 10341 0 7 54994 0 55008 0 65432 65426 8275 35693 8275 160 50 172 180 0 11 192 117 82 128 62 227 196 0 116 33
89064 4920 10344 0 7 54994 0 55008 0 65432 65426 8275 35693 8275 180 0 11 192 117 82 128 62 227 196 0 116 33 70 70 199
89066 4920 10346 0 7 54994 0 55008 0 65432 65426 8275 35693 8275 11 192 117 82 128 62 227 196 0 116 33 70 70 199 4 32
89068 4920 10348 0 7 54994 0 55008 0 65432 65426 8275 35693 8275 117 82 128 62 227 196 0 116 33 70 70 199 4 32 0 70
89070 4920 10350 0 7 54994 0 55008 0 65432 65426 8275 35693 8275 128 62 227 196 0 116 33 70 70 199 4 32 0 70 70 199
89075 4920 10355 0 7 54994 0 55008 0 65432 65426 8275 35693 8275 116 33 70 70 199 4 32 0 70 70 199 4 24 0 70 70
89110 4920 10390 0 7 54994 0 55008 0 65432 65426 8275 35693 8275 128 62 236 171 0 116 35 70 70 199 4 32 0 70 70 199
89115 4920 10395 0 7 54994 0 55008 0 65432 65426 8275 35693 8275 116 35 70 70 199 4 32 0 70 70 199 4 24 0 70 70
89152 4920 10432 0 7 54994 0 55008 0 65432 65426 8275 35693 8275 160 50 172 180 0 11 192 117 92 128 62 54 197 0 116 38
89155 4920 10435 0 7 54994 0 55008 0 65432 65426 8275 35693 8275 180 0 11 192 117 92 128 62 54 197 0 116 38 70 70 199
89157 4920 10437 0 7 54994 0 55008 0 65432 65426 8275 35693 8275 11 192 117 92 128 62 54 197 0 116 38 70 70 199 4 168
89159 4920 10439 0 7 54994 0 55008 0 65432 65426 8275 35693 8275 117 92 128 62 54 197 0 116 38 70 70 199 4 168 0 70
89161 4920 10441 0 7 54994 0 55008 0 65432 65426 8275 35693 8275 128 62 54 197 0 116 38 70 70 199 4 168 0 70 70 199
89166 4920 10446 0 7 54994 0 55008 0 65432 65426 8275 35693 8275 116 38 70 70 199 4 168 0 70 70 199 4 24 0 70 70
89206 4920 10486 0 7 54994 0 55008 0 65432 65426 8275 35693 8275 128 62 20 172 0 116 40 70 70 199 4 168 0 70 70 199
89211 4920 10491 0 7 54994 0 55008 0 65432 65426 8275 35693 8275 116 40 70 70 199 4 168 0 70 70 199 4 24 0 70 70
89253 4920 10533 0 7 54994 0 55008 0 65432 65426 8275 35693 8275 86 154 18 52 235 12 89 139 240 51 255 233 206 0 128 189
89254 4920 10534 0 7 54994 0 55008 0 65432 65424 8275 35693 8275 154 18 52 235 12 89 139 240 51 255 233 206 0 128 189 199
66242 3307 13330 0 7 54994 0 55008 0 65432 65420 8275 35693 8275 85 139 236 76 76 86 87 139 118 6 128 62 211 196 0 116
66243 3307 13331 0 7 54994 0 55008 0 65432 65418 8275 35693 8275 139 236 76 76 86 87 139 118 6 128 62 211 196 0 116 101
66245 3307 13333 0 7 54994 0 55008 0 65418 65418 8275 35693 8275 76 76 86 87 139 118 6 128 62 211 196 0 116 101 160 211
66246 3307 13334 0 7 54994 0 55008 0 65418 65417 8275 35693 8275 76 86 87 139 118 6 128 62 211 196 0 116 101 160 211 196
66247 3307 13335 0 7 54994 0 55008 0 65418 65416 8275 35693 8275 86 87 139 118 6 128 62 211 196 0 116 101 160 211 196 180
66248 3307 13336 0 7 54994 0 55008 0 65418 65414 8275 35693 8275 87 139 118 6 128 62 211 196 0 116 101 160 211 196 180 0
66249 3307 13337 0 7 54994 0 55008 0 65418 65412 8275 35693 8275 139 118 6 128 62 211 196 0 116 101 160 211 196 180 0 72
66252 3307 13340 0 7 54994 0 55008 0 65418 65412 8275 35693 8275 128 62 211 196 0 116 101 160 211 196 180 0 72 139 248 70
66257 3307 13345 0 7 54994 0 55008 0 65418 65412 8275 35693 8275 116 101 160 211 196 180 0 72 139 248 70 70 199 4 255 255
66360 3307 13448 0 7 54994 0 55008 0 65418 65412 8275 35693 8275 128 62 13 172 0 116 105 160 13 172 180 0 72 139 248 70
66365 3307 13453 0 7 54994 0 55008 0 65418 65412 8275 35693 8275 116 105 160 13 172 180 0 72 139 248 70 70 199 4 255 255
66367 3307 13455 0 7 54994 0 55008 0 65418 65412 8275 35693 8275 160 13 172 180 0 72 139 248 70 70 199 4 255 255 70 70
66370 3307 13458 4 7 54994 0 55008 0 65418 65412 8275 35693 8275 180 0 72 139 248 70 70 199 4 255 255 70 70 186 12 0
66372 3307 13460 4 7 54994 0 55008 0 65418 65412 8275 35693 8275 72 139 248 70 70 199 4 255 255 70 70 186 12 0 247 234
66373 3307 13461 3 7 54994 0 55008 0 65418 65412 8275 35693 8275 139 248 70 70 199 4 255 255 70 70 186 12 0 247 234 139
66375 3307 13463 3 7 54994 0 55008 3 65418 65412 8275 35693 8275 70 70 199 4 255 255 70 70 186 12 0 247 234 139 216 139
66376 3307 13464 3 7 54994 0 55009 3 65418 65412 8275 35693 8275 70 199 4 255 255 70 70 186 12 0 247 234 139 216 139 159
66377 3307 13465 3 7 54994 0 55010 3 65418 65412 8275 35693 8275 199 4 255 255 70 70 186 12 0 247 234 139 216 139 159 158
66381 3307 13469 3 7 54994 0 55010 3 65418 65412 8275 35693 8275 70 70 186 12 0 247 234 139 216 139 159 158 167 209 227 209
66382 3307 13470 3 7 54994 0 55011 3 65418 65412 8275 35693 8275 70 186 12 0 247 234 139 216 139 159 158 167 209 227 209 227
66383 3307 13471 3 7 54994 0 55012 3 65418 65412 8275 35693 8275 186 12 0 247 234 139 216 139 159 158 167 209 227 209 227 139
66386 3307 13474 3 7 54994 12 55012 3 65418 65412 8275 35693 8275 247 234 139 216 139 159 158 167 209 227 209 227 139 135 78 197
66388 3307 13476 36 7 54994 0 55012 3 65418 65412 8275 35693 8275 139 216 139 159 158 167 209 227 209 227 139 135 78 197 139 151
66390 3307 13478 36 36 54994 0 55012 3 65418 65412 8275 35693 8275 139 159 158 167 209 227 209 227 139 135 78 197 139 151 76 197
66394 3307 13482 36 0 54994 0 55012 3 65418 65412 8275 35693 8275 209 227 209 227 139 135 78 197 139 151 76 197 137 68 2 137
66396 3307 13484 36 0 54994 0 55012 3 65418 65412 8275 35693 8275 209 227 139 135 78 197 139 151 76 197 137 68 2 137 20 70
66398 3307 13486 36 0 54994 0 55012 3 65418 65412 8275 35693 8275 139 135 78 197 139 151 76 197 137 68 2 137 20 70 70 70
66402 3307 13490 22510 0 54994 0 55012 3 65418 65412 8275 35693 8275 139 151 76 197 137 68 2 137 20 70 70 70 70 199 4 234
66406 3307 13494 22510 0 54994 0 55012 3 65418 65412 8275 35693 8275 137 68 2 137 20 70 70 70 70 199 4 234 255 70 70 199
66409 3307 13497 22510 0 54994 0 55012 3 65418 65412 8275 35693 8275 137 20 70 70 70 70 199 4 234 255 70 70 199 4 23 0
66411 3307 13499 22510 0 54994 0 55012 3 65418 65412 8275 35693 8275 70 70 70 70 199 4 234 255 70 70 199 4 23 0 70 70
66412 3307 13500 22510 0 54994 0 55013 3 65418 65412 8275 35693 8275 70 70 70 199 4 234 255 70 70 199 4 23 0 70 70 139
66413 3307 13501 22510 0 54994 0 55014 3 65418 65412 8275 35693 8275 70 70 199 4 234 255 70 70 199 4 23 0 70 70 139 199
66414 3307 13502 22510 0 54994 0 55015 3 65418 65412 8275 35693 8275 70 199 4 234 255 70 70 199 4 23 0 70 70 139 199 186
66415 3307 13503 22510 0 54994 0 55016 3 65418 65412 8275 35693 8275 199 4 234 255 70 70 199 4 23 0 70 70 139 199 186 12
66419 3307 13507 22510 0 54994 0 55016 3 65418 65412 8275 35693 8275 70 70 199 4 23 0 70 70 139 199 186 12 0 247 234 186
66420 3307 13508 22510 0 54994 0 55017 3 65418 65412 8275 35693 8275 70 199 4 23 0 70 70 139 199 186 12 0 247 234 186 0
66421 3307 13509 22510 0 54994 0 55018 3 65418 65412 8275 35693 8275 199 4 23 0 70 70 139 199 186 12 0 247 234 186 0 1
66425 3307 13513 22510 0 54994 0 55018 3 65418 65412 8275 35693 8275 70 70 139 199 186 12 0 247 234 186 0 1 139 216 11 151
66426 3307 13514 22510 0 54994 0 55019 3 65418 65412 8275 35693 8275 70 139 199 186 12 0 247 234 186 0 1 139 216 11 151 164
66427 3307 13515 22510 0 54994 0 55020 3 65418 65412 8275 35693 8275 139 199 186 12 0 247 234 186 0 1 139 216 11 151 164 167
66429 3307 13517 3 0 54994 0 55020 3 65418 65412 8275 35693 8275 186 12 0 247 234 186 0 1 139 216 11 151 164 167 129 202
66432 3307 13520 3 0 54994 12 55020 3 65418 65412 8275 35693 8275 247 234 186 0 1 139 216 11 151 164 167 129 202 2 0 137
66434 3307 13522 36 0 54994 0 55020 3 65418 65412 8275 35693 8275 186 0 1 139 216 11 151 164 167 129 202 2 0 137 20 70
66437 3307 13525 36 0 54994 256 55020 3 65418 65412 8275 35693 8275 139 216 11 151 164 167 129 202 2 0 137 20 70 70 139 199
66439 3307 13527 36 36 54994 256 55020 3 65418 65412 8275 35693 8275 11 151 164 167 129 202 2 0 137 20 70 70 139 199 186 12
66443 3307 13531 36 36 54994 256 55020 3 65418 65412 8275 35693 8275 129 202 2 0 137 20 70 70 139 199 186 12 0 247 234 139
66447 3307 13535 36 36 54994 258 55020 3 65418 65412 8275 35693 8275 137 20 70 70 139 199 186 12 0 247 234 139 216 139 159 160
66449 3307 13537 36 36 54994 258 55020 3 65418 65412 8275 35693 8275 70 70 139 199 186 12 0 247 234 139 216 139 159 160 167 138
66450 3307 13538 36 36 54994 258 55021 3 65418 65412 8275 35693 8275 70 139 199 186 12 0 247 234 139 216 139 159 160 167 138 135
66451 3307 13539 36 36 54994 258 55022 3 65418 65412 8275 35693 8275 139 199 186 12 0 247 234 139 216 139 159 160 167 138 135 59
66453 3307 13541 3 36 54994 258 55022 3 65418 65412 8275 35693 8275 186 12 0 247 234 139 216 139 159 160 167 138 135 59 1 180
66456 3307 13544 3 36 54994 12 55022 3 65418 65412 8275 35693 8275 247 234 139 216 139 159 160 167 138 135 59 1 180 0 137 4
66458 3307 13546 36 36 54994 0 55022 3 65418 65412 8275 35693 8275 139 216 139 159 160 167 138 135 59 1 180 0 137 4 128 62
66460 3307 13548 36 36 54994 0 55022 3 65418 65412 8275 35693 8275 139 159 160 167 138 135 59 1 180 0 137 4 128 62 14 172
66464 3307 13552 36 0 54994 0 55022 3 65418 65412 8275 35693 8275 138 135 59 1 180 0 137 4 128 62 14 172 0 116 105 160
66468 3307 13556 0 0 54994 0 55022 3 65418 65412 8275 35693 8275 180 0 137 4 128 62 14 172 0 116 105 160 14 172 180 0
66470 3307 13558 0 0 54994 0 55022 3 65418 65412 8275 35693 8275 137 4 128 62 14 172 0 116 105 160 14 172 180 0 72 139
66472 3307 13560 0 0 54994 0 55022 3 65418 65412 8275 35693 8275 128 62 14 172 0 116 105 160 14 172 180 0 72 139 248 70
66477 3307 13565 0 0 54994 0 55022 3 65418 65412 8275 35693 8275 116 105 160 14 172 180 0 72 139 248 70 70 199 4 255 255
66479 3307 13567 0 0 54994 0 55022 3 65418 65412 8275 35693 8275 160 14 172 180 0 72 139 248 70 70 199 4 255 255 70 70
66482 3307 13570 1 0 54994 0 55022 3 65418 65412 8275 35693 8275 180 0 72 139 248 70 70 199 4 255 255 70 70 186 12 0
66484 3307 13572 1 0 54994 0 55022 3 65418 65412 8275 35693 8275 72 139 248 70 70 199 4 255 255 70 70 186 12 0 247 234
66485 3307 13573 0 0 54994 0 55022 3 65418 65412 8275 35693 8275 139 248 70 70 199 4 255 255 70 70 186 12 0 247 234 139
66487 3307 13575 0 0 54994 0 55022 0 65418 65412 8275 35693 8275 70 70 199 4 255 255 70 70 186 12 0 247 234 139 216 139
66488 3307 13576 0 0 54994 0 55023 0 65418 65412 8275 35693 8275 70 199 4 255 255 70 70 186 12 0 247 234 139 216 139 159
66489 3307 13577 0 0 54994 0 55024 0 65418 65412 8275 35693 8275 199 4 255 255 70 70 186 12 0 247 234 139 216 139 159 158
66493 3307 13581 0 0 54994 0 55024 0 65418 65412 8275 35693 8275 70 70 186 12 0 247 234 139 216 139 159 158 167 209 227 209
66494 3307 13582 0 0 54994 0 55025 0 65418 65412 8275 35693 8275 70 186 12 0 247 234 139 216 139 159 158 167 209 227 209 227
66495 3307 13583 0 0 54994 0 55026 0 65418 65412 8275 35693 8275 186 12 0 247 234 139 216 139 159 158 167 209 227 209 227 139
66498 3307 13586 0 0 54994 12 55026 0 65418 65412 8275 35693 8275 247 234 139 216 139 159 158 167 209 227 209 227 139 135 78 197
66500 3307 13588 0 0 54994 0 55026 0 65418 65412 8275 35693 8275 139 216 139 159 158 167 209 227 209 227 139 135 78 197 139 151
66502 3307 13590 0 0 54994 0 55026 0 65418 65412 8275 35693 8275 139 159 158 167 209 227 209 227 139 135 78 197 139 151 76 197
66506 3307 13594 0 0 54994 0 55026 0 65418 65412 8275 35693 8275 209 227 209 227 139 135 78 197 139 151 76 197 137 68 2 137
66508 3307 13596 0 0 54994 0 55026 0 65418 65412 8275 35693 8275 209 227 139 135 78 197 139 151 76 197 137 68 2 137 20 70
66510 3307 13598 0 0 54994 0 55026 0 65418 65412 8275 35693 8275 139 135 78 197 139 151 76 197 137 68 2 137 20 70 70 70
66514 3307 13602 22510 0 54994 0 55026 0 65418 65412 8275 35693 8275 139 151 76 197 137 68 2 137 20 70 70 70 70 199 4 162
66518 3307 13606 22510 0 54994 0 55026 0 65418 65412 8275 35693 8275 137 68 2 137 20 70 70 70 70 199 4 162 0 70 70 199
66521 3307 13609 22510 0 54994 0 55026 0 65418 65412 8275 35693 8275 137 20 70 70 70 70 199 4 162 0 70 70 199 4 23 0
66523 3307 13611 22510 0 54994 0 55026 0 65418 65412 8275 35693 8275 70 70 70 70 199 4 162 0 70 70 199 4 23 0 70 70
66524 3307 13612 22510 0 54994 0 55027 0 65418 65412 8275 35693 8275 70 70 70 199 4 162 0 70 70 199 4 23 0 70 70 139
66525 3307 13613 22510 0 54994 0 55028 0 65418 65412 8275 35693 8275 70 70 199 4 162 0 70 70 199 4 23 0 70 70 139 199
66526 3307 13614 22510 0 54994 0 55029 0 65418 65412 8275 35693 8275 70 199 4 162 0 70 70 199 4 23 0 70 70 139 199 186
66527 3307 13615 22510 0 54994 0 55030 0 65418 65412 8275 35693 8275 199 4 162 0 70 70 199 4 23 0 70 70 139 199 186 12
66531 3307 13619 22510 0 54994 0 55030 0 65418 65412 8275 35693 8275 70 70 199 4 23 0 70 70 139 199 186 12 0 247 234 186
66532 3307 13620 22510 0 54994 0 55031 0 65418 65412 8275 35693 8275 70 199 4 23 0 70 70 139 199 186 12 0 247 234 186 0
66533 3307 13621 22510 0 54994 0 55032 0 65418 65412 8275 35693 8275 199 4 23 0 70 70 139 199 186 12 0 247 234 186 0 1
66537 3307 13625 22510 0 54994 0 55032 0 65418 65412 8275 35693 8275 70 70 139 199 186 12 0 247 234 186 0 1 139 216 11 151
66538 3307 13626 22510 0 54994 0 55033 0 65418 65412 8275 35693 8275 70 139 199 186 12 0 247 234 186 0 1 139 216 11 151 164
66539 3307 13627 22510 0 54994 0 55034 0 65418 65412 8275 35693 8275 139 199 186 12 0 247 234 186 0 1 139 216 11 151 164 167
66541 3307 13629 0 0 54994 0 55034 0 65418 65412 8275 35693 8275 186 12 0 247 234 186 0 1 139 216 11 151 164 167 129 202
66544 3307 13632 0 0 54994 12 55034 0 65418 65412 8275 35693 8275 247 234 186 0 1 139 216 11 151 164 167 129 202 2 0 137
66546 3307 13634 0 0 54994 0 55034 0 65418 65412 8275 35693 8275 186 0 1 139 216 11 151 164 167 129 202 2 0 137 20 70
66549 3307 13637 0 0 54994 256 55034 0 65418 65412 8275 35693 8275 139 216 11 151 164 167 129 202 2 0 137 20 70 70 139 199
66551 3307 13639 0 0 54994 256 55034 0 65418 65412 8275 35693 8275 11 151 164 167 129 202 2 0 137 20 70 70 139 199 186 12
66555 3307 13643 0 0 54994 256 55034 0 65418 65412 8275 35693 8275 129 202 2 0 137 20 70 70 139 199 186 12 0 247 234 139
66559 3307 13647 0 0 54994 258 55034 0 65418 65412 8275 35693 8275 137 20 70 70 139 199 186 12 0 247 234 139 216 139 159 160
66561 3307 13649 0 0 54994 258 55034 0 65418 65412 8275 35693 8275 70 70 139 199 186 12 0 247 234 139 216 139 159 160 167 138
66562 3307 13650 0 0 54994 258 55035 0 65418 65412 8275 35693 8275 70 139 199 186 12 0 247 234 139 216 139 159 160 167 138 135
66563 3307 13651 0 0 54994 258 55036 0 65418 65412 8275 35693 8275 139 199 186 12 0 247 234 139 216 139 159 160 167 138 135 59
66565 3307 13653 0 0 54994 258 55036 0 65418 65412 8275 35693 8275 186 12 0 247 234 139 216 139 159 160 167 138 135 59 1 180
66568 3307 13656 0 0 54994 12 55036 0 65418 65412 8275 35693 8275 247 234 139 216 139 159 160 167 138 135 59 1 180 0 137 4
66570 3307 13658 0 0 54994 0 55036 0 65418 65412 8275 35693 8275 139 216 139 159 160 167 138 135 59 1 180 0 137 4 128 62
66572 3307 13660 0 0 54994 0 55036 0 65418 65412 8275 35693 8275 139 159 160 167 138 135 59 1 180 0 137 4 128 62 178 196
66576 3307 13664 0 2 54994 0 55036 0 65418 65412 8275 35693 8275 138 135 59 1 180 0 137 4 128 62 178 196 0 117 3 233
66580 3307 13668 2 2 54994 0 55036 0 65418 65412 8275 35693 8275 180 0 137 4 128 62 178 196 0 117 3 233 143 0 160 178
66582 3307 13670 2 2 54994 0 55036 0 65418 65412 8275 35693 8275 137 4 128 62 178 196 0 117 3 233 143 0 160 178 196 180
66584 3307 13672 2 2 54994 0 55036 0 65418 65412 8275 35693 8275 128 62 178 196 0 117 3 233 143 0 160 178 196 180 0 72
66589 3307 13677 2 2 54994 0 55036 0 65418 65412 8275 35693 8275 117 3 233 143 0 160 178 196 180 0 72 139 248 70 70 199
66591 3307 13679 2 2 54994 0 55036 0 65418 65412 8275 35693 8275 233 143 0 160 178 196 180 0 72 139 248 70 70 199 4 255
66737 3307 13825 2 2 54994 0 55036 0 65418 65412 8275 35693 8275 128 62 179 196 0 117 3 233 143 0 160 179 196 180 0 72
66742 3307 13830 2 2 54994 0 55036 0 65418 65412 8275 35693 8275 117 3 233 143 0 160 179 196 180 0 72 139 248 70 70 199
66744 3307 13832 2 2 54994 0 55036 0 65418 65412 8275 35693 8275 233 143 0 160 179 196 180 0 72 139 248 70 70 199 4 255
66890 3307 13978 2 2 54994 0 55036 0 65418 65412 8275 35693 8275 128 62 177 196 0 117 3 233 24 1 160 177 196 180 0 72
66895 3307 13983 2 2 54994 0 55036 0 65418 65412 8275 35693 8275 117 3 233 24 1 160 177 196 180 0 72 139 248 139 223 209
66897 3307 13985 2 2 54994 0 55036 0 65418 65412 8275 35693 8275 233 24 1 160 177 196 180 0 72 139 248 139 223 209 227 139
67180 3307 14268 2 2 54994 0 55036 0 65418 65412 8275 35693 8275 128 62 180 196 0 117 3 233 16 1 160 180 196 180 0 72
67185 3307 14273 2 2 54994 0 55036 0 65418 65412 8275 35693 8275 117 3 233 16 1 160 180 196 180 0 72 139 248 139 223 209
67187 3307 14275 2 2 54994 0 55036 0 65418 65412 8275 35693 8275 233 16 1 160 180 196 180 0 72 139 248 139 223 209 227 139
67462 3307 14550 2 2 54994 0 55036 0 65418 65412 8275 35693 8275 128 62 181 196 0 117 3 233 241 0 160 181 196 180 0 72
67467 3307 14555 2 2 54994 0 55036 0 65418 65412 8275 35693 8275 117 3 233 241 0 160 181 196 180 0 72 139 248 139 223 209
67469 3307 14557 2 2 54994 0 55036 0 65418 65412 8275 35693 8275 233 241 0 160 181 196 180 0 72 139 248 139 223 209 227 139
67713 3307 14801 2 2 54994 0 55036 0 65418 65412 8275 35693 8275 139 198 95 94 139 229 93 203 85 139 236 76 76 86 87 139
67715 3307 14803 55036 2 54994 0 55036 0 65418 65412 8275 35693 8275 95 94 139 229 93 203 85 139 236 76 76 86 87 139 118 6
67716 3307 14804 55036 2 54994 0 55036 0 65418 65414 8275 35693 8275 94 139 229 93 203 85 139 236 76 76 86 87 139 118 6 128
67717 3307 14805 55036 2 54994 0 55008 0 65418 65416 8275 35693 8275 139 229 93 203 85 139 236 76 76 86 87 139 118 6 128 62
67719 3307 14807 55036 2 54994 0 55008 0 65418 65418 8275 35693 8275 93 203 85 139 236 76 76 86 87 139 118 6 128 62 210 196
67720 3307 14808 55036 2 54994 0 55008 0 65432 65420 8275 35693 8275 203 85 139 236 76 76 86 87 139 118 6 128 62 210 196 0
89259 4920 10539 55036 2 54994 0 55008 0 65432 65424 8275 35693 8275 89 139 240 51 255 233 206 0 128 189 199 185 0 117 3 233
89260 4920 10540 55036 2 55008 0 55008 0 65432 65426 8275 35693 8275 139 240 51 255 233 206 0 128 189 199 185 0 117 3 233 195
89262 4920 10542 55036 2 55008 0 55036 0 65432 65426 8275 35693 8275 51 255 233 206 0 128 189 199 185 0 117 3 233 195 0 138
89264 4920 10544 55036 2 55008 0 55036 0 65432 65426 8275 35693 8275 233 206 0 128 189 199 185 0 117 3 233 195 0 138 133 94
89473 4920 10753 55036 2 55008 0 55036 0 65432 65426 8275 35693 8275 131 255 8 125 3 233 42 255 70 70 199 4 255 255 70 70
89476 4920 10756 55036 2 55008 0 55036 0 65432 65426 8275 35693 8275 125 3 233 42 255 70 70 199 4 255 255 70 70 161 184 196
89478 4920 10758 55036 2 55008 0 55036 0 65432 65426 8275 35693 8275 233 42 255 70 70 199 4 255 255 70 70 161 184 196 139 22
89267 4920 10547 55036 2 55008 0 55036 0 65432 65426 8275 35693 8275 128 189 199 185 0 117 3 233 195 0 138 133 94 171 180 0
89272 4920 10552 55036 2 55008 0 55036 0 65432 65426 8275 35693 8275 117 3 233 195 0 138 133 94 171 180 0 187 3 0 153 247
89274 4920 10554 55036 2 55008 0 55036 0 65432 65426 8275 35693 8275 233 195 0 138 133 94 171 180 0 187 3 0 153 247 251 209
89472 4920 10752 55036 2 55008 0 55036 0 65432 65426 8275 35693 8275 71 131 255 8 125 3 233 42 255 70 70 199 4 255 255 70
89473 4920 10753 55036 2 55008 0 55036 1 65432 65426 8275 35693 8275 131 255 8 125 3 233 42 255 70 70 199 4 255 255 70 70
89476 4920 10756 55036 2 55008 0 55036 1 65432 65426 8275 35693 8275 125 3 233 42 255 70 70 199 4 255 255 70 70 161 184 196
89478 4920 10758 55036 2 55008 0 55036 1 65432 65426 8275 35693 8275 233 42 255 70 70 199 4 255 255 70 70 161 184 196 139 22
89267 4920 10547 55036 2 55008 0 55036 1 65432 65426 8275 35693 8275 128 189 199 185 0 117 3 233 195 0 138 133 94 171 180 0
89272 4920 10552 55036 2 55008 0 55036 1 65432 65426 8275 35693 8275 117 3 233 195 0 138 133 94 171 180 0 187 3 0 153 247
89274 4920 10554 55036 2 55008 0 55036 1 65432 65426 8275 35693 8275 233 195 0 138 133 94 171 180 0 187 3 0 153 247 251 209
89472 4920 10752 55036 2 55008 0 55036 1 65432 65426 8275 35693 8275 71 131 255 8 125 3 233 42 255 70 70 199 4 255 255 70
89473 4920 10753 55036 2 55008 0 55036 2 65432 65426 8275 35693 8275 131 255 8 125 3 233 42 255 70 70 199 4 255 255 70 70
89476 4920 10756 55036 2 55008 0 55036 2 65432 65426 8275 35693 8275 125 3 233 42 255 70 70 199 4 255 255 70 70 161 184 196
89478 4920 10758 55036 2 55008 0 55036 2 65432 65426 8275 35693 8275 233 42 255 70 70 199 4 255 255 70 70 161 184 196 139 22
89267 4920 10547 55036 2 55008 0 55036 2 65432 65426 8275 35693 8275 128 189 199 185 0 117 3 233 195 0 138 133 94 171 180 0
89272 4920 10552 55036 2 55008 0 55036 2 65432 65426 8275 35693 8275 117 3 233 195 0 138 133 94 171 180 0 187 3 0 153 247
89274 4920 10554 55036 2 55008 0 55036 2 65432 65426 8275 35693 8275 233 195 0 138 133 94 171 180 0 187 3 0 153 247 251 209
89472 4920 10752 55036 2 55008 0 55036 2 65432 65426 8275 35693 8275 71 131 255 8 125 3 233 42 255 70 70 199 4 255 255 70
89473 4920 10753 55036 2 55008 0 55036 3 65432 65426 8275 35693 8275 131 255 8 125 3 233 42 255 70 70 199 4 255 255 70 70
89476 4920 10756 55036 2 55008 0 55036 3 65432 65426 8275 35693 8275 125 3 233 42 255 70 70 199 4 255 255 70 70 161 184 196
89478 4920 10758 55036 2 55008 0 55036 3 65432 65426 8275 35693 8275 233 42 255 70 70 199 4 255 255 70 70 161 184 196 139 22
89267 4920 10547 55036 2 55008 0 55036 3 65432 65426 8275 35693 8275 128 189 199 185 0 117 3 233 195 0 138 133 94 171 180 0
89272 4920 10552 55036 2 55008 0 55036 3 65432 65426 8275 35693 8275 117 3 233 195 0 138 133 94 171 180 0 187 3 0 153 247
89274 4920 10554 55036 2 55008 0 55036 3 65432 65426 8275 35693 8275 233 195 0 138 133 94 171 180 0 187 3 0 153 247 251 209
89472 4920 10752 55036 2 55008 0 55036 3 65432 65426 8275 35693 8275 71 131 255 8 125 3 233 42 255 70 70 199 4 255 255 70
89473 4920 10753 55036 2 55008 0 55036 4 65432 65426 8275 35693 8275 131 255 8 125 3 233 42 255 70 70 199 4 255 255 70 70
89476 4920 10756 55036 2 55008 0 55036 4 65432 65426 8275 35693 8275 125 3 233 42 255 70 70 199 4 255 255 70 70 161 184 196
89478 4920 10758 55036 2 55008 0 55036 4 65432 65426 8275 35693 8275 233 42 255 70 70 199 4 255 255 70 70 161 184 196 139 22
89267 4920 10547 55036 2 55008 0 55036 4 65432 65426 8275 35693 8275 128 189 199 185 0 117 3 233 195 0 138 133 94 171 180 0
89272 4920 10552 55036 2 55008 0 55036 4 65432 65426 8275 35693 8275 117 3 233 195 0 138 133 94 171 180 0 187 3 0 153 247
89274 4920 10554 55036 2 55008 0 55036 4 65432 65426 8275 35693 8275 233 195 0 138 133 94 171 180 0 187 3 0 153 247 251 209
89472 4920 10752 55036 2 55008 0 55036 4 65432 65426 8275 35693 8275 71 131 255 8 125 3 233 42 255 70 70 199 4 255 255 70
89473 4920 10753 55036 2 55008 0 55036 5 65432 65426 8275 35693 8275 131 255 8 125 3 233 42 255 70 70 199 4 255 255 70 70
89476 4920 10756 55036 2 55008 0 55036 5 65432 65426 8275 35693 8275 125 3 233 42 255 70 70 199 4 255 255 70 70 161 184 196
89478 4920 10758 55036 2 55008 0 55036 5 65432 65426 8275 35693 8275 233 42 255 70 70 199 4 255 255 70 70 161 184 196 139 22
89267 4920 10547 55036 2 55008 0 55036 5 65432 65426 8275 35693 8275 128 189 199 185 0 117 3 233 195 0 138 133 94 171 180 0
89272 4920 10552 55036 2 55008 0 55036 5 65432 65426 8275 35693 8275 117 3 233 195 0 138 133 94 171 180 0 187 3 0 153 247
89274 4920 10554 55036 2 55008 0 55036 5 65432 65426 8275 35693 8275 233 195 0 138 133 94 171 180 0 187 3 0 153 247 251 209
89472 4920 10752 55036 2 55008 0 55036 5 65432 65426 8275 35693 8275 71 131 255 8 125 3 233 42 255 70 70 199 4 255 255 70
89473 4920 10753 55036 2 55008 0 55036 6 65432 65426 8275 35693 8275 131 255 8 125 3 233 42 255 70 70 199 4 255 255 70 70
89476 4920 10756 55036 2 55008 0 55036 6 65432 65426 8275 35693 8275 125 3 233 42 255 70 70 199 4 255 255 70 70 161 184 196
89478 4920 10758 55036 2 55008 0 55036 6 65432 65426 8275 35693 8275 233 42 255 70 70 199 4 255 255 70 70 161 184 196 139 22
89267 4920 10547 55036 2 55008 0 55036 6 65432 65426 8275 35693 8275 128 189 199 185 0 117 3 233 195 0 138 133 94 171 180 0
89272 4920 10552 55036 2 55008 0 55036 6 65432 65426 8275 35693 8275 117 3 233 195 0 138 133 94 171 180 0 187 3 0 153 247
89274 4920 10554 55036 2 55008 0 55036 6 65432 65426 8275 35693 8275 233 195 0 138 133 94 171 180 0 187 3 0 153 247 251 209
89472 4920 10752 55036 2 55008 0 55036 6 65432 65426 8275 35693 8275 71 131 255 8 125 3 233 42 255 70 70 199 4 255 255 70
89473 4920 10753 55036 2 55008 0 55036 7 65432 65426 8275 35693 8275 131 255 8 125 3 233 42 255 70 70 199 4 255 255 70 70
89476 4920 10756 55036 2 55008 0 55036 7 65432 65426 8275 35693 8275 125 3 233 42 255 70 70 199 4 255 255 70 70 161 184 196
89478 4920 10758 55036 2 55008 0 55036 7 65432 65426 8275 35693 8275 233 42 255 70 70 199 4 255 255 70 70 161 184 196 139 22
89267 4920 10547 55036 2 55008 0 55036 7 65432 65426 8275 35693 8275 128 189 199 185 0 117 3 233 195 0 138 133 94 171 180 0
89272 4920 10552 55036 2 55008 0 55036 7 65432 65426 8275 35693 8275 117 3 233 195 0 138 133 94 171 180 0 187 3 0 153 247
89274 4920 10554 55036 2 55008 0 55036 7 65432 65426 8275 35693 8275 233 195 0 138 133 94 171 180 0 187 3 0 153 247 251 209
89472 4920 10752 55036 2 55008 0 55036 7 65432 65426 8275 35693 8275 71 131 255 8 125 3 233 42 255 70 70 199 4 255 255 70
89473 4920 10753 55036 2 55008 0 55036 8 65432 65426 8275 35693 8275 131 255 8 125 3 233 42 255 70 70 199 4 255 255 70 70
89476 4920 10756 55036 2 55008 0 55036 8 65432 65426 8275 35693 8275 125 3 233 42 255 70 70 199 4 255 255 70 70 161 184 196
89481 4920 10761 55036 2 55008 0 55036 8 65432 65426 8275 35693 8275 70 70 199 4 255 255 70 70 161 184 196 139 22 182 196 137
89482 4920 10762 55036 2 55008 0 55037 8 65432 65426 8275 35693 8275 70 199 4 255 255 70 70 161 184 196 139 22 182 196 137 68
89483 4920 10763 55036 2 55008 0 55038 8 65432 65426 8275 35693 8275 199 4 255 255 70 70 161 184 196 139 22 182 196 137 68 2
89487 4920 10767 55036 2 55008 0 55038 8 65432 65426 8275 35693 8275 70 70 161 184 196 139 22 182 196 137 68 2 137 20 70 70
89488 4920 10768 55036 2 55008 0 55039 8 65432 65426 8275 35693 8275 70 161 184 196 139 22 182 196 137 68 2 137 20 70 70 160
89489 4920 10769 55036 2 55008 0 55040 8 65432 65426 8275 35693 8275 161 184 196 139 22 182 196 137 68 2 137 20 70 70 160 209
89492 4920 10772 27136 2 55008 0 55040 8 65432 65426 8275 35693 8275 139 22 182 196 137 68 2 137 20 70 70 160 209 172 180 0
89496 4920 10776 27136 2 55008 0 55040 8 65432 65426 8275 35693 8275 137 68 2 137 20 70 70 160 209 172 180 0 11 192 117 107
89499 4920 10779 27136 2 55008 0 55040 8 65432 65426 8275 35693 8275 137 20 70 70 160 209 172 180 0 11 192 117 107 128 62 242
89501 4920 10781 27136 2 55008 0 55040 8 65432 65426 8275 35693 8275 70 70 160 209 172 180 0 11 192 117 107 128 62 242 171 0
89502 4920 10782 27136 2 55008 0 55041 8 65432 65426 8275 35693 8275 70 160 209 172 180 0 11 192 117 107 128 62 242 171 0 117
89503 4920 10783 27136 2 55008 0 55042 8 65432 65426 8275 35693 8275 160 209 172 180 0 11 192 117 107 128 62 242 171 0 117 35
89506 4920 10786 27136 2 55008 0 55042 8 65432 65426 8275 35693 8275 180 0 11 192 117 107 128 62 242 171 0 117 35 128 62 241
89508 4920 10788 0 2 55008 0 55042 8 65432 65426 8275 35693 8275 11 192 117 107 128 62 242 171 0 117 35 128 62 241 236 0
89510 4920 10790 0 2 55008 0 55042 8 65432 65426 8275 35693 8275 117 107 128 62 242 171 0 117 35 128 62 241 236 0 117 28
89512 4920 10792 0 2 55008 0 55042 8 65432 65426 8275 35693 8275 128 62 242 171 0 117 35 128 62 241 236 0 117 28 128 62
89517 4920 10797 0 2 55008 0 55042 8 65432 65426 8275 35693 8275 117 35 128 62 241 236 0 117 28 128 62 7 172 0 117 21
89519 4920 10799 0 2 55008 0 55042 8 65432 65426 8275 35693 8275 128 62 241 236 0 117 28 128 62 7 172 0 117 21 128 62
89524 4920 10804 0 2 55008 0 55042 8 65432 65426 8275 35693 8275 117 28 128 62 7 172 0 117 21 128 62 255 171 0 117 14
89526 4920 10806 0 2 55008 0 55042 8 65432 65426 8275 35693 8275 128 62 7 172 0 117 21 128 62 255 171 0 117 14 128 62
89531 4920 10811 0 2 55008 0 55042 8 65432 65426 8275 35693 8275 117 21 128 62 255 171 0 117 14 128 62 240 171 0 117 7
89533 4920 10813 0 2 55008 0 55042 8 65432 65426 8275 35693 8275 128 62 255 171 0 117 14 128 62 240 171 0 117 7 128 62
89538 4920 10818 0 2 55008 0 55042 8 65432 65426 8275 35693 8275 117 14 128 62 240 171 0 117 7 128 62 244 171 0 116 26
89540 4920 10820 0 2 55008 0 55042 8 65432 65426 8275 35693 8275 128 62 240 171 0 117 7 128 62 244 171 0 116 26 70 70
89545 4920 10825 0 2 55008 0 55042 8 65432 65426 8275 35693 8275 117 7 128 62 244 171 0 116 26 70 70 199 4 120 255 70
89547 4920 10827 0 2 55008 0 55042 8 65432 65426 8275 35693 8275 128 62 244 171 0 116 26 70 70 199 4 120 255 70 70 199
89552 4920 10832 0 2 55008 0 55042 8 65432 65426 8275 35693 8275 116 26 70 70 199 4 120 255 70 70 199 4 24 0 70 70
89580 4920 10860 0 2 55008 0 55042 8 65432 65426 8275 35693 8275 128 62 157 236 0 116 32 70 70 199 4 120 255 70 70 199
89585 4920 10865 0 2 55008 0 55042 8 65432 65426 8275 35693 8275 116 32 70 70 199 4 120 255 70 70 199 4 24 0 70 70
89619 4920 10899 0 2 55008 0 55042 8 65432 65426 8275 35693 8275 160 90 173 180 0 11 192 117 107 128 62 243 171 0 117 35
89622 4920 10902 0 2 55008 0 55042 8 65432 65426 8275 35693 8275 180 0 11 192 117 107 128 62 243 171 0 117 35 128 62 242
89624 4920 10904 0 2 55008 0 55042 8 65432 65426 8275 35693 8275 11 192 117 107 128 62 243 171 0 117 35 128 62 242 236 0
89626 4920 10906 0 2 55008 0 55042 8 65432 65426 8275 35693 8275 117 107 128 62 243 171 0 117 35 128 62 242 236 0 117 28
89628 4920 10908 0 2 55008 0 55042 8 65432 65426 8275 35693 8275 128 62 243 171 0 117 35 128 62 242 236 0 117 28 128 62
89633 4920 10913 0 2 55008 0 55042 8 65432 65426 8275 35693 8275 117 35 128 62 242 236 0 117 28 128 62 8 172 0 117 21
89635 4920 10915 0 2 55008 0 55042 8 65432 65426 8275 35693 8275 128 62 242 236 0 117 28 128 62 8 172 0 117 21 128 62
89640 4920 10920 0 2 55008 0 55042 8 65432 65426 8275 35693 8275 117 28 128 62 8 172 0 117 21 128 62 0 172 0 117 14
89642 4920 10922 0 2 55008 0 55042 8 65432 65426 8275 35693 8275 128 62 8 172 0 117 21 128 62 0 172 0 117 14 128 62
89647 4920 10927 0 2 55008 0 55042 8 65432 65426 8275 35693 8275 117 21 128 62 0 172 0 117 14 128 62 241 171 0 117 7
89649 4920 10929 0 2 55008 0 55042 8 65432 65426 8275 35693 8275 128 62 0 172 0 117 14 128 62 241 171 0 117 7 128 62
89654 4920 10934 0 2 55008 0 55042 8 65432 65426 8275 35693 8275 117 14 128 62 241 171 0 117 7 128 62 245 171 0 116 26
89656 4920 10936 0 2 55008 0 55042 8 65432 65426 8275 35693 8275 128 62 241 171 0 117 7 128 62 245 171 0 116 26 70 70
89661 4920 10941 0 2 55008 0 55042 8 65432 65426 8275 35693 8275 117 7 128 62 245 171 0 116 26 70 70 199 4 200 0 70
89663 4920 10943 0 2 55008 0 55042 8 65432 65426 8275 35693 8275 128 62 245 171 0 116 26 70 70 199 4 200 0 70 70 199
89668 4920 10948 0 2 55008 0 55042 8 65432 65426 8275 35693 8275 116 26 70 70 199 4 200 0 70 70 199 4 24 0 70 70
89696 4920 10976 0 2 55008 0 55042 8 65432 65426 8275 35693 8275 128 62 158 236 0 116 32 70 70 199 4 200 0 70 70 199
89701 4920 10981 0 2 55008 0 55042 8 65432 65426 8275 35693 8275 116 32 70 70 199 4 200 0 70 70 199 4 24 0 70 70
89735 4920 11015 0 2 55008 0 55042 8 65432 65426 8275 35693 8275 128 62 16 197 0 116 27 70 70 199 4 32 0 70 70 199
89740 4920 11020 0 2 55008 0 55042 8 65432 65426 8275 35693 8275 116 27 70 70 199 4 32 0 70 70 199 4 24 0 70 70
89769 4920 11049 0 2 55008 0 55042 8 65432 65426 8275 35693 8275 128 62 197 171 0 116 30 70 70 199 4 32 0 70 70 199
89774 4920 11054 0 2 55008 0 55042 8 65432 65426 8275 35693 8275 116 30 70 70 199 4 32 0 70 70 199 4 24 0 70 70
89776 4920 11056 0 2 55008 0 55042 8 65432 65426 8275 35693 8275 70 70 199 4 32 0 70 70 199 4 24 0 70 70 160 133
89777 4920 11057 0 2 55008 0 55043 8 65432 65426 8275 35693 8275 70 199 4 32 0 70 70 199 4 24 0 70 70 160 133 1
89778 4920 11058 0 2 55008 0 55044 8 65432 65426 8275 35693 8275 199 4 32 0 70 70 199 4 24 0 70 70 160 133 1 180
89782 4920 11062 0 2 55008 0 55044 8 65432 65426 8275 35693 8275 70 70 199 4 24 0 70 70 160 133 1 180 0 137 4 70
89783 4920 11063 0 2 55008 0 55045 8 65432 65426 8275 35693 8275 70 199 4 24 0 70 70 160 133 1 180 0 137 4 70 70
89784 4920 11064 0 2 55008 0 55046 8 65432 65426 8275 35693 8275 199 4 24 0 70 70 160 133 1 180 0 137 4 70 70 199
89788 4920 11068 0 2 55008 0 55046 8 65432 65426 8275 35693 8275 70 70 160 133 1 180 0 137 4 70 70 199 4 10 0 233
89789 4920 11069 0 2 55008 0 55047 8 65432 65426 8275 35693 8275 70 160 133 1 180 0 137 4 70 70 199 4 10 0 233 180
89790 4920 11070 0 2 55008 0 55048 8 65432 65426 8275 35693 8275 160 133 1 180 0 137 4 70 70 199 4 10 0 233 180 0
89793 4920 11073 0 2 55008 0 55048 8 65432 65426 8275 35693 8275 180 0 137 4 70 70 199 4 10 0 233 180 0 128 62 33
89795 4920 11075 0 2 55008 0 55048 8 65432 65426 8275 35693 8275 137 4 70 70 199 4 10 0 233 180 0 128 62 33 197 0
89797 4920 11077 0 2 55008 0 55048 8 65432 65426 8275 35693 8275 70 70 199 4 10 0 233 180 0 128 62 33 197 0 116 34
89798 4920 11078 0 2 55008 0 55049 8 65432 65426 8275 35693 8275 70 199 4 10 0 233 180 0 128 62 33 197 0 116 34 70
89799 4920 11079 0 2 55008 0 55050 8 65432 65426 8275 35693 8275 199 4 10 0 233 180 0 128 62 33 197 0 116 34 70 70
89803 4920 11083 0 2 55008 0 55050 8 65432 65426 8275 35693 8275 233 180 0 128 62 33 197 0 116 34 70 70 199 4 32 0
89986 4920 11266 0 2 55008 0 55050 8 65432 65426 8275 35693 8275 128 62 209 172 0 116 33 70 70 199 4 8 0 70 70 199
89991 4920 11271 0 2 55008 0 55050 8 65432 65426 8275 35693 8275 116 33 70 70 199 4 8 0 70 70 199 4 12 0 70 70
90026 4920 11306 0 2 55008 0 55050 8 65432 65426 8275 35693 8275 128 62 237 171 0 116 35 70 70 199 4 8 0 70 70 199
90031 4920 11311 0 2 55008 0 55050 8 65432 65426 8275 35693 8275 116 35 70 70 199 4 8 0 70 70 199 4 12 0 70 70
90068 4920 11348 0 2 55008 0 55050 8 65432 65426 8275 35693 8275 128 62 90 173 0 116 38 70 70 199 4 200 0 70 70 199
90073 4920 11353 0 2 55008 0 55050 8 65432 65426 8275 35693 8275 116 38 70 70 199 4 200 0 70 70 199 4 12 0 70 70
90113 4920 11393 0 2 55008 0 55050 8 65432 65426 8275 35693 8275 128 62 21 172 0 116 40 70 70 199 4 200 0 70 70 199
90118 4920 11398 0 2 55008 0 55050 8 65432 65426 8275 35693 8275 116 40 70 70 199 4 200 0 70 70 199 4 12 0 70 70
90160 4920 11440 0 2 55008 0 55050 8 65432 65426 8275 35693 8275 86 154 217 57 235 12 89 139 240 51 255 233 200 0 128 189
90161 4920 11441 0 2 55008 0 55050 8 65432 65424 8275 35693 8275 154 217 57 235 12 89 139 240 51 255 233 200 0 128 189 199
67721 3307 14809 0 2 55008 0 55050 8 65432 65420 8275 35693 8275 85 139 236 76 76 86 87 139 118 6 128 62 210 196 0 116
67722 3307 14810 0 2 55008 0 55050 8 65432 65418 8275 35693 8275 139 236 76 76 86 87 139 118 6 128 62 210 196 0 116 107
67724 3307 14812 0 2 55008 0 55050 8 65418 65418 8275 35693 8275 76 76 86 87 139 118 6 128 62 210 196 0 116 107 160 120
67725 3307 14813 0 2 55008 0 55050 8 65418 65417 8275 35693 8275 76 86 87 139 118 6 128 62 210 196 0 116 107 160 120 214
67726 3307 14814 0 2 55008 0 55050 8 65418 65416 8275 35693 8275 86 87 139 118 6 128 62 210 196 0 116 107 160 120 214 58
67727 3307 14815 0 2 55008 0 55050 8 65418 65414 8275 35693 8275 87 139 118 6 128 62 210 196 0 116 107 160 120 214 58 6
67728 3307 14816 0 2 55008 0 55050 8 65418 65412 8275 35693 8275 139 118 6 128 62 210 196 0 116 107 160 120 214 58 6 0
67731 3307 14819 0 2 55008 0 55050 8 65418 65412 8275 35693 8275 128 62 210 196 0 116 107 160 120 214 58 6 0 233 117 98
67736 3307 14824 0 2 55008 0 55050 8 65418 65412 8275 35693 8275 116 107 160 120 214 58 6 0 233 117 98 160 210 196 180 0
67845 3307 14933 0 2 55008 0 55050 8 65418 65412 8275 35693 8275 128 62 175 196 0 117 3 233 63 1 160 175 196 180 0 72
67850 3307 14938 0 2 55008 0 55050 8 65418 65412 8275 35693 8275 117 3 233 63 1 160 175 196 180 0 72 139 200 139 217 209
67852 3307 14940 0 2 55008 0 55050 8 65418 65412 8275 35693 8275 233 63 1 160 175 196 180 0 72 139 200 139 217 209 227 139
68174 3307 15262 0 2 55008 0 55050 8 65418 65412 8275 35693 8275 128 62 176 196 0 117 3 233 32 1 160 176 196 180 0 72
68179 3307 15267 0 2 55008 0 55050 8 65418 65412 8275 35693 8275 117 3 233 32 1 160 176 196 180 0 72 139 200 139 217 209
68181 3307 15269 0 2 55008 0 55050 8 65418 65412 8275 35693 8275 233 32 1 160 176 196 180 0 72 139 200 139 217 209 227 139
68472 3307 15560 0 2 55008 0 55050 8 65418 65412 8275 35693 8275 128 62 174 196 0 117 3 233 70 1 160 174 196 180 0 72
68477 3307 15565 0 2 55008 0 55050 8 65418 65412 8275 35693 8275 117 3 233 70 1 160 174 196 180 0 72 139 200 139 217 209
68479 3307 15567 0 2 55008 0 55050 8 65418 65412 8275 35693 8275 233 70 1 160 174 196 180 0 72 139 200 139 217 209 227 139
68808 3307 15896 0 2 55008 0 55050 8 65418 65412 8275 35693 8275 139 198 95 94 139 229 93 203 85 139 236 76 76 86 87 139
68810 3307 15898 55050 2 55008 0 55050 8 65418 65412 8275 35693 8275 95 94 139 229 93 203 85 139 236 76 76 86 87 139 118 6
68811 3307 15899 55050 2 55008 0 55050 8 65418 65414 8275 35693 8275 94 139 229 93 203 85 139 236 76 76 86 87 139 118 6 139
68812 3307 15900 55050 2 55008 0 55050 8 65418 65416 8275 35693 8275 139 229 93 203 85 139 236 76 76 86 87 139 118 6 139 70
68814 3307 15902 55050 2 55008 0 55050 8 65418 65418 8275 35693 8275 93 203 85 139 236 76 76 86 87 139 118 6 139 70 8 41
68815 3307 15903 55050 2 55008 0 55050 8 65432 65420 8275 35693 8275 203 85 139 236 76 76 86 87 139 118 6 139 70 8 41 132
90166 4920 11446 55050 2 55008 0 55050 8 65432 65424 8275 35693 8275 89 139 240 51 255 233 200 0 128 189 199 185 0 117 3 233
90167 4920 11447 55050 2 55050 0 55050 8 65432 65426 8275 35693 8275 139 240 51 255 233 200 0 128 189 199 185 0 117 3 233 189
90169 4920 11449 55050 2 55050 0 55050 8 65432 65426 8275 35693 8275 51 255 233 200 0 128 189 199 185 0 117 3 233 189 0 138
90171 4920 11451 55050 2 55050 0 55050 0 65432 65426 8275 35693 8275 233 200 0 128 189 199 185 0 117 3 233 189 0 138 133 94
90374 4920 11654 55050 2 55050 0 55050 0 65432 65426 8275 35693 8275 131 255 8 125 3 233 48 255 70 70 199 4 255 255 70 70
90377 4920 11657 55050 2 55050 0 55050 0 65432 65426 8275 35693 8275 125 3 233 48 255 70 70 199 4 255 255 70 70 199 4 0
90379 4920 11659 55050 2 55050 0 55050 0 65432 65426 8275 35693 8275 233 48 255 70 70 199 4 255 255 70 70 199 4 0 0 70
90174 4920 11454 55050 2 55050 0 55050 0 65432 65426 8275 35693 8275 128 189 199 185 0 117 3 233 189 0 138 133 94 171 180 0
90179 4920 11459 55050 2 55050 0 55050 0 65432 65426 8275 35693 8275 117 3 233 189 0 138 133 94 171 180 0 187 3 0 153 247
90181 4920 11461 55050 2 55050 0 55050 0 65432 65426 8275 35693 8275 233 189 0 138 133 94 171 180 0 187 3 0 153 247 251 209
90373 4920 11653 55050 2 55050 0 55050 0 65432 65426 8275 35693 8275 71 131 255 8 125 3 233 48 255 70 70 199 4 255 255 70
90374 4920 11654 55050 2 55050 0 55050 1 65432 65426 8275 35693 8275 131 255 8 125 3 233 48 255 70 70 199 4 255 255 70 70
90377 4920 11657 55050 2 55050 0 55050 1 65432 65426 8275 35693 8275 125 3 233 48 255 70 70 199 4 255 255 70 70 199 4 0
90379 4920 11659 55050 2 55050 0 55050 1 65432 65426 8275 35693 8275 233 48 255 70 70 199 4 255 255 70 70 199 4 0 0 70
90174 4920 11454 55050 2 55050 0 55050 1 65432 65426 8275 35693 8275 128 189 199 185 0 117 3 233 189 0 138 133 94 171 180 0
90179 4920 11459 55050 2 55050 0 55050 1 65432 65426 8275 35693 8275 117 3 233 189 0 138 133 94 171 180 0 187 3 0 153 247
90181 4920 11461 55050 2 55050 0 55050 1 65432 65426 8275 35693 8275 233 189 0 138 133 94 171 180 0 187 3 0 153 247 251 209
90373 4920 11653 55050 2 55050 0 55050 1 65432 65426 8275 35693 8275 71 131 255 8 125 3 233 48 255 70 70 199 4 255 255 70
90374 4920 11654 55050 2 55050 0 55050 2 65432 65426 8275 35693 8275 131 255 8 125 3 233 48 255 70 70 199 4 255 255 70 70
90377 4920 11657 55050 2 55050 0 55050 2 65432 65426 8275 35693 8275 125 3 233 48 255 70 70 199 4 255 255 70 70 199 4 0
90379 4920 11659 55050 2 55050 0 55050 2 65432 65426 8275 35693 8275 233 48 255 70 70 199 4 255 255 70 70 199 4 0 0 70
90174 4920 11454 55050 2 55050 0 55050 2 65432 65426 8275 35693 8275 128 189 199 185 0 117 3 233 189 0 138 133 94 171 180 0
90179 4920 11459 55050 2 55050 0 55050 2 65432 65426 8275 35693 8275 117 3 233 189 0 138 133 94 171 180 0 187 3 0 153 247
90181 4920 11461 55050 2 55050 0 55050 2 65432 65426 8275 35693 8275 233 189 0 138 133 94 171 180 0 187 3 0 153 247 251 209
90373 4920 11653 55050 2 55050 0 55050 2 65432 65426 8275 35693 8275 71 131 255 8 125 3 233 48 255 70 70 199 4 255 255 70
90374 4920 11654 55050 2 55050 0 55050 3 65432 65426 8275 35693 8275 131 255 8 125 3 233 48 255 70 70 199 4 255 255 70 70
90377 4920 11657 55050 2 55050 0 55050 3 65432 65426 8275 35693 8275 125 3 233 48 255 70 70 199 4 255 255 70 70 199 4 0
90379 4920 11659 55050 2 55050 0 55050 3 65432 65426 8275 35693 8275 233 48 255 70 70 199 4 255 255 70 70 199 4 0 0 70
90174 4920 11454 55050 2 55050 0 55050 3 65432 65426 8275 35693 8275 128 189 199 185 0 117 3 233 189 0 138 133 94 171 180 0
90179 4920 11459 55050 2 55050 0 55050 3 65432 65426 8275 35693 8275 117 3 233 189 0 138 133 94 171 180 0 187 3 0 153 247
90181 4920 11461 55050 2 55050 0 55050 3 65432 65426 8275 35693 8275 233 189 0 138 133 94 171 180 0 187 3 0 153 247 251 209
90373 4920 11653 55050 2 55050 0 55050 3 65432 65426 8275 35693 8275 71 131 255 8 125 3 233 48 255 70 70 199 4 255 255 70
90374 4920 11654 55050 2 55050 0 55050 4 65432 65426 8275 35693 8275 131 255 8 125 3 233 48 255 70 70 199 4 255 255 70 70
90377 4920 11657 55050 2 55050 0 55050 4 65432 65426 8275 35693 8275 125 3 233 48 255 70 70 199 4 255 255 70 70 199 4 0
90379 4920 11659 55050 2 55050 0 55050 4 65432 65426 8275 35693 8275 233 48 255 70 70 199 4 255 255 70 70 199 4 0 0 70
90174 4920 11454 55050 2 55050 0 55050 4 65432 65426 8275 35693 8275 128 189 199 185 0 117 3 233 189 0 138 133 94 171 180 0
90179 4920 11459 55050 2 55050 0 55050 4 65432 65426 8275 35693 8275 117 3 233 189 0 138 133 94 171 180 0 187 3 0 153 247
90181 4920 11461 55050 2 55050 0 55050 4 65432 65426 8275 35693 8275 233 189 0 138 133 94 171 180 0 187 3 0 153 247 251 209
90373 4920 11653 55050 2 55050 0 55050 4 65432 65426 8275 35693 8275 71 131 255 8 125 3 233 48 255 70 70 199 4 255 255 70
90374 4920 11654 55050 2 55050 0 55050 5 65432 65426 8275 35693 8275 131 255 8 125 3 233 48 255 70 70 199 4 255 255 70 70
90377 4920 11657 55050 2 55050 0 55050 5 65432 65426 8275 35693 8275 125 3 233 48 255 70 70 199 4 255 255 70 70 199 4 0
90379 4920 11659 55050 2 55050 0 55050 5 65432 65426 8275 35693 8275 233 48 255 70 70 199 4 255 255 70 70 199 4 0 0 70
90174 4920 11454 55050 2 55050 0 55050 5 65432 65426 8275 35693 8275 128 189 199 185 0 117 3 233 189 0 138 133 94 171 180 0
90179 4920 11459 55050 2 55050 0 55050 5 65432 65426 8275 35693 8275 117 3 233 189 0 138 133 94 171 180 0 187 3 0 153 247
90181 4920 11461 55050 2 55050 0 55050 5 65432 65426 8275 35693 8275 233 189 0 138 133 94 171 180 0 187 3 0 153 247 251 209
90373 4920 11653 55050 2 55050 0 55050 5 65432 65426 8275 35693 8275 71 131 255 8 125 3 233 48 255 70 70 199 4 255 255 70
90374 4920 11654 55050 2 55050 0 55050 6 65432 65426 8275 35693 8275 131 255 8 125 3 233 48 255 70 70 199 4 255 255 70 70
90377 4920 11657 55050 2 55050 0 55050 6 65432 65426 8275 35693 8275 125 3 233 48 255 70 70 199 4 255 255 70 70 199 4 0
90379 4920 11659 55050 2 55050 0 55050 6 65432 65426 8275 35693 8275 233 48 255 70 70 199 4 255 255 70 70 199 4 0 0 70
90174 4920 11454 55050 2 55050 0 55050 6 65432 65426 8275 35693 8275 128 189 199 185 0 117 3 233 189 0 138 133 94 171 180 0
90179 4920 11459 55050 2 55050 0 55050 6 65432 65426 8275 35693 8275 117 3 233 189 0 138 133 94 171 180 0 187 3 0 153 247
90181 4920 11461 55050 2 55050 0 55050 6 65432 65426 8275 35693 8275 233 189 0 138 133 94 171 180 0 187 3 0 153 247 251 209
90373 4920 11653 55050 2 55050 0 55050 6 65432 65426 8275 35693 8275 71 131 255 8 125 3 233 48 255 70 70 199 4 255 255 70
90374 4920 11654 55050 2 55050 0 55050 7 65432 65426 8275 35693 8275 131 255 8 125 3 233 48 255 70 70 199 4 255 255 70 70
90377 4920 11657 55050 2 55050 0 55050 7 65432 65426 8275 35693 8275 125 3 233 48 255 70 70 199 4 255 255 70 70 199 4 0
90379 4920 11659 55050 2 55050 0 55050 7 65432 65426 8275 35693 8275 233 48 255 70 70 199 4 255 255 70 70 199 4 0 0 70
90174 4920 11454 55050 2 55050 0 55050 7 65432 65426 8275 35693 8275 128 189 199 185 0 117 3 233 189 0 138 133 94 171 180 0
90179 4920 11459 55050 2 55050 0 55050 7 65432 65426 8275 35693 8275 117 3 233 189 0 138 133 94 171 180 0 187 3 0 153 247
90181 4920 11461 55050 2 55050 0 55050 7 65432 65426 8275 35693 8275 233 189 0 138 133 94 171 180 0 187 3 0 153 247 251 209
90373 4920 11653 55050 2 55050 0 55050 7 65432 65426 8275 35693 8275 71 131 255 8 125 3 233 48 255 70 70 199 4 255 255 70
90374 4920 11654 55050 2 55050 0 55050 8 65432 65426 8275 35693 8275 131 255 8 125 3 233 48 255 70 70 199 4 255 255 70 70
90377 4920 11657 55050 2 55050 0 55050 8 65432 65426 8275 35693 8275 125 3 233 48 255 70 70 199 4 255 255 70 70 199 4 0
90382 4920 11662 55050 2 55050 0 55050 8 65432 65426 8275 35693 8275 70 70 199 4 255 255 70 70 199 4 0 0 70 70 199 4
90383 4920 11663 55050 2 55050 0 55051 8 65432 65426 8275 35693 8275 70 199 4 255 255 70 70 199 4 0 0 70 70 199 4 0
90384 4920 11664 55050 2 55050 0 55052 8 65432 65426 8275 35693 8275 199 4 255 255 70 70 199 4 0 0 70 70 199 4 0 0
90388 4920 11668 55050 2 55050 0 55052 8 65432 65426 8275 35693 8275 70 70 199 4 0 0 70 70 199 4 0 0 95 94 139 229
90389 4920 11669 55050 2 55050 0 55053 8 65432 65426 8275 35693 8275 70 199 4 0 0 70 70 199 4 0 0 95 94 139 229 93
90390 4920 11670 55050 2 55050 0 55054 8 65432 65426 8275 35693 8275 199 4 0 0 70 70 199 4 0 0 95 94 139 229 93 203
90394 4920 11674 55050 2 55050 0 55054 8 65432 65426 8275 35693 8275 70 70 199 4 0 0 95 94 139 229 93 203 85 139 236 131
90395 4920 11675 55050 2 55050 0 55055 8 65432 65426 8275 35693 8275 70 199 4 0 0 95 94 139 229 93 203 85 139 236 131 236
90396 4920 11676 55050 2 55050 0 55056 8 65432 65426 8275 35693 8275 199 4 0 0 95 94 139 229 93 203 85 139 236 131 236 4
90400 4920 11680 55050 2 55050 0 55056 8 65432 65426 8275 35693 8275 95 94 139 229 93 203 85 139 236 131 236 4 86 87 199 70
90401 4920 11681 55050 2 55050 0 55056 0 65432 65428 8275 35693 8275 94 139 229 93 203 85 139 236 131 236 4 86 87 199 70 254
90402 4920 11682 55050 2 55050 0 54994 0 65432 65430 8275 35693 8275 139 229 93 203 85 139 236 131 236 4 86 87 199 70 254 0
90404 4920 11684 55050 2 55050 0 54994 0 65432 65432 8275 35693 8275 93 203 85 139 236 131 236 4 86 87 199 70 254 0 0 235
90405 4920 11685 55050 2 55050 0 54994 0 65448 65434 8275 35693 8275 203 85 139 236 131 236 4 86 87 199 70 254 0 0 235 16
98434 5650 8034 55050 2 55050 0 54994 0 65448 65438 8275 35693 8275 89 154 112 0 56 19 128 62 78 1 0 117 9 160 188 0
98435 5650 8035 55050 2 54994 0 54994 0 65448 65440 8275 35693 8275 154 112 0 56 19 128 62 78 1 0 117 9 160 188 0 180
78832 4920 112 55050 2 54994 0 54994 0 65448 65436 8275 35693 8275 85 139 236 86 190 224 172 70 70 199 4 255 255 70 70 161
78833 4920 113 55050 2 54994 0 54994 0 65448 65434 8275 35693 8275 139 236 86 190 224 172 70 70 199 4 255 255 70 70 161 232
78835 4920 115 55050 2 54994 0 54994 0 65434 65434 8275 35693 8275 86 190 224 172 70 70 199 4 255 255 70 70 161 232 171 139
78836 4920 116 55050 2 54994 0 54994 0 65434 65432 8275 35693 8275 190 224 172 70 70 199 4 255 255 70 70 161 232 171 139 22
78839 4920 119 55050 2 54994 0 44256 0 65434 65432 8275 35693 8275 70 70 199 4 255 255 70 70 161 232 171 139 22 230 171 137
78840 4920 120 55050 2 54994 0 44257 0 65434 65432 8275 35693 8275 70 199 4 255 255 70 70 161 232 171 139 22 230 171 137 68
78841 4920 121 55050 2 54994 0 44258 0 65434 65432 8275 35693 8275 199 4 255 255 70 70 161 232 171 139 22 230 171 137 68 2
78845 4920 125 55050 2 54994 0 44258 0 65434 65432 8275 35693 8275 70 70 161 232 171 139 22 230 171 137 68 2 137 20 70 70
78846 4920 126 55050 2 54994 0 44259 0 65434 65432 8275 35693 8275 70 161 232 171 139 22 230 171 137 68 2 137 20 70 70 70
78847 4920 127 55050 2 54994 0 44260 0 65434 65432 8275 35693 8275 161 232 171 139 22 230 171 137 68 2 137 20 70 70 70 70
78850 4920 130 33395 2 54994 0 44260 0 65434 65432 8275 35693 8275 139 22 230 171 137 68 2 137 20 70 70 70 70 199 4 8
78854 4920 134 33395 2 54994 0 44260 0 65434 65432 8275 35693 8275 137 68 2 137 20 70 70 70 70 199 4 8 0 70 70 199
78857 4920 137 33395 2 54994 0 44260 0 65434 65432 8275 35693 8275 137 20 70 70 70 70 199 4 8 0 70 70 199 4 8 0
78859 4920 139 33395 2 54994 0 44260 0 65434 65432 8275 35693 8275 70 70 70 70 199 4 8 0 70 70 199 4 8 0 70 70
78860 4920 140 33395 2 54994 0 44261 0 65434 65432 8275 35693 8275 70 70 70 199 4 8 0 70 70 199 4 8 0 70 70 199
78861 4920 141 33395 2 54994 0 44262 0 65434 65432 8275 35693 8275 70 70 199 4 8 0 70 70 199 4 8 0 70 70 199 4
78862 4920 142 33395 2 54994 0 44263 0 65434 65432 8275 35693 8275 70 199 4 8 0 70 70 199 4 8 0 70 70 199 4 0
78863 4920 143 33395 2 54994 0 44264 0 65434 65432 8275 35693 8275 199 4 8 0 70 70 199 4 8 0 70 70 199 4 0 0
78867 4920 147 33395 2 54994 0 44264 0 65434 65432 8275 35693 8275 70 70 199 4 8 0 70 70 199 4 0 0 70 70 199 4
78868 4920 148 33395 2 54994 0 44265 0 65434 65432 8275 35693 8275 70 199 4 8 0 70 70 199 4 0 0 70 70 199 4 1
78869 4920 149 33395 2 54994 0 44266 0 65434 65432 8275 35693 8275 199 4 8 0 70 70 199 4 0 0 70 70 199 4 1 0
78873 4920 153 33395 2 54994 0 44266 0 65434 65432 8275 35693 8275 70 70 199 4 0 0 70 70 199 4 1 0 70 70 199 4
78874 4920 154 33395 2 54994 0 44267 0 65434 65432 8275 35693 8275 70 199 4 0 0 70 70 199 4 1 0 70 70 199 4 100
78875 4920 155 33395 2 54994 0 44268 0 65434 65432 8275 35693 8275 199 4 0 0 70 70 199 4 1 0 70 70 199 4 100 0
78879 4920 159 33395 2 54994 0 44268 0 65434 65432 8275 35693 8275 70 70 199 4 1 0 70 70 199 4 100 0 70 70 199 4
78880 4920 160 33395 2 54994 0 44269 0 65434 65432 8275 35693 8275 70 199 4 1 0 70 70 199 4 100 0 70 70 199 4 124
78881 4920 161 33395 2 54994 0 44270 0 65434 65432 8275 35693 8275 199 4 1 0 70 70 199 4 100 0 70 70 199 4 124 0
78885 4920 165 33395 2 54994 0 44270 0 65434 65432 8275 35693 8275 70 70 199 4 100 0 70 70 199 4 124 0 70 70 199 4
78886 4920 166 33395 2 54994 0 44271 0 65434 65432 8275 35693 8275 70 199 4 100 0 70 70 199 4 124 0 70 70 199 4 0
78887 4920 167 33395 2 54994 0 44272 0 65434 65432 8275 35693 8275 199 4 100 0 70 70 199 4 124 0 70 70 199 4 0 0
78891 4920 171 33395 2 54994 0 44272 0 65434 65432 8275 35693 8275 70 70 199 4 124 0 70 70 199 4 0 0 70 70 199 4
78892 4920 172 33395 2 54994 0 44273 0 65434 65432 8275 35693 8275 70 199 4 124 0 70 70 199 4 0 0 70 70 199 4 11
78893 4920 173 33395 2 54994 0 44274 0 65434 65432 8275 35693 8275 199 4 124 0 70 70 199 4 0 0 70 70 199 4 11 0
78897 4920 177 33395 2 54994 0 44274 0 65434 65432 8275 35693 8275 70 70 199 4 0 0 70 70 199 4 11 0 70 70 199 4
78898 4920 178 33395 2 54994 0 44275 0 65434 65432 8275 35693 8275 70 199 4 0 0 70 70 199 4 11 0 70 70 199 4 110
78899 4920 179 33395 2 54994 0 44276 0 65434 65432 8275 35693 8275 199 4 0 0 70 70 199 4 11 0 70 70 199 4 110 0
78903 4920 183 33395 2 54994 0 44276 0 65434 65432 8275 35693 8275 70 70 199 4 11 0 70 70 199 4 110 0 70 70 199 4
78904 4920 184 33395 2 54994 0 44277 0 65434 65432 8275 35693 8275 70 199 4 11 0 70 70 199 4 110 0 70 70 199 4 131
78905 4920 185 33395 2 54994 0 44278 0 65434 65432 8275 35693 8275 199 4 11 0 70 70 199 4 110 0 70 70 199 4 131 0
78909 4920 189 33395 2 54994 0 44278 0 65434 65432 8275 35693 8275 70 70 199 4 110 0 70 70 199 4 131 0 70 70 199 4
78910 4920 190 33395 2 54994 0 44279 0 65434 65432 8275 35693 8275 70 199 4 110 0 70 70 199 4 131 0 70 70 199 4 0
78911 4920 191 33395 2 54994 0 44280 0 65434 65432 8275 35693 8275 199 4 110 0 70 70 199 4 131 0 70 70 199 4 0 0
78915 4920 195 33395 2 54994 0 44280 0 65434 65432 8275 35693 8275 70 70 199 4 131 0 70 70 199 4 0 0 70 70 184 6
78916 4920 196 33395 2 54994 0 44281 0 65434 65432 8275 35693 8275 70 199 4 131 0 70 70 199 4 0 0 70 70 184 6 0
78917 4920 197 33395 2 54994 0 44282 0 65434 65432 8275 35693 8275 199 4 131 0 70 70 199 4 0 0 70 70 184 6 0 80
78921 4920 201 33395 2 54994 0 44282 0 65434 65432 8275 35693 8275 70 70 199 4 0 0 70 70 184 6 0 80 154 188 1 235
78922 4920 202 33395 2 54994 0 44283 0 65434 65432 8275 35693 8275 70 199 4 0 0 70 70 184 6 0 80 154 188 1 235 12
78923 4920 203 33395 2 54994 0 44284 0 65434 65432 8275 35693 8275 199 4 0 0 70 70 184 6 0 80 154 188 1 235 12 89
78927 4920 207 33395 2 54994 0 44284 0 65434 65432 8275 35693 8275 70 70 184 6 0 80 154 188 1 235 12 89 11 192 116 10
78928 4920 208 33395 2 54994 0 44285 0 65434 65432 8275 35693 8275 70 184 6 0 80 154 188 1 235 12 89 11 192 116 10 160
78929 4920 209 33395 2 54994 0 44286 0 65434 65432 8275 35693 8275 184 6 0 80 154 188 1 235 12 89 11 192 116 10 160 0
78932 4920 212 6 2 54994 0 44286 0 65434 65432 8275 35693 8275 80 154 188 1 235 12 89 11 192 116 10 160 0 233 180 0
78933 4920 213 6 2 54994 0 44286 0 65434 65430 8275 35693 8275 154 188 1 235 12 89 11 192 116 10 160 0 233 180 0 5
53356 3307 444 6 2 54994 0 44286 0 65434 65426 8275 35693 8275 85 139 236 86 87 139 78 6 51 192 139 248 139 240 235 57
53357 3307 445 6 2 54994 0 44286 0 65434 65424 8275 35693 8275 139 236 86 87 139 78 6 51 192 139 248 139 240 235 57 139
53359 3307 447 6 2 54994 0 44286 0 65424 65424 8275 35693 8275 86 87 139 78 6 51 192 139 248 139 240 235 57 139 198 186
53360 3307 448 6 2 54994 0 44286 0 65424 65422 8275 35693 8275 87 139 78 6 51 192 139 248 139 240 235 57 139 198 186 47
53361 3307 449 6 2 54994 0 44286 0 65424 65420 8275 35693 8275 139 78 6 51 192 139 248 139 240 235 57 139 198 186 47 1
53364 3307 452 6 2 6 0 44286 0 65424 65420 8275 35693 8275 51 192 139 248 139 240 235 57 139 198 186 47 1 247 234 3
53366 3307 454 0 2 6 0 44286 0 65424 65420 8275 35693 8275 139 248 139 240 235 57 139 198 186 47 1 247 234 3 193 139
53368 3307 456 0 2 6 0 44286 0 65424 65420 8275 35693 8275 139 240 235 57 139 198 186 47 1 247 234 3 193 139 216 128
53370 3307 458 0 2 6 0 0 0 65424 65420 8275 35693 8275 235 57 139 198 186 47 1 247 234 3 193 139 216 128 191 9
53429 3307 517 0 2 6 0 0 0 65424 65420 8275 35693 8275 160 246 232 180 0 59 198 127 190 51 192 95 94 93 203 237
53432 3307 520 6 2 6 0 0 0 65424 65420 8275 35693 8275 180 0 59 198 127 190 51 192 95 94 93 203 237 1 237 1
53434 3307 522 6 2 6 0 0 0 65424 65420 8275 35693 8275 59 198 127 190 51 192 95 94 93 203 237 1 237 1 237 1
53436 3307 524 6 2 6 0 0 0 65424 65420 8275 35693 8275 127 190 51 192 95 94 93 203 237 1 237 1 237 1 237 1
53372 3307 460 6 2 6 0 0 0 65424 65420 8275 35693 8275 139 198 186 47 1 247 234 3 193 139 216 128 191 9 186 0
53374 3307 462 0 2 6 0 0 0 65424 65420 8275 35693 8275 186 47 1 247 234 3 193 139 216 128 191 9 186 0 116 38
53377 3307 465 0 2 6 303 0 0 65424 65420 8275 35693 8275 247 234 3 193 139 216 128 191 9 186 0 116 38 71 139 217
53379 3307 467 0 2 6 0 0 0 65424 65420 8275 35693 8275 3 193 139 216 128 191 9 186 0 116 38 71 139 217 131 251
53381 3307 469 6 2 6 0 0 0 65424 65420 8275 35693 8275 139 216 128 191 9 186 0 116 38 71 139 217 131 251 17 119
53383 3307 471 6 6 6 0 0 0 65424 65420 8275 35693 8275 128 191 9 186 0 116 38 71 139 217 131 251 17 119 30 209
53388 3307 476 6 6 6 0 0 0 65424 65420 8275 35693 8275 116 38 71 139 217 131 251 17 119 30 209 227 46 255 167 20
53428 3307 516 6 6 6 0 0 0 65424 65420 8275 35693 8275 70 160 246 232 180 0 59 198 127 190 51 192 95 94 93 203
53429 3307 517 6 6 6 0 1 0 65424 65420 8275 35693 8275 160 246 232 180 0 59 198 127 190 51 192 95 94 93 203 237
53432 3307 520 6 6 6 0 1 0 65424 65420 8275 35693 8275 180 0 59 198 127 190 51 192 95 94 93 203 237 1 237 1
53434 3307 522 6 6 6 0 1 0 65424 65420 8275 35693 8275 59 198 127 190 51 192 95 94 93 203 237 1 237 1 237 1
53436 3307 524 6 6 6 0 1 0 65424 65420 8275 35693 8275 127 190 51 192 95 94 93 203 237 1 237 1 237 1 237 1
53372 3307 460 6 6 6 0 1 0 65424 65420 8275 35693 8275 139 198 186 47 1 247 234 3 193 139 216 128 191 9 186 0
53374 3307 462 1 6 6 0 1 0 65424 65420 8275 35693 8275 186 47 1 247 234 3 193 139 216 128 191 9 186 0 116 38
53377 3307 465 1 6 6 303 1 0 65424 65420 8275 35693 8275 247 234 3 193 139 216 128 191 9 186 0 116 38 71 139 217
53379 3307 467 303 6 6 0 1 0 65424 65420 8275 35693 8275 3 193 139 216 128 191 9 186 0 116 38 71 139 217 131 251
53381 3307 469 309 6 6 0 1 0 65424 65420 8275 35693 8275 139 216 128 191 9 186 0 116 38 71 139 217 131 251 17 119
53383 3307 471 309 309 6 0 1 0 65424 65420 8275 35693 8275 128 191 9 186 0 116 38 71 139 217 131 251 17 119 30 209
53388 3307 476 309 309 6 0 1 0 65424 65420 8275 35693 8275 116 38 71 139 217 131 251 17 119 30 209 227 46 255 167 20
53428 3307 516 309 309 6 0 1 0 65424 65420 8275 35693 8275 70 160 246 232 180 0 59 198 127 190 51 192 95 94 93 203
53429 3307 517 309 309 6 0 2 0 65424 65420 8275 35693 8275 160 246 232 180 0 59 198 127 190 51 192 95 94 93 203 237
53432 3307 520 262 309 6 0 2 0 65424 65420 8275 35693 8275 180 0 59 198 127 190 51 192 95 94 93 203 237 1 237 1
53434 3307 522 6 309 6 0 2 0 65424 65420 8275 35693 8275 59 198 127 190 51 192 95 94 93 203 237 1 237 1 237 1
53436 3307 524 6 309 6 0 2 0 65424 65420 8275 35693 8275 127 190 51 192 95 94 93 203 237 1 237 1 237 1 237 1
53372 3307 460 6 309 6 0 2 0 65424 65420 8275 35693 8275 139 198 186 47 1 247 234 3 193 139 216 128 191 9 186 0
53374 3307 462 2 309 6 0 2 0 65424 65420 8275 35693 8275 186 47 1 247 234 3 193 139 216 128 191 9 186 0 116 38
53377 3307 465 2 309 6 303 2 0 65424 65420 8275 35693 8275 247 234 3 193 139 216 128 191 9 186 0 116 38 71 139 217
53379 3307 467 606 309 6 0 2 0 65424 65420 8275 35693 8275 3 193 139 216 128 191 9 186 0 116 38 71 139 217 131 251
53381 3307 469 612 309 6 0 2 0 65424 65420 8275 35693 8275 139 216 128 191 9 186 0 116 38 71 139 217 131 251 17 119
53383 3307 471 612 612 6 0 2 0 65424 65420 8275 35693 8275 128 191 9 186 0 116 38 71 139 217 131 251 17 119 30 209
53388 3307 476 612 612 6 0 2 0 65424 65420 8275 35693 8275 116 38 71 139 217 131 251 17 119 30 209 227 46 255 167 20
53428 3307 516 612 612 6 0 2 0 65424 65420 8275 35693 8275 70 160 246 232 180 0 59 198 127 190 51 192 95 94 93 203
53429 3307 517 612 612 6 0 3 0 65424 65420 8275 35693 8275 160 246 232 180 0 59 198 127 190 51 192 95 94 93 203 237
53432 3307 520 518 612 6 0 3 0 65424 65420 8275 35693 8275 180 0 59 198 127 190 51 192 95 94 93 203 237 1 237 1
53434 3307 522 6 612 6 0 3 0 65424 65420 8275 35693 8275 59 198 127 190 51 192 95 94 93 203 237 1 237 1 237 1
53436 3307 524 6 612 6 0 3 0 65424 65420 8275 35693 8275 127 190 51 192 95 94 93 203 237 1 237 1 237 1 237 1
53372 3307 460 6 612 6 0 3 0 65424 65420 8275 35693 8275 139 198 186 47 1 247 234 3 193 139 216 128 191 9 186 0
53374 3307 462 3 612 6 0 3 0 65424 65420 8275 35693 8275 186 47 1 247 234 3 193 139 216 128 191 9 186 0 116 38
53377 3307 465 3 612 6 303 3 0 65424 65420 8275 35693 8275 247 234 3 193 139 216 128 191 9 186 0 116 38 71 139 217
53379 3307 467 909 612 6 0 3 0 65424 65420 8275 35693 8275 3 193 139 216 128 191 9 186 0 116 38 71 139 217 131 251
53381 3307 469 915 612 6 0 3 0 65424 65420 8275 35693 8275 139 216 128 191 9 186 0 116 38 71 139 217 131 251 17 119
53383 3307 471 915 915 6 0 3 0 65424 65420 8275 35693 8275 128 191 9 186 0 116 38 71 139 217 131 251 17 119 30 209
53388 3307 476 915 915 6 0 3 0 65424 65420 8275 35693 8275 116 38 71 139 217 131 251 17 119 30 209 227 46 255 167 20
53428 3307 516 915 915 6 0 3 0 65424 65420 8275 35693 8275 70 160 246 232 180 0 59 198 127 190 51 192 95 94 93 203
53429 3307 517 915 915 6 0 4 0 65424 65420 8275 35693 8275 160 246 232 180 0 59 198 127 190 51 192 95 94 93 203 237
53432 3307 520 774 915 6 0 4 0 65424 65420 8275 35693 8275 180 0 59 198 127 190 51 192 95 94 93 203 237 1 237 1
53434 3307 522 6 915 6 0 4 0 65424 65420 8275 35693 8275 59 198 127 190 51 192 95 94 93 203 237 1 237 1 237 1
53436 3307 524 6 915 6 0 4 0 65424 65420 8275 35693 8275 127 190 51 192 95 94 93 203 237 1 237 1 237 1 237 1
53372 3307 460 6 915 6 0 4 0 65424 65420 8275 35693 8275 139 198 186 47 1 247 234 3 193 139 216 128 191 9 186 0
53374 3307 462 4 915 6 0 4 0 65424 65420 8275 35693 8275 186 47 1 247 234 3 193 139 216 128 191 9 186 0 116 38
53377 3307 465 4 915 6 303 4 0 65424 65420 8275 35693 8275 247 234 3 193 139 216 128 191 9 186 0 116 38 71 139 217
53379 3307 467 1212 915 6 0 4 0 65424 65420 8275 35693 8275 3 193 139 216 128 191 9 186 0 116 38 71 139 217 131 251
53381 3307 469 1218 915 6 0 4 0 65424 65420 8275 35693 8275 139 216 128 191 9 186 0 116 38 71 139 217 131 251 17 119
53383 3307 471 1218 1218 6 0 4 0 65424 65420 8275 35693 8275 128 191 9 186 0 116 38 71 139 217 131 251 17 119 30 209
53388 3307 476 1218 1218 6 0 4 0 65424 65420 8275 35693 8275 116 38 71 139 217 131 251 17 119 30 209 227 46 255 167 20
53428 3307 516 1218 1218 6 0 4 0 65424 65420 8275 35693 8275 70 160 246 232 180 0 59 198 127 190 51 192 95 94 93 203
53429 3307 517 1218 1218 6 0 5 0 65424 65420 8275 35693 8275 160 246 232 180 0 59 198 127 190 51 192 95 94 93 203 237
53432 3307 520 1030 1218 6 0 5 0 65424 65420 8275 35693 8275 180 0 59 198 127 190 51 192 95 94 93 203 237 1 237 1
53434 3307 522 6 1218 6 0 5 0 65424 65420 8275 35693 8275 59 198 127 190 51 192 95 94 93 203 237 1 237 1 237 1
53436 3307 524 6 1218 6 0 5 0 65424 65420 8275 35693 8275 127 190 51 192 95 94 93 203 237 1 237 1 237 1 237 1
53372 3307 460 6 1218 6 0 5 0 65424 65420 8275 35693 8275 139 198 186 47 1 247 234 3 193 139 216 128 191 9 186 0
53374 3307 462 5 1218 6 0 5 0 65424 65420 8275 35693 8275 186 47 1 247 234 3 193 139 216 128 191 9 186 0 116 38
53377 3307 465 5 1218 6 303 5 0 65424 65420 8275 35693 8275 247 234 3 193 139 216 128 191 9 186 0 116 38 71 139 217
53379 3307 467 1515 1218 6 0 5 0 65424 65420 8275 35693 8275 3 193 139 216 128 191 9 186 0 116 38 71 139 217 131 251
53381 3307 469 1521 1218 6 0 5 0 65424 65420 8275 35693 8275 139 216 128 191 9 186 0 116 38 71 139 217 131 251 17 119
53383 3307 471 1521 1521 6 0 5 0 65424 65420 8275 35693 8275 128 191 9 186 0 116 38 71 139 217 131 251 17 119 30 209
53388 3307 476 1521 1521 6 0 5 0 65424 65420 8275 35693 8275 116 38 71 139 217 131 251 17 119 30 209 227 46 255 167 20
53428 3307 516 1521 1521 6 0 5 0 65424 65420 8275 35693 8275 70 160 246 232 180 0 59 198 127 190 51 192 95 94 93 203
53429 3307 517 1521 1521 6 0 6 0 65424 65420 8275 35693 8275 160 246 232 180 0 59 198 127 190 51 192 95 94 93 203 237
53432 3307 520 1286 1521 6 0 6 0 65424 65420 8275 35693 8275 180 0 59 198 127 190 51 192 95 94 93 203 237 1 237 1
53434 3307 522 6 1521 6 0 6 0 65424 65420 8275 35693 8275 59 198 127 190 51 192 95 94 93 203 237 1 237 1 237 1
53436 3307 524 6 1521 6 0 6 0 65424 65420 8275 35693 8275 127 190 51 192 95 94 93 203 237 1 237 1 237 1 237 1
53438 3307 526 6 1521 6 0 6 0 65424 65420 8275 35693 8275 51 192 95 94 93 203 237 1 237 1 237 1 237 1 237 1
53440 3307 528 0 1521 6 0 6 0 65424 65420 8275 35693 8275 95 94 93 203 237 1 237 1 237 1 237 1 237 1 249 1
53441 3307 529 0 1521 6 0 6 0 65424 65422 8275 35693 8275 94 93 203 237 1 237 1 237 1 237 1 237 1 249 1 237
53442 3307 530 0 1521 6 0 44286 0 65424 65424 8275 35693 8275 93 203 237 1 237 1 237 1 237 1 237 1 249 1 237 1
53443 3307 531 0 1521 6 0 44286 0 65434 65426 8275 35693 8275 203 237 1 237 1 237 1 237 1 237 1 249 1 237 1 237
78938 4920 218 0 1521 6 0 44286 0 65434 65430 8275 35693 8275 89 11 192 116 10 160 0 233 180 0 5 15 0 235 3 184
78939 4920 219 0 1521 6 0 44286 0 65434 65432 8275 35693 8275 11 192 116 10 160 0 233 180 0 5 15 0 235 3 184 14
78941 4920 221 0 1521 6 0 44286 0 65434 65432 8275 35693 8275 116 10 160 0 233 180 0 5 15 0 235 3 184 14 0 137
78953 4920 233 0 1521 6 0 44286 0 65434 65432 8275 35693 8275 184 14 0 137 4 70 70 199 4 255 255 70 70 161 68 197
78956 4920 236 14 1521 6 0 44286 0 65434 65432 8275 35693 8275 137 4 70 70 199 4 255 255 70 70 161 68 197 139 22 66
78958 4920 238 14 1521 6 0 44286 0 65434 65432 8275 35693 8275 70 70 199 4 255 255 70 70 161 68 197 139 22 66 197 137
78959 4920 239 14 1521 6 0 44287 0 65434 65432 8275 35693 8275 70 199 4 255 255 70 70 161 68 197 139 22 66 197 137 68
78960 4920 240 14 1521 6 0 44288 0 65434 65432 8275 35693 8275 199 4 255 255 70 70 161 68 197 139 22 66 197 137 68 2
78964 4920 244 14 1521 6 0 44288 0 65434 65432 8275 35693 8275 70 70 161 68 197 139 22 66 197 137 68 2 137 20 70 70
78965 4920 245 14 1521 6 0 44289 0 65434 65432 8275 35693 8275 70 161 68 197 139 22 66 197 137 68 2 137 20 70 70 70
78966 4920 246 14 1521 6 0 44290 0 65434 65432 8275 35693 8275 161 68 197 139 22 66 197 137 68 2 137 20 70 70 70 70
78969 4920 249 33086 1521 6 0 44290 0 65434 65432 8275 35693 8275 139 22 66 197 137 68 2 137 20 70 70 70 70 199 4 8
78973 4920 253 33086 1521 6 0 44290 0 65434 65432 8275 35693 8275 137 68 2 137 20 70 70 70 70 199 4 8 0 70 70 199
78976 4920 256 33086 1521 6 0 44290 0 65434 65432 8275 35693 8275 137 20 70 70 70 70 199 4 8 0 70 70 199 4 71 0
78978 4920 258 33086 1521 6 0 44290 0 65434 65432 8275 35693 8275 70 70 70 70 199 4 8 0 70 70 199 4 71 0 70 70
78979 4920 259 33086 1521 6 0 44291 0 65434 65432 8275 35693 8275 70 70 70 199 4 8 0 70 70 199 4 71 0 70 70 199
78980 4920 260 33086 1521 6 0 44292 0 65434 65432 8275 35693 8275 70 70 199 4 8 0 70 70 199 4 71 0 70 70 199 4
78981 4920 261 33086 1521 6 0 44293 0 65434 65432 8275 35693 8275 70 199 4 8 0 70 70 199 4 71 0 70 70 199 4 0
78982 4920 262 33086 1521 6 0 44294 0 65434 65432 8275 35693 8275 199 4 8 0 70 70 199 4 71 0 70 70 199 4 0 0
78986 4920 266 33086 1521 6 0 44294 0 65434 65432 8275 35693 8275 70 70 199 4 71 0 70 70 199 4 0 0 128 62 8 233
78987 4920 267 33086 1521 6 0 44295 0 65434 65432 8275 35693 8275 70 199 4 71 0 70 70 199 4 0 0 128 62 8 233 0
78988 4920 268 33086 1521 6 0 44296 0 65434 65432 8275 35693 8275 199 4 71 0 70 70 199 4 0 0 128 62 8 233 0 116
78992 4920 272 33086 1521 6 0 44296 0 65434 65432 8275 35693 8275 70 70 199 4 0 0 128 62 8 233 0 116 11 70 70 160
78993 4920 273 33086 1521 6 0 44297 0 65434 65432 8275 35693 8275 70 199 4 0 0 128 62 8 233 0 116 11 70 70 160 76
78994 4920 274 33086 1521 6 0 44298 0 65434 65432 8275 35693 8275 199 4 0 0 128 62 8 233 0 116 11 70 70 160 76 1
78998 4920 278 33086 1521 6 0 44298 0 65434 65432 8275 35693 8275 128 62 8 233 0 116 11 70 70 160 76 1 180 0 137 4
79003 4920 283 33086 1521 6 0 44298 0 65434 65432 8275 35693 8275 116 11 70 70 160 76 1 180 0 137 4 235 6 70 70 199
79016 4920 296 33086 1521 6 0 44298 0 65434 65432 8275 35693 8275 70 70 199 4 0 0 160 76 1 254 192 162 76 1 180 0
79017 4920 297 33086 1521 6 0 44299 0 65434 65432 8275 35693 8275 70 199 4 0 0 160 76 1 254 192 162 76 1 180 0 187
79018 4920 298 33086 1521 6 0 44300 0 65434 65432 8275 35693 8275 199 4 0 0 160 76 1 254 192 162 76 1 180 0 187 12
79022 4920 302 33086 1521 6 0 44300 0 65434 65432 8275 35693 8275 160 76 1 254 192 162 76 1 180 0 187 12 0 153 247 251
79025 4920 305 33026 1521 6 0 44300 0 65434 65432 8275 35693 8275 254 192 162 76 1 180 0 187 12 0 153 247 251 136 22 76
79027 4920 307 33027 1521 6 0 44300 0 65434 65432 8275 35693 8275 162 76 1 180 0 187 12 0 153 247 251 136 22 76 1 70
79030 4920 310 33027 1521 6 0 44300 0 65434 65432 8275 35693 8275 180 0 187 12 0 153 247 251 136 22 76 1 70 70 199 4
79032 4920 312 3 1521 6 0 44300 0 65434 65432 8275 35693 8275 187 12 0 153 247 251 136 22 76 1 70 70 199 4 255 255
79035 4920 315 3 12 6 0 44300 0 65434 65432 8275 35693 8275 153 247 251 136 22 76 1 70 70 199 4 255 255 70 70 161
79036 4920 316 3 12 6 0 44300 0 65434 65432 8275 35693 8275 247 251 136 22 76 1 70 70 199 4 255 255 70 70 161 212
79038 4920 318 0 12 6 3 44300 0 65434 65432 8275 35693 8275 136 22 76 1 70 70 199 4 255 255 70 70 161 212 232 139
79042 4920 322 0 12 6 3 44300 0 65434 65432 8275 35693 8275 70 70 199 4 255 255 70 70 161 212 232 139 22 210 232 137
79043 4920 323 0 12 6 3 44301 0 65434 65432 8275 35693 8275 70 199 4 255 255 70 70 161 212 232 139 22 210 232 137 68
79044 4920 324 0 12 6 3 44302 0 65434 65432 8275 35693 8275 199 4 255 255 70 70 161 212 232 139 22 210 232 137 68 2
79048 4920 328 0 12 6 3 44302 0 65434 65432 8275 35693 8275 70 70 161 212 232 139 22 210 232 137 68 2 137 20 70 70
79049 4920 329 0 12 6 3 44303 0 65434 65432 8275 35693 8275 70 161 212 232 139 22 210 232 137 68 2 137 20 70 70 70
79050 4920 330 0 12 6 3 44304 0 65434 65432 8275 35693 8275 161 212 232 139 22 210 232 137 68 2 137 20 70 70 70 70
79053 4920 333 32928 12 6 3 44304 0 65434 65432 8275 35693 8275 139 22 210 232 137 68 2 137 20 70 70 70 70 199 4 197
79057 4920 337 32928 12 6 0 44304 0 65434 65432 8275 35693 8275 137 68 2 137 20 70 70 70 70 199 4 197 0 70 70 199
79060 4920 340 32928 12 6 0 44304 0 65434 65432 8275 35693 8275 137 20 70 70 70 70 199 4 197 0 70 70 199 4 93 0
79062 4920 342 32928 12 6 0 44304 0 65434 65432 8275 35693 8275 70 70 70 70 199 4 197 0 70 70 199 4 93 0 70 70
79063 4920 343 32928 12 6 0 44305 0 65434 65432 8275 35693 8275 70 70 70 199 4 197 0 70 70 199 4 93 0 70 70 199
79064 4920 344 32928 12 6 0 44306 0 65434 65432 8275 35693 8275 70 70 199 4 197 0 70 70 199 4 93 0 70 70 199 4
79065 4920 345 32928 12 6 0 44307 0 65434 65432 8275 35693 8275 70 199 4 197 0 70 70 199 4 93 0 70 70 199 4 0
79066 4920 346 32928 12 6 0 44308 0 65434 65432 8275 35693 8275 199 4 197 0 70 70 199 4 93 0 70 70 199 4 0 0
79070 4920 350 32928 12 6 0 44308 0 65434 65432 8275 35693 8275 70 70 199 4 93 0 70 70 199 4 0 0 128 62 225 185
79071 4920 351 32928 12 6 0 44309 0 65434 65432 8275 35693 8275 70 199 4 93 0 70 70 199 4 0 0 128 62 225 185 0
79072 4920 352 32928 12 6 0 44310 0 65434 65432 8275 35693 8275 199 4 93 0 70 70 199 4 0 0 128 62 225 185 0 116
79076 4920 356 32928 12 6 0 44310 0 65434 65432 8275 35693 8275 70 70 199 4 0 0 128 62 225 185 0 116 25 184 16 0
79077 4920 357 32928 12 6 0 44311 0 65434 65432 8275 35693 8275 70 199 4 0 0 128 62 225 185 0 116 25 184 16 0 80
79078 4920 358 32928 12 6 0 44312 0 65434 65432 8275 35693 8275 199 4 0 0 128 62 225 185 0 116 25 184 16 0 80 154
79082 4920 362 32928 12 6 0 44312 0 65434 65432 8275 35693 8275 128 62 225 185 0 116 25 184 16 0 80 154 188 1 235 12
79087 4920 367 32928 12 6 0 44312 0 65434 65432 8275 35693 8275 116 25 184 16 0 80 154 188 1 235 12 89 11 192 116 11
79114 4920 394 32928 12 6 0 44312 0 65434 65432 8275 35693 8275 70 70 199 4 0 0 160 75 1 254 192 162 75 1 180 0
79115 4920 395 32928 12 6 0 44313 0 65434 65432 8275 35693 8275 70 199 4 0 0 160 75 1 254 192 162 75 1 180 0 187
79116 4920 396 32928 12 6 0 44314 0 65434 65432 8275 35693 8275 199 4 0 0 160 75 1 254 192 162 75 1 180 0 187 12
79120 4920 400 32928 12 6 0 44314 0 65434 65432 8275 35693 8275 160 75 1 254 192 162 75 1 180 0 187 12 0 153 247 251
79123 4920 403 32770 12 6 0 44314 0 65434 65432 8275 35693 8275 254 192 162 75 1 180 0 187 12 0 153 247 251 136 22 75
79125 4920 405 32771 12 6 0 44314 0 65434 65432 8275 35693 8275 162 75 1 180 0 187 12 0 153 247 251 136 22 75 1 70
79128 4920 408 32771 12 6 0 44314 0 65434 65432 8275 35693 8275 180 0 187 12 0 153 247 251 136 22 75 1 70 70 199 4
79130 4920 410 3 12 6 0 44314 0 65434 65432 8275 35693 8275 187 12 0 153 247 251 136 22 75 1 70 70 199 4 255 255
79133 4920 413 3 12 6 0 44314 0 65434 65432 8275 35693 8275 153 247 251 136 22 75 1 70 70 199 4 255 255 70 70 161
79134 4920 414 3 12 6 0 44314 0 65434 65432 8275 35693 8275 247 251 136 22 75 1 70 70 199 4 255 255 70 70 161 38
79136 4920 416 0 12 6 3 44314 0 65434 65432 8275 35693 8275 136 22 75 1 70 70 199 4 255 255 70 70 161 38 172 139
79140 4920 420 0 12 6 3 44314 0 65434 65432 8275 35693 8275 70 70 199 4 255 255 70 70 161 38 172 139 22 36 172 137
79141 4920 421 0 12 6 3 44315 0 65434 65432 8275 35693 8275 70 199 4 255 255 70 70 161 38 172 139 22 36 172 137 68
79142 4920 422 0 12 6 3 44316 0 65434 65432 8275 35693 8275 199 4 255 255 70 70 161 38 172 139 22 36 172 137 68 2
79146 4920 426 0 12 6 3 44316 0 65434 65432 8275 35693 8275 70 70 161 38 172 139 22 36 172 137 68 2 137 20 70 70
79147 4920 427 0 12 6 3 44317 0 65434 65432 8275 35693 8275 70 161 38 172 139 22 36 172 137 68 2 137 20 70 70 70
79148 4920 428 0 12 6 3 44318 0 65434 65432 8275 35693 8275 161 38 172 139 22 36 172 137 68 2 137 20 70 70 70 70
79151 4920 431 32851 12 6 3 44318 0 65434 65432 8275 35693 8275 139 22 36 172 137 68 2 137 20 70 70 70 70 199 4 105
79155 4920 435 32851 12 6 0 44318 0 65434 65432 8275 35693 8275 137 68 2 137 20 70 70 70 70 199 4 105 0 70 70 199
79158 4920 438 32851 12 6 0 44318 0 65434 65432 8275 35693 8275 137 20 70 70 70 70 199 4 105 0 70 70 199 4 8 0
79160 4920 440 32851 12 6 0 44318 0 65434 65432 8275 35693 8275 70 70 70 70 199 4 105 0 70 70 199 4 8 0 70 70
79161 4920 441 32851 12 6 0 44319 0 65434 65432 8275 35693 8275 70 70 70 199 4 105 0 70 70 199 4 8 0 70 70 199
79162 4920 442 32851 12 6 0 44320 0 65434 65432 8275 35693 8275 70 70 199 4 105 0 70 70 199 4 8 0 70 70 199 4
79163 4920 443 32851 12 6 0 44321 0 65434 65432 8275 35693 8275 70 199 4 105 0 70 70 199 4 8 0 70 70 199 4 0
79164 4920 444 32851 12 6 0 44322 0 65434 65432 8275 35693 8275 199 4 105 0 70 70 199 4 8 0 70 70 199 4 0 0
79168 4920 448 32851 12 6 0 44322 0 65434 65432 8275 35693 8275 70 70 199 4 8 0 70 70 199 4 0 0 128 62 77 1
79169 4920 449 32851 12 6 0 44323 0 65434 65432 8275 35693 8275 70 199 4 8 0 70 70 199 4 0 0 128 62 77 1 0
79170 4920 450 32851 12 6 0 44324 0 65434 65432 8275 35693 8275 199 4 8 0 70 70 199 4 0 0 128 62 77 1 0 116
79174 4920 454 32851 12 6 0 44324 0 65434 65432 8275 35693 8275 70 70 199 4 0 0 128 62 77 1 0 116 25 184 17 0
79175 4920 455 32851 12 6 0 44325 0 65434 65432 8275 35693 8275 70 199 4 0 0 128 62 77 1 0 116 25 184 17 0 80
79176 4920 456 32851 12 6 0 44326 0 65434 65432 8275 35693 8275 199 4 0 0 128 62 77 1 0 116 25 184 17 0 80 154
79180 4920 460 32851 12 6 0 44326 0 65434 65432 8275 35693 8275 128 62 77 1 0 116 25 184 17 0 80 154 188 1 235 12
79185 4920 465 32851 12 6 0 44326 0 65434 65432 8275 35693 8275 116 25 184 17 0 80 154 188 1 235 12 89 11 192 116 11
79212 4920 492 32851 12 6 0 44326 0 65434 65432 8275 35693 8275 70 70 199 4 0 0 160 74 1 254 192 162 74 1 180 0
79213 4920 493 32851 12 6 0 44327 0 65434 65432 8275 35693 8275 70 199 4 0 0 160 74 1 254 192 162 74 1 180 0 187
79214 4920 494 32851 12 6 0 44328 0 65434 65432 8275 35693 8275 199 4 0 0 160 74 1 254 192 162 74 1 180 0 187 12
79218 4920 498 32851 12 6 0 44328 0 65434 65432 8275 35693 8275 160 74 1 254 192 162 74 1 180 0 187 12 0 153 247 251
79221 4920 501 32770 12 6 0 44328 0 65434 65432 8275 35693 8275 254 192 162 74 1 180 0 187 12 0 153 247 251 136 22 74
79223 4920 503 32771 12 6 0 44328 0 65434 65432 8275 35693 8275 162 74 1 180 0 187 12 0 153 247 251 136 22 74 1 70
79226 4920 506 32771 12 6 0 44328 0 65434 65432 8275 35693 8275 180 0 187 12 0 153 247 251 136 22 74 1 70 70 199 4
79228 4920 508 3 12 6 0 44328 0 65434 65432 8275 35693 8275 187 12 0 153 247 251 136 22 74 1 70 70 199 4 255 255
79231 4920 511 3 12 6 0 44328 0 65434 65432 8275 35693 8275 153 247 251 136 22 74 1 70 70 199 4 255 255 70 70 161
79232 4920 512 3 12 6 0 44328 0 65434 65432 8275 35693 8275 247 251 136 22 74 1 70 70 199 4 255 255 70 70 161 136
79234 4920 514 0 12 6 3 44328 0 65434 65432 8275 35693 8275 136 22 74 1 70 70 199 4 255 255 70 70 161 136 167 139
79238 4920 518 0 12 6 3 44328 0 65434 65432 8275 35693 8275 70 70 199 4 255 255 70 70 161 136 167 139 22 134 167 137
79239 4920 519 0 12 6 3 44329 0 65434 65432 8275 35693 8275 70 199 4 255 255 70 70 161 136 167 139 22 134 167 137 68
79240 4920 520 0 12 6 3 44330 0 65434 65432 8275 35693 8275 199 4 255 255 70 70 161 136 167 139 22 134 167 137 68 2
79244 4920 524 0 12 6 3 44330 0 65434 65432 8275 35693 8275 70 70 161 136 167 139 22 134 167 137 68 2 137 20 70 70
79245 4920 525 0 12 6 3 44331 0 65434 65432 8275 35693 8275 70 161 136 167 139 22 134 167 137 68 2 137 20 70 70 70
79246 4920 526 0 12 6 3 44332 0 65434 65432 8275 35693 8275 161 136 167 139 22 134 167 137 68 2 137 20 70 70 70 70
79249 4920 529 32802 12 6 3 44332 0 65434 65432 8275 35693 8275 139 22 134 167 137 68 2 137 20 70 70 70 70 199 4 3
79253 4920 533 32802 12 6 0 44332 0 65434 65432 8275 35693 8275 137 68 2 137 20 70 70 70 70 199 4 3 0 70 70 199
79256 4920 536 32802 12 6 0 44332 0 65434 65432 8275 35693 8275 137 20 70 70 70 70 199 4 3 0 70 70 199 4 4 0
79258 4920 538 32802 12 6 0 44332 0 65434 65432 8275 35693 8275 70 70 70 70 199 4 3 0 70 70 199 4 4 0 70 70
79259 4920 539 32802 12 6 0 44333 0 65434 65432 8275 35693 8275 70 70 70 199 4 3 0 70 70 199 4 4 0 70 70 199
79260 4920 540 32802 12 6 0 44334 0 65434 65432 8275 35693 8275 70 70 199 4 3 0 70 70 199 4 4 0 70 70 199 4
79261 4920 541 32802 12 6 0 44335 0 65434 65432 8275 35693 8275 70 199 4 3 0 70 70 199 4 4 0 70 70 199 4 0
79262 4920 542 32802 12 6 0 44336 0 65434 65432 8275 35693 8275 199 4 3 0 70 70 199 4 4 0 70 70 199 4 0 0
79266 4920 546 32802 12 6 0 44336 0 65434 65432 8275 35693 8275 70 70 199 4 4 0 70 70 199 4 0 0 70 70 131 62
79267 4920 547 32802 12 6 0 44337 0 65434 65432 8275 35693 8275 70 199 4 4 0 70 70 199 4 0 0 70 70 131 62 70
79268 4920 548 32802 12 6 0 44338 0 65434 65432 8275 35693 8275 199 4 4 0 70 70 199 4 0 0 70 70 131 62 70 236
79272 4920 552 32802 12 6 0 44338 0 65434 65432 8275 35693 8275 70 70 199 4 0 0 70 70 131 62 70 236 0 116 4 51
79273 4920 553 32802 12 6 0 44339 0 65434 65432 8275 35693 8275 70 199 4 0 0 70 70 131 62 70 236 0 116 4 51 192
79274 4920 554 32802 12 6 0 44340 0 65434 65432 8275 35693 8275 199 4 0 0 70 70 131 62 70 236 0 116 4 51 192 235
79278 4920 558 32802 12 6 0 44340 0 65434 65432 8275 35693 8275 70 70 131 62 70 236 0 116 4 51 192 235 3 184 1 0
79279 4920 559 32802 12 6 0 44341 0 65434 65432 8275 35693 8275 70 131 62 70 236 0 116 4 51 192 235 3 184 1 0 137
79280 4920 560 32802 12 6 0 44342 0 65434 65432 8275 35693 8275 131 62 70 236 0 116 4 51 192 235 3 184 1 0 137 4
79285 4920 565 32802 12 6 0 44342 0 65434 65432 8275 35693 8275 116 4 51 192 235 3 184 1 0 137 4 70 70 199 4 222
79291 4920 571 32802 12 6 0 44342 0 65434 65432 8275 35693 8275 184 1 0 137 4 70 70 199 4 222 0 70 70 199 4 4
79294 4920 574 1 12 6 0 44342 0 65434 65432 8275 35693 8275 137 4 70 70 199 4 222 0 70 70 199 4 4 0 70 70
79296 4920 576 1 12 6 0 44342 0 65434 65432 8275 35693 8275 70 70 199 4 222 0 70 70 199 4 4 0 70 70 199 4
79297 4920 577 1 12 6 0 44343 0 65434 65432 8275 35693 8275 70 199 4 222 0 70 70 199 4 4 0 70 70 199 4 0
79298 4920 578 1 12 6 0 44344 0 65434 65432 8275 35693 8275 199 4 222 0 70 70 199 4 4 0 70 70 199 4 0 0
79302 4920 582 1 12 6 0 44344 0 65434 65432 8275 35693 8275 70 70 199 4 4 0 70 70 199 4 0 0 70 70 131 62
79303 4920 583 1 12 6 0 44345 0 65434 65432 8275 35693 8275 70 199 4 4 0 70 70 199 4 0 0 70 70 131 62 72
79304 4920 584 1 12 6 0 44346 0 65434 65432 8275 35693 8275 199 4 4 0 70 70 199 4 0 0 70 70 131 62 72 236
79308 4920 588 1 12 6 0 44346 0 65434 65432 8275 35693 8275 70 70 199 4 0 0 70 70 131 62 72 236 0 116 5 184
79309 4920 589 1 12 6 0 44347 0 65434 65432 8275 35693 8275 70 199 4 0 0 70 70 131 62 72 236 0 116 5 184 2
79310 4920 590 1 12 6 0 44348 0 65434 65432 8275 35693 8275 199 4 0 0 70 70 131 62 72 236 0 116 5 184 2 0
79314 4920 594 1 12 6 0 44348 0 65434 65432 8275 35693 8275 70 70 131 62 72 236 0 116 5 184 2 0 235 3 184 3
79315 4920 595 1 12 6 0 44349 0 65434 65432 8275 35693 8275 70 131 62 72 236 0 116 5 184 2 0 235 3 184 3 0
79316 4920 596 1 12 6 0 44350 0 65434 65432 8275 35693 8275 131 62 72 236 0 116 5 184 2 0 235 3 184 3 0 137
79321 4920 601 1 12 6 0 44350 0 65434 65432 8275 35693 8275 116 5 184 2 0 235 3 184 3 0 137 4 70 70 199 4
79328 4920 608 1 12 6 0 44350 0 65434 65432 8275 35693 8275 184 3 0 137 4 70 70 199 4 2 0 70 70 199 4 136
79331 4920 611 3 12 6 0 44350 0 65434 65432 8275 35693 8275 137 4 70 70 199 4 2 0 70 70 199 4 136 0 70 70
79333 4920 613 3 12 6 0 44350 0 65434 65432 8275 35693 8275 70 70 199 4 2 0 70 70 199 4 136 0 70 70 199 4
79334 4920 614 3 12 6 0 44351 0 65434 65432 8275 35693 8275 70 199 4 2 0 70 70 199 4 136 0 70 70 199 4 0
79335 4920 615 3 12 6 0 44352 0 65434 65432 8275 35693 8275 199 4 2 0 70 70 199 4 136 0 70 70 199 4 0 0
79339 4920 619 3 12 6 0 44352 0 65434 65432 8275 35693 8275 70 70 199 4 136 0 70 70 199 4 0 0 70 70 131 62
79340 4920 620 3 12 6 0 44353 0 65434 65432 8275 35693 8275 70 199 4 136 0 70 70 199 4 0 0 70 70 131 62 74
79341 4920 621 3 12 6 0 44354 0 65434 65432 8275 35693 8275 199 4 136 0 70 70 199 4 0 0 70 70 131 62 74 236
79345 4920 625 3 12 6 0 44354 0 65434 65432 8275 35693 8275 70 70 199 4 0 0 70 70 131 62 74 236 0 116 5 184
79346 4920 626 3 12 6 0 44355 0 65434 65432 8275 35693 8275 70 199 4 0 0 70 70 131 62 74 236 0 116 5 184 4
79347 4920 627 3 12 6 0 44356 0 65434 65432 8275 35693 8275 199 4 0 0 70 70 131 62 74 236 0 116 5 184 4 0
79351 4920 631 3 12 6 0 44356 0 65434 65432 8275 35693 8275 70 70 131 62 74 236 0 116 5 184 4 0 235 3 184 5
79352 4920 632 3 12 6 0 44357 0 65434 65432 8275 35693 8275 70 131 62 74 236 0 116 5 184 4 0 235 3 184 5 0
79353 4920 633 3 12 6 0 44358 0 65434 65432 8275 35693 8275 131 62 74 236 0 116 5 184 4 0 235 3 184 5 0 137
79358 4920 638 3 12 6 0 44358 0 65434 65432 8275 35693 8275 116 5 184 4 0 235 3 184 5 0 137 4 70 70 199 4
79365 4920 645 3 12 6 0 44358 0 65434 65432 8275 35693 8275 184 5 0 137 4 70 70 199 4 223 0 70 70 199 4 136
79368 4920 648 5 12 6 0 44358 0 65434 65432 8275 35693 8275 137 4 70 70 199 4 223 0 70 70 199 4 136 0 70 70
79370 4920 650 5 12 6 0 44358 0 65434 65432 8275 35693 8275 70 70 199 4 223 0 70 70 199 4 136 0 70 70 199 4
79371 4920 651 5 12 6 0 44359 0 65434 65432 8275 35693 8275 70 199 4 223 0 70 70 199 4 136 0 70 70 199 4 0
79372 4920 652 5 12 6 0 44360 0 65434 65432 8275 35693 8275 199 4 223 0 70 70 199 4 136 0 70 70 199 4 0 0
79376 4920 656 5 12 6 0 44360 0 65434 65432 8275 35693 8275 70 70 199 4 136 0 70 70 199 4 0 0 70 70 131 62
79377 4920 657 5 12 6 0 44361 0 65434 65432 8275 35693 8275 70 199 4 136 0 70 70 199 4 0 0 70 70 131 62 76
79378 4920 658 5 12 6 0 44362 0 65434 65432 8275 35693 8275 199 4 136 0 70 70 199 4 0 0 70 70 131 62 76 236
79382 4920 662 5 12 6 0 44362 0 65434 65432 8275 35693 8275 70 70 199 4 0 0 70 70 131 62 76 236 0 116 5 184
79383 4920 663 5 12 6 0 44363 0 65434 65432 8275 35693 8275 70 199 4 0 0 70 70 131 62 76 236 0 116 5 184 6
79384 4920 664 5 12 6 0 44364 0 65434 65432 8275 35693 8275 199 4 0 0 70 70 131 62 76 236 0 116 5 184 6 0
79388 4920 668 5 12 6 0 44364 0 65434 65432 8275 35693 8275 70 70 131 62 76 236 0 116 5 184 6 0 235 3 184 7
79389 4920 669 5 12 6 0 44365 0 65434 65432 8275 35693 8275 70 131 62 76 236 0 116 5 184 6 0 235 3 184 7 0
79390 4920 670 5 12 6 0 44366 0 65434 65432 8275 35693 8275 131 62 76 236 0 116 5 184 6 0 235 3 184 7 0 137
79395 4920 675 5 12 6 0 44366 0 65434 65432 8275 35693 8275 116 5 184 6 0 235 3 184 7 0 137 4 70 70 199 4
79402 4920 682 5 12 6 0 44366 0 65434 65432 8275 35693 8275 184 7 0 137 4 70 70 199 4 255 255 70 70 199 4 0
79405 4920 685 7 12 6 0 44366 0 65434 65432 8275 35693 8275 137 4 70 70 199 4 255 255 70 70 199 4 0 0 70 70
79407 4920 687 7 12 6 0 44366 0 65434 65432 8275 35693 8275 70 70 199 4 255 255 70 70 199 4 0 0 70 70 199 4
79408 4920 688 7 12 6 0 44367 0 65434 65432 8275 35693 8275 70 199 4 255 255 70 70 199 4 0 0 70 70 199 4 0
79409 4920 689 7 12 6 0 44368 0 65434 65432 8275 35693 8275 199 4 255 255 70 70 199 4 0 0 70 70 199 4 0 0
79413 4920 693 7 12 6 0 44368 0 65434 65432 8275 35693 8275 70 70 199 4 0 0 70 70 199 4 0 0 94 93 203 85
79414 4920 694 7 12 6 0 44369 0 65434 65432 8275 35693 8275 70 199 4 0 0 70 70 199 4 0 0 94 93 203 85 139
79415 4920 695 7 12 6 0 44370 0 65434 65432 8275 35693 8275 199 4 0 0 70 70 199 4 0 0 94 93 203 85 139 236
79419 4920 699 7 12 6 0 44370 0 65434 65432 8275 35693 8275 70 70 199 4 0 0 94 93 203 85 139 236 131 236 4 160
79420 4920 700 7 12 6 0 44371 0 65434 65432 8275 35693 8275 70 199 4 0 0 94 93 203 85 139 236 131 236 4 160 115
79421 4920 701 7 12 6 0 44372 0 65434 65432 8275 35693 8275 199 4 0 0 94 93 203 85 139 236 131 236 4 160 115 214
79425 4920 705 7 12 6 0 44372 0 65434 65432 8275 35693 8275 94 93 203 85 139 236 131 236 4 160 115 214 152 11 192 116
79426 4920 706 7 12 6 0 54994 0 65434 65434 8275 35693 8275 93 203 85 139 236 131 236 4 160 115 214 152 11 192 116 12
79427 4920 707 7 12 6 0 54994 0 65448 65436 8275 35693 8275 203 85 139 236 131 236 4 160 115 214 152 11 192 116 12 61
98440 5650 8040 7 12 6 0 54994 0 65448 65440 8275 35693 8275 128 62 78 1 0 117 9 160 188 0 180 0 11 192 117 60
98445 5650 8045 7 12 6 0 54994 0 65448 65440 8275 35693 8275 117 9 160 188 0 180 0 11 192 117 60 154 2 34 235 12
98447 5650 8047 7 12 6 0 54994 0 65448 65440 8275 35693 8275 160 188 0 180 0 11 192 117 60 154 2 34 235 12 128 62
98450 5650 8050 1 12 6 0 54994 0 65448 65440 8275 35693 8275 180 0 11 192 117 60 154 2 34 235 12 128 62 188 0 0
98452 5650 8052 1 12 6 0 54994 0 65448 65440 8275 35693 8275 11 192 117 60 154 2 34 235 12 128 62 188 0 0 116 5
98454 5650 8054 1 12 6 0 54994 0 65448 65440 8275 35693 8275 117 60 154 2 34 235 12 128 62 188 0 0 116 5 184 43
98516 5650 8116 1 12 6 0 54994 0 65448 65440 8275 35693 8275 184 226 172 80 160 205 232 152 80 184 51 172 80 184 122 214
98519 5650 8119 44258 12 6 0 54994 0 65448 65440 8275 35693 8275 80 160 205 232 152 80 184 51 172 80 184 122 214 80 184 50
98520 5650 8120 44258 12 6 0 54994 0 65448 65438 8275 35693 8275 160 205 232 152 80 184 51 172 80 184 122 214 80 184 50 23
98523 5650 8123 44032 12 6 0 54994 0 65448 65438 8275 35693 8275 152 80 184 51 172 80 184 122 214 80 184 50 23 80 184 98
98524 5650 8124 0 12 6 0 54994 0 65448 65438 8275 35693 8275 80 184 51 172 80 184 122 214 80 184 50 23 80 184 98 210
98525 5650 8125 0 12 6 0 54994 0 65448 65436 8275 35693 8275 184 51 172 80 184 122 214 80 184 50 23 80 184 98 210 80
98528 5650 8128 44083 12 6 0 54994 0 65448 65436 8275 35693 8275 80 184 122 214 80 184 50 23 80 184 98 210 80 154 29 30
98529 5650 8129 44083 12 6 0 54994 0 65448 65434 8275 35693 8275 184 122 214 80 184 50 23 80 184 98 210 80 154 29 30 35
98532 5650 8132 54906 12 6 0 54994 0 65448 65434 8275 35693 8275 80 184 50 23 80 184 98 210 80 154 29 30 35 8 131 196
98533 5650 8133 54906 12 6 0 54994 0 65448 65432 8275 35693 8275 184 50 23 80 184 98 210 80 154 29 30 35 8 131 196 12
98536 5650 8136 5938 12 6 0 54994 0 65448 65432 8275 35693 8275 80 184 98 210 80 154 29 30 35 8 131 196 12 86 154 172
98537 5650 8137 5938 12 6 0 54994 0 65448 65430 8275 35693 8275 184 98 210 80 154 29 30 35 8 131 196 12 86 154 172 33
98540 5650 8140 53858 12 6 0 54994 0 65448 65430 8275 35693 8275 80 154 29 30 35 8 131 196 12 86 154 172 33 205 16 89
98541 5650 8141 53858 12 6 0 54994 0 65448 65428 8275 35693 8275 154 29 30 35 8 131 196 12 86 154 172 33 205 16 89 30
41037 2083 7709 53858 12 6 0 54994 0 65448 65424 8275 35693 8275 85 139 236 139 94 6 198 7 0 184 245 29 80 141 70 6
41038 2083 7710 53858 12 6 0 54994 0 65448 65422 8275 35693 8275 139 236 139 94 6 198 7 0 184 245 29 80 141 70 6 80
41040 2083 7712 53858 12 6 0 54994 0 65422 65422 8275 35693 8275 139 94 6 198 7 0 184 245 29 80 141 70 6 80 255 118
41043 2083 7715 53858 53858 6 0 54994 0 65422 65422 8275 35693 8275 198 7 0 184 245 29 80 141 70 6 80 255 118 8 141 70
41046 2083 7718 53858 53858 6 0 54994 0 65422 65422 8275 35693 8275 184 245 29 80 141 70 6 80 255 118 8 141 70 10 80 232
41049 2083 7721 7669 53858 6 0 54994 0 65422 65422 8275 35693 8275 80 141 70 6 80 255 118 8 141 70 10 80 232 207 28 93
41050 2083 7722 7669 53858 6 0 54994 0 65422 65420 8275 35693 8275 141 70 6 80 255 118 8 141 70 10 80 232 207 28 93 203
41053 2083 7725 65428 53858 6 0 54994 0 65422 65420 8275 35693 8275 80 255 118 8 141 70 10 80 232 207 28 93 203 85 139 236
41054 2083 7726 65428 53858 6 0 54994 0 65422 65418 8275 35693 8275 255 118 8 141 70 10 80 232 207 28 93 203 85 139 236 139
41057 2083 7729 65428 53858 6 0 54994 0 65422 65416 8275 35693 8275 141 70 10 80 232 207 28 93 203 85 139 236 139 94 6 198
41060 2083 7732 65432 53858 6 0 54994 0 65422 65416 8275 35693 8275 80 232 207 28 93 203 85 139 236 139 94 6 198 7 0 184
41061 2083 7733 65432 53858 6 0 54994 0 65422 65414 8275 35693 8275 232 207 28 93 203 85 139 236 139 94 6 198 7 0 184 245
48439 2083 15111 65432 53858 6 0 54994 0 65422 65412 8275 35693 8275 85 139 236 129 236 150 0 86 87 199 70 238 0 0 199 70
48440 2083 15112 65432 53858 6 0 54994 0 65422 65410 8275 35693 8275 139 236 129 236 150 0 86 87 199 70 238 0 0 199 70 236
48442 2083 15114 65432 53858 6 0 54994 0 65410 65410 8275 35693 8275 129 236 150 0 86 87 199 70 238 0 0 199 70 236 80 0
48446 2083 15118 65432 53858 6 0 54994 0 65410 65260 8275 35693 8275 86 87 199 70 238 0 0 199 70 236 80 0 199 70 234 0
48447 2083 15119 65432 53858 6 0 54994 0 65410 65258 8275 35693 8275 87 199 70 238 0 0 199 70 236 80 0 199 70 234 0 0
