ExecutionTrace 1
1000
643100 39715 7660 16384 180 0 242 102 29050 102 65368 34661 35693 8275 235 234 168 64 117 8 37 63 0 64 3 248 235 222 138 200
643080 39715 7640 16384 180 0 242 102 29050 102 65368 34661 35693 8275 59 245 116 54 172 168 128 117 13 138 200 65 209 233 243 165
643082 39715 7642 16384 180 0 242 102 29050 102 65368 34661 35693 8275 116 54 172 168 128 117 13 138 200 65 209 233 243 165 209 209
643138 39715 7698 16384 180 0 242 102 29050 102 65368 34661 35693 8275 67 67 46 255 14 100 11 117 163 144 195 144 86 83 81 139
643139 39715 7699 16384 181 0 242 102 29050 102 65368 34661 35693 8275 67 46 255 14 100 11 117 163 144 195 144 86 83 81 139 52
643140 39715 7700 16384 182 0 242 102 29050 102 65368 34661 35693 8275 46 255 14 100 11 117 163 144 195 144 86 83 81 139 52 232
643145 39715 7705 16384 182 0 242 102 29050 102 65368 34661 35693 8275 117 163 144 195 144 86 83 81 139 52 232 12 0 89 91 94
643054 39715 7614 16384 182 0 242 102 29050 102 65368 34661 35693 8275 173 11 192 116 79 129 251 144 1 115 71 139 238 3 232 46
643055 39715 7615 8 182 0 242 104 29050 102 65368 34661 35693 8275 11 192 116 79 129 251 144 1 115 71 139 238 3 232 46 139
643057 39715 7617 8 182 0 242 104 29050 102 65368 34661 35693 8275 116 79 129 251 144 1 115 71 139 238 3 232 46 139 191 156
643059 39715 7619 8 182 0 242 104 29050 102 65368 34661 35693 8275 129 251 144 1 115 71 139 238 3 232 46 139 191 156 6 3
643063 39715 7623 8 182 0 242 104 29050 102 65368 34661 35693 8275 115 71 139 238 3 232 46 139 191 156 6 3 250 173 3 248
643065 39715 7625 8 182 0 242 104 29050 102 65368 34661 35693 8275 139 238 3 232 46 139 191 156 6 3 250 173 3 248 144 59
643067 39715 7627 8 182 0 242 104 29050 104 65368 34661 35693 8275 3 232 46 139 191 156 6 3 250 173 3 248 144 59 245 116
643069 39715 7629 8 182 0 242 104 29050 112 65368 34661 35693 8275 46 139 191 156 6 3 250 173 3 248 144 59 245 116 54 172
643074 39715 7634 8 182 0 242 104 29120 112 65368 34661 35693 8275 3 250 173 3 248 144 59 245 116 54 172 168 128 117 13 138
643076 39715 7636 8 182 0 242 104 29362 112 65368 34661 35693 8275 173 3 248 144 59 245 116 54 172 168 128 117 13 138 200 65
643077 39715 7637 0 182 0 242 106 29362 112 65368 34661 35693 8275 3 248 144 59 245 116 54 172 168 128 117 13 138 200 65 209
643079 39715 7639 0 182 0 242 106 29362 112 65368 34661 35693 8275 144 59 245 116 54 172 168 128 117 13 138 200 65 209 233 243
643080 39715 7640 0 182 0 242 106 29362 112 65368 34661 35693 8275 59 245 116 54 172 168 128 117 13 138 200 65 209 233 243 165
643082 39715 7642 0 182 0 242 106 29362 112 65368 34661 35693 8275 116 54 172 168 128 117 13 138 200 65 209 233 243 165 209 209
643084 39715 7644 0 182 0 242 106 29362 112 65368 34661 35693 8275 172 168 128 117 13 138 200 65 209 233 243 165 209 209 243 164
643085 39715 7645 0 182 0 242 107 29362 112 65368 34661 35693 8275 168 128 117 13 138 200 65 209 233 243 165 209 209 243 164 235
643087 39715 7647 0 182 0 242 107 29362 112 65368 34661 35693 8275 117 13 138 200 65 209 233 243 165 209 209 243 164 235 234 168
643089 39715 7649 0 182 0 242 107 29362 112 65368 34661 35693 8275 138 200 65 209 233 243 165 209 209 243 164 235 234 168 64 117
643091 39715 7651 0 182 0 242 107 29362 112 65368 34661 35693 8275 65 209 233 243 165 209 209 243 164 235 234 168 64 117 8 37
643092 39715 7652 0 182 1 242 107 29362 112 65368 34661 35693 8275 209 233 243 165 209 209 243 164 235 234 168 64 117 8 37 63
643094 39715 7654 0 182 0 242 107 29362 112 65368 34661 35693 8275 243 165 209 209 243 164 235 234 168 64 117 8 37 63 0 64
643096 39715 7656 0 182 0 242 107 29362 112 65368 34661 35693 8275 209 209 243 164 235 234 168 64 117 8 37 63 0 64 3 248
643098 39715 7658 0 182 1 242 107 29362 112 65368 34661 35693 8275 243 164 235 234 168 64 117 8 37 63 0 64 3 248 235 222
643100 39715 7660 0 182 0 242 108 29363 112 65368 34661 35693 8275 235 234 168 64 117 8 37 63 0 64 3 248 235 222 138 200
643080 39715 7640 0 182 0 242 108 29363 112 65368 34661 35693 8275 59 245 116 54 172 168 128 117 13 138 200 65 209 233 243 165
643082 39715 7642 0 182 0 242 108 29363 112 65368 34661 35693 8275 116 54 172 168 128 117 13 138 200 65 209 233 243 165 209 209
643084 39715 7644 0 182 0 242 108 29363 112 65368 34661 35693 8275 172 168 128 117 13 138 200 65 209 233 243 165 209 209 243 164
643085 39715 7645 196 182 0 242 109 29363 112 65368 34661 35693 8275 168 128 117 13 138 200 65 209 233 243 165 209 209 243 164 235
643087 39715 7647 196 182 0 242 109 29363 112 65368 34661 35693 8275 117 13 138 200 65 209 233 243 165 209 209 243 164 235 234 168
643102 39715 7662 196 182 0 242 109 29363 112 65368 34661 35693 8275 168 64 117 8 37 63 0 64 3 248 235 222 138 200 128 225
643104 39715 7664 196 182 0 242 109 29363 112 65368 34661 35693 8275 117 8 37 63 0 64 3 248 235 222 138 200 128 225 63 128
643114 39715 7674 196 182 0 242 109 29363 112 65368 34661 35693 8275 138 200 128 225 63 128 193 3 172 138 224 209 233 243 171 209
643116 39715 7676 196 182 196 242 109 29363 112 65368 34661 35693 8275 128 225 63 128 193 3 172 138 224 209 233 243 171 209 209 243
643119 39715 7679 196 182 4 242 109 29363 112 65368 34661 35693 8275 128 193 3 172 138 224 209 233 243 171 209 209 243 170 235 201
643122 39715 7682 196 182 7 242 109 29363 112 65368 34661 35693 8275 172 138 224 209 233 243 171 209 209 243 170 235 201 144 3 240
643123 39715 7683 64 182 7 242 110 29363 112 65368 34661 35693 8275 138 224 209 233 243 171 209 209 243 170 235 201 144 3 240 67
643125 39715 7685 16448 182 7 242 110 29363 112 65368 34661 35693 8275 209 233 243 171 209 209 243 170 235 201 144 3 240 67 67 46
643127 39715 7687 16448 182 3 242 110 29363 112 65368 34661 35693 8275 243 171 209 209 243 170 235 201 144 3 240 67 67 46 255 14
643129 39715 7689 16448 182 0 242 110 29369 112 65368 34661 35693 8275 209 209 243 170 235 201 144 3 240 67 67 46 255 14 100 11
643131 39715 7691 16448 182 1 242 110 29369 112 65368 34661 35693 8275 243 170 235 201 144 3 240 67 67 46 255 14 100 11 117 163
643133 39715 7693 16448 182 0 242 110 29370 112 65368 34661 35693 8275 235 201 144 3 240 67 67 46 255 14 100 11 117 163 144 195
643080 39715 7640 16448 182 0 242 110 29370 112 65368 34661 35693 8275 59 245 116 54 172 168 128 117 13 138 200 65 209 233 243 165
643082 39715 7642 16448 182 0 242 110 29370 112 65368 34661 35693 8275 116 54 172 168 128 117 13 138 200 65 209 233 243 165 209 209
643084 39715 7644 16448 182 0 242 110 29370 112 65368 34661 35693 8275 172 168 128 117 13 138 200 65 209 233 243 165 209 209 243 164
643085 39715 7645 16384 182 0 242 111 29370 112 65368 34661 35693 8275 168 128 117 13 138 200 65 209 233 243 165 209 209 243 164 235
643087 39715 7647 16384 182 0 242 111 29370 112 65368 34661 35693 8275 117 13 138 200 65 209 233 243 165 209 209 243 164 235 234 168
643089 39715 7649 16384 182 0 242 111 29370 112 65368 34661 35693 8275 138 200 65 209 233 243 165 209 209 243 164 235 234 168 64 117
643091 39715 7651 16384 182 0 242 111 29370 112 65368 34661 35693 8275 65 209 233 243 165 209 209 243 164 235 234 168 64 117 8 37
643092 39715 7652 16384 182 1 242 111 29370 112 65368 34661 35693 8275 209 233 243 165 209 209 243 164 235 234 168 64 117 8 37 63
643094 39715 7654 16384 182 0 242 111 29370 112 65368 34661 35693 8275 243 165 209 209 243 164 235 234 168 64 117 8 37 63 0 64
643096 39715 7656 16384 182 0 242 111 29370 112 65368 34661 35693 8275 209 209 243 164 235 234 168 64 117 8 37 63 0 64 3 248
643098 39715 7658 16384 182 1 242 111 29370 112 65368 34661 35693 8275 243 164 235 234 168 64 117 8 37 63 0 64 3 248 235 222
643100 39715 7660 16384 182 0 242 112 29371 112 65368 34661 35693 8275 235 234 168 64 117 8 37 63 0 64 3 248 235 222 138 200
643080 39715 7640 16384 182 0 242 112 29371 112 65368 34661 35693 8275 59 245 116 54 172 168 128 117 13 138 200 65 209 233 243 165
643082 39715 7642 16384 182 0 242 112 29371 112 65368 34661 35693 8275 116 54 172 168 128 117 13 138 200 65 209 233 243 165 209 209
643138 39715 7698 16384 182 0 242 112 29371 112 65368 34661 35693 8275 67 67 46 255 14 100 11 117 163 144 195 144 86 83 81 139
643139 39715 7699 16384 183 0 242 112 29371 112 65368 34661 35693 8275 67 46 255 14 100 11 117 163 144 195 144 86 83 81 139 52
643140 39715 7700 16384 184 0 242 112 29371 112 65368 34661 35693 8275 46 255 14 100 11 117 163 144 195 144 86 83 81 139 52 232
643145 39715 7705 16384 184 0 242 112 29371 112 65368 34661 35693 8275 117 163 144 195 144 86 83 81 139 52 232 12 0 89 91 94
643054 39715 7614 16384 184 0 242 112 29371 112 65368 34661 35693 8275 173 11 192 116 79 129 251 144 1 115 71 139 238 3 232 46
643055 39715 7615 12 184 0 242 114 29371 112 65368 34661 35693 8275 11 192 116 79 129 251 144 1 115 71 139 238 3 232 46 139
643057 39715 7617 12 184 0 242 114 29371 112 65368 34661 35693 8275 116 79 129 251 144 1 115 71 139 238 3 232 46 139 191 156
643059 39715 7619 12 184 0 242 114 29371 112 65368 34661 35693 8275 129 251 144 1 115 71 139 238 3 232 46 139 191 156 6 3
643063 39715 7623 12 184 0 242 114 29371 112 65368 34661 35693 8275 115 71 139 238 3 232 46 139 191 156 6 3 250 173 3 248
643065 39715 7625 12 184 0 242 114 29371 112 65368 34661 35693 8275 139 238 3 232 46 139 191 156 6 3 250 173 3 248 144 59
643067 39715 7627 12 184 0 242 114 29371 114 65368 34661 35693 8275 3 232 46 139 191 156 6 3 250 173 3 248 144 59 245 116
643069 39715 7629 12 184 0 242 114 29371 126 65368 34661 35693 8275 46 139 191 156 6 3 250 173 3 248 144 59 245 116 54 172
643074 39715 7634 12 184 0 242 114 29440 126 65368 34661 35693 8275 3 250 173 3 248 144 59 245 116 54 172 168 128 117 13 138
643076 39715 7636 12 184 0 242 114 29682 126 65368 34661 35693 8275 173 3 248 144 59 245 116 54 172 168 128 117 13 138 200 65
643077 39715 7637 0 184 0 242 116 29682 126 65368 34661 35693 8275 3 248 144 59 245 116 54 172 168 128 117 13 138 200 65 209
643079 39715 7639 0 184 0 242 116 29682 126 65368 34661 35693 8275 144 59 245 116 54 172 168 128 117 13 138 200 65 209 233 243
643080 39715 7640 0 184 0 242 116 29682 126 65368 34661 35693 8275 59 245 116 54 172 168 128 117 13 138 200 65 209 233 243 165
643082 39715 7642 0 184 0 242 116 29682 126 65368 34661 35693 8275 116 54 172 168 128 117 13 138 200 65 209 233 243 165 209 209
643084 39715 7644 0 184 0 242 116 29682 126 65368 34661 35693 8275 172 168 128 117 13 138 200 65 209 233 243 165 209 209 243 164
643085 39715 7645 8 184 0 242 117 29682 126 65368 34661 35693 8275 168 128 117 13 138 200 65 209 233 243 165 209 209 243 164 235
643087 39715 7647 8 184 0 242 117 29682 126 65368 34661 35693 8275 117 13 138 200 65 209 233 243 165 209 209 243 164 235 234 168
643089 39715 7649 8 184 0 242 117 29682 126 65368 34661 35693 8275 138 200 65 209 233 243 165 209 209 243 164 235 234 168 64 117
643091 39715 7651 8 184 8 242 117 29682 126 65368 34661 35693 8275 65 209 233 243 165 209 209 243 164 235 234 168 64 117 8 37
643092 39715 7652 8 184 9 242 117 29682 126 65368 34661 35693 8275 209 233 243 165 209 209 243 164 235 234 168 64 117 8 37 63
643094 39715 7654 8 184 4 242 117 29682 126 65368 34661 35693 8275 243 165 209 209 243 164 235 234 168 64 117 8 37 63 0 64
643096 39715 7656 8 184 0 242 125 29690 126 65368 34661 35693 8275 209 209 243 164 235 234 168 64 117 8 37 63 0 64 3 248
643098 39715 7658 8 184 1 242 125 29690 126 65368 34661 35693 8275 243 164 235 234 168 64 117 8 37 63 0 64 3 248 235 222
643100 39715 7660 8 184 0 242 126 29691 126 65368 34661 35693 8275 235 234 168 64 117 8 37 63 0 64 3 248 235 222 138 200
643080 39715 7640 8 184 0 242 126 29691 126 65368 34661 35693 8275 59 245 116 54 172 168 128 117 13 138 200 65 209 233 243 165
643082 39715 7642 8 184 0 242 126 29691 126 65368 34661 35693 8275 116 54 172 168 128 117 13 138 200 65 209 233 243 165 209 209
643138 39715 7698 8 184 0 242 126 29691 126 65368 34661 35693 8275 67 67 46 255 14 100 11 117 163 144 195 144 86 83 81 139
643139 39715 7699 8 185 0 242 126 29691 126 65368 34661 35693 8275 67 46 255 14 100 11 117 163 144 195 144 86 83 81 139 52
643140 39715 7700 8 186 0 242 126 29691 126 65368 34661 35693 8275 46 255 14 100 11 117 163 144 195 144 86 83 81 139 52 232
643145 39715 7705 8 186 0 242 126 29691 126 65368 34661 35693 8275 117 163 144 195 144 86 83 81 139 52 232 12 0 89 91 94
643054 39715 7614 8 186 0 242 126 29691 126 65368 34661 35693 8275 173 11 192 116 79 129 251 144 1 115 71 139 238 3 232 46
643055 39715 7615 11 186 0 242 128 29691 126 65368 34661 35693 8275 11 192 116 79 129 251 144 1 115 71 139 238 3 232 46 139
643057 39715 7617 11 186 0 242 128 29691 126 65368 34661 35693 8275 116 79 129 251 144 1 115 71 139 238 3 232 46 139 191 156
643059 39715 7619 11 186 0 242 128 29691 126 65368 34661 35693 8275 129 251 144 1 115 71 139 238 3 232 46 139 191 156 6 3
643063 39715 7623 11 186 0 242 128 29691 126 65368 34661 35693 8275 115 71 139 238 3 232 46 139 191 156 6 3 250 173 3 248
643065 39715 7625 11 186 0 242 128 29691 126 65368 34661 35693 8275 139 238 3 232 46 139 191 156 6 3 250 173 3 248 144 59
643067 39715 7627 11 186 0 242 128 29691 128 65368 34661 35693 8275 3 232 46 139 191 156 6 3 250 173 3 248 144 59 245 116
643069 39715 7629 11 186 0 242 128 29691 139 65368 34661 35693 8275 46 139 191 156 6 3 250 173 3 248 144 59 245 116 54 172
643074 39715 7634 11 186 0 242 128 29760 139 65368 34661 35693 8275 3 250 173 3 248 144 59 245 116 54 172 168 128 117 13 138
643076 39715 7636 11 186 0 242 128 30002 139 65368 34661 35693 8275 173 3 248 144 59 245 116 54 172 168 128 117 13 138 200 65
643077 39715 7637 0 186 0 242 130 30002 139 65368 34661 35693 8275 3 248 144 59 245 116 54 172 168 128 117 13 138 200 65 209
643079 39715 7639 0 186 0 242 130 30002 139 65368 34661 35693 8275 144 59 245 116 54 172 168 128 117 13 138 200 65 209 233 243
643080 39715 7640 0 186 0 242 130 30002 139 65368 34661 35693 8275 59 245 116 54 172 168 128 117 13 138 200 65 209 233 243 165
643082 39715 7642 0 186 0 242 130 30002 139 65368 34661 35693 8275 116 54 172 168 128 117 13 138 200 65 209 233 243 165 209 209
643084 39715 7644 0 186 0 242 130 30002 139 65368 34661 35693 8275 172 168 128 117 13 138 200 65 209 233 243 165 209 209 243 164
643085 39715 7645 7 186 0 242 131 30002 139 65368 34661 35693 8275 168 128 117 13 138 200 65 209 233 243 165 209 209 243 164 235
643087 39715 7647 7 186 0 242 131 30002 139 65368 34661 35693 8275 117 13 138 200 65 209 233 243 165 209 209 243 164 235 234 168
643089 39715 7649 7 186 0 242 131 30002 139 65368 34661 35693 8275 138 200 65 209 233 243 165 209 209 243 164 235 234 168 64 117
643091 39715 7651 7 186 7 242 131 30002 139 65368 34661 35693 8275 65 209 233 243 165 209 209 243 164 235 234 168 64 117 8 37
643092 39715 7652 7 186 8 242 131 30002 139 65368 34661 35693 8275 209 233 243 165 209 209 243 164 235 234 168 64 117 8 37 63
643094 39715 7654 7 186 4 242 131 30002 139 65368 34661 35693 8275 243 165 209 209 243 164 235 234 168 64 117 8 37 63 0 64
643096 39715 7656 7 186 0 242 139 30010 139 65368 34661 35693 8275 209 209 243 164 235 234 168 64 117 8 37 63 0 64 3 248
643098 39715 7658 7 186 0 242 139 30010 139 65368 34661 35693 8275 243 164 235 234 168 64 117 8 37 63 0 64 3 248 235 222
643100 39715 7660 7 186 0 242 139 30010 139 65368 34661 35693 8275 235 234 168 64 117 8 37 63 0 64 3 248 235 222 138 200
643080 39715 7640 7 186 0 242 139 30010 139 65368 34661 35693 8275 59 245 116 54 172 168 128 117 13 138 200 65 209 233 243 165
643082 39715 7642 7 186 0 242 139 30010 139 65368 34661 35693 8275 116 54 172 168 128 117 13 138 200 65 209 233 243 165 209 209
643138 39715 7698 7 186 0 242 139 30010 139 65368 34661 35693 8275 67 67 46 255 14 100 11 117 163 144 195 144 86 83 81 139
643139 39715 7699 7 187 0 242 139 30010 139 65368 34661 35693 8275 67 46 255 14 100 11 117 163 144 195 144 86 83 81 139 52
643140 39715 7700 7 188 0 242 139 30010 139 65368 34661 35693 8275 46 255 14 100 11 117 163 144 195 144 86 83 81 139 52 232
643145 39715 7705 7 188 0 242 139 30010 139 65368 34661 35693 8275 117 163 144 195 144 86 83 81 139 52 232 12 0 89 91 94
643054 39715 7614 7 188 0 242 139 30010 139 65368 34661 35693 8275 173 11 192 116 79 129 251 144 1 115 71 139 238 3 232 46
643055 39715 7615 8 188 0 242 141 30010 139 65368 34661 35693 8275 11 192 116 79 129 251 144 1 115 71 139 238 3 232 46 139
643057 39715 7617 8 188 0 242 141 30010 139 65368 34661 35693 8275 116 79 129 251 144 1 115 71 139 238 3 232 46 139 191 156
643059 39715 7619 8 188 0 242 141 30010 139 65368 34661 35693 8275 129 251 144 1 115 71 139 238 3 232 46 139 191 156 6 3
643063 39715 7623 8 188 0 242 141 30010 139 65368 34661 35693 8275 115 71 139 238 3 232 46 139 191 156 6 3 250 173 3 248
643065 39715 7625 8 188 0 242 141 30010 139 65368 34661 35693 8275 139 238 3 232 46 139 191 156 6 3 250 173 3 248 144 59
643067 39715 7627 8 188 0 242 141 30010 141 65368 34661 35693 8275 3 232 46 139 191 156 6 3 250 173 3 248 144 59 245 116
643069 39715 7629 8 188 0 242 141 30010 149 65368 34661 35693 8275 46 139 191 156 6 3 250 173 3 248 144 59 245 116 54 172
643074 39715 7634 8 188 0 242 141 30080 149 65368 34661 35693 8275 3 250 173 3 248 144 59 245 116 54 172 168 128 117 13 138
643076 39715 7636 8 188 0 242 141 30322 149 65368 34661 35693 8275 173 3 248 144 59 245 116 54 172 168 128 117 13 138 200 65
643077 39715 7637 4 188 0 242 143 30322 149 65368 34661 35693 8275 3 248 144 59 245 116 54 172 168 128 117 13 138 200 65 209
643079 39715 7639 4 188 0 242 143 30326 149 65368 34661 35693 8275 144 59 245 116 54 172 168 128 117 13 138 200 65 209 233 243
643080 39715 7640 4 188 0 242 143 30326 149 65368 34661 35693 8275 59 245 116 54 172 168 128 117 13 138 200 65 209 233 243 165
643082 39715 7642 4 188 0 242 143 30326 149 65368 34661 35693 8275 116 54 172 168 128 117 13 138 200 65 209 233 243 165 209 209
643084 39715 7644 4 188 0 242 143 30326 149 65368 34661 35693 8275 172 168 128 117 13 138 200 65 209 233 243 165 209 209 243 164
643085 39715 7645 2 188 0 242 144 30326 149 65368 34661 35693 8275 168 128 117 13 138 200 65 209 233 243 165 209 209 243 164 235
643087 39715 7647 2 188 0 242 144 30326 149 65368 34661 35693 8275 117 13 138 200 65 209 233 243 165 209 209 243 164 235 234 168
643089 39715 7649 2 188 0 242 144 30326 149 65368 34661 35693 8275 138 200 65 209 233 243 165 209 209 243 164 235 234 168 64 117
643091 39715 7651 2 188 2 242 144 30326 149 65368 34661 35693 8275 65 209 233 243 165 209 209 243 164 235 234 168 64 117 8 37
643092 39715 7652 2 188 3 242 144 30326 149 65368 34661 35693 8275 209 233 243 165 209 209 243 164 235 234 168 64 117 8 37 63
643094 39715 7654 2 188 1 242 144 30326 149 65368 34661 35693 8275 243 165 209 209 243 164 235 234 168 64 117 8 37 63 0 64
643096 39715 7656 2 188 0 242 146 30328 149 65368 34661 35693 8275 209 209 243 164 235 234 168 64 117 8 37 63 0 64 3 248
643098 39715 7658 2 188 1 242 146 30328 149 65368 34661 35693 8275 243 164 235 234 168 64 117 8 37 63 0 64 3 248 235 222
643100 39715 7660 2 188 0 242 147 30329 149 65368 34661 35693 8275 235 234 168 64 117 8 37 63 0 64 3 248 235 222 138 200
643080 39715 7640 2 188 0 242 147 30329 149 65368 34661 35693 8275 59 245 116 54 172 168 128 117 13 138 200 65 209 233 243 165
643082 39715 7642 2 188 0 242 147 30329 149 65368 34661 35693 8275 116 54 172 168 128 117 13 138 200 65 209 233 243 165 209 209
643084 39715 7644 2 188 0 242 147 30329 149 65368 34661 35693 8275 172 168 128 117 13 138 200 65 209 233 243 165 209 209 243 164
643085 39715 7645 0 188 0 242 148 30329 149 65368 34661 35693 8275 168 128 117 13 138 200 65 209 233 243 165 209 209 243 164 235
643087 39715 7647 0 188 0 242 148 30329 149 65368 34661 35693 8275 117 13 138 200 65 209 233 243 165 209 209 243 164 235 234 168
643089 39715 7649 0 188 0 242 148 30329 149 65368 34661 35693 8275 138 200 65 209 233 243 165 209 209 243 164 235 234 168 64 117
643091 39715 7651 0 188 0 242 148 30329 149 65368 34661 35693 8275 65 209 233 243 165 209 209 243 164 235 234 168 64 117 8 37
643092 39715 7652 0 188 1 242 148 30329 149 65368 34661 35693 8275 209 233 243 165 209 209 243 164 235 234 168 64 117 8 37 63
643094 39715 7654 0 188 0 242 148 30329 149 65368 34661 35693 8275 243 165 209 209 243 164 235 234 168 64 117 8 37 63 0 64
643096 39715 7656 0 188 0 242 148 30329 149 65368 34661 35693 8275 209 209 243 164 235 234 168 64 117 8 37 63 0 64 3 248
643098 39715 7658 0 188 1 242 148 30329 149 65368 34661 35693 8275 243 164 235 234 168 64 117 8 37 63 0 64 3 248 235 222
643100 39715 7660 0 188 0 242 149 30330 149 65368 34661 35693 8275 235 234 168 64 117 8 37 63 0 64 3 248 235 222 138 200
643080 39715 7640 0 188 0 242 149 30330 149 65368 34661 35693 8275 59 245 116 54 172 168 128 117 13 138 200 65 209 233 243 165
643082 39715 7642 0 188 0 242 149 30330 149 65368 34661 35693 8275 116 54 172 168 128 117 13 138 200 65 209 233 243 165 209 209
643138 39715 7698 0 188 0 242 149 30330 149 65368 34661 35693 8275 67 67 46 255 14 100 11 117 163 144 195 144 86 83 81 139
643139 39715 7699 0 189 0 242 149 30330 149 65368 34661 35693 8275 67 46 255 14 100 11 117 163 144 195 144 86 83 81 139 52
643140 39715 7700 0 190 0 242 149 30330 149 65368 34661 35693 8275 46 255 14 100 11 117 163 144 195 144 86 83 81 139 52 232
643145 39715 7705 0 190 0 242 149 30330 149 65368 34661 35693 8275 117 163 144 195 144 86 83 81 139 52 232 12 0 89 91 94
643147 39715 7707 0 190 0 242 149 30330 149 65368 34661 35693 8275 144 195 144 86 83 81 139 52 232 12 0 89 91 94 70 70
643148 39715 7708 0 190 0 242 149 30330 149 65368 34661 35693 8275 195 144 86 83 81 139 52 232 12 0 89 91 94 70 70 139
643022 39715 7582 0 190 0 242 149 30330 149 65370 34661 35693 8275 89 91 94 70 70 139 52 11 246 116 115 144 173 3 200 139
643023 39715 7583 0 190 242 242 149 30330 149 65372 34661 35693 8275 91 94 70 70 139 52 11 246 116 115 144 173 3 200 139 209
643024 39715 7584 0 84 242 242 149 30330 149 65374 34661 35693 8275 94 70 70 139 52 11 246 116 115 144 173 3 200 139 209 70
643025 39715 7585 0 84 242 242 2 30330 149 65376 34661 35693 8275 70 70 139 52 11 246 116 115 144 173 3 200 139 209 70 70
643026 39715 7586 0 84 242 242 3 30330 149 65376 34661 35693 8275 70 139 52 11 246 116 115 144 173 3 200 139 209 70 70 173
643027 39715 7587 0 84 242 242 4 30330 149 65376 34661 35693 8275 139 52 11 246 116 115 144 173 3 200 139 209 70 70 173 3
643029 39715 7589 0 84 242 242 0 30330 149 65376 34661 35693 8275 11 246 116 115 144 173 3 200 139 209 70 70 173 3 216 209
643031 39715 7591 0 84 242 242 0 30330 149 65376 34661 35693 8275 116 115 144 173 3 200 139 209 70 70 173 3 216 209 227 173
643148 39715 7708 0 84 242 242 0 30330 149 65376 34661 35693 8275 195 144 86 83 81 139 52 232 12 0 89 91 94 70 70 139
640858 39715 5418 0 84 242 242 0 30330 149 65378 34661 35693 8275 95 94 31 93 195 144 85 30 86 87 140 200 142 216 128 62
640859 39715 5419 0 84 242 242 0 30978 149 65380 34661 35693 8275 94 31 93 195 144 85 30 86 87 140 200 142 216 128 62 113
640860 39715 5420 0 84 242 242 30978 30978 149 65382 34661 35693 8275 31 93 195 144 85 30 86 87 140 200 142 216 128 62 113 14
640861 39715 5421 0 84 242 242 30978 30978 149 65384 19640 35693 8275 93 195 144 85 30 86 87 140 200 142 216 128 62 113 14 0
640862 39715 5422 0 84 242 242 30978 30978 65394 65386 19640 35693 8275 195 144 85 30 86 87 140 200 142 216 128 62 113 14 0 116
639327 39715 3887 0 84 242 242 30978 30978 65394 65388 19640 35693 8275 232 60 6 95 94 31 93 203 144 85 139 236 30 86 87 43
640926 39715 5486 0 84 242 242 30978 30978 65394 65386 19640 35693 8275 46 128 62 113 14 0 116 58 85 30 46 161 64 11 46 139
640932 39715 5492 0 84 242 242 30978 30978 65394 65386 19640 35693 8275 116 58 85 30 46 161 64 11 46 139 30 66 11 46 139 14
640934 39715 5494 0 84 242 242 30978 30978 65394 65386 19640 35693 8275 85 30 46 161 64 11 46 139 30 66 11 46 139 14 72 11
640935 39715 5495 0 84 242 242 30978 30978 65394 65384 19640 35693 8275 30 46 161 64 11 46 139 30 66 11 46 139 14 72 11 46
640936 39715 5496 0 84 242 242 30978 30978 65394 65382 19640 35693 8275 46 161 64 11 46 139 30 66 11 46 139 14 72 11 46 139
640940 39715 5500 242 84 242 242 30978 30978 65394 65382 19640 35693 8275 46 139 30 66 11 46 139 14 72 11 46 139 22 74 11 232
640945 39715 5505 242 84 242 242 30978 30978 65394 65382 19640 35693 8275 46 139 14 72 11 46 139 22 74 11 232 40 20 46 161 60
640950 39715 5510 242 84 11 242 30978 30978 65394 65382 19640 35693 8275 46 139 22 74 11 232 40 20 46 161 60 11 46 139 30 62
640955 39715 5515 242 84 11 16 30978 30978 65394 65382 19640 35693 8275 232 40 20 46 161 60 11 46 139 30 62 11 46 139 14 68
646118 39715 10678 242 84 11 16 30978 30978 65394 65380 19640 35693 8275 30 6 85 46 142 30 246 9 46 142 6 244 9 209 227 129
646119 39715 10679 242 84 11 16 30978 30978 65394 65378 19640 35693 8275 6 85 46 142 30 246 9 46 142 6 244 9 209 227 129 195
646120 39715 10680 242 84 11 16 30978 30978 65394 65376 19640 35693 8275 85 46 142 30 246 9 46 142 6 244 9 209 227 129 195 156
646121 39715 10681 242 84 11 16 30978 30978 65394 65374 19640 35693 8275 46 142 30 246 9 46 142 6 244 9 209 227 129 195 156 6
646126 39715 10686 242 84 11 16 30978 30978 65394 65374 35693 35693 8275 46 142 6 244 9 209 227 129 195 156 6 139 233 46 139 54
646131 39715 10691 242 84 11 16 30978 30978 65394 65374 35693 40960 8275 209 227 129 195 156 6 139 233 46 139 54 188 9 78 121 29
646133 39715 10693 242 168 11 16 30978 30978 65394 65374 35693 40960 8275 129 195 156 6 139 233 46 139 54 188 9 78 121 29 144 46
646137 39715 10697 242 1860 11 16 30978 30978 65394 65374 35693 40960 8275 139 233 46 139 54 188 9 78 121 29 144 46 139 63 3 248
646139 39715 10699 242 1860 11 16 30978 30978 11 65374 35693 40960 8275 46 139 54 188 9 78 121 29 144 46 139 63 3 248 139 247
646144 39715 10704 242 1860 11 16 0 30978 11 65374 35693 40960 8275 78 121 29 144 46 139 63 3 248 139 247 139 202 209 233 243
646145 39715 10705 242 1860 11 16 65535 30978 11 65374 35693 40960 8275 121 29 144 46 139 63 3 248 139 247 139 202 209 233 243 165
646147 39715 10707 242 1860 11 16 65535 30978 11 65374 35693 40960 8275 144 46 139 63 3 248 139 247 139 202 209 233 243 165 209 209
646148 39715 10708 242 1860 11 16 65535 30978 11 65374 35693 40960 8275 46 139 63 3 248 139 247 139 202 209 233 243 165 209 209 243
646151 39715 10711 242 1860 11 16 65535 26880 11 65374 35693 40960 8275 3 248 139 247 139 202 209 233 243 165 209 209 243 164 131 195
646153 39715 10713 242 1860 11 16 65535 27122 11 65374 35693 40960 8275 139 247 139 202 209 233 243 165 209 209 243 164 131 195 2 77
646155 39715 10715 242 1860 11 16 27122 27122 11 65374 35693 40960 8275 139 202 209 233 243 165 209 209 243 164 131 195 2 77 117 233
646157 39715 10717 242 1860 16 16 27122 27122 11 65374 35693 40960 8275 209 233 243 165 209 209 243 164 131 195 2 77 117 233 93 7
646159 39715 10719 242 1860 8 16 27122 27122 11 65374 35693 40960 8275 243 165 209 209 243 164 131 195 2 77 117 233 93 7 31 195
646161 39715 10721 242 1860 0 16 27138 27138 11 65374 35693 40960 8275 209 209 243 164 131 195 2 77 117 233 93 7 31 195 144 78
646163 39715 10723 242 1860 0 16 27138 27138 11 65374 35693 40960 8275 243 164 131 195 2 77 117 233 93 7 31 195 144 78 120 3
646165 39715 10725 242 1860 0 16 27138 27138 11 65374 35693 40960 8275 131 195 2 77 117 233 93 7 31 195 144 78 120 3 233 158
646168 39715 10728 242 1862 0 16 27138 27138 11 65374 35693 40960 8275 77 117 233 93 7 31 195 144 78 120 3 233 158 0 36 254
646169 39715 10729 242 1862 0 16 27138 27138 10 65374 35693 40960 8275 117 233 93 7 31 195 144 78 120 3 233 158 0 36 254 46
646148 39715 10708 242 1862 0 16 27138 27138 10 65374 35693 40960 8275 46 139 63 3 248 139 247 139 202 209 233 243 165 209 209 243
646151 39715 10711 242 1862 0 16 27138 27200 10 65374 35693 40960 8275 3 248 139 247 139 202 209 233 243 165 209 209 243 164 131 195
646153 39715 10713 242 1862 0 16 27138 27442 10 65374 35693 40960 8275 139 247 139 202 209 233 243 165 209 209 243 164 131 195 2 77
646155 39715 10715 242 1862 0 16 27442 27442 10 65374 35693 40960 8275 139 202 209 233 243 165 209 209 243 164 131 195 2 77 117 233
646157 39715 10717 242 1862 16 16 27442 27442 10 65374 35693 40960 8275 209 233 243 165 209 209 243 164 131 195 2 77 117 233 93 7
646159 39715 10719 242 1862 8 16 27442 27442 10 65374 35693 40960 8275 243 165 209 209 243 164 131 195 2 77 117 233 93 7 31 195
646161 39715 10721 242 1862 0 16 27458 27458 10 65374 35693 40960 8275 209 209 243 164 131 195 2 77 117 233 93 7 31 195 144 78
646163 39715 10723 242 1862 0 16 27458 27458 10 65374 35693 40960 8275 243 164 131 195 2 77 117 233 93 7 31 195 144 78 120 3
646165 39715 10725 242 1862 0 16 27458 27458 10 65374 35693 40960 8275 131 195 2 77 117 233 93 7 31 195 144 78 120 3 233 158
646168 39715 10728 242 1864 0 16 27458 27458 10 65374 35693 40960 8275 77 117 233 93 7 31 195 144 78 120 3 233 158 0 36 254
646169 39715 10729 242 1864 0 16 27458 27458 9 65374 35693 40960 8275 117 233 93 7 31 195 144 78 120 3 233 158 0 36 254 46
646148 39715 10708 242 1864 0 16 27458 27458 9 65374 35693 40960 8275 46 139 63 3 248 139 247 139 202 209 233 243 165 209 209 243
646151 39715 10711 242 1864 0 16 27458 27520 9 65374 35693 40960 8275 3 248 139 247 139 202 209 233 243 165 209 209 243 164 131 195
646153 39715 10713 242 1864 0 16 27458 27762 9 65374 35693 40960 8275 139 247 139 202 209 233 243 165 209 209 243 164 131 195 2 77
646155 39715 10715 242 1864 0 16 27762 27762 9 65374 35693 40960 8275 139 202 209 233 243 165 209 209 243 164 131 195 2 77 117 233
646157 39715 10717 242 1864 16 16 27762 27762 9 65374 35693 40960 8275 209 233 243 165 209 209 243 164 131 195 2 77 117 233 93 7
646159 39715 10719 242 1864 8 16 27762 27762 9 65374 35693 40960 8275 243 165 209 209 243 164 131 195 2 77 117 233 93 7 31 195
646161 39715 10721 242 1864 0 16 27778 27778 9 65374 35693 40960 8275 209 209 243 164 131 195 2 77 117 233 93 7 31 195 144 78
646163 39715 10723 242 1864 0 16 27778 27778 9 65374 35693 40960 8275 243 164 131 195 2 77 117 233 93 7 31 195 144 78 120 3
646165 39715 10725 242 1864 0 16 27778 27778 9 65374 35693 40960 8275 131 195 2 77 117 233 93 7 31 195 144 78 120 3 233 158
646168 39715 10728 242 1866 0 16 27778 27778 9 65374 35693 40960 8275 77 117 233 93 7 31 195 144 78 120 3 233 158 0 36 254
646169 39715 10729 242 1866 0 16 27778 27778 8 65374 35693 40960 8275 117 233 93 7 31 195 144 78 120 3 233 158 0 36 254 46
646148 39715 10708 242 1866 0 16 27778 27778 8 65374 35693 40960 8275 46 139 63 3 248 139 247 139 202 209 233 243 165 209 209 243
646151 39715 10711 242 1866 0 16 27778 27840 8 65374 35693 40960 8275 3 248 139 247 139 202 209 233 243 165 209 209 243 164 131 195
646153 39715 10713 242 1866 0 16 27778 28082 8 65374 35693 40960 8275 139 247 139 202 209 233 243 165 209 209 243 164 131 195 2 77
646155 39715 10715 242 1866 0 16 28082 28082 8 65374 35693 40960 8275 139 202 209 233 243 165 209 209 243 164 131 195 2 77 117 233
646157 39715 10717 242 1866 16 16 28082 28082 8 65374 35693 40960 8275 209 233 243 165 209 209 243 164 131 195 2 77 117 233 93 7
646159 39715 10719 242 1866 8 16 28082 28082 8 65374 35693 40960 8275 243 165 209 209 243 164 131 195 2 77 117 233 93 7 31 195
646161 39715 10721 242 1866 0 16 28098 28098 8 65374 35693 40960 8275 209 209 243 164 131 195 2 77 117 233 93 7 31 195 144 78
646163 39715 10723 242 1866 0 16 28098 28098 8 65374 35693 40960 8275 243 164 131 195 2 77 117 233 93 7 31 195 144 78 120 3
646165 39715 10725 242 1866 0 16 28098 28098 8 65374 35693 40960 8275 131 195 2 77 117 233 93 7 31 195 144 78 120 3 233 158
646168 39715 10728 242 1868 0 16 28098 28098 8 65374 35693 40960 8275 77 117 233 93 7 31 195 144 78 120 3 233 158 0 36 254
646169 39715 10729 242 1868 0 16 28098 28098 7 65374 35693 40960 8275 117 233 93 7 31 195 144 78 120 3 233 158 0 36 254 46
646148 39715 10708 242 1868 0 16 28098 28098 7 65374 35693 40960 8275 46 139 63 3 248 139 247 139 202 209 233 243 165 209 209 243
646151 39715 10711 242 1868 0 16 28098 28160 7 65374 35693 40960 8275 3 248 139 247 139 202 209 233 243 165 209 209 243 164 131 195
646153 39715 10713 242 1868 0 16 28098 28402 7 65374 35693 40960 8275 139 247 139 202 209 233 243 165 209 209 243 164 131 195 2 77
646155 39715 10715 242 1868 0 16 28402 28402 7 65374 35693 40960 8275 139 202 209 233 243 165 209 209 243 164 131 195 2 77 117 233
646157 39715 10717 242 1868 16 16 28402 28402 7 65374 35693 40960 8275 209 233 243 165 209 209 243 164 131 195 2 77 117 233 93 7
646159 39715 10719 242 1868 8 16 28402 28402 7 65374 35693 40960 8275 243 165 209 209 243 164 131 195 2 77 117 233 93 7 31 195
646161 39715 10721 242 1868 0 16 28418 28418 7 65374 35693 40960 8275 209 209 243 164 131 195 2 77 117 233 93 7 31 195 144 78
646163 39715 10723 242 1868 0 16 28418 28418 7 65374 35693 40960 8275 243 164 131 195 2 77 117 233 93 7 31 195 144 78 120 3
646165 39715 10725 242 1868 0 16 28418 28418 7 65374 35693 40960 8275 131 195 2 77 117 233 93 7 31 195 144 78 120 3 233 158
646168 39715 10728 242 1870 0 16 28418 28418 7 65374 35693 40960 8275 77 117 233 93 7 31 195 144 78 120 3 233 158 0 36 254
646169 39715 10729 242 1870 0 16 28418 28418 6 65374 35693 40960 8275 117 233 93 7 31 195 144 78 120 3 233 158 0 36 254 46
646148 39715 10708 242 1870 0 16 28418 28418 6 65374 35693 40960 8275 46 139 63 3 248 139 247 139 202 209 233 243 165 209 209 243
646151 39715 10711 242 1870 0 16 28418 28480 6 65374 35693 40960 8275 3 248 139 247 139 202 209 233 243 165 209 209 243 164 131 195
646153 39715 10713 242 1870 0 16 28418 28722 6 65374 35693 40960 8275 139 247 139 202 209 233 243 165 209 209 243 164 131 195 2 77
646155 39715 10715 242 1870 0 16 28722 28722 6 65374 35693 40960 8275 139 202 209 233 243 165 209 209 243 164 131 195 2 77 117 233
646157 39715 10717 242 1870 16 16 28722 28722 6 65374 35693 40960 8275 209 233 243 165 209 209 243 164 131 195 2 77 117 233 93 7
646159 39715 10719 242 1870 8 16 28722 28722 6 65374 35693 40960 8275 243 165 209 209 243 164 131 195 2 77 117 233 93 7 31 195
646161 39715 10721 242 1870 0 16 28738 28738 6 65374 35693 40960 8275 209 209 243 164 131 195 2 77 117 233 93 7 31 195 144 78
646163 39715 10723 242 1870 0 16 28738 28738 6 65374 35693 40960 8275 243 164 131 195 2 77 117 233 93 7 31 195 144 78 120 3
646165 39715 10725 242 1870 0 16 28738 28738 6 65374 35693 40960 8275 131 195 2 77 117 233 93 7 31 195 144 78 120 3 233 158
646168 39715 10728 242 1872 0 16 28738 28738 6 65374 35693 40960 8275 77 117 233 93 7 31 195 144 78 120 3 233 158 0 36 254
646169 39715 10729 242 1872 0 16 28738 28738 5 65374 35693 40960 8275 117 233 93 7 31 195 144 78 120 3 233 158 0 36 254 46
646148 39715 10708 242 1872 0 16 28738 28738 5 65374 35693 40960 8275 46 139 63 3 248 139 247 139 202 209 233 243 165 209 209 243
646151 39715 10711 242 1872 0 16 28738 28800 5 65374 35693 40960 8275 3 248 139 247 139 202 209 233 243 165 209 209 243 164 131 195
646153 39715 10713 242 1872 0 16 28738 29042 5 65374 35693 40960 8275 139 247 139 202 209 233 243 165 209 209 243 164 131 195 2 77
646155 39715 10715 242 1872 0 16 29042 29042 5 65374 35693 40960 8275 139 202 209 233 243 165 209 209 243 164 131 195 2 77 117 233
646157 39715 10717 242 1872 16 16 29042 29042 5 65374 35693 40960 8275 209 233 243 165 209 209 243 164 131 195 2 77 117 233 93 7
646159 39715 10719 242 1872 8 16 29042 29042 5 65374 35693 40960 8275 243 165 209 209 243 164 131 195 2 77 117 233 93 7 31 195
646161 39715 10721 242 1872 0 16 29058 29058 5 65374 35693 40960 8275 209 209 243 164 131 195 2 77 117 233 93 7 31 195 144 78
646163 39715 10723 242 1872 0 16 29058 29058 5 65374 35693 40960 8275 243 164 131 195 2 77 117 233 93 7 31 195 144 78 120 3
646165 39715 10725 242 1872 0 16 29058 29058 5 65374 35693 40960 8275 131 195 2 77 117 233 93 7 31 195 144 78 120 3 233 158
646168 39715 10728 242 1874 0 16 29058 29058 5 65374 35693 40960 8275 77 117 233 93 7 31 195 144 78 120 3 233 158 0 36 254
646169 39715 10729 242 1874 0 16 29058 29058 4 65374 35693 40960 8275 117 233 93 7 31 195 144 78 120 3 233 158 0 36 254 46
646148 39715 10708 242 1874 0 16 29058 29058 4 65374 35693 40960 8275 46 139 63 3 248 139 247 139 202 209 233 243 165 209 209 243
646151 39715 10711 242 1874 0 16 29058 29120 4 65374 35693 40960 8275 3 248 139 247 139 202 209 233 243 165 209 209 243 164 131 195
646153 39715 10713 242 1874 0 16 29058 29362 4 65374 35693 40960 8275 139 247 139 202 209 233 243 165 209 209 243 164 131 195 2 77
646155 39715 10715 242 1874 0 16 29362 29362 4 65374 35693 40960 8275 139 202 209 233 243 165 209 209 243 164 131 195 2 77 117 233
646157 39715 10717 242 1874 16 16 29362 29362 4 65374 35693 40960 8275 209 233 243 165 209 209 243 164 131 195 2 77 117 233 93 7
646159 39715 10719 242 1874 8 16 29362 29362 4 65374 35693 40960 8275 243 165 209 209 243 164 131 195 2 77 117 233 93 7 31 195
646161 39715 10721 242 1874 0 16 29378 29378 4 65374 35693 40960 8275 209 209 243 164 131 195 2 77 117 233 93 7 31 195 144 78
646163 39715 10723 242 1874 0 16 29378 29378 4 65374 35693 40960 8275 243 164 131 195 2 77 117 233 93 7 31 195 144 78 120 3
646165 39715 10725 242 1874 0 16 29378 29378 4 65374 35693 40960 8275 131 195 2 77 117 233 93 7 31 195 144 78 120 3 233 158
646168 39715 10728 242 1876 0 16 29378 29378 4 65374 35693 40960 8275 77 117 233 93 7 31 195 144 78 120 3 233 158 0 36 254
646169 39715 10729 242 1876 0 16 29378 29378 3 65374 35693 40960 8275 117 233 93 7 31 195 144 78 120 3 233 158 0 36 254 46
646148 39715 10708 242 1876 0 16 29378 29378 3 65374 35693 40960 8275 46 139 63 3 248 139 247 139 202 209 233 243 165 209 209 243
646151 39715 10711 242 1876 0 16 29378 29440 3 65374 35693 40960 8275 3 248 139 247 139 202 209 233 243 165 209 209 243 164 131 195
646153 39715 10713 242 1876 0 16 29378 29682 3 65374 35693 40960 8275 139 247 139 202 209 233 243 165 209 209 243 164 131 195 2 77
646155 39715 10715 242 1876 0 16 29682 29682 3 65374 35693 40960 8275 139 202 209 233 243 165 209 209 243 164 131 195 2 77 117 233
646157 39715 10717 242 1876 16 16 29682 29682 3 65374 35693 40960 8275 209 233 243 165 209 209 243 164 131 195 2 77 117 233 93 7
646159 39715 10719 242 1876 8 16 29682 29682 3 65374 35693 40960 8275 243 165 209 209 243 164 131 195 2 77 117 233 93 7 31 195
646161 39715 10721 242 1876 0 16 29698 29698 3 65374 35693 40960 8275 209 209 243 164 131 195 2 77 117 233 93 7 31 195 144 78
646163 39715 10723 242 1876 0 16 29698 29698 3 65374 35693 40960 8275 243 164 131 195 2 77 117 233 93 7 31 195 144 78 120 3
646165 39715 10725 242 1876 0 16 29698 29698 3 65374 35693 40960 8275 131 195 2 77 117 233 93 7 31 195 144 78 120 3 233 158
646168 39715 10728 242 1878 0 16 29698 29698 3 65374 35693 40960 8275 77 117 233 93 7 31 195 144 78 120 3 233 158 0 36 254
646169 39715 10729 242 1878 0 16 29698 29698 2 65374 35693 40960 8275 117 233 93 7 31 195 144 78 120 3 233 158 0 36 254 46
646148 39715 10708 242 1878 0 16 29698 29698 2 65374 35693 40960 8275 46 139 63 3 248 139 247 139 202 209 233 243 165 209 209 243
646151 39715 10711 242 1878 0 16 29698 29760 2 65374 35693 40960 8275 3 248 139 247 139 202 209 233 243 165 209 209 243 164 131 195
646153 39715 10713 242 1878 0 16 29698 30002 2 65374 35693 40960 8275 139 247 139 202 209 233 243 165 209 209 243 164 131 195 2 77
646155 39715 10715 242 1878 0 16 30002 30002 2 65374 35693 40960 8275 139 202 209 233 243 165 209 209 243 164 131 195 2 77 117 233
646157 39715 10717 242 1878 16 16 30002 30002 2 65374 35693 40960 8275 209 233 243 165 209 209 243 164 131 195 2 77 117 233 93 7
646159 39715 10719 242 1878 8 16 30002 30002 2 65374 35693 40960 8275 243 165 209 209 243 164 131 195 2 77 117 233 93 7 31 195
646161 39715 10721 242 1878 0 16 30018 30018 2 65374 35693 40960 8275 209 209 243 164 131 195 2 77 117 233 93 7 31 195 144 78
646163 39715 10723 242 1878 0 16 30018 30018 2 65374 35693 40960 8275 243 164 131 195 2 77 117 233 93 7 31 195 144 78 120 3
646165 39715 10725 242 1878 0 16 30018 30018 2 65374 35693 40960 8275 131 195 2 77 117 233 93 7 31 195 144 78 120 3 233 158
646168 39715 10728 242 1880 0 16 30018 30018 2 65374 35693 40960 8275 77 117 233 93 7 31 195 144 78 120 3 233 158 0 36 254
646169 39715 10729 242 1880 0 16 30018 30018 1 65374 35693 40960 8275 117 233 93 7 31 195 144 78 120 3 233 158 0 36 254 46
646148 39715 10708 242 1880 0 16 30018 30018 1 65374 35693 40960 8275 46 139 63 3 248 139 247 139 202 209 233 243 165 209 209 243
646151 39715 10711 242 1880 0 16 30018 30080 1 65374 35693 40960 8275 3 248 139 247 139 202 209 233 243 165 209 209 243 164 131 195
646153 39715 10713 242 1880 0 16 30018 30322 1 65374 35693 40960 8275 139 247 139 202 209 233 243 165 209 209 243 164 131 195 2 77
646155 39715 10715 242 1880 0 16 30322 30322 1 65374 35693 40960 8275 139 202 209 233 243 165 209 209 243 164 131 195 2 77 117 233
646157 39715 10717 242 1880 16 16 30322 30322 1 65374 35693 40960 8275 209 233 243 165 209 209 243 164 131 195 2 77 117 233 93 7
646159 39715 10719 242 1880 8 16 30322 30322 1 65374 35693 40960 8275 243 165 209 209 243 164 131 195 2 77 117 233 93 7 31 195
646161 39715 10721 242 1880 0 16 30338 30338 1 65374 35693 40960 8275 209 209 243 164 131 195 2 77 117 233 93 7 31 195 144 78
646163 39715 10723 242 1880 0 16 30338 30338 1 65374 35693 40960 8275 243 164 131 195 2 77 117 233 93 7 31 195 144 78 120 3
646165 39715 10725 242 1880 0 16 30338 30338 1 65374 35693 40960 8275 131 195 2 77 117 233 93 7 31 195 144 78 120 3 233 158
646168 39715 10728 242 1882 0 16 30338 30338 1 65374 35693 40960 8275 77 117 233 93 7 31 195 144 78 120 3 233 158 0 36 254
646169 39715 10729 242 1882 0 16 30338 30338 0 65374 35693 40960 8275 117 233 93 7 31 195 144 78 120 3 233 158 0 36 254 46
646171 39715 10731 242 1882 0 16 30338 30338 0 65374 35693 40960 8275 93 7 31 195 144 78 120 3 233 158 0 36 254 46 163 98
646172 39715 10732 242 1882 0 16 30338 30338 65394 65376 35693 40960 8275 7 31 195 144 78 120 3 233 158 0 36 254 46 163 98 11
646173 39715 10733 242 1882 0 16 30338 30338 65394 65378 35693 35693 8275 31 195 144 78 120 3 233 158 0 36 254 46 163 98 11 209
646174 39715 10734 242 1882 0 16 30338 30338 65394 65380 19640 35693 8275 195 144 78 120 3 233 158 0 36 254 46 163 98 11 209 232
640958 39715 5518 242 1882 0 16 30338 30338 65394 65382 19640 35693 8275 46 161 60 11 46 139 30 62 11 46 139 14 68 11 46 139
640962 39715 5522 242 1882 0 16 30338 30338 65394 65382 19640 35693 8275 46 139 30 62 11 46 139 14 68 11 46 139 22 70 11 46
640967 39715 5527 242 84 0 16 30338 30338 65394 65382 19640 35693 8275 46 139 14 68 11 46 139 22 70 11 46 137 14 72 11 46
640972 39715 5532 242 84 11 16 30338 30338 65394 65382 19640 35693 8275 46 139 22 70 11 46 137 14 72 11 46 137 22 74 11 232
640977 39715 5537 242 84 11 16 30338 30338 65394 65382 19640 35693 8275 46 137 14 72 11 46 137 22 74 11 232 8 20 31 93 195
640982 39715 5542 242 84 11 16 30338 30338 65394 65382 19640 35693 8275 46 137 22 74 11 232 8 20 31 93 195 144 85 139 236 30
640987 39715 5547 242 84 11 16 30338 30338 65394 65382 19640 35693 8275 232 8 20 31 93 195 144 85 139 236 30 6 86 87 46 198
646118 39715 10678 242 84 11 16 30338 30338 65394 65380 19640 35693 8275 30 6 85 46 142 30 246 9 46 142 6 244 9 209 227 129
646119 39715 10679 242 84 11 16 30338 30338 65394 65378 19640 35693 8275 6 85 46 142 30 246 9 46 142 6 244 9 209 227 129 195
646120 39715 10680 242 84 11 16 30338 30338 65394 65376 19640 35693 8275 85 46 142 30 246 9 46 142 6 244 9 209 227 129 195 156
646121 39715 10681 242 84 11 16 30338 30338 65394 65374 19640 35693 8275 46 142 30 246 9 46 142 6 244 9 209 227 129 195 156 6
646126 39715 10686 242 84 11 16 30338 30338 65394 65374 35693 35693 8275 46 142 6 244 9 209 227 129 195 156 6 139 233 46 139 54
646131 39715 10691 242 84 11 16 30338 30338 65394 65374 35693 40960 8275 209 227 129 195 156 6 139 233 46 139 54 188 9 78 121 29
646133 39715 10693 242 168 11 16 30338 30338 65394 65374 35693 40960 8275 129 195 156 6 139 233 46 139 54 188 9 78 121 29 144 46
646137 39715 10697 242 1860 11 16 30338 30338 65394 65374 35693 40960 8275 139 233 46 139 54 188 9 78 121 29 144 46 139 63 3 248
646139 39715 10699 242 1860 11 16 30338 30338 11 65374 35693 40960 8275 46 139 54 188 9 78 121 29 144 46 139 63 3 248 139 247
646144 39715 10704 242 1860 11 16 0 30338 11 65374 35693 40960 8275 78 121 29 144 46 139 63 3 248 139 247 139 202 209 233 243
646145 39715 10705 242 1860 11 16 65535 30338 11 65374 35693 40960 8275 121 29 144 46 139 63 3 248 139 247 139 202 209 233 243 165
646147 39715 10707 242 1860 11 16 65535 30338 11 65374 35693 40960 8275 144 46 139 63 3 248 139 247 139 202 209 233 243 165 209 209
646148 39715 10708 242 1860 11 16 65535 30338 11 65374 35693 40960 8275 46 139 63 3 248 139 247 139 202 209 233 243 165 209 209 243
646151 39715 10711 242 1860 11 16 65535 26880 11 65374 35693 40960 8275 3 248 139 247 139 202 209 233 243 165 209 209 243 164 131 195
646153 39715 10713 242 1860 11 16 65535 27122 11 65374 35693 40960 8275 139 247 139 202 209 233 243 165 209 209 243 164 131 195 2 77
646155 39715 10715 242 1860 11 16 27122 27122 11 65374 35693 40960 8275 139 202 209 233 243 165 209 209 243 164 131 195 2 77 117 233
646157 39715 10717 242 1860 16 16 27122 27122 11 65374 35693 40960 8275 209 233 243 165 209 209 243 164 131 195 2 77 117 233 93 7
646159 39715 10719 242 1860 8 16 27122 27122 11 65374 35693 40960 8275 243 165 209 209 243 164 131 195 2 77 117 233 93 7 31 195
646161 39715 10721 242 1860 0 16 27138 27138 11 65374 35693 40960 8275 209 209 243 164 131 195 2 77 117 233 93 7 31 195 144 78
646163 39715 10723 242 1860 0 16 27138 27138 11 65374 35693 40960 8275 243 164 131 195 2 77 117 233 93 7 31 195 144 78 120 3
646165 39715 10725 242 1860 0 16 27138 27138 11 65374 35693 40960 8275 131 195 2 77 117 233 93 7 31 195 144 78 120 3 233 158
646168 39715 10728 242 1862 0 16 27138 27138 11 65374 35693 40960 8275 77 117 233 93 7 31 195 144 78 120 3 233 158 0 36 254
646169 39715 10729 242 1862 0 16 27138 27138 10 65374 35693 40960 8275 117 233 93 7 31 195 144 78 120 3 233 158 0 36 254 46
646148 39715 10708 242 1862 0 16 27138 27138 10 65374 35693 40960 8275 46 139 63 3 248 139 247 139 202 209 233 243 165 209 209 243
646151 39715 10711 242 1862 0 16 27138 27200 10 65374 35693 40960 8275 3 248 139 247 139 202 209 233 243 165 209 209 243 164 131 195
646153 39715 10713 242 1862 0 16 27138 27442 10 65374 35693 40960 8275 139 247 139 202 209 233 243 165 209 209 243 164 131 195 2 77
646155 39715 10715 242 1862 0 16 27442 27442 10 65374 35693 40960 8275 139 202 209 233 243 165 209 209 243 164 131 195 2 77 117 233
646157 39715 10717 242 1862 16 16 27442 27442 10 65374 35693 40960 8275 209 233 243 165 209 209 243 164 131 195 2 77 117 233 93 7
646159 39715 10719 242 1862 8 16 27442 27442 10 65374 35693 40960 8275 243 165 209 209 243 164 131 195 2 77 117 233 93 7 31 195
646161 39715 10721 242 1862 0 16 27458 27458 10 65374 35693 40960 8275 209 209 243 164 131 195 2 77 117 233 93 7 31 195 144 78
646163 39715 10723 242 1862 0 16 27458 27458 10 65374 35693 40960 8275 243 164 131 195 2 77 117 233 93 7 31 195 144 78 120 3
646165 39715 10725 242 1862 0 16 27458 27458 10 65374 35693 40960 8275 131 195 2 77 117 233 93 7 31 195 144 78 120 3 233 158
646168 39715 10728 242 1864 0 16 27458 27458 10 65374 35693 40960 8275 77 117 233 93 7 31 195 144 78 120 3 233 158 0 36 254
646169 39715 10729 242 1864 0 16 27458 27458 9 65374 35693 40960 8275 117 233 93 7 31 195 144 78 120 3 233 158 0 36 254 46
646148 39715 10708 242 1864 0 16 27458 27458 9 65374 35693 40960 8275 46 139 63 3 248 139 247 139 202 209 233 243 165 209 209 243
646151 39715 10711 242 1864 0 16 27458 27520 9 65374 35693 40960 8275 3 248 139 247 139 202 209 233 243 165 209 209 243 164 131 195
646153 39715 10713 242 1864 0 16 27458 27762 9 65374 35693 40960 8275 139 247 139 202 209 233 243 165 209 209 243 164 131 195 2 77
646155 39715 10715 242 1864 0 16 27762 27762 9 65374 35693 40960 8275 139 202 209 233 243 165 209 209 243 164 131 195 2 77 117 233
646157 39715 10717 242 1864 16 16 27762 27762 9 65374 35693 40960 8275 209 233 243 165 209 209 243 164 131 195 2 77 117 233 93 7
646159 39715 10719 242 1864 8 16 27762 27762 9 65374 35693 40960 8275 243 165 209 209 243 164 131 195 2 77 117 233 93 7 31 195
646161 39715 10721 242 1864 0 16 27778 27778 9 65374 35693 40960 8275 209 209 243 164 131 195 2 77 117 233 93 7 31 195 144 78
646163 39715 10723 242 1864 0 16 27778 27778 9 65374 35693 40960 8275 243 164 131 195 2 77 117 233 93 7 31 195 144 78 120 3
646165 39715 10725 242 1864 0 16 27778 27778 9 65374 35693 40960 8275 131 195 2 77 117 233 93 7 31 195 144 78 120 3 233 158
646168 39715 10728 242 1866 0 16 27778 27778 9 65374 35693 40960 8275 77 117 233 93 7 31 195 144 78 120 3 233 158 0 36 254
646169 39715 10729 242 1866 0 16 27778 27778 8 65374 35693 40960 8275 117 233 93 7 31 195 144 78 120 3 233 158 0 36 254 46
646148 39715 10708 242 1866 0 16 27778 27778 8 65374 35693 40960 8275 46 139 63 3 248 139 247 139 202 209 233 243 165 209 209 243
646151 39715 10711 242 1866 0 16 27778 27840 8 65374 35693 40960 8275 3 248 139 247 139 202 209 233 243 165 209 209 243 164 131 195
646153 39715 10713 242 1866 0 16 27778 28082 8 65374 35693 40960 8275 139 247 139 202 209 233 243 165 209 209 243 164 131 195 2 77
646155 39715 10715 242 1866 0 16 28082 28082 8 65374 35693 40960 8275 139 202 209 233 243 165 209 209 243 164 131 195 2 77 117 233
646157 39715 10717 242 1866 16 16 28082 28082 8 65374 35693 40960 8275 209 233 243 165 209 209 243 164 131 195 2 77 117 233 93 7
646159 39715 10719 242 1866 8 16 28082 28082 8 65374 35693 40960 8275 243 165 209 209 243 164 131 195 2 77 117 233 93 7 31 195
646161 39715 10721 242 1866 0 16 28098 28098 8 65374 35693 40960 8275 209 209 243 164 131 195 2 77 117 233 93 7 31 195 144 78
646163 39715 10723 242 1866 0 16 28098 28098 8 65374 35693 40960 8275 243 164 131 195 2 77 117 233 93 7 31 195 144 78 120 3
646165 39715 10725 242 1866 0 16 28098 28098 8 65374 35693 40960 8275 131 195 2 77 117 233 93 7 31 195 144 78 120 3 233 158
646168 39715 10728 242 1868 0 16 28098 28098 8 65374 35693 40960 8275 77 117 233 93 7 31 195 144 78 120 3 233 158 0 36 254
646169 39715 10729 242 1868 0 16 28098 28098 7 65374 35693 40960 8275 117 233 93 7 31 195 144 78 120 3 233 158 0 36 254 46
646148 39715 10708 242 1868 0 16 28098 28098 7 65374 35693 40960 8275 46 139 63 3 248 139 247 139 202 209 233 243 165 209 209 243
646151 39715 10711 242 1868 0 16 28098 28160 7 65374 35693 40960 8275 3 248 139 247 139 202 209 233 243 165 209 209 243 164 131 195
646153 39715 10713 242 1868 0 16 28098 28402 7 65374 35693 40960 8275 139 247 139 202 209 233 243 165 209 209 243 164 131 195 2 77
646155 39715 10715 242 1868 0 16 28402 28402 7 65374 35693 40960 8275 139 202 209 233 243 165 209 209 243 164 131 195 2 77 117 233
646157 39715 10717 242 1868 16 16 28402 28402 7 65374 35693 40960 8275 209 233 243 165 209 209 243 164 131 195 2 77 117 233 93 7
646159 39715 10719 242 1868 8 16 28402 28402 7 65374 35693 40960 8275 243 165 209 209 243 164 131 195 2 77 117 233 93 7 31 195
646161 39715 10721 242 1868 0 16 28418 28418 7 65374 35693 40960 8275 209 209 243 164 131 195 2 77 117 233 93 7 31 195 144 78
646163 39715 10723 242 1868 0 16 28418 28418 7 65374 35693 40960 8275 243 164 131 195 2 77 117 233 93 7 31 195 144 78 120 3
646165 39715 10725 242 1868 0 16 28418 28418 7 65374 35693 40960 8275 131 195 2 77 117 233 93 7 31 195 144 78 120 3 233 158
646168 39715 10728 242 1870 0 16 28418 28418 7 65374 35693 40960 8275 77 117 233 93 7 31 195 144 78 120 3 233 158 0 36 254
646169 39715 10729 242 1870 0 16 28418 28418 6 65374 35693 40960 8275 117 233 93 7 31 195 144 78 120 3 233 158 0 36 254 46
646148 39715 10708 242 1870 0 16 28418 28418 6 65374 35693 40960 8275 46 139 63 3 248 139 247 139 202 209 233 243 165 209 209 243
646151 39715 10711 242 1870 0 16 28418 28480 6 65374 35693 40960 8275 3 248 139 247 139 202 209 233 243 165 209 209 243 164 131 195
646153 39715 10713 242 1870 0 16 28418 28722 6 65374 35693 40960 8275 139 247 139 202 209 233 243 165 209 209 243 164 131 195 2 77
646155 39715 10715 242 1870 0 16 28722 28722 6 65374 35693 40960 8275 139 202 209 233 243 165 209 209 243 164 131 195 2 77 117 233
646157 39715 10717 242 1870 16 16 28722 28722 6 65374 35693 40960 8275 209 233 243 165 209 209 243 164 131 195 2 77 117 233 93 7
646159 39715 10719 242 1870 8 16 28722 28722 6 65374 35693 40960 8275 243 165 209 209 243 164 131 195 2 77 117 233 93 7 31 195
646161 39715 10721 242 1870 0 16 28738 28738 6 65374 35693 40960 8275 209 209 243 164 131 195 2 77 117 233 93 7 31 195 144 78
646163 39715 10723 242 1870 0 16 28738 28738 6 65374 35693 40960 8275 243 164 131 195 2 77 117 233 93 7 31 195 144 78 120 3
646165 39715 10725 242 1870 0 16 28738 28738 6 65374 35693 40960 8275 131 195 2 77 117 233 93 7 31 195 144 78 120 3 233 158
646168 39715 10728 242 1872 0 16 28738 28738 6 65374 35693 40960 8275 77 117 233 93 7 31 195 144 78 120 3 233 158 0 36 254
646169 39715 10729 242 1872 0 16 28738 28738 5 65374 35693 40960 8275 117 233 93 7 31 195 144 78 120 3 233 158 0 36 254 46
646148 39715 10708 242 1872 0 16 28738 28738 5 65374 35693 40960 8275 46 139 63 3 248 139 247 139 202 209 233 243 165 209 209 243
646151 39715 10711 242 1872 0 16 28738 28800 5 65374 35693 40960 8275 3 248 139 247 139 202 209 233 243 165 209 209 243 164 131 195
646153 39715 10713 242 1872 0 16 28738 29042 5 65374 35693 40960 8275 139 247 139 202 209 233 243 165 209 209 243 164 131 195 2 77
646155 39715 10715 242 1872 0 16 29042 29042 5 65374 35693 40960 8275 139 202 209 233 243 165 209 209 243 164 131 195 2 77 117 233
646157 39715 10717 242 1872 16 16 29042 29042 5 65374 35693 40960 8275 209 233 243 165 209 209 243 164 131 195 2 77 117 233 93 7
646159 39715 10719 242 1872 8 16 29042 29042 5 65374 35693 40960 8275 243 165 209 209 243 164 131 195 2 77 117 233 93 7 31 195
646161 39715 10721 242 1872 0 16 29058 29058 5 65374 35693 40960 8275 209 209 243 164 131 195 2 77 117 233 93 7 31 195 144 78
646163 39715 10723 242 1872 0 16 29058 29058 5 65374 35693 40960 8275 243 164 131 195 2 77 117 233 93 7 31 195 144 78 120 3
646165 39715 10725 242 1872 0 16 29058 29058 5 65374 35693 40960 8275 131 195 2 77 117 233 93 7 31 195 144 78 120 3 233 158
646168 39715 10728 242 1874 0 16 29058 29058 5 65374 35693 40960 8275 77 117 233 93 7 31 195 144 78 120 3 233 158 0 36 254
646169 39715 10729 242 1874 0 16 29058 29058 4 65374 35693 40960 8275 117 233 93 7 31 195 144 78 120 3 233 158 0 36 254 46
646148 39715 10708 242 1874 0 16 29058 29058 4 65374 35693 40960 8275 46 139 63 3 248 139 247 139 202 209 233 243 165 209 209 243
646151 39715 10711 242 1874 0 16 29058 29120 4 65374 35693 40960 8275 3 248 139 247 139 202 209 233 243 165 209 209 243 164 131 195
646153 39715 10713 242 1874 0 16 29058 29362 4 65374 35693 40960 8275 139 247 139 202 209 233 243 165 209 209 243 164 131 195 2 77
646155 39715 10715 242 1874 0 16 29362 29362 4 65374 35693 40960 8275 139 202 209 233 243 165 209 209 243 164 131 195 2 77 117 233
646157 39715 10717 242 1874 16 16 29362 29362 4 65374 35693 40960 8275 209 233 243 165 209 209 243 164 131 195 2 77 117 233 93 7
646159 39715 10719 242 1874 8 16 29362 29362 4 65374 35693 40960 8275 243 165 209 209 243 164 131 195 2 77 117 233 93 7 31 195
646161 39715 10721 242 1874 0 16 29378 29378 4 65374 35693 40960 8275 209 209 243 164 131 195 2 77 117 233 93 7 31 195 144 78
646163 39715 10723 242 1874 0 16 29378 29378 4 65374 35693 40960 8275 243 164 131 195 2 77 117 233 93 7 31 195 144 78 120 3
646165 39715 10725 242 1874 0 16 29378 29378 4 65374 35693 40960 8275 131 195 2 77 117 233 93 7 31 195 144 78 120 3 233 158
646168 39715 10728 242 1876 0 16 29378 29378 4 65374 35693 40960 8275 77 117 233 93 7 31 195 144 78 120 3 233 158 0 36 254
646169 39715 10729 242 1876 0 16 29378 29378 3 65374 35693 40960 8275 117 233 93 7 31 195 144 78 120 3 233 158 0 36 254 46
646148 39715 10708 242 1876 0 16 29378 29378 3 65374 35693 40960 8275 46 139 63 3 248 139 247 139 202 209 233 243 165 209 209 243
646151 39715 10711 242 1876 0 16 29378 29440 3 65374 35693 40960 8275 3 248 139 247 139 202 209 233 243 165 209 209 243 164 131 195
646153 39715 10713 242 1876 0 16 29378 29682 3 65374 35693 40960 8275 139 247 139 202 209 233 243 165 209 209 243 164 131 195 2 77
646155 39715 10715 242 1876 0 16 29682 29682 3 65374 35693 40960 8275 139 202 209 233 243 165 209 209 243 164 131 195 2 77 117 233
646157 39715 10717 242 1876 16 16 29682 29682 3 65374 35693 40960 8275 209 233 243 165 209 209 243 164 131 195 2 77 117 233 93 7
646159 39715 10719 242 1876 8 16 29682 29682 3 65374 35693 40960 8275 243 165 209 209 243 164 131 195 2 77 117 233 93 7 31 195
646161 39715 10721 242 1876 0 16 29698 29698 3 65374 35693 40960 8275 209 209 243 164 131 195 2 77 117 233 93 7 31 195 144 78
646163 39715 10723 242 1876 0 16 29698 29698 3 65374 35693 40960 8275 243 164 131 195 2 77 117 233 93 7 31 195 144 78 120 3
646165 39715 10725 242 1876 0 16 29698 29698 3 65374 35693 40960 8275 131 195 2 77 117 233 93 7 31 195 144 78 120 3 233 158
646168 39715 10728 242 1878 0 16 29698 29698 3 65374 35693 40960 8275 77 117 233 93 7 31 195 144 78 120 3 233 158 0 36 254
646169 39715 10729 242 1878 0 16 29698 29698 2 65374 35693 40960 8275 117 233 93 7 31 195 144 78 120 3 233 158 0 36 254 46
646148 39715 10708 242 1878 0 16 29698 29698 2 65374 35693 40960 8275 46 139 63 3 248 139 247 139 202 209 233 243 165 209 209 243
646151 39715 10711 242 1878 0 16 29698 29760 2 65374 35693 40960 8275 3 248 139 247 139 202 209 233 243 165 209 209 243 164 131 195
646153 39715 10713 242 1878 0 16 29698 30002 2 65374 35693 40960 8275 139 247 139 202 209 233 243 165 209 209 243 164 131 195 2 77
646155 39715 10715 242 1878 0 16 30002 30002 2 65374 35693 40960 8275 139 202 209 233 243 165 209 209 243 164 131 195 2 77 117 233
646157 39715 10717 242 1878 16 16 30002 30002 2 65374 35693 40960 8275 209 233 243 165 209 209 243 164 131 195 2 77 117 233 93 7
646159 39715 10719 242 1878 8 16 30002 30002 2 65374 35693 40960 8275 243 165 209 209 243 164 131 195 2 77 117 233 93 7 31 195
646161 39715 10721 242 1878 0 16 30018 30018 2 65374 35693 40960 8275 209 209 243 164 131 195 2 77 117 233 93 7 31 195 144 78
646163 39715 10723 242 1878 0 16 30018 30018 2 65374 35693 40960 8275 243 164 131 195 2 77 117 233 93 7 31 195 144 78 120 3
646165 39715 10725 242 1878 0 16 30018 30018 2 65374 35693 40960 8275 131 195 2 77 117 233 93 7 31 195 144 78 120 3 233 158
646168 39715 10728 242 1880 0 16 30018 30018 2 65374 35693 40960 8275 77 117 233 93 7 31 195 144 78 120 3 233 158 0 36 254
646169 39715 10729 242 1880 0 16 30018 30018 1 65374 35693 40960 8275 117 233 93 7 31 195 144 78 120 3 233 158 0 36 254 46
646148 39715 10708 242 1880 0 16 30018 30018 1 65374 35693 40960 8275 46 139 63 3 248 139 247 139 202 209 233 243 165 209 209 243
646151 39715 10711 242 1880 0 16 30018 30080 1 65374 35693 40960 8275 3 248 139 247 139 202 209 233 243 165 209 209 243 164 131 195
646153 39715 10713 242 1880 0 16 30018 30322 1 65374 35693 40960 8275 139 247 139 202 209 233 243 165 209 209 243 164 131 195 2 77
646155 39715 10715 242 1880 0 16 30322 30322 1 65374 35693 40960 8275 139 202 209 233 243 165 209 209 243 164 131 195 2 77 117 233
646157 39715 10717 242 1880 16 16 30322 30322 1 65374 35693 40960 8275 209 233 243 165 209 209 243 164 131 195 2 77 117 233 93 7
646159 39715 10719 242 1880 8 16 30322 30322 1 65374 35693 40960 8275 243 165 209 209 243 164 131 195 2 77 117 233 93 7 31 195
646161 39715 10721 242 1880 0 16 30338 30338 1 65374 35693 40960 8275 209 209 243 164 131 195 2 77 117 233 93 7 31 195 144 78
646163 39715 10723 242 1880 0 16 30338 30338 1 65374 35693 40960 8275 243 164 131 195 2 77 117 233 93 7 31 195 144 78 120 3
646165 39715 10725 242 1880 0 16 30338 30338 1 65374 35693 40960 8275 131 195 2 77 117 233 93 7 31 195 144 78 120 3 233 158
646168 39715 10728 242 1882 0 16 30338 30338 1 65374 35693 40960 8275 77 117 233 93 7 31 195 144 78 120 3 233 158 0 36 254
646169 39715 10729 242 1882 0 16 30338 30338 0 65374 35693 40960 8275 117 233 93 7 31 195 144 78 120 3 233 158 0 36 254 46
646171 39715 10731 242 1882 0 16 30338 30338 0 65374 35693 40960 8275 93 7 31 195 144 78 120 3 233 158 0 36 254 46 163 98
646172 39715 10732 242 1882 0 16 30338 30338 65394 65376 35693 40960 8275 7 31 195 144 78 120 3 233 158 0 36 254 46 163 98 11
646173 39715 10733 242 1882 0 16 30338 30338 65394 65378 35693 35693 8275 31 195 144 78 120 3 233 158 0 36 254 46 163 98 11 209
646174 39715 10734 242 1882 0 16 30338 30338 65394 65380 19640 35693 8275 195 144 78 120 3 233 158 0 36 254 46 163 98 11 209 232
640990 39715 5550 242 1882 0 16 30338 30338 65394 65382 19640 35693 8275 31 93 195 144 85 139 236 30 6 86 87 46 198 6 99 14
640991 39715 5551 242 1882 0 16 30338 30338 65394 65384 19640 35693 8275 93 195 144 85 139 236 30 6 86 87 46 198 6 99 14 0
640992 39715 5552 242 1882 0 16 30338 30338 65394 65386 19640 35693 8275 195 144 85 139 236 30 6 86 87 46 198 6 99 14 0 46
639330 39715 3890 242 1882 0 16 30338 30338 65394 65388 19640 35693 8275 95 94 31 93 203 144 85 139 236 30 86 87 43 192 46 163
639331 39715 3891 242 1882 0 16 30338 0 65394 65390 19640 35693 8275 94 31 93 203 144 85 139 236 30 86 87 43 192 46 163 20
639332 39715 3892 242 1882 0 16 1 0 65394 65392 19640 35693 8275 31 93 203 144 85 139 236 30 86 87 43 192 46 163 20 10
639333 39715 3893 242 1882 0 16 1 0 65394 65394 8275 35693 8275 93 203 144 85 139 236 30 86 87 43 192 46 163 20 10 46
639334 39715 3894 242 1882 0 16 1 0 65414 65396 8275 35693 8275 203 144 85 139 236 30 86 87 43 192 46 163 20 10 46 163
119231 7407 719 242 1882 0 16 1 0 65414 65400 8275 35693 8275 131 196 12 94 93 203 236 1 236 1 236 1 236 1 236 1
119234 7407 722 242 1882 0 16 1 0 65414 65412 8275 35693 8275 94 93 203 236 1 236 1 236 1 236 1 236 1 236 1 47
119235 7407 723 242 1882 0 16 0 0 65414 65414 8275 35693 8275 93 203 236 1 236 1 236 1 236 1 236 1 236 1 47 2
119236 7407 724 242 1882 0 16 0 0 65436 65416 8275 35693 8275 203 236 1 236 1 236 1 236 1 236 1 236 1 47 2 85
120242 7407 1730 242 1882 0 16 0 0 65436 65420 8275 35693 8275 89 89 128 62 44 197 2 117 14 11 246 117 10 198 6 206
120243 7407 1731 242 1882 0 16 0 0 65436 65422 8275 35693 8275 89 128 62 44 197 2 117 14 11 246 117 10 198 6 206 236
120244 7407 1732 242 1882 1 16 0 0 65436 65424 8275 35693 8275 128 62 44 197 2 117 14 11 246 117 10 198 6 206 236 1
120249 7407 1737 242 1882 1 16 0 0 65436 65424 8275 35693 8275 117 14 11 246 117 10 198 6 206 236 1 51 192 233 85 4
120251 7407 1739 242 1882 1 16 0 0 65436 65424 8275 35693 8275 11 246 117 10 198 6 206 236 1 51 192 233 85 4 184 20
120253 7407 1741 242 1882 1 16 0 0 65436 65424 8275 35693 8275 117 10 198 6 206 236 1 51 192 233 85 4 184 20 0 80
120255 7407 1743 242 1882 1 16 0 0 65436 65424 8275 35693 8275 198 6 206 236 1 51 192 233 85 4 184 20 0 80 154 127
120260 7407 1748 242 1882 1 16 0 0 65436 65424 8275 35693 8275 51 192 233 85 4 184 20 0 80 154 127 33 205 16 89 199
120262 7407 1750 0 1882 1 16 0 0 65436 65424 8275 35693 8275 233 85 4 184 20 0 80 154 127 33 205 16 89 199 70 254
121374 7407 2862 0 1882 1 16 0 0 65436 65424 8275 35693 8275 95 94 139 229 93 203 13 0 240 0 241 0 242 0 243 0
121375 7407 2863 0 1882 1 16 0 36198 65436 65426 8275 35693 8275 94 139 229 93 203 13 0 240 0 241 0 242 0 243 0 38
121376 7407 2864 0 1882 1 16 0 36198 65436 65428 8275 35693 8275 139 229 93 203 13 0 240 0 241 0 242 0 243 0 38 11
121378 7407 2866 0 1882 1 16 0 36198 65436 65436 8275 35693 8275 93 203 13 0 240 0 241 0 242 0 243 0 38 11 199 10
121379 7407 2867 0 1882 1 16 0 36198 65448 65438 8275 35693 8275 203 13 0 240 0 241 0 242 0 243 0 38 11 199 10 164
205592 12373 7624 0 1882 1 16 0 36198 65448 65442 8275 35693 8275 137 70 254 137 70 252 185 41 0 187 107 34 46 139 7 59
205595 12373 7627 0 1882 1 16 0 36198 65448 65442 8275 35693 8275 137 70 252 185 41 0 187 107 34 46 139 7 59 70 252 116
205598 12373 7630 0 1882 1 16 0 36198 65448 65442 8275 35693 8275 185 41 0 187 107 34 46 139 7 59 70 252 116 7 67 67
205601 12373 7633 0 1882 41 16 0 36198 65448 65442 8275 35693 8275 187 107 34 46 139 7 59 70 252 116 7 67 67 226 244 233
205604 12373 7636 0 8811 41 16 0 36198 65448 65442 8275 35693 8275 46 139 7 59 70 252 116 7 67 67 226 244 233 136 2 46
205607 12373 7639 0 8811 41 16 0 36198 65448 65442 8275 35693 8275 59 70 252 116 7 67 67 226 244 233 136 2 46 255 103 82
205610 12373 7642 0 8811 41 16 0 36198 65448 65442 8275 35693 8275 116 7 67 67 226 244 233 136 2 46 255 103 82 160 0 233
205619 12373 7651 0 8811 41 16 0 36198 65448 65442 8275 35693 8275 46 255 103 82 160 0 233 180 0 139 216 131 251 3 119 60
205746 12373 7778 0 8811 41 16 0 36198 65448 65442 8275 35693 8275 14 232 178 247 233 81 1 51 192 80 154 72 0 69 32 89
205747 12373 7779 0 8811 41 16 0 36198 65448 65440 8275 35693 8275 232 178 247 233 81 1 51 192 80 154 72 0 69 32 89 11
203624 12373 5656 0 8811 41 16 0 36198 65448 65438 8275 35693 8275 85 139 236 86 160 79 1 152 139 216 138 135 213 236 180 0
203625 12373 5657 0 8811 41 16 0 36198 65448 65436 8275 35693 8275 139 236 86 160 79 1 152 139 216 138 135 213 236 180 0 186
203627 12373 5659 0 8811 41 16 0 36198 65436 65436 8275 35693 8275 86 160 79 1 152 139 216 138 135 213 236 180 0 186 47 1
203628 12373 5660 0 8811 41 16 0 36198 65436 65434 8275 35693 8275 160 79 1 152 139 216 138 135 213 236 180 0 186 47 1 247
203631 12373 5663 0 8811 41 16 0 36198 65436 65434 8275 35693 8275 152 139 216 138 135 213 236 180 0 186 47 1 247 234 5 226
203632 12373 5664 0 8811 41 16 0 36198 65436 65434 8275 35693 8275 139 216 138 135 213 236 180 0 186 47 1 247 234 5 226 185
203634 12373 5666 0 0 41 16 0 36198 65436 65434 8275 35693 8275 138 135 213 236 180 0 186 47 1 247 234 5 226 185 139 240
203638 12373 5670 0 0 41 16 0 36198 65436 65434 8275 35693 8275 180 0 186 47 1 247 234 5 226 185 139 240 138 68 124 180
203640 12373 5672 0 0 41 16 0 36198 65436 65434 8275 35693 8275 186 47 1 247 234 5 226 185 139 240 138 68 124 180 0 139
203643 12373 5675 0 0 41 303 0 36198 65436 65434 8275 35693 8275 247 234 5 226 185 139 240 138 68 124 180 0 139 216 131 251
203645 12373 5677 0 0 41 0 0 36198 65436 65434 8275 35693 8275 5 226 185 139 240 138 68 124 180 0 139 216 131 251 3 119
203648 12373 5680 47586 0 41 0 0 36198 65436 65434 8275 35693 8275 139 240 138 68 124 180 0 139 216 131 251 3 119 47 209 227
203650 12373 5682 47586 0 41 0 47586 36198 65436 65434 8275 35693 8275 138 68 124 180 0 139 216 131 251 3 119 47 209 227 46 255
203653 12373 5685 47360 0 41 0 47586 36198 65436 65434 8275 35693 8275 180 0 139 216 131 251 3 119 47 209 227 46 255 167 112 22
203655 12373 5687 0 0 41 0 47586 36198 65436 65434 8275 35693 8275 139 216 131 251 3 119 47 209 227 46 255 167 112 22 51 192
203657 12373 5689 0 0 41 0 47586 36198 65436 65434 8275 35693 8275 131 251 3 119 47 209 227 46 255 167 112 22 51 192 80 86
203660 12373 5692 0 0 41 0 47586 36198 65436 65434 8275 35693 8275 119 47 209 227 46 255 167 112 22 51 192 80 86 14 232 157
203662 12373 5694 0 0 41 0 47586 36198 65436 65434 8275 35693 8275 209 227 46 255 167 112 22 51 192 80 86 14 232 157 239 89
203664 12373 5696 0 0 41 0 47586 36198 65436 65434 8275 35693 8275 46 255 167 112 22 51 192 80 86 14 232 157 239 89 89 235
203669 12373 5701 0 0 41 0 47586 36198 65436 65434 8275 35693 8275 51 192 80 86 14 232 157 239 89 89 235 28 184 1 0 80
203671 12373 5703 0 0 41 0 47586 36198 65436 65434 8275 35693 8275 80 86 14 232 157 239 89 89 235 28 184 1 0 80 154 72
203672 12373 5704 0 0 41 0 47586 36198 65436 65432 8275 35693 8275 86 14 232 157 239 89 89 235 28 184 1 0 80 154 72 0
203673 12373 5705 0 0 41 0 47586 36198 65436 65430 8275 35693 8275 14 232 157 239 89 89 235 28 184 1 0 80 154 72 0 69
203674 12373 5706 0 0 41 0 47586 36198 65436 65428 8275 35693 8275 232 157 239 89 89 235 28 184 1 0 80 154 72 0 69 32
199482 12373 1514 0 0 41 0 47586 36198 65436 65426 8275 35693 8275 85 139 236 131 236 8 86 87 139 126 6 131 126 8 0 117
199483 12373 1515 0 0 41 0 47586 36198 65436 65424 8275 35693 8275 139 236 131 236 8 86 87 139 126 6 131 126 8 0 117 117
199485 12373 1517 0 0 41 0 47586 36198 65424 65424 8275 35693 8275 131 236 8 86 87 139 126 6 131 126 8 0 117 117 138 69
199488 12373 1520 0 0 41 0 47586 36198 65424 65416 8275 35693 8275 86 87 139 126 6 131 126 8 0 117 117 138 69 19 180 0
199489 12373 1521 0 0 41 0 47586 36198 65424 65414 8275 35693 8275 87 139 126 6 131 126 8 0 117 117 138 69 19 180 0 139
199490 12373 1522 0 0 41 0 47586 36198 65424 65412 8275 35693 8275 139 126 6 131 126 8 0 117 117 138 69 19 180 0 139 216
199493 12373 1525 0 0 41 0 47586 47586 65424 65412 8275 35693 8275 131 126 8 0 117 117 138 69 19 180 0 139 216 131 251 9
199497 12373 1529 0 0 41 0 47586 47586 65424 65412 8275 35693 8275 117 117 138 69 19 180 0 139 216 131 251 9 119 40 209 227
199499 12373 1531 0 0 41 0 47586 47586 65424 65412 8275 35693 8275 138 69 19 180 0 139 216 131 251 9 119 40 209 227 46 255
199502 12373 1534 0 0 41 0 47586 47586 65424 65412 8275 35693 8275 180 0 139 216 131 251 9 119 40 209 227 46 255 167 235 9
199504 12373 1536 0 0 41 0 47586 47586 65424 65412 8275 35693 8275 139 216 131 251 9 119 40 209 227 46 255 167 235 9 199 70
199506 12373 1538 0 0 41 0 47586 47586 65424 65412 8275 35693 8275 131 251 9 119 40 209 227 46 255 167 235 9 199 70 254 4
199509 12373 1541 0 0 41 0 47586 47586 65424 65412 8275 35693 8275 119 40 209 227 46 255 167 235 9 199 70 254 4 0 235 26
199511 12373 1543 0 0 41 0 47586 47586 65424 65412 8275 35693 8275 209 227 46 255 167 235 9 199 70 254 4 0 235 26 199 70
199513 12373 1545 0 0 41 0 47586 47586 65424 65412 8275 35693 8275 46 255 167 235 9 199 70 254 4 0 235 26 199 70 254 5
199525 12373 1557 0 0 41 0 47586 47586 65424 65412 8275 35693 8275 199 70 254 5 0 235 19 199 70 254 6 0 235 12 199 70
199530 12373 1562 0 0 41 0 47586 47586 65424 65412 8275 35693 8275 235 19 199 70 254 6 0 235 12 199 70 254 7 0 235 5
199551 12373 1583 0 0 41 0 47586 47586 65424 65412 8275 35693 8275 30 87 154 115 29 235 12 89 89 51 210 247 118 254 64 137
199552 12373 1584 0 0 41 0 47586 47586 65424 65410 8275 35693 8275 87 154 115 29 235 12 89 89 51 210 247 118 254 64 137 70
199553 12373 1585 0 0 41 0 47586 47586 65424 65408 8275 35693 8275 154 115 29 235 12 89 89 51 210 247 118 254 64 137 70 252
60451 3307 7539 0 0 41 0 47586 47586 65424 65404 8275 35693 8275 85 139 236 76 76 196 94 6 38 138 71 35 180 0 38 138
60452 3307 7540 0 0 41 0 47586 47586 65424 65402 8275 35693 8275 139 236 76 76 196 94 6 38 138 71 35 180 0 38 138 87
60454 3307 7542 0 0 41 0 47586 47586 65402 65402 8275 35693 8275 76 76 196 94 6 38 138 71 35 180 0 38 138 87 36 182
60455 3307 7543 0 0 41 0 47586 47586 65402 65401 8275 35693 8275 76 196 94 6 38 138 71 35 180 0 38 138 87 36 182 0
60456 3307 7544 0 0 41 0 47586 47586 65402 65400 8275 35693 8275 196 94 6 38 138 71 35 180 0 38 138 87 36 182 0 3
60459 3307 7547 0 47586 41 0 47586 47586 65402 65400 8275 8275 8275 38 138 71 35 180 0 38 138 87 36 182 0 3 194 137 70
60463 3307 7551 10 47586 41 0 47586 47586 65402 65400 8275 8275 8275 180 0 38 138 87 36 182 0 3 194 137 70 254 11 192 125
60465 3307 7553 10 47586 41 0 47586 47586 65402 65400 8275 8275 8275 38 138 87 36 182 0 3 194 137 70 254 11 192 125 4 51
60469 3307 7557 10 47586 41 0 47586 47586 65402 65400 8275 8275 8275 182 0 3 194 137 70 254 11 192 125 4 51 192 235 3 139
60471 3307 7559 10 47586 41 0 47586 47586 65402 65400 8275 8275 8275 3 194 137 70 254 11 192 125 4 51 192 235 3 139 70 254
60473 3307 7561 10 47586 41 0 47586 47586 65402 65400 8275 8275 8275 137 70 254 11 192 125 4 51 192 235 3 139 70 254 139 229
60476 3307 7564 10 47586 41 0 47586 47586 65402 65400 8275 8275 8275 11 192 125 4 51 192 235 3 139 70 254 139 229 93 203 85
60478 3307 7566 10 47586 41 0 47586 47586 65402 65400 8275 8275 8275 125 4 51 192 235 3 139 70 254 139 229 93 203 85 139 236
60484 3307 7572 10 47586 41 0 47586 47586 65402 65400 8275 8275 8275 139 70 254 139 229 93 203 85 139 236 131 236 6 86 87 199
60487 3307 7575 10 47586 41 0 47586 47586 65402 65400 8275 8275 8275 139 229 93 203 85 139 236 131 236 6 86 87 199 70 250 0
60489 3307 7577 10 47586 41 0 47586 47586 65402 65402 8275 8275 8275 93 203 85 139 236 131 236 6 86 87 199 70 250 0 0 139
60490 3307 7578 10 47586 41 0 47586 47586 65424 65404 8275 8275 8275 203 85 139 236 131 236 6 86 87 199 70 250 0 0 139 94
199558 12373 1590 10 47586 41 0 47586 47586 65424 65408 8275 8275 8275 89 89 51 210 247 118 254 64 137 70 252 51 192 139 240 137
199559 12373 1591 10 47586 47586 0 47586 47586 65424 65410 8275 8275 8275 89 51 210 247 118 254 64 137 70 252 51 192 139 240 137 70
199560 12373 1592 10 47586 8275 0 47586 47586 65424 65412 8275 8275 8275 51 210 247 118 254 64 137 70 252 51 192 139 240 137 70 250
199562 12373 1594 10 47586 8275 0 47586 47586 65424 65412 8275 8275 8275 247 118 254 64 137 70 252 51 192 139 240 137 70 250 235 27
199565 12373 1597 2 47586 8275 0 47586 47586 65424 65412 8275 8275 8275 64 137 70 252 51 192 139 240 137 70 250 235 27 51 192 80
199566 12373 1598 3 47586 8275 0 47586 47586 65424 65412 8275 8275 8275 137 70 252 51 192 139 240 137 70 250 235 27 51 192 80 87
199569 12373 1601 3 47586 8275 0 47586 47586 65424 65412 8275 8275 8275 51 192 139 240 137 70 250 235 27 51 192 80 87 144 14 232
199571 12373 1603 0 47586 8275 0 47586 47586 65424 65412 8275 8275 8275 139 240 137 70 250 235 27 51 192 80 87 144 14 232 37 16
199573 12373 1605 0 47586 8275 0 0 47586 65424 65412 8275 8275 8275 137 70 250 235 27 51 192 80 87 144 14 232 37 16 89 89
199576 12373 1608 0 47586 8275 0 0 47586 65424 65412 8275 8275 8275 235 27 51 192 80 87 144 14 232 37 16 89 89 11 192 116
199605 12373 1637 0 47586 8275 0 0 47586 65424 65412 8275 8275 8275 139 70 250 59 70 252 114 221 233 80 3 131 62 166 196 1
199608 12373 1640 0 47586 8275 0 0 47586 65424 65412 8275 8275 8275 59 70 252 114 221 233 80 3 131 62 166 196 1 116 3 233
199611 12373 1643 0 47586 8275 0 0 47586 65424 65412 8275 8275 8275 114 221 233 80 3 131 62 166 196 1 116 3 233 168 0 184
199578 12373 1610 0 47586 8275 0 0 47586 65424 65412 8275 8275 8275 51 192 80 87 144 14 232 37 16 89 89 11 192 116 9 87
199580 12373 1612 0 47586 8275 0 0 47586 65424 65412 8275 8275 8275 80 87 144 14 232 37 16 89 89 11 192 116 9 87 144 14
199581 12373 1613 0 47586 8275 0 0 47586 65424 65410 8275 8275 8275 87 144 14 232 37 16 89 89 11 192 116 9 87 144 14 232
199582 12373 1614 0 47586 8275 0 0 47586 65424 65408 8275 8275 8275 144 14 232 37 16 89 89 11 192 116 9 87 144 14 232 1
199583 12373 1615 0 47586 8275 0 0 47586 65424 65408 8275 8275 8275 14 232 37 16 89 89 11 192 116 9 87 144 14 232 1 18
199584 12373 1616 0 47586 8275 0 0 47586 65424 65406 8275 8275 8275 232 37 16 89 89 11 192 116 9 87 144 14 232 1 18 89
203720 12373 5752 0 47586 8275 0 0 47586 65424 65404 8275 8275 8275 85 139 236 76 76 86 87 255 118 8 255 118 6 144 14 232
203721 12373 5753 0 47586 8275 0 0 47586 65424 65402 8275 8275 8275 139 236 76 76 86 87 255 118 8 255 118 6 144 14 232 221
203723 12373 5755 0 47586 8275 0 0 47586 65402 65402 8275 8275 8275 76 76 86 87 255 118 8 255 118 6 144 14 232 221 0 89
203724 12373 5756 0 47586 8275 0 0 47586 65402 65401 8275 8275 8275 76 86 87 255 118 8 255 118 6 144 14 232 221 0 89 89
203725 12373 5757 0 47586 8275 0 0 47586 65402 65400 8275 8275 8275 86 87 255 118 8 255 118 6 144 14 232 221 0 89 89 51
203726 12373 5758 0 47586 8275 0 0 47586 65402 65398 8275 8275 8275 87 255 118 8 255 118 6 144 14 232 221 0 89 89 51 192
203727 12373 5759 0 47586 8275 0 0 47586 65402 65396 8275 8275 8275 255 118 8 255 118 6 144 14 232 221 0 89 89 51 192 80
203730 12373 5762 0 47586 8275 0 0 47586 65402 65394 8275 8275 8275 255 118 6 144 14 232 221 0 89 89 51 192 80 184 5 0
203733 12373 5765 0 47586 8275 0 0 47586 65402 65392 8275 8275 8275 144 14 232 221 0 89 89 51 192 80 184 5 0 80 30 255
203734 12373 5766 0 47586 8275 0 0 47586 65402 65392 8275 8275 8275 14 232 221 0 89 89 51 192 80 184 5 0 80 30 255 118
203735 12373 5767 0 47586 8275 0 0 47586 65402 65390 8275 8275 8275 232 221 0 89 89 51 192 80 184 5 0 80 30 255 118 6
203959 12373 5991 0 47586 8275 0 0 47586 65402 65388 8275 8275 8275 85 139 236 76 76 86 87 139 118 6 176 0 162 148 236 162
203960 12373 5992 0 47586 8275 0 0 47586 65402 65386 8275 8275 8275 139 236 76 76 86 87 139 118 6 176 0 162 148 236 162 213
203962 12373 5994 0 47586 8275 0 0 47586 65386 65386 8275 8275 8275 76 76 86 87 139 118 6 176 0 162 148 236 162 213 196 152
203963 12373 5995 0 47586 8275 0 0 47586 65386 65385 8275 8275 8275 76 86 87 139 118 6 176 0 162 148 236 162 213 196 152 163
203964 12373 5996 0 47586 8275 0 0 47586 65386 65384 8275 8275 8275 86 87 139 118 6 176 0 162 148 236 162 213 196 152 163 198
203965 12373 5997 0 47586 8275 0 0 47586 65386 65382 8275 8275 8275 87 139 118 6 176 0 162 148 236 162 213 196 152 163 198 171
203966 12373 5998 0 47586 8275 0 0 47586 65386 65380 8275 8275 8275 139 118 6 176 0 162 148 236 162 213 196 152 163 198 171 162
203969 12373 6001 0 47586 8275 0 47586 47586 65386 65380 8275 8275 8275 176 0 162 148 236 162 213 196 152 163 198 171 162 6 147 162
203971 12373 6003 0 47586 8275 0 47586 47586 65386 65380 8275 8275 8275 162 148 236 162 213 196 152 163 198 171 162 6 147 162 21 197
203974 12373 6006 0 47586 8275 0 47586 47586 65386 65380 8275 8275 8275 162 213 196 152 163 198 171 162 6 147 162 21 197 162 192 171
203977 12373 6009 0 47586 8275 0 47586 47586 65386 65380 8275 8275 8275 152 163 198 171 162 6 147 162 21 197 162 192 171 51 255 233
203978 12373 6010 0 47586 8275 0 47586 47586 65386 65380 8275 8275 8275 163 198 171 162 6 147 162 21 197 162 192 171 51 255 233 186
203981 12373 6013 0 47586 8275 0 47586 47586 65386 65380 8275 8275 8275 162 6 147 162 21 197 162 192 171 51 255 233 186 0 131 126
203984 12373 6016 0 47586 8275 0 47586 47586 65386 65380 8275 8275 8275 162 21 197 162 192 171 51 255 233 186 0 131 126 8 0 116
203987 12373 6019 0 47586 8275 0 47586 47586 65386 65380 8275 8275 8275 162 192 171 51 255 233 186 0 131 126 8 0 116 17 139 223
203990 12373 6022 0 47586 8275 0 47586 47586 65386 65380 8275 8275 8275 51 255 233 186 0 131 126 8 0 116 17 139 223 128 120 125
203992 12373 6024 0 47586 8275 0 47586 0 65386 65380 8275 8275 8275 233 186 0 131 126 8 0 116 17 139 223 128 120 125 4 117
204181 12373 6213 0 47586 8275 0 47586 0 65386 65380 8275 8275 8275 131 255 18 125 3 233 62 255 131 62 198 171 1 125 6 199
204184 12373 6216 0 47586 8275 0 47586 0 65386 65380 8275 8275 8275 125 3 233 62 255 131 62 198 171 1 125 6 199 6 198 171
204186 12373 6218 0 47586 8275 0 47586 0 65386 65380 8275 8275 8275 233 62 255 131 62 198 171 1 125 6 199 6 198 171 0 0
203995 12373 6027 0 47586 8275 0 47586 0 65386 65380 8275 8275 8275 131 126 8 0 116 17 139 223 128 120 125 4 117 5 184 1
203999 12373 6031 0 47586 8275 0 47586 0 65386 65380 8275 8275 8275 116 17 139 223 128 120 125 4 117 5 184 1 0 235 2 51
204018 12373 6050 0 47586 8275 0 47586 0 65386 65380 8275 8275 8275 139 223 128 120 125 1 116 6 128 120 125 13 117 5 184 1
204020 12373 6052 0 0 8275 0 47586 0 65386 65380 8275 8275 8275 128 120 125 1 116 6 128 120 125 13 117 5 184 1 0 235
204024 12373 6056 0 0 8275 0 47586 0 65386 65380 8275 8275 8275 116 6 128 120 125 13 117 5 184 1 0 235 2 51 192 11
204026 12373 6058 0 0 8275 0 47586 0 65386 65380 8275 8275 8275 128 120 125 13 117 5 184 1 0 235 2 51 192 11 192 117
204030 12373 6062 0 0 8275 0 47586 0 65386 65380 8275 8275 8275 117 5 184 1 0 235 2 51 192 11 192 117 3 233 134 0
204037 12373 6069 0 0 8275 0 47586 0 65386 65380 8275 8275 8275 51 192 11 192 117 3 233 134 0 139 223 138 128 163 0 162
204039 12373 6071 0 0 8275 0 47586 0 65386 65380 8275 8275 8275 11 192 117 3 233 134 0 139 223 138 128 163 0 162 192 171
204041 12373 6073 0 0 8275 0 47586 0 65386 65380 8275 8275 8275 117 3 233 134 0 139 223 138 128 163 0 162 192 171 138 128
204043 12373 6075 0 0 8275 0 47586 0 65386 65380 8275 8275 8275 233 134 0 139 223 138 128 163 0 162 192 171 138 128 239 0
204180 12373 6212 0 0 8275 0 47586 0 65386 65380 8275 8275 8275 71 131 255 18 125 3 233 62 255 131 62 198 171 1 125 6
204181 12373 6213 0 0 8275 0 47586 1 65386 65380 8275 8275 8275 131 255 18 125 3 233 62 255 131 62 198 171 1 125 6 199
204184 12373 6216 0 0 8275 0 47586 1 65386 65380 8275 8275 8275 125 3 233 62 255 131 62 198 171 1 125 6 199 6 198 171
204186 12373 6218 0 0 8275 0 47586 1 65386 65380 8275 8275 8275 233 62 255 131 62 198 171 1 125 6 199 6 198 171 0 0
203995 12373 6027 0 0 8275 0 47586 1 65386 65380 8275 8275 8275 131 126 8 0 116 17 139 223 128 120 125 4 117 5 184 1
203999 12373 6031 0 0 8275 0 47586 1 65386 65380 8275 8275 8275 116 17 139 223 128 120 125 4 117 5 184 1 0 235 2 51
204018 12373 6050 0 0 8275 0 47586 1 65386 65380 8275 8275 8275 139 223 128 120 125 1 116 6 128 120 125 13 117 5 184 1
204020 12373 6052 0 1 8275 0 47586 1 65386 65380 8275 8275 8275 128 120 125 1 116 6 128 120 125 13 117 5 184 1 0 235
204024 12373 6056 0 1 8275 0 47586 1 65386 65380 8275 8275 8275 116 6 128 120 125 13 117 5 184 1 0 235 2 51 192 11
204026 12373 6058 0 1 8275 0 47586 1 65386 65380 8275 8275 8275 128 120 125 13 117 5 184 1 0 235 2 51 192 11 192 117
204030 12373 6062 0 1 8275 0 47586 1 65386 65380 8275 8275 8275 117 5 184 1 0 235 2 51 192 11 192 117 3 233 134 0
204037 12373 6069 0 1 8275 0 47586 1 65386 65380 8275 8275 8275 51 192 11 192 117 3 233 134 0 139 223 138 128 163 0 162
204039 12373 6071 0 1 8275 0 47586 1 65386 65380 8275 8275 8275 11 192 117 3 233 134 0 139 223 138 128 163 0 162 192 171
204041 12373 6073 0 1 8275 0 47586 1 65386 65380 8275 8275 8275 117 3 233 134 0 139 223 138 128 163 0 162 192 171 138 128
204043 12373 6075 0 1 8275 0 47586 1 65386 65380 8275 8275 8275 233 134 0 139 223 138 128 163 0 162 192 171 138 128 239 0
204180 12373 6212 0 1 8275 0 47586 1 65386 65380 8275 8275 8275 71 131 255 18 125 3 233 62 255 131 62 198 171 1 125 6
204181 12373 6213 0 1 8275 0 47586 2 65386 65380 8275 8275 8275 131 255 18 125 3 233 62 255 131 62 198 171 1 125 6 199
204184 12373 6216 0 1 8275 0 47586 2 65386 65380 8275 8275 8275 125 3 233 62 255 131 62 198 171 1 125 6 199 6 198 171
204186 12373 6218 0 1 8275 0 47586 2 65386 65380 8275 8275 8275 233 62 255 131 62 198 171 1 125 6 199 6 198 171 0 0
203995 12373 6027 0 1 8275 0 47586 2 65386 65380 8275 8275 8275 131 126 8 0 116 17 139 223 128 120 125 4 117 5 184 1
203999 12373 6031 0 1 8275 0 47586 2 65386 65380 8275 8275 8275 116 17 139 223 128 120 125 4 117 5 184 1 0 235 2 51
204018 12373 6050 0 1 8275 0 47586 2 65386 65380 8275 8275 8275 139 223 128 120 125 1 116 6 128 120 125 13 117 5 184 1
204020 12373 6052 0 2 8275 0 47586 2 65386 65380 8275 8275 8275 128 120 125 1 116 6 128 120 125 13 117 5 184 1 0 235
204024 12373 6056 0 2 8275 0 47586 2 65386 65380 8275 8275 8275 116 6 128 120 125 13 117 5 184 1 0 235 2 51 192 11
204026 12373 6058 0 2 8275 0 47586 2 65386 65380 8275 8275 8275 128 120 125 13 117 5 184 1 0 235 2 51 192 11 192 117
204030 12373 6062 0 2 8275 0 47586 2 65386 65380 8275 8275 8275 117 5 184 1 0 235 2 51 192 11 192 117 3 233 134 0
204037 12373 6069 0 2 8275 0 47586 2 65386 65380 8275 8275 8275 51 192 11 192 117 3 233 134 0 139 223 138 128 163 0 162
204039 12373 6071 0 2 8275 0 47586 2 65386 65380 8275 8275 8275 11 192 117 3 233 134 0 139 223 138 128 163 0 162 192 171
204041 12373 6073 0 2 8275 0 47586 2 65386 65380 8275 8275 8275 117 3 233 134 0 139 223 138 128 163 0 162 192 171 138 128
204043 12373 6075 0 2 8275 0 47586 2 65386 65380 8275 8275 8275 233 134 0 139 223 138 128 163 0 162 192 171 138 128 239 0
204180 12373 6212 0 2 8275 0 47586 2 65386 65380 8275 8275 8275 71 131 255 18 125 3 233 62 255 131 62 198 171 1 125 6
204181 12373 6213 0 2 8275 0 47586 3 65386 65380 8275 8275 8275 131 255 18 125 3 233 62 255 131 62 198 171 1 125 6 199
204184 12373 6216 0 2 8275 0 47586 3 65386 65380 8275 8275 8275 125 3 233 62 255 131 62 198 171 1 125 6 199 6 198 171
204186 12373 6218 0 2 8275 0 47586 3 65386 65380 8275 8275 8275 233 62 255 131 62 198 171 1 125 6 199 6 198 171 0 0
203995 12373 6027 0 2 8275 0 47586 3 65386 65380 8275 8275 8275 131 126 8 0 116 17 139 223 128 120 125 4 117 5 184 1
203999 12373 6031 0 2 8275 0 47586 3 65386 65380 8275 8275 8275 116 17 139 223 128 120 125 4 117 5 184 1 0 235 2 51
204018 12373 6050 0 2 8275 0 47586 3 65386 65380 8275 8275 8275 139 223 128 120 125 1 116 6 128 120 125 13 117 5 184 1
204020 12373 6052 0 3 8275 0 47586 3 65386 65380 8275 8275 8275 128 120 125 1 116 6 128 120 125 13 117 5 184 1 0 235
204024 12373 6056 0 3 8275 0 47586 3 65386 65380 8275 8275 8275 116 6 128 120 125 13 117 5 184 1 0 235 2 51 192 11
204026 12373 6058 0 3 8275 0 47586 3 65386 65380 8275 8275 8275 128 120 125 13 117 5 184 1 0 235 2 51 192 11 192 117
204030 12373 6062 0 3 8275 0 47586 3 65386 65380 8275 8275 8275 117 5 184 1 0 235 2 51 192 11 192 117 3 233 134 0
204037 12373 6069 0 3 8275 0 47586 3 65386 65380 8275 8275 8275 51 192 11 192 117 3 233 134 0 139 223 138 128 163 0 162
204039 12373 6071 0 3 8275 0 47586 3 65386 65380 8275 8275 8275 11 192 117 3 233 134 0 139 223 138 128 163 0 162 192 171
204041 12373 6073 0 3 8275 0 47586 3 65386 65380 8275 8275 8275 117 3 233 134 0 139 223 138 128 163 0 162 192 171 138 128
204043 12373 6075 0 3 8275 0 47586 3 65386 65380 8275 8275 8275 233 134 0 139 223 138 128 163 0 162 192 171 138 128 239 0
204180 12373 6212 0 3 8275 0 47586 3 65386 65380 8275 8275 8275 71 131 255 18 125 3 233 62 255 131 62 198 171 1 125 6
204181 12373 6213 0 3 8275 0 47586 4 65386 65380 8275 8275 8275 131 255 18 125 3 233 62 255 131 62 198 171 1 125 6 199
204184 12373 6216 0 3 8275 0 47586 4 65386 65380 8275 8275 8275 125 3 233 62 255 131 62 198 171 1 125 6 199 6 198 171
204186 12373 6218 0 3 8275 0 47586 4 65386 65380 8275 8275 8275 233 62 255 131 62 198 171 1 125 6 199 6 198 171 0 0
203995 12373 6027 0 3 8275 0 47586 4 65386 65380 8275 8275 8275 131 126 8 0 116 17 139 223 128 120 125 4 117 5 184 1
203999 12373 6031 0 3 8275 0 47586 4 65386 65380 8275 8275 8275 116 17 139 223 128 120 125 4 117 5 184 1 0 235 2 51
204018 12373 6050 0 3 8275 0 47586 4 65386 65380 8275 8275 8275 139 223 128 120 125 1 116 6 128 120 125 13 117 5 184 1
204020 12373 6052 0 4 8275 0 47586 4 65386 65380 8275 8275 8275 128 120 125 1 116 6 128 120 125 13 117 5 184 1 0 235
204024 12373 6056 0 4 8275 0 47586 4 65386 65380 8275 8275 8275 116 6 128 120 125 13 117 5 184 1 0 235 2 51 192 11
204026 12373 6058 0 4 8275 0 47586 4 65386 65380 8275 8275 8275 128 120 125 13 117 5 184 1 0 235 2 51 192 11 192 117
204030 12373 6062 0 4 8275 0 47586 4 65386 65380 8275 8275 8275 117 5 184 1 0 235 2 51 192 11 192 117 3 233 134 0
204037 12373 6069 0 4 8275 0 47586 4 65386 65380 8275 8275 8275 51 192 11 192 117 3 233 134 0 139 223 138 128 163 0 162
204039 12373 6071 0 4 8275 0 47586 4 65386 65380 8275 8275 8275 11 192 117 3 233 134 0 139 223 138 128 163 0 162 192 171
204041 12373 6073 0 4 8275 0 47586 4 65386 65380 8275 8275 8275 117 3 233 134 0 139 223 138 128 163 0 162 192 171 138 128
204043 12373 6075 0 4 8275 0 47586 4 65386 65380 8275 8275 8275 233 134 0 139 223 138 128 163 0 162 192 171 138 128 239 0
204180 12373 6212 0 4 8275 0 47586 4 65386 65380 8275 8275 8275 71 131 255 18 125 3 233 62 255 131 62 198 171 1 125 6
204181 12373 6213 0 4 8275 0 47586 5 65386 65380 8275 8275 8275 131 255 18 125 3 233 62 255 131 62 198 171 1 125 6 199
204184 12373 6216 0 4 8275 0 47586 5 65386 65380 8275 8275 8275 125 3 233 62 255 131 62 198 171 1 125 6 199 6 198 171
204186 12373 6218 0 4 8275 0 47586 5 65386 65380 8275 8275 8275 233 62 255 131 62 198 171 1 125 6 199 6 198 171 0 0
203995 12373 6027 0 4 8275 0 47586 5 65386 65380 8275 8275 8275 131 126 8 0 116 17 139 223 128 120 125 4 117 5 184 1
203999 12373 6031 0 4 8275 0 47586 5 65386 65380 8275 8275 8275 116 17 139 223 128 120 125 4 117 5 184 1 0 235 2 51
204018 12373 6050 0 4 8275 0 47586 5 65386 65380 8275 8275 8275 139 223 128 120 125 1 116 6 128 120 125 13 117 5 184 1
204020 12373 6052 0 5 8275 0 47586 5 65386 65380 8275 8275 8275 128 120 125 1 116 6 128 120 125 13 117 5 184 1 0 235
204024 12373 6056 0 5 8275 0 47586 5 65386 65380 8275 8275 8275 116 6 128 120 125 13 117 5 184 1 0 235 2 51 192 11
204026 12373 6058 0 5 8275 0 47586 5 65386 65380 8275 8275 8275 128 120 125 13 117 5 184 1 0 235 2 51 192 11 192 117
204030 12373 6062 0 5 8275 0 47586 5 65386 65380 8275 8275 8275 117 5 184 1 0 235 2 51 192 11 192 117 3 233 134 0
204037 12373 6069 0 5 8275 0 47586 5 65386 65380 8275 8275 8275 51 192 11 192 117 3 233 134 0 139 223 138 128 163 0 162
204039 12373 6071 0 5 8275 0 47586 5 65386 65380 8275 8275 8275 11 192 117 3 233 134 0 139 223 138 128 163 0 162 192 171
204041 12373 6073 0 5 8275 0 47586 5 65386 65380 8275 8275 8275 117 3 233 134 0 139 223 138 128 163 0 162 192 171 138 128
204043 12373 6075 0 5 8275 0 47586 5 65386 65380 8275 8275 8275 233 134 0 139 223 138 128 163 0 162 192 171 138 128 239 0
204180 12373 6212 0 5 8275 0 47586 5 65386 65380 8275 8275 8275 71 131 255 18 125 3 233 62 255 131 62 198 171 1 125 6
204181 12373 6213 0 5 8275 0 47586 6 65386 65380 8275 8275 8275 131 255 18 125 3 233 62 255 131 62 198 171 1 125 6 199
204184 12373 6216 0 5 8275 0 47586 6 65386 65380 8275 8275 8275 125 3 233 62 255 131 62 198 171 1 125 6 199 6 198 171
204186 12373 6218 0 5 8275 0 47586 6 65386 65380 8275 8275 8275 233 62 255 131 62 198 171 1 125 6 199 6 198 171 0 0
203995 12373 6027 0 5 8275 0 47586 6 65386 65380 8275 8275 8275 131 126 8 0 116 17 139 223 128 120 125 4 117 5 184 1
203999 12373 6031 0 5 8275 0 47586 6 65386 65380 8275 8275 8275 116 17 139 223 128 120 125 4 117 5 184 1 0 235 2 51
204018 12373 6050 0 5 8275 0 47586 6 65386 65380 8275 8275 8275 139 223 128 120 125 1 116 6 128 120 125 13 117 5 184 1
204020 12373 6052 0 6 8275 0 47586 6 65386 65380 8275 8275 8275 128 120 125 1 116 6 128 120 125 13 117 5 184 1 0 235
204024 12373 6056 0 6 8275 0 47586 6 65386 65380 8275 8275 8275 116 6 128 120 125 13 117 5 184 1 0 235 2 51 192 11
204032 12373 6064 0 6 8275 0 47586 6 65386 65380 8275 8275 8275 184 1 0 235 2 51 192 11 192 117 3 233 134 0 139 223
204035 12373 6067 1 6 8275 0 47586 6 65386 65380 8275 8275 8275 235 2 51 192 11 192 117 3 233 134 0 139 223 138 128 163
204039 12373 6071 1 6 8275 0 47586 6 65386 65380 8275 8275 8275 11 192 117 3 233 134 0 139 223 138 128 163 0 162 192 171
204041 12373 6073 1 6 8275 0 47586 6 65386 65380 8275 8275 8275 117 3 233 134 0 139 223 138 128 163 0 162 192 171 138 128
204046 12373 6078 1 6 8275 0 47586 6 65386 65380 8275 8275 8275 139 223 138 128 163 0 162 192 171 138 128 239 0 162 21 197
204048 12373 6080 1 6 8275 0 47586 6 65386 65380 8275 8275 8275 138 128 163 0 162 192 171 138 128 239 0 162 21 197 138 128
204052 12373 6084 0 6 8275 0 47586 6 65386 65380 8275 8275 8275 162 192 171 138 128 239 0 162 21 197 138 128 182 0 180 0
204055 12373 6087 0 6 8275 0 47586 6 65386 65380 8275 8275 8275 138 128 239 0 162 21 197 138 128 182 0 180 0 139 216 138
204059 12373 6091 0 6 8275 0 47586 6 65386 65380 8275 8275 8275 162 21 197 138 128 182 0 180 0 139 216 138 135 113 10 2
204062 12373 6094 0 6 8275 0 47586 6 65386 65380 8275 8275 8275 138 128 182 0 180 0 139 216 138 135 113 10 2 132 5 1
204066 12373 6098 13 6 8275 0 47586 6 65386 65380 8275 8275 8275 180 0 139 216 138 135 113 10 2 132 5 1 162 6 147 139
204068 12373 6100 13 6 8275 0 47586 6 65386 65380 8275 8275 8275 139 216 138 135 113 10 2 132 5 1 162 6 147 139 223 138
204070 12373 6102 13 13 8275 0 47586 6 65386 65380 8275 8275 8275 138 135 113 10 2 132 5 1 162 6 147 139 223 138 128 182
204074 12373 6106 2 13 8275 0 47586 6 65386 65380 8275 8275 8275 2 132 5 1 162 6 147 139 223 138 128 182 0 180 0 139
204078 12373 6110 2 13 8275 0 47586 6 65386 65380 8275 8275 8275 162 6 147 139 223 138 128 182 0 180 0 139 216 138 135 136
204081 12373 6113 2 13 8275 0 47586 6 65386 65380 8275 8275 8275 139 223 138 128 182 0 180 0 139 216 138 135 136 10 152 138
204083 12373 6115 2 6 8275 0 47586 6 65386 65380 8275 8275 8275 138 128 182 0 180 0 139 216 138 135 136 10 152 138 148 4
204087 12373 6119 13 6 8275 0 47586 6 65386 65380 8275 8275 8275 180 0 139 216 138 135 136 10 152 138 148 4 1 182 0 3
204089 12373 6121 13 6 8275 0 47586 6 65386 65380 8275 8275 8275 139 216 138 135 136 10 152 138 148 4 1 182 0 3 194 163
204091 12373 6123 13 13 8275 0 47586 6 65386 65380 8275 8275 8275 138 135 136 10 152 138 148 4 1 182 0 3 194 163 198 171
204095 12373 6127 2 13 8275 0 47586 6 65386 65380 8275 8275 8275 152 138 148 4 1 182 0 3 194 163 198 171 139 223 138 128
204096 12373 6128 2 13 8275 0 47586 6 65386 65380 8275 8275 8275 138 148 4 1 182 0 3 194 163 198 171 139 223 138 128 220
204100 12373 6132 2 13 8275 0 47586 6 65386 65380 8275 8275 8275 182 0 3 194 163 198 171 139 223 138 128 220 0 180 0 139
204102 12373 6134 2 13 8275 0 47586 6 65386 65380 8275 8275 8275 3 194 163 198 171 139 223 138 128 220 0 180 0 139 216 138
204104 12373 6136 2 13 8275 0 47586 6 65386 65380 8275 8275 8275 163 198 171 139 223 138 128 220 0 180 0 139 216 138 135 208
204107 12373 6139 2 13 8275 0 47586 6 65386 65380 8275 8275 8275 139 223 138 128 220 0 180 0 139 216 138 135 208 12 162 213
204109 12373 6141 2 6 8275 0 47586 6 65386 65380 8275 8275 8275 138 128 220 0 180 0 139 216 138 135 208 12 162 213 196 139
204113 12373 6145 15 6 8275 0 47586 6 65386 65380 8275 8275 8275 180 0 139 216 138 135 208 12 162 213 196 139 223 138 128 220
204115 12373 6147 15 6 8275 0 47586 6 65386 65380 8275 8275 8275 139 216 138 135 208 12 162 213 196 139 223 138 128 220 0 180
204117 12373 6149 15 15 8275 0 47586 6 65386 65380 8275 8275 8275 138 135 208 12 162 213 196 139 223 138 128 220 0 180 0 139
204121 12373 6153 1 15 8275 0 47586 6 65386 65380 8275 8275 8275 162 213 196 139 223 138 128 220 0 180 0 139 216 138 135 25
204124 12373 6156 1 15 8275 0 47586 6 65386 65380 8275 8275 8275 139 223 138 128 220 0 180 0 139 216 138 135 25 13 162 148
204126 12373 6158 1 6 8275 0 47586 6 65386 65380 8275 8275 8275 138 128 220 0 180 0 139 216 138 135 25 13 162 148 236 199
204130 12373 6162 15 6 8275 0 47586 6 65386 65380 8275 8275 8275 180 0 139 216 138 135 25 13 162 148 236 199 70 254 0 0
204132 12373 6164 15 6 8275 0 47586 6 65386 65380 8275 8275 8275 139 216 138 135 25 13 162 148 236 199 70 254 0 0 235 23
204134 12373 6166 15 15 8275 0 47586 6 65386 65380 8275 8275 8275 138 135 25 13 162 148 236 199 70 254 0 0 235 23 160 148
204138 12373 6170 6 15 8275 0 47586 6 65386 65380 8275 8275 8275 162 148 236 199 70 254 0 0 235 23 160 148 236 152 80 184
204141 12373 6173 6 15 8275 0 47586 6 65386 65380 8275 8275 8275 199 70 254 0 0 235 23 160 148 236 152 80 184 1 0 80
204146 12373 6178 6 15 8275 0 47586 6 65386 65380 8275 8275 8275 235 23 160 148 236 152 80 184 1 0 80 154 58 42 38 26
204171 12373 6203 6 15 8275 0 47586 6 65386 65380 8275 8275 8275 160 213 196 152 59 70 254 127 224 71 131 255 18 125 3 233
204174 12373 6206 1 15 8275 0 47586 6 65386 65380 8275 8275 8275 152 59 70 254 127 224 71 131 255 18 125 3 233 62 255 131
204175 12373 6207 1 15 8275 0 47586 6 65386 65380 8275 8275 8275 59 70 254 127 224 71 131 255 18 125 3 233 62 255 131 62
204178 12373 6210 1 15 8275 0 47586 6 65386 65380 8275 8275 8275 127 224 71 131 255 18 125 3 233 62 255 131 62 198 171 1
204148 12373 6180 1 15 8275 0 47586 6 65386 65380 8275 8275 8275 160 148 236 152 80 184 1 0 80 154 58 42 38 26 89 89
204151 12373 6183 6 15 8275 0 47586 6 65386 65380 8275 8275 8275 152 80 184 1 0 80 154 58 42 38 26 89 89 1 6 198
204152 12373 6184 6 15 8275 0 47586 6 65386 65380 8275 8275 8275 80 184 1 0 80 154 58 42 38 26 89 89 1 6 198 171
204153 12373 6185 6 15 8275 0 47586 6 65386 65378 8275 8275 8275 184 1 0 80 154 58 42 38 26 89 89 1 6 198 171 255
204156 12373 6188 1 15 8275 0 47586 6 65386 65378 8275 8275 8275 80 154 58 42 38 26 89 89 1 6 198 171 255 70 254 160
204157 12373 6189 1 15 8275 0 47586 6 65386 65376 8275 8275 8275 154 58 42 38 26 89 89 1 6 198 171 255 70 254 160 213
117914 6694 10810 1 15 8275 0 47586 6 65386 65372 8275 8275 8275 85 139 236 139 70 6 59 70 8 116 57 30 14 31 180 44
117915 6694 10811 1 15 8275 0 47586 6 65386 65370 8275 8275 8275 139 236 139 70 6 59 70 8 116 57 30 14 31 180 44 205
117917 6694 10813 1 15 8275 0 47586 6 65370 65370 8275 8275 8275 139 70 6 59 70 8 116 57 30 14 31 180 44 205 33 27
117920 6694 10816 1 15 8275 0 47586 6 65370 65370 8275 8275 8275 59 70 8 116 57 30 14 31 180 44 205 33 27 22 128 42
117923 6694 10819 1 15 8275 0 47586 6 65370 65370 8275 8275 8275 116 57 30 14 31 180 44 205 33 27 22 128 42 161 130 42
117925 6694 10821 1 15 8275 0 47586 6 65370 65370 8275 8275 8275 30 14 31 180 44 205 33 27 22 128 42 161 130 42 17 6
117926 6694 10822 1 15 8275 0 47586 6 65370 65368 8275 8275 8275 14 31 180 44 205 33 27 22 128 42 161 130 42 17 6 128
117927 6694 10823 1 15 8275 0 47586 6 65370 65366 8275 8275 8275 31 180 44 205 33 27 22 128 42 161 130 42 17 6 128 42
117928 6694 10824 1 15 8275 0 47586 6 65370 65368 6694 8275 8275 180 44 205 33 27 22 128 42 161 130 42 17 6 128 42 161
117930 6694 10826 11265 15 8275 0 47586 6 65370 65368 6694 8275 8275 205 33 27 22 128 42 161 130 42 17 6 128 42 161 132 42
1036544 61440 53504 11265 15 8275 0 47586 6 65370 65362 6694 8275 8275 251 254 56 56 0 207 203 81 185 64 1 226 254 89 207 0
1036545 61440 53505 11265 15 8275 0 47586 6 65370 65362 6694 8275 8275 254 56 56 0 207 203 81 185 64 1 226 254 89 207 0 0
1039004 61440 55964 0 15 8275 0 47586 6 65370 65362 6694 8275 8275 205 26 254 56 1 0 205 27 254 56 1 0 205 28 254 56
1035232 61440 52192 0 15 8275 0 47586 6 65370 65356 6694 8275 8275 251 254 56 15 0 207 0 0 0 0 0 0 0 0 0 0
1035233 61440 52193 0 15 8275 0 47586 6 65370 65356 6694 8275 8275 254 56 15 0 207 0 0 0 0 0 0 0 0 0 0 0
1035237 61440 52197 0 15 20 59575 47586 6 65370 65356 6694 8275 8275 207 0 0 0 0 0 0 0 0 0 0 0 0 0 0 0
1039006 61440 55966 0 15 20 59575 47586 6 65370 65362 6694 8275 8275 254 56 1 0 205 27 254 56 1 0 205 28 254 56 1 0
1036551 61440 53511 11264 15 5174 6144 47586 6 65370 65362 6694 8275 8275 81 185 64 1 226 254 89 207 0 0 0 0 0 0 0 0
1036552 61440 53512 11264 15 5174 6144 47586 6 65370 65360 6694 8275 8275 185 64 1 226 254 89 207 0 0 0 0 0 0 0 0 0
1036555 61440 53515 11264 15 320 6144 47586 6 65370 65360 6694 8275 8275 226 254 89 207 0 0 0 0 0 0 0 0 0 0 0 0
1036557 61440 53517 11264 15 0 6144 47586 6 65370 65360 6694 8275 8275 89 207 0 0 0 0 0 0 0 0 0 0 0 0 0 0
1036558 61440 53518 11264 15 5174 6144 47586 6 65370 65362 6694 8275 8275 207 0 0 0 0 0 0 0 0 0 0 0 0 0 0 0
117932 6694 10828 11264 15 5174 6144 47586 6 65370 65368 6694 8275 8275 27 22 128 42 161 130 42 17 6 128 42 161 132 42 25 6
117936 6694 10832 11264 15 5174 28952 47586 6 65370 65368 6694 8275 8275 161 130 42 17 6 128 42 161 132 42 25 6 130 42 161 134
117939 6694 10835 58118 15 5174 28952 47586 6 65370 65368 6694 8275 8275 17 6 128 42 161 132 42 25 6 130 42 161 134 42 17 6
117943 6694 10839 58118 15 5174 28952 47586 6 65370 65368 6694 8275 8275 161 132 42 25 6 130 42 161 134 42 17 6 132 42 25 22
117946 6694 10842 11753 15 5174 28952 47586 6 65370 65368 6694 8275 8275 25 6 130 42 161 134 42 17 6 132 42 25 22 134 42 43
117950 6694 10846 11753 15 5174 28952 47586 6 65370 65368 6694 8275 8275 161 134 42 17 6 132 42 25 22 134 42 43 210 139 78 8
117953 6694 10849 20986 15 5174 28952 47586 6 65370 65368 6694 8275 8275 17 6 132 42 25 22 134 42 43 210 139 78 8 43 78 6
117957 6694 10853 20986 15 5174 28952 47586 6 65370 65368 6694 8275 8275 25 22 134 42 43 210 139 78 8 43 78 6 65 247 241 25
117961 6694 10857 20986 15 5174 28952 47586 6 65370 65368 6694 8275 8275 43 210 139 78 8 43 78 6 65 247 241 25 6 132 42 3
117963 6694 10859 20986 15 5174 0 47586 6 65370 65368 6694 8275 8275 139 78 8 43 78 6 65 247 241 25 6 132 42 3 86 6
117966 6694 10862 20986 15 6 0 47586 6 65370 65368 6694 8275 8275 43 78 6 65 247 241 25 6 132 42 3 86 6 139 194 31
117969 6694 10865 20986 15 5 0 47586 6 65370 65368 6694 8275 8275 65 247 241 25 6 132 42 3 86 6 139 194 31 93 203 149
117970 6694 10866 20986 15 6 0 47586 6 65370 65368 6694 8275 8275 247 241 25 6 132 42 3 86 6 139 194 31 93 203 149 88
117972 6694 10868 3497 15 6 4 47586 6 65370 65368 6694 8275 8275 25 6 132 42 3 86 6 139 194 31 93 203 149 88 6 175
117976 6694 10872 3497 15 6 4 47586 6 65370 65368 6694 8275 8275 3 86 6 139 194 31 93 203 149 88 6 175 145 3 210 27
117979 6694 10875 3497 15 6 5 47586 6 65370 65368 6694 8275 8275 139 194 31 93 203 149 88 6 175 145 3 210 27 85 139 236
117981 6694 10877 5 15 6 5 47586 6 65370 65368 6694 8275 8275 31 93 203 149 88 6 175 145 3 210 27 85 139 236 30 85
117982 6694 10878 5 15 6 5 47586 6 65370 65370 8275 8275 8275 93 203 149 88 6 175 145 3 210 27 85 139 236 30 85 86
117983 6694 10879 5 15 6 5 47586 6 65386 65372 8275 8275 8275 203 149 88 6 175 145 3 210 27 85 139 236 30 85 86 87
204162 12373 6194 5 15 6 5 47586 6 65386 65376 8275 8275 8275 89 89 1 6 198 171 255 70 254 160 213 196 152 59 70 254
204163 12373 6195 5 15 1 5 47586 6 65386 65378 8275 8275 8275 89 1 6 198 171 255 70 254 160 213 196 152 59 70 254 127
204164 12373 6196 5 15 6 5 47586 6 65386 65380 8275 8275 8275 1 6 198 171 255 70 254 160 213 196 152 59 70 254 127 224
204168 12373 6200 5 15 6 5 47586 6 65386 65380 8275 8275 8275 255 70 254 160 213 196 152 59 70 254 127 224 71 131 255 18
204171 12373 6203 5 15 6 5 47586 6 65386 65380 8275 8275 8275 160 213 196 152 59 70 254 127 224 71 131 255 18 125 3 233
204174 12373 6206 1 15 6 5 47586 6 65386 65380 8275 8275 8275 152 59 70 254 127 224 71 131 255 18 125 3 233 62 255 131
204175 12373 6207 1 15 6 5 47586 6 65386 65380 8275 8275 8275 59 70 254 127 224 71 131 255 18 125 3 233 62 255 131 62
204178 12373 6210 1 15 6 5 47586 6 65386 65380 8275 8275 8275 127 224 71 131 255 18 125 3 233 62 255 131 62 198 171 1
204180 12373 6212 1 15 6 5 47586 6 65386 65380 8275 8275 8275 71 131 255 18 125 3 233 62 255 131 62 198 171 1 125 6
204181 12373 6213 1 15 6 5 47586 7 65386 65380 8275 8275 8275 131 255 18 125 3 233 62 255 131 62 198 171 1 125 6 199
204184 12373 6216 1 15 6 5 47586 7 65386 65380 8275 8275 8275 125 3 233 62 255 131 62 198 171 1 125 6 199 6 198 171
204186 12373 6218 1 15 6 5 47586 7 65386 65380 8275 8275 8275 233 62 255 131 62 198 171 1 125 6 199 6 198 171 0 0
203995 12373 6027 1 15 6 5 47586 7 65386 65380 8275 8275 8275 131 126 8 0 116 17 139 223 128 120 125 4 117 5 184 1
203999 12373 6031 1 15 6 5 47586 7 65386 65380 8275 8275 8275 116 17 139 223 128 120 125 4 117 5 184 1 0 235 2 51
204018 12373 6050 1 15 6 5 47586 7 65386 65380 8275 8275 8275 139 223 128 120 125 1 116 6 128 120 125 13 117 5 184 1
204020 12373 6052 1 7 6 5 47586 7 65386 65380 8275 8275 8275 128 120 125 1 116 6 128 120 125 13 117 5 184 1 0 235
204024 12373 6056 1 7 6 5 47586 7 65386 65380 8275 8275 8275 116 6 128 120 125 13 117 5 184 1 0 235 2 51 192 11
204026 12373 6058 1 7 6 5 47586 7 65386 65380 8275 8275 8275 128 120 125 13 117 5 184 1 0 235 2 51 192 11 192 117
204030 12373 6062 1 7 6 5 47586 7 65386 65380 8275 8275 8275 117 5 184 1 0 235 2 51 192 11 192 117 3 233 134 0
204037 12373 6069 1 7 6 5 47586 7 65386 65380 8275 8275 8275 51 192 11 192 117 3 233 134 0 139 223 138 128 163 0 162
204039 12373 6071 0 7 6 5 47586 7 65386 65380 8275 8275 8275 11 192 117 3 233 134 0 139 223 138 128 163 0 162 192 171
204041 12373 6073 0 7 6 5 47586 7 65386 65380 8275 8275 8275 117 3 233 134 0 139 223 138 128 163 0 162 192 171 138 128
204043 12373 6075 0 7 6 5 47586 7 65386 65380 8275 8275 8275 233 134 0 139 223 138 128 163 0 162 192 171 138 128 239 0
204180 12373 6212 0 7 6 5 47586 7 65386 65380 8275 8275 8275 71 131 255 18 125 3 233 62 255 131 62 198 171 1 125 6
204181 12373 6213 0 7 6 5 47586 8 65386 65380 8275 8275 8275 131 255 18 125 3 233 62 255 131 62 198 171 1 125 6 199
204184 12373 6216 0 7 6 5 47586 8 65386 65380 8275 8275 8275 125 3 233 62 255 131 62 198 171 1 125 6 199 6 198 171
204186 12373 6218 0 7 6 5 47586 8 65386 65380 8275 8275 8275 233 62 255 131 62 198 171 1 125 6 199 6 198 171 0 0
203995 12373 6027 0 7 6 5 47586 8 65386 65380 8275 8275 8275 131 126 8 0 116 17 139 223 128 120 125 4 117 5 184 1
203999 12373 6031 0 7 6 5 47586 8 65386 65380 8275 8275 8275 116 17 139 223 128 120 125 4 117 5 184 1 0 235 2 51
204018 12373 6050 0 7 6 5 47586 8 65386 65380 8275 8275 8275 139 223 128 120 125 1 116 6 128 120 125 13 117 5 184 1
204020 12373 6052 0 8 6 5 47586 8 65386 65380 8275 8275 8275 128 120 125 1 116 6 128 120 125 13 117 5 184 1 0 235
204024 12373 6056 0 8 6 5 47586 8 65386 65380 8275 8275 8275 116 6 128 120 125 13 117 5 184 1 0 235 2 51 192 11
204026 12373 6058 0 8 6 5 47586 8 65386 65380 8275 8275 8275 128 120 125 13 117 5 184 1 0 235 2 51 192 11 192 117
204030 12373 6062 0 8 6 5 47586 8 65386 65380 8275 8275 8275 117 5 184 1 0 235 2 51 192 11 192 117 3 233 134 0
204037 12373 6069 0 8 6 5 47586 8 65386 65380 8275 8275 8275 51 192 11 192 117 3 233 134 0 139 223 138 128 163 0 162
204039 12373 6071 0 8 6 5 47586 8 65386 65380 8275 8275 8275 11 192 117 3 233 134 0 139 223 138 128 163 0 162 192 171
204041 12373 6073 0 8 6 5 47586 8 65386 65380 8275 8275 8275 117 3 233 134 0 139 223 138 128 163 0 162 192 171 138 128
204043 12373 6075 0 8 6 5 47586 8 65386 65380 8275 8275 8275 233 134 0 139 223 138 128 163 0 162 192 171 138 128 239 0
204180 12373 6212 0 8 6 5 47586 8 65386 65380 8275 8275 8275 71 131 255 18 125 3 233 62 255 131 62 198 171 1 125 6
204181 12373 6213 0 8 6 5 47586 9 65386 65380 8275 8275 8275 131 255 18 125 3 233 62 255 131 62 198 171 1 125 6 199
204184 12373 6216 0 8 6 5 47586 9 65386 65380 8275 8275 8275 125 3 233 62 255 131 62 198 171 1 125 6 199 6 198 171
204186 12373 6218 0 8 6 5 47586 9 65386 65380 8275 8275 8275 233 62 255 131 62 198 171 1 125 6 199 6 198 171 0 0
203995 12373 6027 0 8 6 5 47586 9 65386 65380 8275 8275 8275 131 126 8 0 116 17 139 223 128 120 125 4 117 5 184 1
203999 12373 6031 0 8 6 5 47586 9 65386 65380 8275 8275 8275 116 17 139 223 128 120 125 4 117 5 184 1 0 235 2 51
204018 12373 6050 0 8 6 5 47586 9 65386 65380 8275 8275 8275 139 223 128 120 125 1 116 6 128 120 125 13 117 5 184 1
204020 12373 6052 0 9 6 5 47586 9 65386 65380 8275 8275 8275 128 120 125 1 116 6 128 120 125 13 117 5 184 1 0 235
204024 12373 6056 0 9 6 5 47586 9 65386 65380 8275 8275 8275 116 6 128 120 125 13 117 5 184 1 0 235 2 51 192 11
204026 12373 6058 0 9 6 5 47586 9 65386 65380 8275 8275 8275 128 120 125 13 117 5 184 1 0 235 2 51 192 11 192 117
204030 12373 6062 0 9 6 5 47586 9 65386 65380 8275 8275 8275 117 5 184 1 0 235 2 51 192 11 192 117 3 233 134 0
204037 12373 6069 0 9 6 5 47586 9 65386 65380 8275 8275 8275 51 192 11 192 117 3 233 134 0 139 223 138 128 163 0 162
204039 12373 6071 0 9 6 5 47586 9 65386 65380 8275 8275 8275 11 192 117 3 233 134 0 139 223 138 128 163 0 162 192 171
204041 12373 6073 0 9 6 5 47586 9 65386 65380 8275 8275 8275 117 3 233 134 0 139 223 138 128 163 0 162 192 171 138 128
204043 12373 6075 0 9 6 5 47586 9 65386 65380 8275 8275 8275 233 134 0 139 223 138 128 163 0 162 192 171 138 128 239 0
204180 12373 6212 0 9 6 5 47586 9 65386 65380 8275 8275 8275 71 131 255 18 125 3 233 62 255 131 62 198 171 1 125 6
204181 12373 6213 0 9 6 5 47586 10 65386 65380 8275 8275 8275 131 255 18 125 3 233 62 255 131 62 198 171 1 125 6 199
204184 12373 6216 0 9 6 5 47586 10 65386 65380 8275 8275 8275 125 3 233 62 255 131 62 198 171 1 125 6 199 6 198 171
204186 12373 6218 0 9 6 5 47586 10 65386 65380 8275 8275 8275 233 62 255 131 62 198 171 1 125 6 199 6 198 171 0 0
203995 12373 6027 0 9 6 5 47586 10 65386 65380 8275 8275 8275 131 126 8 0 116 17 139 223 128 120 125 4 117 5 184 1
203999 12373 6031 0 9 6 5 47586 10 65386 65380 8275 8275 8275 116 17 139 223 128 120 125 4 117 5 184 1 0 235 2 51
204018 12373 6050 0 9 6 5 47586 10 65386 65380 8275 8275 8275 139 223 128 120 125 1 116 6 128 120 125 13 117 5 184 1
204020 12373 6052 0 10 6 5 47586 10 65386 65380 8275 8275 8275 128 120 125 1 116 6 128 120 125 13 117 5 184 1 0 235
204024 12373 6056 0 10 6 5 47586 10 65386 65380 8275 8275 8275 116 6 128 120 125 13 117 5 184 1 0 235 2 51 192 11
204026 12373 6058 0 10 6 5 47586 10 65386 65380 8275 8275 8275 128 120 125 13 117 5 184 1 0 235 2 51 192 11 192 117
204030 12373 6062 0 10 6 5 47586 10 65386 65380 8275 8275 8275 117 5 184 1 0 235 2 51 192 11 192 117 3 233 134 0
204037 12373 6069 0 10 6 5 47586 10 65386 65380 8275 8275 8275 51 192 11 192 117 3 233 134 0 139 223 138 128 163 0 162
204039 12373 6071 0 10 6 5 47586 10 65386 65380 8275 8275 8275 11 192 117 3 233 134 0 139 223 138 128 163 0 162 192 171
204041 12373 6073 0 10 6 5 47586 10 65386 65380 8275 8275 8275 117 3 233 134 0 139 223 138 128 163 0 162 192 171 138 128
204043 12373 6075 0 10 6 5 47586 10 65386 65380 8275 8275 8275 233 134 0 139 223 138 128 163 0 162 192 171 138 128 239 0
204180 12373 6212 0 10 6 5 47586 10 65386 65380 8275 8275 8275 71 131 255 18 125 3 233 62 255 131 62 198 171 1 125 6
204181 12373 6213 0 10 6 5 47586 11 65386 65380 8275 8275 8275 131 255 18 125 3 233 62 255 131 62 198 171 1 125 6 199
204184 12373 6216 0 10 6 5 47586 11 65386 65380 8275 8275 8275 125 3 233 62 255 131 62 198 171 1 125 6 199 6 198 171
204186 12373 6218 0 10 6 5 47586 11 65386 65380 8275 8275 8275 233 62 255 131 62 198 171 1 125 6 199 6 198 171 0 0
203995 12373 6027 0 10 6 5 47586 11 65386 65380 8275 8275 8275 131 126 8 0 116 17 139 223 128 120 125 4 117 5 184 1
203999 12373 6031 0 10 6 5 47586 11 65386 65380 8275 8275 8275 116 17 139 223 128 120 125 4 117 5 184 1 0 235 2 51
204018 12373 6050 0 10 6 5 47586 11 65386 65380 8275 8275 8275 139 223 128 120 125 1 116 6 128 120 125 13 117 5 184 1
204020 12373 6052 0 11 6 5 47586 11 65386 65380 8275 8275 8275 128 120 125 1 116 6 128 120 125 13 117 5 184 1 0 235
204024 12373 6056 0 11 6 5 47586 11 65386 65380 8275 8275 8275 116 6 128 120 125 13 117 5 184 1 0 235 2 51 192 11
204026 12373 6058 0 11 6 5 47586 11 65386 65380 8275 8275 8275 128 120 125 13 117 5 184 1 0 235 2 51 192 11 192 117
204030 12373 6062 0 11 6 5 47586 11 65386 65380 8275 8275 8275 117 5 184 1 0 235 2 51 192 11 192 117 3 233 134 0
204037 12373 6069 0 11 6 5 47586 11 65386 65380 8275 8275 8275 51 192 11 192 117 3 233 134 0 139 223 138 128 163 0 162
204039 12373 6071 0 11 6 5 47586 11 65386 65380 8275 8275 8275 11 192 117 3 233 134 0 139 223 138 128 163 0 162 192 171
204041 12373 6073 0 11 6 5 47586 11 65386 65380 8275 8275 8275 117 3 233 134 0 139 223 138 128 163 0 162 192 171 138 128
204043 12373 6075 0 11 6 5 47586 11 65386 65380 8275 8275 8275 233 134 0 139 223 138 128 163 0 162 192 171 138 128 239 0
204180 12373 6212 0 11 6 5 47586 11 65386 65380 8275 8275 8275 71 131 255 18 125 3 233 62 255 131 62 198 171 1 125 6
204181 12373 6213 0 11 6 5 47586 12 65386 65380 8275 8275 8275 131 255 18 125 3 233 62 255 131 62 198 171 1 125 6 199
204184 12373 6216 0 11 6 5 47586 12 65386 65380 8275 8275 8275 125 3 233 62 255 131 62 198 171 1 125 6 199 6 198 171
204186 12373 6218 0 11 6 5 47586 12 65386 65380 8275 8275 8275 233 62 255 131 62 198 171 1 125 6 199 6 198 171 0 0
203995 12373 6027 0 11 6 5 47586 12 65386 65380 8275 8275 8275 131 126 8 0 116 17 139 223 128 120 125 4 117 5 184 1
203999 12373 6031 0 11 6 5 47586 12 65386 65380 8275 8275 8275 116 17 139 223 128 120 125 4 117 5 184 1 0 235 2 51
204018 12373 6050 0 11 6 5 47586 12 65386 65380 8275 8275 8275 139 223 128 120 125 1 116 6 128 120 125 13 117 5 184 1
204020 12373 6052 0 12 6 5 47586 12 65386 65380 8275 8275 8275 128 120 125 1 116 6 128 120 125 13 117 5 184 1 0 235
204024 12373 6056 0 12 6 5 47586 12 65386 65380 8275 8275 8275 116 6 128 120 125 13 117 5 184 1 0 235 2 51 192 11
204026 12373 6058 0 12 6 5 47586 12 65386 65380 8275 8275 8275 128 120 125 13 117 5 184 1 0 235 2 51 192 11 192 117
204030 12373 6062 0 12 6 5 47586 12 65386 65380 8275 8275 8275 117 5 184 1 0 235 2 51 192 11 192 117 3 233 134 0
204037 12373 6069 0 12 6 5 47586 12 65386 65380 8275 8275 8275 51 192 11 192 117 3 233 134 0 139 223 138 128 163 0 162
204039 12373 6071 0 12 6 5 47586 12 65386 65380 8275 8275 8275 11 192 117 3 233 134 0 139 223 138 128 163 0 162 192 171
204041 12373 6073 0 12 6 5 47586 12 65386 65380 8275 8275 8275 117 3 233 134 0 139 223 138 128 163 0 162 192 171 138 128
204043 12373 6075 0 12 6 5 47586 12 65386 65380 8275 8275 8275 233 134 0 139 223 138 128 163 0 162 192 171 138 128 239 0
204180 12373 6212 0 12 6 5 47586 12 65386 65380 8275 8275 8275 71 131 255 18 125 3 233 62 255 131 62 198 171 1 125 6
204181 12373 6213 0 12 6 5 47586 13 65386 65380 8275 8275 8275 131 255 18 125 3 233 62 255 131 62 198 171 1 125 6 199
204184 12373 6216 0 12 6 5 47586 13 65386 65380 8275 8275 8275 125 3 233 62 255 131 62 198 171 1 125 6 199 6 198 171
204186 12373 6218 0 12 6 5 47586 13 65386 65380 8275 8275 8275 233 62 255 131 62 198 171 1 125 6 199 6 198 171 0 0
203995 12373 6027 0 12 6 5 47586 13 65386 65380 8275 8275 8275 131 126 8 0 116 17 139 223 128 120 125 4 117 5 184 1
203999 12373 6031 0 12 6 5 47586 13 65386 65380 8275 8275 8275 116 17 139 223 128 120 125 4 117 5 184 1 0 235 2 51
204018 12373 6050 0 12 6 5 47586 13 65386 65380 8275 8275 8275 139 223 128 120 125 1 116 6 128 120 125 13 117 5 184 1
204020 12373 6052 0 13 6 5 47586 13 65386 65380 8275 8275 8275 128 120 125 1 116 6 128 120 125 13 117 5 184 1 0 235
204024 12373 6056 0 13 6 5 47586 13 65386 65380 8275 8275 8275 116 6 128 120 125 13 117 5 184 1 0 235 2 51 192 11
204026 12373 6058 0 13 6 5 47586 13 65386 65380 8275 8275 8275 128 120 125 13 117 5 184 1 0 235 2 51 192 11 192 117
204030 12373 6062 0 13 6 5 47586 13 65386 65380 8275 8275 8275 117 5 184 1 0 235 2 51 192 11 192 117 3 233 134 0
204037 12373 6069 0 13 6 5 47586 13 65386 65380 8275 8275 8275 51 192 11 192 117 3 233 134 0 139 223 138 128 163 0 162
204039 12373 6071 0 13 6 5 47586 13 65386 65380 8275 8275 8275 11 192 117 3 233 134 0 139 223 138 128 163 0 162 192 171
204041 12373 6073 0 13 6 5 47586 13 65386 65380 8275 8275 8275 117 3 233 134 0 139 223 138 128 163 0 162 192 171 138 128
204043 12373 6075 0 13 6 5 47586 13 65386 65380 8275 8275 8275 233 134 0 139 223 138 128 163 0 162 192 171 138 128 239 0
204180 12373 6212 0 13 6 5 47586 13 65386 65380 8275 8275 8275 71 131 255 18 125 3 233 62 255 131 62 198 171 1 125 6
204181 12373 6213 0 13 6 5 47586 14 65386 65380 8275 8275 8275 131 255 18 125 3 233 62 255 131 62 198 171 1 125 6 199
204184 12373 6216 0 13 6 5 47586 14 65386 65380 8275 8275 8275 125 3 233 62 255 131 62 198 171 1 125 6 199 6 198 171
204186 12373 6218 0 13 6 5 47586 14 65386 65380 8275 8275 8275 233 62 255 131 62 198 171 1 125 6 199 6 198 171 0 0
203995 12373 6027 0 13 6 5 47586 14 65386 65380 8275 8275 8275 131 126 8 0 116 17 139 223 128 120 125 4 117 5 184 1
203999 12373 6031 0 13 6 5 47586 14 65386 65380 8275 8275 8275 116 17 139 223 128 120 125 4 117 5 184 1 0 235 2 51
204018 12373 6050 0 13 6 5 47586 14 65386 65380 8275 8275 8275 139 223 128 120 125 1 116 6 128 120 125 13 117 5 184 1
204020 12373 6052 0 14 6 5 47586 14 65386 65380 8275 8275 8275 128 120 125 1 116 6 128 120 125 13 117 5 184 1 0 235
204024 12373 6056 0 14 6 5 47586 14 65386 65380 8275 8275 8275 116 6 128 120 125 13 117 5 184 1 0 235 2 51 192 11
204026 12373 6058 0 14 6 5 47586 14 65386 65380 8275 8275 8275 128 120 125 13 117 5 184 1 0 235 2 51 192 11 192 117
204030 12373 6062 0 14 6 5 47586 14 65386 65380 8275 8275 8275 117 5 184 1 0 235 2 51 192 11 192 117 3 233 134 0
204037 12373 6069 0 14 6 5 47586 14 65386 65380 8275 8275 8275 51 192 11 192 117 3 233 134 0 139 223 138 128 163 0 162
204039 12373 6071 0 14 6 5 47586 14 65386 65380 8275 8275 8275 11 192 117 3 233 134 0 139 223 138 128 163 0 162 192 171
204041 12373 6073 0 14 6 5 47586 14 65386 65380 8275 8275 8275 117 3 233 134 0 139 223 138 128 163 0 162 192 171 138 128
204043 12373 6075 0 14 6 5 47586 14 65386 65380 8275 8275 8275 233 134 0 139 223 138 128 163 0 162 192 171 138 128 239 0
204180 12373 6212 0 14 6 5 47586 14 65386 65380 8275 8275 8275 71 131 255 18 125 3 233 62 255 131 62 198 171 1 125 6
204181 12373 6213 0 14 6 5 47586 15 65386 65380 8275 8275 8275 131 255 18 125 3 233 62 255 131 62 198 171 1 125 6 199
204184 12373 6216 0 14 6 5 47586 15 65386 65380 8275 8275 8275 125 3 233 62 255 131 62 198 171 1 125 6 199 6 198 171
204186 12373 6218 0 14 6 5 47586 15 65386 65380 8275 8275 8275 233 62 255 131 62 198 171 1 125 6 199 6 198 171 0 0
203995 12373 6027 0 14 6 5 47586 15 65386 65380 8275 8275 8275 131 126 8 0 116 17 139 223 128 120 125 4 117 5 184 1
203999 12373 6031 0 14 6 5 47586 15 65386 65380 8275 8275 8275 116 17 139 223 128 120 125 4 117 5 184 1 0 235 2 51
204018 12373 6050 0 14 6 5 47586 15 65386 65380 8275 8275 8275 139 223 128 120 125 1 116 6 128 120 125 13 117 5 184 1
204020 12373 6052 0 15 6 5 47586 15 65386 65380 8275 8275 8275 128 120 125 1 116 6 128 120 125 13 117 5 184 1 0 235
204024 12373 6056 0 15 6 5 47586 15 65386 65380 8275 8275 8275 116 6 128 120 125 13 117 5 184 1 0 235 2 51 192 11
204026 12373 6058 0 15 6 5 47586 15 65386 65380 8275 8275 8275 128 120 125 13 117 5 184 1 0 235 2 51 192 11 192 117
204030 12373 6062 0 15 6 5 47586 15 65386 65380 8275 8275 8275 117 5 184 1 0 235 2 51 192 11 192 117 3 233 134 0
204037 12373 6069 0 15 6 5 47586 15 65386 65380 8275 8275 8275 51 192 11 192 117 3 233 134 0 139 223 138 128 163 0 162
204039 12373 6071 0 15 6 5 47586 15 65386 65380 8275 8275 8275 11 192 117 3 233 134 0 139 223 138 128 163 0 162 192 171
204041 12373 6073 0 15 6 5 47586 15 65386 65380 8275 8275 8275 117 3 233 134 0 139 223 138 128 163 0 162 192 171 138 128
204043 12373 6075 0 15 6 5 47586 15 65386 65380 8275 8275 8275 233 134 0 139 223 138 128 163 0 162 192 171 138 128 239 0
204180 12373 6212 0 15 6 5 47586 15 65386 65380 8275 8275 8275 71 131 255 18 125 3 233 62 255 131 62 198 171 1 125 6
204181 12373 6213 0 15 6 5 47586 16 65386 65380 8275 8275 8275 131 255 18 125 3 233 62 255 131 62 198 171 1 125 6 199
204184 12373 6216 0 15 6 5 47586 16 65386 65380 8275 8275 8275 125 3 233 62 255 131 62 198 171 1 125 6 199 6 198 171
204186 12373 6218 0 15 6 5 47586 16 65386 65380 8275 8275 8275 233 62 255 131 62 198 171 1 125 6 199 6 198 171 0 0
203995 12373 6027 0 15 6 5 47586 16 65386 65380 8275 8275 8275 131 126 8 0 116 17 139 223 128 120 125 4 117 5 184 1
203999 12373 6031 0 15 6 5 47586 16 65386 65380 8275 8275 8275 116 17 139 223 128 120 125 4 117 5 184 1 0 235 2 51
204018 12373 6050 0 15 6 5 47586 16 65386 65380 8275 8275 8275 139 223 128 120 125 1 116 6 128 120 125 13 117 5 184 1
204020 12373 6052 0 16 6 5 47586 16 65386 65380 8275 8275 8275 128 120 125 1 116 6 128 120 125 13 117 5 184 1 0 235
204024 12373 6056 0 16 6 5 47586 16 65386 65380 8275 8275 8275 116 6 128 120 125 13 117 5 184 1 0 235 2 51 192 11
204026 12373 6058 0 16 6 5 47586 16 65386 65380 8275 8275 8275 128 120 125 13 117 5 184 1 0 235 2 51 192 11 192 117
204030 12373 6062 0 16 6 5 47586 16 65386 65380 8275 8275 8275 117 5 184 1 0 235 2 51 192 11 192 117 3 233 134 0
204037 12373 6069 0 16 6 5 47586 16 65386 65380 8275 8275 8275 51 192 11 192 117 3 233 134 0 139 223 138 128 163 0 162
204039 12373 6071 0 16 6 5 47586 16 65386 65380 8275 8275 8275 11 192 117 3 233 134 0 139 223 138 128 163 0 162 192 171
204041 12373 6073 0 16 6 5 47586 16 65386 65380 8275 8275 8275 117 3 233 134 0 139 223 138 128 163 0 162 192 171 138 128
204043 12373 6075 0 16 6 5 47586 16 65386 65380 8275 8275 8275 233 134 0 139 223 138 128 163 0 162 192 171 138 128 239 0
204180 12373 6212 0 16 6 5 47586 16 65386 65380 8275 8275 8275 71 131 255 18 125 3 233 62 255 131 62 198 171 1 125 6
204181 12373 6213 0 16 6 5 47586 17 65386 65380 8275 8275 8275 131 255 18 125 3 233 62 255 131 62 198 171 1 125 6 199
204184 12373 6216 0 16 6 5 47586 17 65386 65380 8275 8275 8275 125 3 233 62 255 131 62 198 171 1 125 6 199 6 198 171
204186 12373 6218 0 16 6 5 47586 17 65386 65380 8275 8275 8275 233 62 255 131 62 198 171 1 125 6 199 6 198 171 0 0
203995 12373 6027 0 16 6 5 47586 17 65386 65380 8275 8275 8275 131 126 8 0 116 17 139 223 128 120 125 4 117 5 184 1
203999 12373 6031 0 16 6 5 47586 17 65386 65380 8275 8275 8275 116 17 139 223 128 120 125 4 117 5 184 1 0 235 2 51
204018 12373 6050 0 16 6 5 47586 17 65386 65380 8275 8275 8275 139 223 128 120 125 1 116 6 128 120 125 13 117 5 184 1
204020 12373 6052 0 17 6 5 47586 17 65386 65380 8275 8275 8275 128 120 125 1 116 6 128 120 125 13 117 5 184 1 0 235
204024 12373 6056 0 17 6 5 47586 17 65386 65380 8275 8275 8275 116 6 128 120 125 13 117 5 184 1 0 235 2 51 192 11
204026 12373 6058 0 17 6 5 47586 17 65386 65380 8275 8275 8275 128 120 125 13 117 5 184 1 0 235 2 51 192 11 192 117
204030 12373 6062 0 17 6 5 47586 17 65386 65380 8275 8275 8275 117 5 184 1 0 235 2 51 192 11 192 117 3 233 134 0
204037 12373 6069 0 17 6 5 47586 17 65386 65380 8275 8275 8275 51 192 11 192 117 3 233 134 0 139 223 138 128 163 0 162
204039 12373 6071 0 17 6 5 47586 17 65386 65380 8275 8275 8275 11 192 117 3 233 134 0 139 223 138 128 163 0 162 192 171
204041 12373 6073 0 17 6 5 47586 17 65386 65380 8275 8275 8275 117 3 233 134 0 139 223 138 128 163 0 162 192 171 138 128
204043 12373 6075 0 17 6 5 47586 17 65386 65380 8275 8275 8275 233 134 0 139 223 138 128 163 0 162 192 171 138 128 239 0
204180 12373 6212 0 17 6 5 47586 17 65386 65380 8275 8275 8275 71 131 255 18 125 3 233 62 255 131 62 198 171 1 125 6
204181 12373 6213 0 17 6 5 47586 18 65386 65380 8275 8275 8275 131 255 18 125 3 233 62 255 131 62 198 171 1 125 6 199
204184 12373 6216 0 17 6 5 47586 18 65386 65380 8275 8275 8275 125 3 233 62 255 131 62 198 171 1 125 6 199 6 198 171
204189 12373 6221 0 17 6 5 47586 18 65386 65380 8275 8275 8275 131 62 198 171 1 125 6 199 6 198 171 0 0 95 94 139
204194 12373 6226 0 17 6 5 47586 18 65386 65380 8275 8275 8275 125 6 199 6 198 171 0 0 95 94 139 229 93 203 85 139
204202 12373 6234 0 17 6 5 47586 18 65386 65380 8275 8275 8275 95 94 139 229 93 203 85 139 236 86 51 192 80 80 30 255
204203 12373 6235 0 17 6 5 47586 47586 65386 65382 8275 8275 8275 94 139 229 93 203 85 139 236 86 51 192 80 80 30 255 118
204204 12373 6236 0 17 6 5 0 47586 65386 65384 8275 8275 8275 139 229 93 203 85 139 236 86 51 192 80 80 30 255 118 6
204206 12373 6238 0 17 6 5 0 47586 65386 65386 8275 8275 8275 93 203 85 139 236 86 51 192 80 80 30 255 118 6 154 155
204207 12373 6239 0 17 6 5 0 47586 65402 65388 8275 8275 8275 203 85 139 236 86 51 192 80 80 30 255 118 6 154 155 29
203738 12373 5770 0 17 6 5 0 47586 65402 65392 8275 8275 8275 89 89 51 192 80 184 5 0 80 30 255 118 6 154 155 29
203739 12373 5771 0 17 47586 5 0 47586 65402 65394 8275 8275 8275 89 51 192 80 184 5 0 80 30 255 118 6 154 155 29 235
203740 12373 5772 0 17 0 5 0 47586 65402 65396 8275 8275 8275 51 192 80 184 5 0 80 30 255 118 6 154 155 29 235 12
203742 12373 5774 0 17 0 5 0 47586 65402 65396 8275 8275 8275 80 184 5 0 80 30 255 118 6 154 155 29 235 12 131 196
203743 12373 5775 0 17 0 5 0 47586 65402 65394 8275 8275 8275 184 5 0 80 30 255 118 6 154 155 29 235 12 131 196 8
203746 12373 5778 5 17 0 5 0 47586 65402 65394 8275 8275 8275 80 30 255 118 6 154 155 29 235 12 131 196 8 80 154 222
203747 12373 5779 5 17 0 5 0 47586 65402 65392 8275 8275 8275 30 255 118 6 154 155 29 235 12 131 196 8 80 154 222 27
203748 12373 5780 5 17 0 5 0 47586 65402 65390 8275 8275 8275 255 118 6 154 155 29 235 12 131 196 8 80 154 222 27 235
203751 12373 5783 5 17 0 5 0 47586 65402 65388 8275 8275 8275 154 155 29 235 12 131 196 8 80 154 222 27 235 12 89 139
60491 3307 7579 5 17 0 5 0 47586 65402 65384 8275 8275 8275 85 139 236 131 236 6 86 87 199 70 250 0 0 139 94 10
